"../../../Engine/Plugins/2D/Paper2D/Content/PlaceholderTextures/DummySpriteTexture.ubulk" 0
"../../../Engine/Plugins/2D/Paper2D/Content/PlaceholderTextures/DummySpriteTexture.uasset" 1
"../../../Engine/Plugins/2D/Paper2D/Content/PlaceholderTextures/DummySpriteTexture.uexp" 2
"../../../Engine/Plugins/2D/Paper2D/Content/DummySprite.uasset" 3
"../../../Engine/Plugins/2D/Paper2D/Content/DummySprite.uexp" 4
"../../../Engine/Plugins/2D/Paper2D/Content/DefaultPaperTerrainMaterial.uasset" 5
"../../../Engine/Plugins/2D/Paper2D/Content/DefaultPaperTerrainMaterial.uexp" 6
"../../../Engine/Content/EngineFonts/Faces/DroidSansFallback.uexp" 7
"../../../Engine/Content/EngineFonts/Faces/DroidSansFallback.uasset" 8
"../../../Engine/Content/EngineFonts/Faces/DroidSansFallback.ufont" 9
"../../../Engine/Content/EngineFonts/Faces/RobotoBold.uexp" 10
"../../../Engine/Content/EngineFonts/Faces/RobotoBold.uasset" 11
"../../../Engine/Content/EngineFonts/Faces/RobotoBold.ufont" 12
"../../../Engine/Content/EngineFonts/Faces/RobotoBoldItalic.uexp" 13
"../../../Engine/Content/EngineFonts/Faces/RobotoBoldItalic.uasset" 14
"../../../Engine/Content/EngineFonts/Faces/RobotoBoldItalic.ufont" 15
"../../../Engine/Content/EngineFonts/Faces/RobotoItalic.uexp" 16
"../../../Engine/Content/EngineFonts/Faces/RobotoItalic.uasset" 17
"../../../Engine/Content/EngineFonts/Faces/RobotoItalic.ufont" 18
"../../../Engine/Content/EngineFonts/Faces/RobotoLight.uexp" 19
"../../../Engine/Content/EngineFonts/Faces/RobotoLight.uasset" 20
"../../../Engine/Content/EngineFonts/Faces/RobotoLight.ufont" 21
"../../../Engine/Content/EngineFonts/Faces/RobotoRegular.uexp" 22
"../../../Engine/Content/EngineFonts/Faces/RobotoRegular.uasset" 23
"../../../Engine/Content/EngineFonts/Faces/RobotoRegular.ufont" 24
"../../../Engine/Content/EngineFonts/Roboto.uasset" 25
"../../../Engine/Content/EngineFonts/Roboto.uexp" 26
"../../../Engine/Content/EngineMaterials/DefaultDestructiblePhysicalMaterial.uasset" 27
"../../../Engine/Content/EngineMaterials/DefaultDestructiblePhysicalMaterial.uexp" 28
"../../../Engine/Content/EngineMaterials/DefaultPhysicalMaterial.uasset" 29
"../../../Engine/Content/EngineMaterials/DefaultPhysicalMaterial.uexp" 30
"../../../Engine/Content/EngineSounds/Master.uasset" 31
"../../../Engine/Content/EngineSounds/Master.uexp" 32
"../../../Engine/Plugins/Interchange/Runtime/Content/Pipelines/DefaultAssetsPipeline.uasset" 33
"../../../Engine/Plugins/Interchange/Runtime/Content/Pipelines/DefaultAssetsPipeline.uexp" 34
"../../../Engine/Plugins/Interchange/Runtime/Content/Pipelines/DefaultAudioPipeline.uasset" 35
"../../../Engine/Plugins/Interchange/Runtime/Content/Pipelines/DefaultAudioPipeline.uexp" 36
"../../../Engine/Plugins/Interchange/Runtime/Content/Pipelines/DefaultGLTFAssetsPipeline.uasset" 37
"../../../Engine/Plugins/Interchange/Runtime/Content/Pipelines/DefaultGLTFAssetsPipeline.uexp" 38
"../../../Engine/Plugins/Interchange/Runtime/Content/Pipelines/DefaultGLTFPipeline.uasset" 39
"../../../Engine/Plugins/Interchange/Runtime/Content/Pipelines/DefaultGLTFPipeline.uexp" 40
"../../../Engine/Plugins/Interchange/Runtime/Content/Pipelines/DefaultGLTFSceneAssetsPipeline.uasset" 41
"../../../Engine/Plugins/Interchange/Runtime/Content/Pipelines/DefaultGLTFSceneAssetsPipeline.uexp" 42
"../../../Engine/Plugins/Interchange/Runtime/Content/Pipelines/DefaultMaterialPipeline.uasset" 43
"../../../Engine/Plugins/Interchange/Runtime/Content/Pipelines/DefaultMaterialPipeline.uexp" 44
"../../../Engine/Plugins/Interchange/Runtime/Content/Pipelines/DefaultMaterialXPipeline.uasset" 45
"../../../Engine/Plugins/Interchange/Runtime/Content/Pipelines/DefaultMaterialXPipeline.uexp" 46
"../../../Engine/Plugins/Interchange/Runtime/Content/Pipelines/DefaultSceneAssetsPipeline.uasset" 47
"../../../Engine/Plugins/Interchange/Runtime/Content/Pipelines/DefaultSceneAssetsPipeline.uexp" 48
"../../../Engine/Plugins/Interchange/Runtime/Content/Pipelines/DefaultSceneLevelPipeline.uasset" 49
"../../../Engine/Plugins/Interchange/Runtime/Content/Pipelines/DefaultSceneLevelPipeline.uexp" 50
"../../../Engine/Plugins/Interchange/Runtime/Content/Pipelines/DefaultTexturePipeline.uasset" 51
"../../../Engine/Plugins/Interchange/Runtime/Content/Pipelines/DefaultTexturePipeline.uexp" 52
"../../../Engine/Content/MobileResources/HUD/VirtualJoystick_Background.uasset" 53
"../../../Engine/Content/MobileResources/HUD/VirtualJoystick_Background.uexp" 54
"../../../Engine/Content/MobileResources/HUD/VirtualJoystick_Thumb.uasset" 55
"../../../Engine/Content/MobileResources/HUD/VirtualJoystick_Thumb.uexp" 56
"../../../Engine/Content/MobileResources/HUD/DefaultVirtualJoysticks.uasset" 57
"../../../Engine/Content/MobileResources/HUD/DefaultVirtualJoysticks.uexp" 58
"../../../Engine/Content/EngineResources/LandscapeVisibilityLayerInfo.uasset" 59
"../../../Engine/Content/EngineResources/LandscapeVisibilityLayerInfo.uexp" 60
"../../../Engine/Content/EngineMaterials/T_Default_Material_Grid_M.ubulk" 61
"../../../Engine/Content/EngineMaterials/T_Default_Material_Grid_M.uasset" 62
"../../../Engine/Content/EngineMaterials/T_Default_Material_Grid_M.uexp" 63
"../../../Engine/Content/EngineMaterials/T_Default_Material_Grid_N.ubulk" 64
"../../../Engine/Content/EngineMaterials/T_Default_Material_Grid_N.uasset" 65
"../../../Engine/Content/EngineMaterials/T_Default_Material_Grid_N.uexp" 66
"../../../Engine/Content/Functions/Engine_MaterialFunctions01/Opacity/CameraDepthFade.uasset" 67
"../../../Engine/Content/Functions/Engine_MaterialFunctions01/Opacity/CameraDepthFade.uexp" 68
"../../../Engine/Content/EngineMaterials/WorldGridMaterial.uasset" 69
"../../../Engine/Content/EngineMaterials/WorldGridMaterial.uexp" 70
"../../../Engine/Plugins/Animation/ControlRig/Content/Controls/ControlRig_RoundedTriangle_3mm.ubulk" 71
"../../../Engine/Plugins/Animation/ControlRig/Content/Controls/ControlRig_RoundedTriangle_3mm.uasset" 72
"../../../Engine/Plugins/Animation/ControlRig/Content/Controls/ControlRig_RoundedTriangle_3mm.uexp" 73
"../../../Engine/Plugins/Animation/ControlRig/Content/Controls/ControlRig_RoundedTriangle_solid.ubulk" 74
"../../../Engine/Plugins/Animation/ControlRig/Content/Controls/ControlRig_RoundedTriangle_solid.uasset" 75
"../../../Engine/Plugins/Animation/ControlRig/Content/Controls/ControlRig_RoundedTriangle_solid.uexp" 76
"../../../Engine/Content/Functions/Engine_MaterialFunctions02/Utility/VectorLength.uasset" 77
"../../../Engine/Content/Functions/Engine_MaterialFunctions02/Utility/VectorLength.uexp" 78
"../../../Engine/Content/Functions/Engine_MaterialFunctions02/WorldPositionOffset/ObjectScale.uasset" 79
"../../../Engine/Content/Functions/Engine_MaterialFunctions02/WorldPositionOffset/ObjectScale.uexp" 80
"../../../Engine/Content/Functions/Engine_MaterialFunctions02/Utility/BreakOutFloat3Components.uasset" 81
"../../../Engine/Content/Functions/Engine_MaterialFunctions02/Utility/BreakOutFloat3Components.uexp" 82
"../../../Engine/Plugins/Editor/SpeedTreeImporter/Content/SpeedTree9/Empty.uasset" 83
"../../../Engine/Plugins/Editor/SpeedTreeImporter/Content/SpeedTree9/Empty.uexp" 84
"../../../Engine/Plugins/Editor/SpeedTreeImporter/Content/SpeedTree9/EmptyNormal.uasset" 85
"../../../Engine/Plugins/Editor/SpeedTreeImporter/Content/SpeedTree9/EmptyNormal.uexp" 86
"../../../Engine/Plugins/Editor/SpeedTreeImporter/Content/SpeedTree9/game_wind_noise.ubulk" 87
"../../../Engine/Plugins/Editor/SpeedTreeImporter/Content/SpeedTree9/game_wind_noise.uasset" 88
"../../../Engine/Plugins/Editor/SpeedTreeImporter/Content/SpeedTree9/game_wind_noise.uexp" 89
"../../../Engine/Plugins/Editor/SpeedTreeImporter/Content/SpeedTree9/SpeedTreeBillboard.uasset" 90
"../../../Engine/Plugins/Editor/SpeedTreeImporter/Content/SpeedTree9/SpeedTreeBillboard.uexp" 91
"../../../Engine/Content/Functions/Engine_MaterialFunctions02/SafeNormalize.uasset" 92
"../../../Engine/Content/Functions/Engine_MaterialFunctions02/SafeNormalize.uexp" 93
"../../../Engine/Plugins/Editor/SpeedTreeImporter/Content/SpeedTree9/SpeedTreeWindMotion.uasset" 94
"../../../Engine/Plugins/Editor/SpeedTreeImporter/Content/SpeedTree9/SpeedTreeWindMotion.uexp" 95
"../../../Engine/Plugins/Editor/SpeedTreeImporter/Content/SpeedTree9/UnpackDirection.uasset" 96
"../../../Engine/Plugins/Editor/SpeedTreeImporter/Content/SpeedTree9/UnpackDirection.uexp" 97
"../../../Engine/Plugins/Editor/SpeedTreeImporter/Content/SpeedTree9/UnpackInteger3.uasset" 98
"../../../Engine/Plugins/Editor/SpeedTreeImporter/Content/SpeedTree9/UnpackInteger3.uexp" 99
"../../../Engine/Plugins/Editor/SpeedTreeImporter/Content/SpeedTree9/SpeedTreeBranchMotion.uasset" 100
"../../../Engine/Plugins/Editor/SpeedTreeImporter/Content/SpeedTree9/SpeedTreeBranchMotion.uexp" 101
"../../../Engine/Content/Functions/Engine_MaterialFunctions02/ObjectLocalBounds.uasset" 102
"../../../Engine/Content/Functions/Engine_MaterialFunctions02/ObjectLocalBounds.uexp" 103
"../../../Engine/Content/Functions/Engine_MaterialFunctions02/UVs/BoundingBoxBased_0-1_UVW.uasset" 104
"../../../Engine/Content/Functions/Engine_MaterialFunctions02/UVs/BoundingBoxBased_0-1_UVW.uexp" 105
"../../../Engine/Plugins/Editor/SpeedTreeImporter/Content/SpeedTree9/SpeedTreeWind.uasset" 106
"../../../Engine/Plugins/Editor/SpeedTreeImporter/Content/SpeedTree9/SpeedTreeWind.uexp" 107
"../../../Engine/Plugins/Editor/SpeedTreeImporter/Content/SpeedTree9/SpeedTreeBillboardMaster.uasset" 108
"../../../Engine/Plugins/Editor/SpeedTreeImporter/Content/SpeedTree9/SpeedTreeBillboardMaster.uexp" 109
"../../../Engine/Plugins/Animation/ControlRig/Content/Controls/ControlRig_Sphere_1mm.ubulk" 110
"../../../Engine/Plugins/Animation/ControlRig/Content/Controls/ControlRig_Sphere_1mm.uasset" 111
"../../../Engine/Plugins/Animation/ControlRig/Content/Controls/ControlRig_Sphere_1mm.uexp" 112
"../../../Engine/Plugins/Animation/ControlRig/Content/Controls/ControlRig_Sphere_3mm.ubulk" 113
"../../../Engine/Plugins/Animation/ControlRig/Content/Controls/ControlRig_Sphere_3mm.uasset" 114
"../../../Engine/Plugins/Animation/ControlRig/Content/Controls/ControlRig_Sphere_3mm.uexp" 115
"../../../Engine/Plugins/Editor/SpeedTreeImporter/Content/SpeedTree9/SpeedTreeCameraFacing.uasset" 116
"../../../Engine/Plugins/Editor/SpeedTreeImporter/Content/SpeedTree9/SpeedTreeCameraFacing.uexp" 117
"../../../Engine/Plugins/Editor/SpeedTreeImporter/Content/SpeedTree9/SpeedTreeMaster.uasset" 118
"../../../Engine/Plugins/Editor/SpeedTreeImporter/Content/SpeedTree9/SpeedTreeMaster.uexp" 119
"../../../Engine/Plugins/Animation/ControlRig/Content/Controls/ControlRig_Sphere_solid.ubulk" 120
"../../../Engine/Plugins/Animation/ControlRig/Content/Controls/ControlRig_Sphere_solid.uasset" 121
"../../../Engine/Plugins/Animation/ControlRig/Content/Controls/ControlRig_Sphere_solid.uexp" 122
"../../../Engine/Plugins/Animation/ControlRig/Content/Controls/ControlRig_Square_1mm.ubulk" 123
"../../../Engine/Plugins/Animation/ControlRig/Content/Controls/ControlRig_Square_1mm.uasset" 124
"../../../Engine/Plugins/Animation/ControlRig/Content/Controls/ControlRig_Square_1mm.uexp" 125
"../../../Engine/Content/EngineMaterials/DefaultBloomKernel.uasset" 126
"../../../Engine/Content/EngineMaterials/DefaultBloomKernel.uexp" 127
"../../../Engine/Plugins/Animation/ControlRig/Content/Controls/ControlRig_Square_3mm.ubulk" 128
"../../../Engine/Plugins/Animation/ControlRig/Content/Controls/ControlRig_Square_3mm.uasset" 129
"../../../Engine/Plugins/Animation/ControlRig/Content/Controls/ControlRig_Square_3mm.uexp" 130
"../../../Engine/Content/EngineMaterials/DefaultBokeh.uasset" 131
"../../../Engine/Content/EngineMaterials/DefaultBokeh.uexp" 132
"../../../Engine/Plugins/Animation/ControlRig/Content/Controls/ControlRig_Square_solid.ubulk" 133
"../../../Engine/Plugins/Animation/ControlRig/Content/Controls/ControlRig_Square_solid.uasset" 134
"../../../Engine/Plugins/Animation/ControlRig/Content/Controls/ControlRig_Square_solid.uexp" 135
"../../../Engine/Plugins/Animation/ControlRig/Content/Controls/ControlRig_Star4_1mm.ubulk" 136
"../../../Engine/Plugins/Animation/ControlRig/Content/Controls/ControlRig_Star4_1mm.uasset" 137
"../../../Engine/Plugins/Animation/ControlRig/Content/Controls/ControlRig_Star4_1mm.uexp" 138
"../../../Engine/Plugins/Animation/ControlRig/Content/Controls/ControlRig_Star4_3mm.ubulk" 139
"../../../Engine/Plugins/Animation/ControlRig/Content/Controls/ControlRig_Star4_3mm.uasset" 140
"../../../Engine/Plugins/Animation/ControlRig/Content/Controls/ControlRig_Star4_3mm.uexp" 141
"../../../Engine/Content/EngineMaterials/DefaultDiffuse.ubulk" 142
"../../../Engine/Content/EngineMaterials/DefaultDiffuse.uasset" 143
"../../../Engine/Content/EngineMaterials/DefaultDiffuse.uexp" 144
"../../../Engine/Content/EngineMaterials/DefaultDeferredDecalMaterial.uasset" 145
"../../../Engine/Content/EngineMaterials/DefaultDeferredDecalMaterial.uexp" 146
"../../../Engine/Plugins/Animation/ControlRig/Content/Controls/ControlRig_Star4_solid.ubulk" 147
"../../../Engine/Plugins/Animation/ControlRig/Content/Controls/ControlRig_Star4_solid.uasset" 148
"../../../Engine/Plugins/Animation/ControlRig/Content/Controls/ControlRig_Star4_solid.uexp" 149
"../../../Engine/Plugins/Animation/ControlRig/Content/Controls/ControlRig_Triangle_1mm.ubulk" 150
"../../../Engine/Plugins/Animation/ControlRig/Content/Controls/ControlRig_Triangle_1mm.uasset" 151
"../../../Engine/Plugins/Animation/ControlRig/Content/Controls/ControlRig_Triangle_1mm.uexp" 152
"../../../Engine/Plugins/Animation/ControlRig/Content/Controls/ControlRig_Triangle_3mm.ubulk" 153
"../../../Engine/Plugins/Animation/ControlRig/Content/Controls/ControlRig_Triangle_3mm.uasset" 154
"../../../Engine/Plugins/Animation/ControlRig/Content/Controls/ControlRig_Triangle_3mm.uexp" 155
"../../../Engine/Content/EditorResources/BSPVertex.uasset" 156
"../../../Engine/Content/EditorResources/BSPVertex.uexp" 157
"../../../Engine/Plugins/Animation/ControlRig/Content/Controls/ControlRig_Triangle_solid.ubulk" 158
"../../../Engine/Plugins/Animation/ControlRig/Content/Controls/ControlRig_Triangle_solid.uasset" 159
"../../../Engine/Plugins/Animation/ControlRig/Content/Controls/ControlRig_Triangle_solid.uexp" 160
"../../../Engine/Content/EngineMaterials/DefaultLightFunctionMaterial.uasset" 161
"../../../Engine/Content/EngineMaterials/DefaultLightFunctionMaterial.uexp" 162
"../../../Engine/Plugins/Animation/ControlRig/Content/Controls/ControlRig_Wedge_1mm.ubulk" 163
"../../../Engine/Plugins/Animation/ControlRig/Content/Controls/ControlRig_Wedge_1mm.uasset" 164
"../../../Engine/Plugins/Animation/ControlRig/Content/Controls/ControlRig_Wedge_1mm.uexp" 165
"../../../Engine/Plugins/Animation/ControlRig/Content/Controls/ControlRig_Wedge_3mm.ubulk" 166
"../../../Engine/Plugins/Animation/ControlRig/Content/Controls/ControlRig_Wedge_3mm.uasset" 167
"../../../Engine/Plugins/Animation/ControlRig/Content/Controls/ControlRig_Wedge_3mm.uexp" 168
"../../../Engine/Content/Functions/Engine_MaterialFunctions02/Utility/BreakOutFloat2Components.uasset" 169
"../../../Engine/Content/Functions/Engine_MaterialFunctions02/Utility/BreakOutFloat2Components.uexp" 170
"../../../Engine/Content/EngineMaterials/DefaultPostProcessMaterial.uasset" 171
"../../../Engine/Content/EngineMaterials/DefaultPostProcessMaterial.uexp" 172
"../../../Engine/Plugins/Animation/ControlRig/Content/Controls/ControlRig_Wedge_solid.ubulk" 173
"../../../Engine/Plugins/Animation/ControlRig/Content/Controls/ControlRig_Wedge_solid.uasset" 174
"../../../Engine/Plugins/Animation/ControlRig/Content/Controls/ControlRig_Wedge_solid.uexp" 175
"../../../Engine/Content/EngineFonts/RobotoDistanceField.uasset" 176
"../../../Engine/Content/EngineFonts/RobotoDistanceField.uexp" 177
"../../../Engine/Content/EngineMaterials/DefaultTextMaterialOpaque.uasset" 178
"../../../Engine/Content/EngineMaterials/DefaultTextMaterialOpaque.uexp" 179
"../../../Engine/Content/EditorLandscapeResources/DefaultAlphaTexture.uasset" 180
"../../../Engine/Content/EditorLandscapeResources/DefaultAlphaTexture.uexp" 181
"../../../Engine/Content/EditorLandscapeResources/ColorMaskBrushMaterial.uasset" 182
"../../../Engine/Content/EditorLandscapeResources/ColorMaskBrushMaterial.uexp" 183
"../../../Engine/Content/EditorLandscapeResources/ColorMaskBrushMaterial_MaskedRegion.uasset" 184
"../../../Engine/Content/EditorLandscapeResources/ColorMaskBrushMaterial_MaskedRegion.uexp" 185
"../../../Engine/Content/EngineMaterials/DefaultWhiteGrid.ubulk" 186
"../../../Engine/Content/EngineMaterials/DefaultWhiteGrid.uasset" 187
"../../../Engine/Content/EngineMaterials/DefaultWhiteGrid.uexp" 188
"../../../Engine/Content/EngineMaterials/DefaultWhiteGrid_Low.uasset" 189
"../../../Engine/Content/EngineMaterials/DefaultWhiteGrid_Low.uexp" 190
"../../../Engine/Content/EngineMaterials/EmissiveMeshMaterial.uasset" 191
"../../../Engine/Content/EngineMaterials/EmissiveMeshMaterial.uexp" 192
"../../../Engine/Content/EditorResources/S_Actor.ubulk" 193
"../../../Engine/Content/EditorResources/S_Actor.uasset" 194
"../../../Engine/Content/EditorResources/S_Actor.uexp" 195
"../../../Engine/Content/EngineMaterials/FastBlueNoise_scalar_128x128x64.uasset" 196
"../../../Engine/Content/EngineMaterials/FastBlueNoise_scalar_128x128x64.uexp" 197
"../../../Engine/Content/EditorLandscapeResources/LandscapeDirtyMaterial.uasset" 198
"../../../Engine/Content/EditorLandscapeResources/LandscapeDirtyMaterial.uexp" 199
"../../../Engine/Content/EditorResources/S_BoxReflectionCapture.uasset" 200
"../../../Engine/Content/EditorResources/S_BoxReflectionCapture.uexp" 201
"../../../Engine/Content/EngineMaterials/FastBlueNoise_scalar_128x128x8.uasset" 202
"../../../Engine/Content/EngineMaterials/FastBlueNoise_scalar_128x128x8.uexp" 203
"../../../Engine/Content/EngineMaterials/FastBlueNoise_vec2_128x128x64.uasset" 204
"../../../Engine/Content/EngineMaterials/FastBlueNoise_vec2_128x128x64.uexp" 205
"../../../Engine/Content/EngineMaterials/BaseFlattenDiffuseMap.uasset" 206
"../../../Engine/Content/EngineMaterials/BaseFlattenDiffuseMap.uexp" 207
"../../../Engine/Content/EngineMaterials/BaseFlattenEmissiveMap.uasset" 208
"../../../Engine/Content/EngineMaterials/BaseFlattenEmissiveMap.uexp" 209
"../../../Engine/Content/EngineMaterials/BaseFlattenGrayscaleMap.uasset" 210
"../../../Engine/Content/EngineMaterials/BaseFlattenGrayscaleMap.uexp" 211
"../../../Engine/Content/EngineMaterials/BaseFlattenLinearColor.uasset" 212
"../../../Engine/Content/EngineMaterials/BaseFlattenLinearColor.uexp" 213
"../../../Engine/Content/EngineMaterials/BaseFlattenNormalMap.uasset" 214
"../../../Engine/Content/EngineMaterials/BaseFlattenNormalMap.uexp" 215
"../../../Engine/Content/Functions/Engine_MaterialFunctions02/PivotPainter2/Black_1x1_EXR_Texture.uasset" 216
"../../../Engine/Content/Functions/Engine_MaterialFunctions02/PivotPainter2/Black_1x1_EXR_Texture.uexp" 217
"../../../Engine/Content/EngineMaterials/FlattenMaterial.uasset" 218
"../../../Engine/Content/EngineMaterials/FlattenMaterial.uexp" 219
"../../../Engine/Content/EngineMaterials/BaseFlattenDiffuseMap_VT.ubulk" 220
"../../../Engine/Content/EngineMaterials/BaseFlattenDiffuseMap_VT.uasset" 221
"../../../Engine/Content/EngineMaterials/BaseFlattenDiffuseMap_VT.uexp" 222
"../../../Engine/Content/EngineMaterials/BaseFlattenEmissiveMap_VT.ubulk" 223
"../../../Engine/Content/EngineMaterials/BaseFlattenEmissiveMap_VT.uasset" 224
"../../../Engine/Content/EngineMaterials/BaseFlattenEmissiveMap_VT.uexp" 225
"../../../Engine/Content/EngineMaterials/BaseFlattenGrayscaleMap_VT.ubulk" 226
"../../../Engine/Content/EngineMaterials/BaseFlattenGrayscaleMap_VT.uasset" 227
"../../../Engine/Content/EngineMaterials/BaseFlattenGrayscaleMap_VT.uexp" 228
"../../../Engine/Content/EngineMaterials/BaseFlattenLinearColor_VT.ubulk" 229
"../../../Engine/Content/EngineMaterials/BaseFlattenLinearColor_VT.uasset" 230
"../../../Engine/Content/EngineMaterials/BaseFlattenLinearColor_VT.uexp" 231
"../../../Engine/Content/EngineMaterials/BaseFlattenNormalMap_VT.ubulk" 232
"../../../Engine/Content/EngineMaterials/BaseFlattenNormalMap_VT.uasset" 233
"../../../Engine/Content/EngineMaterials/BaseFlattenNormalMap_VT.uexp" 234
"../../../Engine/Content/EngineMaterials/Black_1x1_EXR_Texture_VT.ubulk" 235
"../../../Engine/Content/EngineMaterials/Black_1x1_EXR_Texture_VT.uasset" 236
"../../../Engine/Content/EngineMaterials/Black_1x1_EXR_Texture_VT.uexp" 237
"../../../Engine/Content/EngineMaterials/FlattenMaterial_VT.uasset" 238
"../../../Engine/Content/EngineMaterials/FlattenMaterial_VT.uexp" 239
"../../../Engine/Content/Functions/Engine_MaterialFunctions01/Texturing/TextureCropping.uasset" 240
"../../../Engine/Content/Functions/Engine_MaterialFunctions01/Texturing/TextureCropping.uexp" 241
"../../../Engine/Content/Functions/Engine_MaterialFunctions02/ExampleContent/DebugNumberStrip.uasset" 242
"../../../Engine/Content/Functions/Engine_MaterialFunctions02/ExampleContent/DebugNumberStrip.uexp" 243
"../../../Engine/Content/Functions/Engine_MaterialFunctions01/Debug/DebugIntValues.uasset" 244
"../../../Engine/Content/Functions/Engine_MaterialFunctions01/Debug/DebugIntValues.uexp" 245
"../../../Engine/Content/Functions/Engine_MaterialFunctions01/Texturing/ScaleUVsByCenter.uasset" 246
"../../../Engine/Content/Functions/Engine_MaterialFunctions01/Texturing/ScaleUVsByCenter.uexp" 247
"../../../Engine/Content/Functions/Engine_MaterialFunctions02/WorldPositionOffset/LocalPosition.uasset" 248
"../../../Engine/Content/Functions/Engine_MaterialFunctions02/WorldPositionOffset/LocalPosition.uexp" 249
"../../../Engine/Content/EditorLandscapeResources/LandscapeLayerUsageMaterial.uasset" 250
"../../../Engine/Content/EditorLandscapeResources/LandscapeLayerUsageMaterial.uexp" 251
"../../../Engine/Content/EngineMaterials/FlattenMaterial_WS_Normal_VT.uasset" 252
"../../../Engine/Content/EngineMaterials/FlattenMaterial_WS_Normal_VT.uexp" 253
"../../../Engine/Plugins/Interchange/Assets/Content/Functions/MX_MeasuredEDF.uasset" 254
"../../../Engine/Plugins/Interchange/Assets/Content/Functions/MX_MeasuredEDF.uexp" 255
"../../../Engine/Content/EngineMaterials/GizmoMaterial.uasset" 256
"../../../Engine/Content/EngineMaterials/GizmoMaterial.uexp" 257
"../../../Engine/Plugins/Interchange/Assets/Content/Functions/MF_IridescenceNoLUT.uasset" 258
"../../../Engine/Plugins/Interchange/Assets/Content/Functions/MF_IridescenceNoLUT.uexp" 259
"../../../Engine/Plugins/Interchange/Assets/Content/Functions/MX_StandardSurface.uasset" 260
"../../../Engine/Plugins/Interchange/Assets/Content/Functions/MX_StandardSurface.uexp" 261
"../../../Engine/Plugins/Interchange/Assets/Content/Functions/MX_OpenPBR_Opaque.uasset" 262
"../../../Engine/Plugins/Interchange/Assets/Content/Functions/MX_OpenPBR_Opaque.uexp" 263
"../../../Engine/Plugins/Interchange/Assets/Content/Functions/MX_TransmissionSurface.uasset" 264
"../../../Engine/Plugins/Interchange/Assets/Content/Functions/MX_TransmissionSurface.uexp" 265
"../../../Engine/Plugins/Interchange/Assets/Content/Functions/MX_OpenPBR_Translucent.uasset" 266
"../../../Engine/Plugins/Interchange/Assets/Content/Functions/MX_OpenPBR_Translucent.uexp" 267
"../../../Engine/Content/EditorLandscapeResources/WhiteSquareTexture.uasset" 268
"../../../Engine/Content/EditorLandscapeResources/WhiteSquareTexture.uexp" 269
"../../../Engine/Content/EditorLandscapeResources/LayerVisMaterial.uasset" 270
"../../../Engine/Content/EditorLandscapeResources/LayerVisMaterial.uexp" 271
"../../../Engine/Plugins/Interchange/Assets/Content/Functions/MX_OrenNayarBSDF.uasset" 272
"../../../Engine/Plugins/Interchange/Assets/Content/Functions/MX_OrenNayarBSDF.uexp" 273
"../../../Engine/Content/Functions/Engine_MaterialFunctions02/Utility/MakeFloat3.uasset" 274
"../../../Engine/Content/Functions/Engine_MaterialFunctions02/Utility/MakeFloat3.uexp" 275
"../../../Engine/Content/Functions/Engine_MaterialFunctions03/Math/WithinRangeFloat2.uasset" 276
"../../../Engine/Content/Functions/Engine_MaterialFunctions03/Math/WithinRangeFloat2.uexp" 277
"../../../Engine/Content/EditorLandscapeResources/MaskBrushMaterial.uasset" 278
"../../../Engine/Content/EditorLandscapeResources/MaskBrushMaterial.uexp" 279
"../../../Engine/Content/EditorLandscapeResources/MaskBrushMaterial_MaskedRegion.uasset" 280
"../../../Engine/Content/EditorLandscapeResources/MaskBrushMaterial_MaskedRegion.uexp" 281
"../../../Engine/Content/EditorLandscapeResources/SelectBrushMaterial.uasset" 282
"../../../Engine/Content/EditorLandscapeResources/SelectBrushMaterial.uexp" 283
"../../../Engine/Content/EditorLandscapeResources/SelectBrushMaterial_Selected.uasset" 284
"../../../Engine/Content/EditorLandscapeResources/SelectBrushMaterial_Selected.uexp" 285
"../../../Engine/Content/EditorLandscapeResources/SelectBrushMaterial_SelectedRegion.uasset" 286
"../../../Engine/Content/EditorLandscapeResources/SelectBrushMaterial_SelectedRegion.uexp" 287
"../../../Engine/Plugins/Interchange/Assets/Content/Functions/MX_SheenBSDF.uasset" 288
"../../../Engine/Plugins/Interchange/Assets/Content/Functions/MX_SheenBSDF.uexp" 289
"../../../Engine/Content/EditorLandscapeResources/SplineEditorMeshMat.uasset" 290
"../../../Engine/Content/EditorLandscapeResources/SplineEditorMeshMat.uexp" 291
"../../../Engine/Content/EditorLandscapeResources/SplineEditorMesh.ubulk" 292
"../../../Engine/Content/EditorLandscapeResources/SplineEditorMesh.uasset" 293
"../../../Engine/Content/EditorLandscapeResources/SplineEditorMesh.uexp" 294
"../../../Engine/Plugins/Interchange/Assets/Content/Functions/MX_SubsurfaceBSDF.uasset" 295
"../../../Engine/Plugins/Interchange/Assets/Content/Functions/MX_SubsurfaceBSDF.uexp" 296
"../../../Engine/Plugins/Interchange/Assets/Content/Functions/MX_Surface.uasset" 297
"../../../Engine/Plugins/Interchange/Assets/Content/Functions/MX_Surface.uexp" 298
"../../../Engine/Plugins/Interchange/Assets/Content/Functions/MX_SurfaceUnlit.uasset" 299
"../../../Engine/Plugins/Interchange/Assets/Content/Functions/MX_SurfaceUnlit.uexp" 300
"../../../Engine/Content/EngineMaterials/MiniFont.uasset" 301
"../../../Engine/Content/EngineMaterials/MiniFont.uexp" 302
"../../../Engine/Content/EngineMaterials/InvalidLightmapSettings.ubulk" 303
"../../../Engine/Content/EngineMaterials/InvalidLightmapSettings.uasset" 304
"../../../Engine/Content/EngineMaterials/InvalidLightmapSettings.uexp" 305
"../../../Engine/Content/EngineMaterials/M_InvalidLightmapSettings.uasset" 306
"../../../Engine/Content/EngineMaterials/M_InvalidLightmapSettings.uexp" 307
"../../../Engine/Content/EditorResources/S_Solver.ubulk" 308
"../../../Engine/Content/EditorResources/S_Solver.uasset" 309
"../../../Engine/Content/EditorResources/S_Solver.uexp" 310
"../../../Engine/Content/EngineMaterials/NaniteHiddenSectionMaterial.uasset" 311
"../../../Engine/Content/EngineMaterials/NaniteHiddenSectionMaterial.uexp" 312
"../../../Engine/Plugins/Interchange/Assets/Content/Functions/MX_TranslucentBSDF.uasset" 313
"../../../Engine/Plugins/Interchange/Assets/Content/Functions/MX_TranslucentBSDF.uexp" 314
"../../../Engine/Content/EditorResources/S_Terrain.ubulk" 315
"../../../Engine/Content/EditorResources/S_Terrain.uasset" 316
"../../../Engine/Content/EditorResources/S_Terrain.uexp" 317
"../../../Engine/Plugins/Interchange/Assets/Content/Functions/MX_UniformEDF.uasset" 318
"../../../Engine/Plugins/Interchange/Assets/Content/Functions/MX_UniformEDF.uexp" 319
"../../../Engine/Plugins/Interchange/Assets/Content/Functions/MX_UsdPreviewSurface.uasset" 320
"../../../Engine/Plugins/Interchange/Assets/Content/Functions/MX_UsdPreviewSurface.uexp" 321
"../../../Engine/Content/EditorResources/S_Trigger.ubulk" 322
"../../../Engine/Content/EditorResources/S_Trigger.uasset" 323
"../../../Engine/Content/EditorResources/S_Trigger.uexp" 324
"../../../Engine/Content/Functions/Engine_MaterialFunctions02/WorldPositionOffset/CameraOffset.uasset" 325
"../../../Engine/Content/Functions/Engine_MaterialFunctions02/WorldPositionOffset/CameraOffset.uexp" 326
"../../../Engine/Content/EngineMaterials/PhAT_JointLimitMaterial.uasset" 327
"../../../Engine/Content/EngineMaterials/PhAT_JointLimitMaterial.uexp" 328
"../../../Engine/Content/EditorResources/S_TriggerBox.uasset" 329
"../../../Engine/Content/EditorResources/S_TriggerBox.uexp" 330
"../../../Engine/Content/EngineMaterials/DefaultCalibrationColor.uasset" 331
"../../../Engine/Content/EngineMaterials/DefaultCalibrationColor.uexp" 332
"../../../Engine/Content/EngineMaterials/PPM_DefaultCalibrationColor.uasset" 333
"../../../Engine/Content/EngineMaterials/PPM_DefaultCalibrationColor.uexp" 334
"../../../Engine/Content/EditorResources/S_TriggerCapsule.uasset" 335
"../../../Engine/Content/EditorResources/S_TriggerCapsule.uexp" 336
"../../../Engine/Content/EngineMaterials/DefaultCalibrationGrayscale.uasset" 337
"../../../Engine/Content/EngineMaterials/DefaultCalibrationGrayscale.uexp" 338
"../../../Engine/Content/EngineMaterials/PPM_DefaultCalibrationGrayscale.uasset" 339
"../../../Engine/Content/EngineMaterials/PPM_DefaultCalibrationGrayscale.uexp" 340
"../../../Engine/Content/EditorResources/S_TriggerSphere.uasset" 341
"../../../Engine/Content/EditorResources/S_TriggerSphere.uexp" 342
"../../../Engine/Plugins/Runtime/AudioWidgets/Content/Resources/ScrubHandleDown_Clamped.uasset" 343
"../../../Engine/Plugins/Runtime/AudioWidgets/Content/Resources/ScrubHandleDown_Clamped.uexp" 344
"../../../Engine/Content/EngineMaterials/PreintegratedSkinBRDF.uasset" 345
"../../../Engine/Content/EngineMaterials/PreintegratedSkinBRDF.uexp" 346
"../../../Engine/Content/EngineMaterials/RemoveSurfaceMaterial.uasset" 347
"../../../Engine/Content/EngineMaterials/RemoveSurfaceMaterial.uexp" 348
"../../../Engine/Content/EngineMaterials/SMAAAreaTex.uasset" 349
"../../../Engine/Content/EngineMaterials/SMAAAreaTex.uexp" 350
"../../../Engine/Content/EngineMaterials/SMAASearchTex.uasset" 351
"../../../Engine/Content/EngineMaterials/SMAASearchTex.uexp" 352
"../../../Engine/Content/EngineDamageTypes/DmgTypeBP_Environmental.uasset" 353
"../../../Engine/Content/EngineDamageTypes/DmgTypeBP_Environmental.uexp" 354
"../../../Engine/Plugins/2D/Paper2D/Content/DefaultSpriteMaterial.uasset" 355
"../../../Engine/Plugins/2D/Paper2D/Content/DefaultSpriteMaterial.uexp" 356
"../../../Engine/Plugins/2D/Paper2D/Content/MaskedUnlitSpriteMaterial.uasset" 357
"../../../Engine/Plugins/2D/Paper2D/Content/MaskedUnlitSpriteMaterial.uexp" 358
"../../../Engine/Plugins/2D/Paper2D/Content/OpaqueUnlitSpriteMaterial.uasset" 359
"../../../Engine/Plugins/2D/Paper2D/Content/OpaqueUnlitSpriteMaterial.uexp" 360
"../../../Engine/Plugins/Animation/ControlRig/Content/M_Manip.uasset" 361
"../../../Engine/Plugins/Animation/ControlRig/Content/M_Manip.uexp" 362
"../../../Engine/Content/Functions/Engine_MaterialFunctions02/SplitComponents.uasset" 363
"../../../Engine/Content/Functions/Engine_MaterialFunctions02/SplitComponents.uexp" 364
"../../../Engine/Content/Functions/Engine_MaterialFunctions02/Math/Transform3x3Matrix.uasset" 365
"../../../Engine/Content/Functions/Engine_MaterialFunctions02/Math/Transform3x3Matrix.uexp" 366
"../../../Engine/Content/VREditor/SnapGrid/SnapGridMaterial.uasset" 367
"../../../Engine/Content/VREditor/SnapGrid/SnapGridMaterial.uexp" 368
"../../../Engine/Content/VREditor/SnapGrid/SnapGridPlaneMesh.ubulk" 369
"../../../Engine/Content/VREditor/SnapGrid/SnapGridPlaneMesh.uasset" 370
"../../../Engine/Content/VREditor/SnapGrid/SnapGridPlaneMesh.uexp" 371
"../../../Engine/Content/VREditor/LaserPointer/VR_LaserPower_01.ubulk" 372
"../../../Engine/Content/VREditor/LaserPointer/VR_LaserPower_01.uasset" 373
"../../../Engine/Content/VREditor/LaserPointer/VR_LaserPower_01.uexp" 374
"../../../Engine/Content/VREditor/TransformGizmo/TransformGizmoMaterial.uasset" 375
"../../../Engine/Content/VREditor/TransformGizmo/TransformGizmoMaterial.uexp" 376
"../../../Engine/Content/VREditor/TransformGizmo/TranslucentTransformGizmoMaterial.uasset" 377
"../../../Engine/Content/VREditor/TransformGizmo/TranslucentTransformGizmoMaterial.uexp" 378
"../../../Engine/Content/VREditor/TransformGizmo/PlaneTranslationHandle.ubulk" 379
"../../../Engine/Content/VREditor/TransformGizmo/PlaneTranslationHandle.uasset" 380
"../../../Engine/Content/VREditor/TransformGizmo/PlaneTranslationHandle.uexp" 381
"../../../Engine/Content/VREditor/TransformGizmo/RotationHandleFull.ubulk" 382
"../../../Engine/Content/VREditor/TransformGizmo/RotationHandleFull.uasset" 383
"../../../Engine/Content/VREditor/TransformGizmo/RotationHandleFull.uexp" 384
"../../../Engine/Content/VREditor/TransformGizmo/RotationHandleIndicator.ubulk" 385
"../../../Engine/Content/VREditor/TransformGizmo/RotationHandleIndicator.uasset" 386
"../../../Engine/Content/VREditor/TransformGizmo/RotationHandleIndicator.uexp" 387
"../../../Engine/Content/VREditor/TransformGizmo/RotationHandleQuarter.ubulk" 388
"../../../Engine/Content/VREditor/TransformGizmo/RotationHandleQuarter.uasset" 389
"../../../Engine/Content/VREditor/TransformGizmo/RotationHandleQuarter.uexp" 390
"../../../Engine/Content/VREditor/TransformGizmo/StartRotationHandleIndicator.ubulk" 391
"../../../Engine/Content/VREditor/TransformGizmo/StartRotationHandleIndicator.uasset" 392
"../../../Engine/Content/VREditor/TransformGizmo/StartRotationHandleIndicator.uexp" 393
"../../../Engine/Content/VREditor/TransformGizmo/TranslucentTransformGizmoMaterial_Inst.uasset" 394
"../../../Engine/Content/VREditor/TransformGizmo/TranslucentTransformGizmoMaterial_Inst.uexp" 395
"../../../Engine/Content/VREditor/TransformGizmo/TransformGizmoFreeRotation.ubulk" 396
"../../../Engine/Content/VREditor/TransformGizmo/TransformGizmoFreeRotation.uasset" 397
"../../../Engine/Content/VREditor/TransformGizmo/TransformGizmoFreeRotation.uexp" 398
"../../../Engine/Content/VREditor/TransformGizmo/TransformGizmoMaterial_Inst.uasset" 399
"../../../Engine/Content/VREditor/TransformGizmo/TransformGizmoMaterial_Inst.uexp" 400
"../../../Engine/Content/VREditor/TransformGizmo/TranslateArrowHandle.ubulk" 401
"../../../Engine/Content/VREditor/TransformGizmo/TranslateArrowHandle.uasset" 402
"../../../Engine/Content/VREditor/TransformGizmo/TranslateArrowHandle.uexp" 403
"../../../Engine/Content/VREditor/TransformGizmo/UniformScaleHandle.ubulk" 404
"../../../Engine/Content/VREditor/TransformGizmo/UniformScaleHandle.uasset" 405
"../../../Engine/Content/VREditor/TransformGizmo/UniformScaleHandle.uexp" 406
"../../../Engine/Content/VREditor/Sounds/UI/Drop_Item_From_ContentBrowser.ubulk" 407
"../../../Engine/Content/VREditor/Sounds/UI/Drop_Item_From_ContentBrowser.uasset" 408
"../../../Engine/Content/VREditor/Sounds/UI/Drop_Item_From_ContentBrowser.uexp" 409
"../../../Engine/Content/VREditor/Sounds/UI/Gizmo_Handle_Clicked.ubulk" 410
"../../../Engine/Content/VREditor/Sounds/UI/Gizmo_Handle_Clicked.uasset" 411
"../../../Engine/Content/VREditor/Sounds/UI/Gizmo_Handle_Clicked.uexp" 412
"../../../Engine/Content/VREditor/Sounds/UI/Object_PickUp.ubulk" 413
"../../../Engine/Content/VREditor/Sounds/UI/Object_PickUp.uasset" 414
"../../../Engine/Content/VREditor/Sounds/UI/Object_PickUp.uexp" 415
"../../../Engine/Content/VREditor/Sounds/UI/Object_Snaps_To_Another_Actor.ubulk" 416
"../../../Engine/Content/VREditor/Sounds/UI/Object_Snaps_To_Another_Actor.uasset" 417
"../../../Engine/Content/VREditor/Sounds/UI/Object_Snaps_To_Another_Actor.uexp" 418
"../../../Engine/Content/VREditor/Sounds/UI/Object_Snaps_To_Grid.ubulk" 419
"../../../Engine/Content/VREditor/Sounds/UI/Object_Snaps_To_Grid.uasset" 420
"../../../Engine/Content/VREditor/Sounds/UI/Object_Snaps_To_Grid.uexp" 421
"../../../Engine/Content/VREditor/Sounds/UI/Scaling_Down.ubulk" 422
"../../../Engine/Content/VREditor/Sounds/UI/Scaling_Down.uasset" 423
"../../../Engine/Content/VREditor/Sounds/UI/Scaling_Down.uexp" 424
"../../../Engine/Content/VREditor/Sounds/UI/Scaling_Up.ubulk" 425
"../../../Engine/Content/VREditor/Sounds/UI/Scaling_Up.uasset" 426
"../../../Engine/Content/VREditor/Sounds/UI/Scaling_Up.uexp" 427
"../../../Engine/Content/VREditor/Sounds/UI/Selection_Changes.ubulk" 428
"../../../Engine/Content/VREditor/Sounds/UI/Selection_Changes.uasset" 429
"../../../Engine/Content/VREditor/Sounds/UI/Selection_Changes.uexp" 430
"../../../Engine/Content/Functions/Engine_MaterialFunctions02/Utility/CameraDirectionVector.uasset" 431
"../../../Engine/Content/Functions/Engine_MaterialFunctions02/Utility/CameraDirectionVector.uexp" 432
"../../../Engine/Plugins/Experimental/MeshModelingToolsetExp/Content/Materials/GetDisplacementVectorForDepthBias.uasset" 433
"../../../Engine/Plugins/Experimental/MeshModelingToolsetExp/Content/Materials/GetDisplacementVectorForDepthBias.uexp" 434
"../../../Engine/Content/Functions/Engine_MaterialFunctions03/Viewport/MF_OrthoWidth.uasset" 435
"../../../Engine/Content/Functions/Engine_MaterialFunctions03/Viewport/MF_OrthoWidth.uexp" 436
"../../../Engine/Content/Functions/Engine_MaterialFunctions02/Utility/FOV.uasset" 437
"../../../Engine/Content/Functions/Engine_MaterialFunctions02/Utility/FOV.uexp" 438
"../../../Engine/Content/Functions/Engine_MaterialFunctions02/WorldPositionOffset/V2/ObjectScale.uasset" 439
"../../../Engine/Content/Functions/Engine_MaterialFunctions02/WorldPositionOffset/V2/ObjectScale.uexp" 440
"../../../Engine/Plugins/Experimental/MeshModelingToolsetExp/Content/Materials/PointSetOverlaidComponentMaterial.uasset" 441
"../../../Engine/Plugins/Experimental/MeshModelingToolsetExp/Content/Materials/PointSetOverlaidComponentMaterial.uexp" 442
"../../../Engine/Content/EngineDebugMaterials/DebugEditorMaterial.uasset" 443
"../../../Engine/Content/EngineDebugMaterials/DebugEditorMaterial.uexp" 444
"../../../Engine/Content/EngineDebugMaterials/DebugMeshMaterial.uasset" 445
"../../../Engine/Content/EngineDebugMaterials/DebugMeshMaterial.uexp" 446
"../../../Engine/Content/EditorMaterials/PhAT_NoCollisionMaterial.uasset" 447
"../../../Engine/Content/EditorMaterials/PhAT_NoCollisionMaterial.uexp" 448
"../../../Engine/Content/EditorMaterials/PhAT_UnselectedMaterial.uasset" 449
"../../../Engine/Content/EditorMaterials/PhAT_UnselectedMaterial.uexp" 450
"../../../Engine/Content/EngineMaterials/WeightMapPlaceholderTexture.uasset" 451
"../../../Engine/Content/EngineMaterials/WeightMapPlaceholderTexture.uexp" 452
"../../../Engine/Content/EngineMaterials/WeightMapArrayPlaceholderTexture.uasset" 453
"../../../Engine/Content/EngineMaterials/WeightMapArrayPlaceholderTexture.uexp" 454
"../../../Engine/Content/EditorMaterials/PreviewShadowIndicator.ubulk" 455
"../../../Engine/Content/EditorMaterials/PreviewShadowIndicator.uasset" 456
"../../../Engine/Content/EditorMaterials/PreviewShadowIndicator.uexp" 457
"../../../Engine/Content/EditorMaterials/PreviewShadowIndicatorMaterial.uasset" 458
"../../../Engine/Content/EditorMaterials/PreviewShadowIndicatorMaterial.uexp" 459
"../../../Engine/Plugins/Animation/ControlRig/Content/Controls/ControlRigGizmoMaterial.uasset" 460
"../../../Engine/Plugins/Animation/ControlRig/Content/Controls/ControlRigGizmoMaterial.uexp" 461
"../../../Engine/Plugins/Animation/ControlRig/Content/Controls/ControlRigXRayMaterial.uasset" 462
"../../../Engine/Plugins/Animation/ControlRig/Content/Controls/ControlRigXRayMaterial.uexp" 463
"../../../Engine/Content/EngineResources/WhiteSquareTexture.uasset" 464
"../../../Engine/Content/EngineResources/WhiteSquareTexture.uexp" 465
"../../../Engine/Content/EngineMaterials/Widget3DPassThrough.uasset" 466
"../../../Engine/Content/EngineMaterials/Widget3DPassThrough.uexp" 467
"../../../Engine/Content/EngineMaterials/Widget3DPassThrough_Masked.uasset" 468
"../../../Engine/Content/EngineMaterials/Widget3DPassThrough_Masked.uexp" 469
"../../../Engine/Content/EngineMaterials/Widget3DPassThrough_Opaque.uasset" 470
"../../../Engine/Content/EngineMaterials/Widget3DPassThrough_Opaque.uexp" 471
"../../../Engine/Content/EngineMaterials/Widget3DPassThrough_Masked_OneSided.uasset" 472
"../../../Engine/Content/EngineMaterials/Widget3DPassThrough_Masked_OneSided.uexp" 473
"../../../Engine/Content/EngineMaterials/Widget3DPassThrough_Opaque_OneSided.uasset" 474
"../../../Engine/Content/EngineMaterials/Widget3DPassThrough_Opaque_OneSided.uexp" 475
"../../../Engine/Content/EngineMaterials/Widget3DPassThrough_Translucent.uasset" 476
"../../../Engine/Content/EngineMaterials/Widget3DPassThrough_Translucent.uexp" 477
"../../../Engine/Content/EngineMaterials/Widget3DPassThrough_Translucent_OneSided.uasset" 478
"../../../Engine/Content/EngineMaterials/Widget3DPassThrough_Translucent_OneSided.uexp" 479
"../../../Engine/Plugins/Animation/ControlRig/Content/Controls/ControlRig_Arrow2_1mm.ubulk" 480
"../../../Engine/Plugins/Animation/ControlRig/Content/Controls/ControlRig_Arrow2_1mm.uasset" 481
"../../../Engine/Plugins/Animation/ControlRig/Content/Controls/ControlRig_Arrow2_1mm.uexp" 482
"../../../Engine/Plugins/Animation/ControlRig/Content/Controls/ControlRig_Arrow2_3mm.ubulk" 483
"../../../Engine/Plugins/Animation/ControlRig/Content/Controls/ControlRig_Arrow2_3mm.uasset" 484
"../../../Engine/Plugins/Animation/ControlRig/Content/Controls/ControlRig_Arrow2_3mm.uexp" 485
"../../../Engine/Plugins/Animation/ControlRig/Content/Controls/ControlRig_Arrow2_solid.ubulk" 486
"../../../Engine/Plugins/Animation/ControlRig/Content/Controls/ControlRig_Arrow2_solid.uasset" 487
"../../../Engine/Plugins/Animation/ControlRig/Content/Controls/ControlRig_Arrow2_solid.uexp" 488
"../../../Engine/Plugins/Animation/ControlRig/Content/Controls/ControlRig_Arrow4_1mm.ubulk" 489
"../../../Engine/Plugins/Animation/ControlRig/Content/Controls/ControlRig_Arrow4_1mm.uasset" 490
"../../../Engine/Plugins/Animation/ControlRig/Content/Controls/ControlRig_Arrow4_1mm.uexp" 491
"../../../Engine/Plugins/Animation/ControlRig/Content/Controls/ControlRig_Arrow4_3mm.ubulk" 492
"../../../Engine/Plugins/Animation/ControlRig/Content/Controls/ControlRig_Arrow4_3mm.uasset" 493
"../../../Engine/Plugins/Animation/ControlRig/Content/Controls/ControlRig_Arrow4_3mm.uexp" 494
"../../../Engine/Content/EngineDebugMaterials/M_SimpleUnlitTranslucent.uasset" 495
"../../../Engine/Content/EngineDebugMaterials/M_SimpleUnlitTranslucent.uexp" 496
"../../../Engine/Plugins/Interchange/Assets/Content/Substrate/MX_SimpleVolume.uasset" 497
"../../../Engine/Plugins/Interchange/Assets/Content/Substrate/MX_SimpleVolume.uexp" 498
"../../../Engine/Content/EngineDebugMaterials/VolumeToRender.uasset" 499
"../../../Engine/Content/EngineDebugMaterials/VolumeToRender.uexp" 500
"../../../Engine/Content/EngineDebugMaterials/M_VolumeRenderSphereTracePP.uasset" 501
"../../../Engine/Content/EngineDebugMaterials/M_VolumeRenderSphereTracePP.uexp" 502
"../../../Engine/Plugins/Media/MediaPlate/Content/SM_MediaPlateScreen.ubulk" 503
"../../../Engine/Plugins/Media/MediaPlate/Content/SM_MediaPlateScreen.uasset" 504
"../../../Engine/Plugins/Media/MediaPlate/Content/SM_MediaPlateScreen.uexp" 505
"../../../Engine/Plugins/NNE/NNEDenoiser/Content/NNEDIM_ColorAlbedoNormal_Alpha.uasset" 506
"../../../Engine/Plugins/NNE/NNEDenoiser/Content/NNEDIM_ColorAlbedoNormal_Alpha.uexp" 507
"../../../Engine/Plugins/NNE/NNEDenoiser/Content/NNEDIM_ColorAlbedoNormal_Default.uasset" 508
"../../../Engine/Plugins/NNE/NNEDenoiser/Content/NNEDIM_ColorAlbedoNormal_Default.uexp" 509
"../../../Engine/Plugins/NNE/NNEDenoiser/Content/NNEDIM_HighQuality_Alpha.uasset" 510
"../../../Engine/Plugins/NNE/NNEDenoiser/Content/NNEDIM_HighQuality_Alpha.uexp" 511
"../../../Engine/Plugins/NNE/NNEDenoiser/Content/NNEDIM_HighQuality_Default.uasset" 512
"../../../Engine/Plugins/NNE/NNEDenoiser/Content/NNEDIM_HighQuality_Default.uexp" 513
"../../../Engine/Plugins/NNE/NNEDenoiser/Content/NNEDOM_Output_Alpha.uasset" 514
"../../../Engine/Plugins/NNE/NNEDenoiser/Content/NNEDOM_Output_Alpha.uexp" 515
"../../../Engine/Plugins/NNE/NNEDenoiser/Content/NNEDOM_Output_Default.uasset" 516
"../../../Engine/Plugins/NNE/NNEDenoiser/Content/NNEDOM_Output_Default.uexp" 517
"../../../Engine/Plugins/NNE/NNEDenoiser/Content/NNEDTIM_ColorAlbedoNormal_Alpha.uasset" 518
"../../../Engine/Plugins/NNE/NNEDenoiser/Content/NNEDTIM_ColorAlbedoNormal_Alpha.uexp" 519
"../../../Engine/Plugins/NNE/NNEDenoiser/Content/NNEDTIM_ColorAlbedoNormal_Default.uasset" 520
"../../../Engine/Plugins/NNE/NNEDenoiser/Content/NNEDTIM_ColorAlbedoNormal_Default.uexp" 521
"../../../Engine/Plugins/NNE/NNEDenoiser/Content/NNEDTOM_Output_Alpha.uasset" 522
"../../../Engine/Plugins/NNE/NNEDenoiser/Content/NNEDTOM_Output_Alpha.uexp" 523
"../../../Engine/Plugins/Animation/ControlRig/Content/Controls/ControlRig_Arrow4_solid.ubulk" 524
"../../../Engine/Plugins/Animation/ControlRig/Content/Controls/ControlRig_Arrow4_solid.uasset" 525
"../../../Engine/Plugins/Animation/ControlRig/Content/Controls/ControlRig_Arrow4_solid.uexp" 526
"../../../Engine/Plugins/NNE/NNEDenoiser/Content/NNEDTOM_Output_Default.uasset" 527
"../../../Engine/Plugins/NNE/NNEDenoiser/Content/NNEDTOM_Output_Default.uexp" 528
"../../../Engine/Plugins/NNE/NNEDenoiser/Content/NNEDT_Oidn2-3_Balanced.uasset" 529
"../../../Engine/Plugins/NNE/NNEDenoiser/Content/NNEDT_Oidn2-3_Balanced.uexp" 530
"../../../Engine/Plugins/NNE/NNEDenoiser/Content/NNEDT_Oidn2-3_Balanced_Alpha.uasset" 531
"../../../Engine/Plugins/NNE/NNEDenoiser/Content/NNEDT_Oidn2-3_Balanced_Alpha.uexp" 532
"../../../Engine/Plugins/NNE/NNEDenoiser/Content/NNED_Oidn2-3_Balanced.uasset" 533
"../../../Engine/Plugins/NNE/NNEDenoiser/Content/NNED_Oidn2-3_Balanced.uexp" 534
"../../../Engine/Plugins/NNE/NNEDenoiser/Content/NNED_Oidn2-3_Balanced_Alpha.uasset" 535
"../../../Engine/Plugins/NNE/NNEDenoiser/Content/NNED_Oidn2-3_Balanced_Alpha.uexp" 536
"../../../Engine/Plugins/NNE/NNEDenoiser/Content/NNED_Oidn2-3_Fast.uasset" 537
"../../../Engine/Plugins/NNE/NNEDenoiser/Content/NNED_Oidn2-3_Fast.uexp" 538
"../../../Engine/Plugins/NNE/NNEDenoiser/Content/NNED_Oidn2-3_Fast_Alpha.uasset" 539
"../../../Engine/Plugins/NNE/NNEDenoiser/Content/NNED_Oidn2-3_Fast_Alpha.uexp" 540
"../../../Engine/Plugins/NNE/NNEDenoiser/Content/NNED_Oidn2-3_HighQuality.uasset" 541
"../../../Engine/Plugins/NNE/NNEDenoiser/Content/NNED_Oidn2-3_HighQuality.uexp" 542
"../../../Engine/Plugins/NNE/NNEDenoiser/Content/NNED_Oidn2-3_HighQuality_Alpha.uasset" 543
"../../../Engine/Plugins/NNE/NNEDenoiser/Content/NNED_Oidn2-3_HighQuality_Alpha.uexp" 544
"../../../Engine/Plugins/NNE/NNEDenoiser/Content/NNE_oidn2-3-0_rt_hdr_alb_nrm_small__dyn__fp16_opset11_DenoiseAlpha.uasset" 545
"../../../Engine/Plugins/NNE/NNEDenoiser/Content/NNE_oidn2-3-0_rt_hdr_alb_nrm_small__dyn__fp16_opset11_DenoiseAlpha.uexp" 546
"../../../Engine/Plugins/Animation/ControlRig/Content/Controls/ControlRig_Arrow_1mm.ubulk" 547
"../../../Engine/Plugins/Animation/ControlRig/Content/Controls/ControlRig_Arrow_1mm.uasset" 548
"../../../Engine/Plugins/Animation/ControlRig/Content/Controls/ControlRig_Arrow_1mm.uexp" 549
"../../../Engine/Plugins/NNE/NNEDenoiser/Content/NNE_oidn2-3-0_rt_hdr_alb_nrm_small__dyn__fp16_opset11_ForwardAlpha.uasset" 550
"../../../Engine/Plugins/NNE/NNEDenoiser/Content/NNE_oidn2-3-0_rt_hdr_alb_nrm_small__dyn__fp16_opset11_ForwardAlpha.uexp" 551
"../../../Engine/Plugins/NNE/NNEDenoiser/Content/NNE_oidn2-3-0_rt_hdr_alb_nrm__dyn__fp16_opset11_DenoiseAlpha.uasset" 552
"../../../Engine/Plugins/NNE/NNEDenoiser/Content/NNE_oidn2-3-0_rt_hdr_alb_nrm__dyn__fp16_opset11_DenoiseAlpha.uexp" 553
"../../../Engine/Plugins/NNE/NNEDenoiser/Content/NNE_oidn2-3-0_rt_hdr_alb_nrm__dyn__fp16_opset11_ForwardAlpha.uasset" 554
"../../../Engine/Plugins/NNE/NNEDenoiser/Content/NNE_oidn2-3-0_rt_hdr_alb_nrm__dyn__fp16_opset11_ForwardAlpha.uexp" 555
"../../../Engine/Plugins/NNE/NNEDenoiser/Content/NNE_oidn2-3-0_rt_hdr_calb_cnrm_large__dyn__fp16_opset11_DenoiseAlpha.uasset" 556
"../../../Engine/Plugins/NNE/NNEDenoiser/Content/NNE_oidn2-3-0_rt_hdr_calb_cnrm_large__dyn__fp16_opset11_DenoiseAlpha.uexp" 557
"../../../Engine/Plugins/NNE/NNEDenoiser/Content/NNE_oidn2-3-0_rt_hdr_calb_cnrm_large__dyn__fp16_opset11_ForwardAlpha.uasset" 558
"../../../Engine/Plugins/NNE/NNEDenoiser/Content/NNE_oidn2-3-0_rt_hdr_calb_cnrm_large__dyn__fp16_opset11_ForwardAlpha.uexp" 559
"../../../Engine/Plugins/Animation/ControlRig/Content/Controls/ControlRig_Arrow_3mm.ubulk" 560
"../../../Engine/Plugins/Animation/ControlRig/Content/Controls/ControlRig_Arrow_3mm.uasset" 561
"../../../Engine/Plugins/Animation/ControlRig/Content/Controls/ControlRig_Arrow_3mm.uexp" 562
"../../../Engine/Plugins/Animation/ControlRig/Content/Controls/ControlRig_Arrow_solid.ubulk" 563
"../../../Engine/Plugins/Animation/ControlRig/Content/Controls/ControlRig_Arrow_solid.uasset" 564
"../../../Engine/Plugins/Animation/ControlRig/Content/Controls/ControlRig_Arrow_solid.uexp" 565
"../../../Engine/Content/EngineMeshes/Sphere.ubulk" 566
"../../../Engine/Content/EngineMeshes/Sphere.uasset" 567
"../../../Engine/Content/EngineMeshes/Sphere.uexp" 568
"../../../Engine/Plugins/Animation/ControlRig/Content/Controls/ControlRig_Box_1mm.ubulk" 569
"../../../Engine/Plugins/Animation/ControlRig/Content/Controls/ControlRig_Box_1mm.uasset" 570
"../../../Engine/Plugins/Animation/ControlRig/Content/Controls/ControlRig_Box_1mm.uexp" 571
"../../../Engine/Content/BasicShapes/BasicShapeMaterial.uasset" 572
"../../../Engine/Content/BasicShapes/BasicShapeMaterial.uexp" 573
"../../../Engine/Plugins/Animation/ControlRig/Content/Controls/ControlRig_Box_3mm.ubulk" 574
"../../../Engine/Plugins/Animation/ControlRig/Content/Controls/ControlRig_Box_3mm.uasset" 575
"../../../Engine/Plugins/Animation/ControlRig/Content/Controls/ControlRig_Box_3mm.uexp" 576
"../../../Engine/Plugins/Animation/ControlRig/Content/Controls/ControlRig_Box_solid.ubulk" 577
"../../../Engine/Plugins/Animation/ControlRig/Content/Controls/ControlRig_Box_solid.uasset" 578
"../../../Engine/Plugins/Animation/ControlRig/Content/Controls/ControlRig_Box_solid.uexp" 579
"../../../Engine/Content/EngineMaterials/DefaultMaterial.uasset" 580
"../../../Engine/Content/EngineMaterials/DefaultMaterial.uexp" 581
"../../../Engine/Content/BasicShapes/Cone.ubulk" 582
"../../../Engine/Content/BasicShapes/Cone.uasset" 583
"../../../Engine/Content/BasicShapes/Cone.uexp" 584
"../../../Engine/Plugins/Runtime/HairStrands/Content/Materials/HairCardsDefaultMaterial.uasset" 585
"../../../Engine/Plugins/Runtime/HairStrands/Content/Materials/HairCardsDefaultMaterial.uexp" 586
"../../../Engine/Plugins/Animation/ControlRig/Content/Controls/ControlRig_Circle_1mm.ubulk" 587
"../../../Engine/Plugins/Animation/ControlRig/Content/Controls/ControlRig_Circle_1mm.uasset" 588
"../../../Engine/Plugins/Animation/ControlRig/Content/Controls/ControlRig_Circle_1mm.uexp" 589
"../../../Engine/Content/Functions/Engine_MaterialFunctions02/Utility/MakeFloat2.uasset" 590
"../../../Engine/Content/Functions/Engine_MaterialFunctions02/Utility/MakeFloat2.uexp" 591
"../../../Engine/Content/EngineMaterials/HairColorMap.uasset" 592
"../../../Engine/Content/EngineMaterials/HairColorMap.uexp" 593
"../../../Engine/Content/EngineMaterials/HairDebugColor.uasset" 594
"../../../Engine/Content/EngineMaterials/HairDebugColor.uexp" 595
"../../../Engine/Plugins/Runtime/HairStrands/Content/Materials/HairGroupColors.uasset" 596
"../../../Engine/Plugins/Runtime/HairStrands/Content/Materials/HairGroupColors.uexp" 597
"../../../Engine/Plugins/Runtime/HairStrands/Content/Materials/HairDebugMaterial.uasset" 598
"../../../Engine/Plugins/Runtime/HairStrands/Content/Materials/HairDebugMaterial.uexp" 599
"../../../Engine/Plugins/Animation/ControlRig/Content/Controls/ControlRig_Circle_3mm.ubulk" 600
"../../../Engine/Plugins/Animation/ControlRig/Content/Controls/ControlRig_Circle_3mm.uasset" 601
"../../../Engine/Plugins/Animation/ControlRig/Content/Controls/ControlRig_Circle_3mm.uexp" 602
"../../../Engine/Plugins/Runtime/HairStrands/Content/Materials/HairDefaultMaterial.uasset" 603
"../../../Engine/Plugins/Runtime/HairStrands/Content/Materials/HairDefaultMaterial.uexp" 604
"../../../Engine/Plugins/Animation/ControlRig/Content/Controls/ControlRig_Circle_solid.ubulk" 605
"../../../Engine/Plugins/Animation/ControlRig/Content/Controls/ControlRig_Circle_solid.uasset" 606
"../../../Engine/Plugins/Animation/ControlRig/Content/Controls/ControlRig_Circle_solid.uexp" 607
"../../../Engine/Plugins/Runtime/HairStrands/Content/Materials/HairMeshesDefaultMaterial.uasset" 608
"../../../Engine/Plugins/Runtime/HairStrands/Content/Materials/HairMeshesDefaultMaterial.uexp" 609
"../../../Engine/Content/BasicShapes/Cylinder.ubulk" 610
"../../../Engine/Content/BasicShapes/Cylinder.uasset" 611
"../../../Engine/Content/BasicShapes/Cylinder.uexp" 612
"../../../Engine/Plugins/Animation/ControlRig/Content/Controls/ControlRig_Diamond_1mm.ubulk" 613
"../../../Engine/Plugins/Animation/ControlRig/Content/Controls/ControlRig_Diamond_1mm.uasset" 614
"../../../Engine/Plugins/Animation/ControlRig/Content/Controls/ControlRig_Diamond_1mm.uexp" 615
"../../../Engine/Content/EngineResources/Black.uasset" 616
"../../../Engine/Content/EngineResources/Black.uexp" 617
"../../../Engine/Content/BasicShapes/Plane.ubulk" 618
"../../../Engine/Content/BasicShapes/Plane.uasset" 619
"../../../Engine/Content/BasicShapes/Plane.uexp" 620
"../../../Engine/Plugins/Animation/ControlRig/Content/Controls/ControlRig_Diamond_3mm.ubulk" 621
"../../../Engine/Plugins/Animation/ControlRig/Content/Controls/ControlRig_Diamond_3mm.uasset" 622
"../../../Engine/Plugins/Animation/ControlRig/Content/Controls/ControlRig_Diamond_3mm.uexp" 623
"../../../Engine/Plugins/Animation/ControlRig/Content/Controls/ControlRig_Diamond_solid.ubulk" 624
"../../../Engine/Plugins/Animation/ControlRig/Content/Controls/ControlRig_Diamond_solid.uasset" 625
"../../../Engine/Plugins/Animation/ControlRig/Content/Controls/ControlRig_Diamond_solid.uexp" 626
"../../../Engine/Plugins/Animation/ControlRig/Content/Controls/ControlRig_HalfCircle_1mm.ubulk" 627
"../../../Engine/Plugins/Animation/ControlRig/Content/Controls/ControlRig_HalfCircle_1mm.uasset" 628
"../../../Engine/Plugins/Animation/ControlRig/Content/Controls/ControlRig_HalfCircle_1mm.uexp" 629
"../../../Engine/Content/EngineResources/DefaultTextureCube.uasset" 630
"../../../Engine/Content/EngineResources/DefaultTextureCube.uexp" 631
"../../../Engine/Content/EngineResources/GradientTexture0.uasset" 632
"../../../Engine/Content/EngineResources/GradientTexture0.uexp" 633
"../../../Engine/Plugins/Interchange/Assets/Content/Functions/MX_AbsorptionVDF.uasset" 634
"../../../Engine/Plugins/Interchange/Assets/Content/Functions/MX_AbsorptionVDF.uexp" 635
"../../../Engine/Plugins/Interchange/Assets/Content/Functions/MX_AnisotropicVDF.uasset" 636
"../../../Engine/Plugins/Interchange/Assets/Content/Functions/MX_AnisotropicVDF.uexp" 637
"../../../Engine/Plugins/Interchange/Assets/Content/Functions/MX_BurleyDiffuseBSDF.uasset" 638
"../../../Engine/Plugins/Interchange/Assets/Content/Functions/MX_BurleyDiffuseBSDF.uexp" 639
"../../../Engine/Content/EditorMaterials/ParticleSystems/PSysThumbnail_NoImage.ubulk" 640
"../../../Engine/Content/EditorMaterials/ParticleSystems/PSysThumbnail_NoImage.uasset" 641
"../../../Engine/Content/EditorMaterials/ParticleSystems/PSysThumbnail_NoImage.uexp" 642
"../../../Engine/Plugins/Interchange/Assets/Content/Functions/MX_ChiangHairBSDF.uasset" 643
"../../../Engine/Plugins/Interchange/Assets/Content/Functions/MX_ChiangHairBSDF.uexp" 644
"../../../Engine/Content/EditorMaterials/ParticleSystems/PSysThumbnail_OOD.ubulk" 645
"../../../Engine/Content/EditorMaterials/ParticleSystems/PSysThumbnail_OOD.uasset" 646
"../../../Engine/Content/EditorMaterials/ParticleSystems/PSysThumbnail_OOD.uexp" 647
"../../../Engine/Plugins/Interchange/Assets/Content/Functions/MX_ConductorBSDF.uasset" 648
"../../../Engine/Plugins/Interchange/Assets/Content/Functions/MX_ConductorBSDF.uexp" 649
"../../../Engine/Plugins/Interchange/Assets/Content/Functions/MX_ConicalEDF.uasset" 650
"../../../Engine/Plugins/Interchange/Assets/Content/Functions/MX_ConicalEDF.uexp" 651
"../../../Engine/Plugins/Interchange/Assets/Content/Functions/MX_DielectricBSDF.uasset" 652
"../../../Engine/Plugins/Interchange/Assets/Content/Functions/MX_DielectricBSDF.uexp" 653
"../../../Engine/Content/Functions/Engine_MaterialFunctions02/Utility/BlendAngleCorrectedNormals.uasset" 654
"../../../Engine/Content/Functions/Engine_MaterialFunctions02/Utility/BlendAngleCorrectedNormals.uexp" 655
"../../../Engine/Plugins/Interchange/Assets/Content/Functions/MX_Displacement.uasset" 656
"../../../Engine/Plugins/Interchange/Assets/Content/Functions/MX_Displacement.uexp" 657
"../../../Engine/Plugins/Interchange/Assets/Content/Functions/MX_GeneralizedSchlickBSDF.uasset" 658
"../../../Engine/Plugins/Interchange/Assets/Content/Functions/MX_GeneralizedSchlickBSDF.uexp" 659
"../../../Engine/Content/EditorMaterials/Camera/CineMat.uasset" 660
"../../../Engine/Content/EditorMaterials/Camera/CineMat.uexp" 661
"../../../Engine/Content/EditorMaterials/Camera/MI_CineMat_Rig.uasset" 662
"../../../Engine/Content/EditorMaterials/Camera/MI_CineMat_Rig.uexp" 663
"../../../Engine/Content/EditorMeshes/Camera/SM_CraneRig_Arm.ubulk" 664
"../../../Engine/Content/EditorMeshes/Camera/SM_CraneRig_Arm.uasset" 665
"../../../Engine/Content/EditorMeshes/Camera/SM_CraneRig_Arm.uexp" 666
"../../../Engine/Content/EditorMeshes/Camera/SM_CraneRig_Base.ubulk" 667
"../../../Engine/Content/EditorMeshes/Camera/SM_CraneRig_Base.uasset" 668
"../../../Engine/Content/EditorMeshes/Camera/SM_CraneRig_Base.uexp" 669
"../../../Engine/Content/EditorMeshes/Camera/SM_CraneRig_Body.ubulk" 670
"../../../Engine/Content/EditorMeshes/Camera/SM_CraneRig_Body.uasset" 671
"../../../Engine/Content/EditorMeshes/Camera/SM_CraneRig_Body.uexp" 672
"../../../Engine/Content/EditorMeshes/Camera/SM_CraneRig_Mount.ubulk" 673
"../../../Engine/Content/EditorMeshes/Camera/SM_CraneRig_Mount.uasset" 674
"../../../Engine/Content/EditorMeshes/Camera/SM_CraneRig_Mount.uexp" 675
"../../../Engine/Content/EditorMeshes/Camera/SM_RailRig_Mount.ubulk" 676
"../../../Engine/Content/EditorMeshes/Camera/SM_RailRig_Mount.uasset" 677
"../../../Engine/Content/EditorMeshes/Camera/SM_RailRig_Mount.uexp" 678
"../../../Engine/Content/EditorMeshes/Camera/SM_RailRig_Track.ubulk" 679
"../../../Engine/Content/EditorMeshes/Camera/SM_RailRig_Track.uasset" 680
"../../../Engine/Content/EditorMeshes/Camera/SM_RailRig_Track.uexp" 681
"../../../Engine/Plugins/Animation/ControlRig/Content/Controls/ControlRig_HalfCircle_3mm.ubulk" 682
"../../../Engine/Plugins/Animation/ControlRig/Content/Controls/ControlRig_HalfCircle_3mm.uasset" 683
"../../../Engine/Plugins/Animation/ControlRig/Content/Controls/ControlRig_HalfCircle_3mm.uexp" 684
"../../../Engine/Plugins/Animation/ControlRig/Content/Controls/ControlRig_HalfCircle_solid.ubulk" 685
"../../../Engine/Plugins/Animation/ControlRig/Content/Controls/ControlRig_HalfCircle_solid.uasset" 686
"../../../Engine/Plugins/Animation/ControlRig/Content/Controls/ControlRig_HalfCircle_solid.uexp" 687
"../../../Engine/Plugins/Animation/ControlRig/Content/Controls/ControlRig_Hexagon_1mm.ubulk" 688
"../../../Engine/Plugins/Animation/ControlRig/Content/Controls/ControlRig_Hexagon_1mm.uasset" 689
"../../../Engine/Plugins/Animation/ControlRig/Content/Controls/ControlRig_Hexagon_1mm.uexp" 690
"../../../Engine/Plugins/Animation/ControlRig/Content/Controls/ControlRig_Hexagon_3mm.ubulk" 691
"../../../Engine/Plugins/Animation/ControlRig/Content/Controls/ControlRig_Hexagon_3mm.uasset" 692
"../../../Engine/Plugins/Animation/ControlRig/Content/Controls/ControlRig_Hexagon_3mm.uexp" 693
"../../../Engine/Plugins/Animation/ControlRig/Content/Controls/ControlRig_Hexagon_solid.ubulk" 694
"../../../Engine/Plugins/Animation/ControlRig/Content/Controls/ControlRig_Hexagon_solid.uasset" 695
"../../../Engine/Plugins/Animation/ControlRig/Content/Controls/ControlRig_Hexagon_solid.uexp" 696
"../../../Engine/Plugins/Animation/ControlRig/Content/Controls/ControlRig_Octagon_1mm.ubulk" 697
"../../../Engine/Plugins/Animation/ControlRig/Content/Controls/ControlRig_Octagon_1mm.uasset" 698
"../../../Engine/Plugins/Animation/ControlRig/Content/Controls/ControlRig_Octagon_1mm.uexp" 699
"../../../Engine/Plugins/Animation/ControlRig/Content/Controls/ControlRig_Octagon_3mm.ubulk" 700
"../../../Engine/Plugins/Animation/ControlRig/Content/Controls/ControlRig_Octagon_3mm.uasset" 701
"../../../Engine/Plugins/Animation/ControlRig/Content/Controls/ControlRig_Octagon_3mm.uexp" 702
"../../../Engine/Plugins/Animation/ControlRig/Content/Controls/ControlRig_Octagon_solid.ubulk" 703
"../../../Engine/Plugins/Animation/ControlRig/Content/Controls/ControlRig_Octagon_solid.uasset" 704
"../../../Engine/Plugins/Animation/ControlRig/Content/Controls/ControlRig_Octagon_solid.uexp" 705
"../../../Engine/Plugins/Animation/ControlRig/Content/Controls/ControlRig_Pyramid_1mm.ubulk" 706
"../../../Engine/Plugins/Animation/ControlRig/Content/Controls/ControlRig_Pyramid_1mm.uasset" 707
"../../../Engine/Plugins/Animation/ControlRig/Content/Controls/ControlRig_Pyramid_1mm.uexp" 708
"../../../Engine/Plugins/Animation/ControlRig/Content/Controls/ControlRig_Pyramid_3mm.ubulk" 709
"../../../Engine/Plugins/Animation/ControlRig/Content/Controls/ControlRig_Pyramid_3mm.uasset" 710
"../../../Engine/Plugins/Animation/ControlRig/Content/Controls/ControlRig_Pyramid_3mm.uexp" 711
"../../../Engine/Plugins/Animation/ControlRig/Content/Controls/ControlRig_Pyramid_solid.ubulk" 712
"../../../Engine/Plugins/Animation/ControlRig/Content/Controls/ControlRig_Pyramid_solid.uasset" 713
"../../../Engine/Plugins/Animation/ControlRig/Content/Controls/ControlRig_Pyramid_solid.uexp" 714
"../../../Engine/Plugins/Animation/ControlRig/Content/Controls/ControlRig_QuarterCircle_1mm.ubulk" 715
"../../../Engine/Plugins/Animation/ControlRig/Content/Controls/ControlRig_QuarterCircle_1mm.uasset" 716
"../../../Engine/Plugins/Animation/ControlRig/Content/Controls/ControlRig_QuarterCircle_1mm.uexp" 717
"../../../Engine/Plugins/Animation/ControlRig/Content/Controls/ControlRig_QuarterCircle_3mm.ubulk" 718
"../../../Engine/Plugins/Animation/ControlRig/Content/Controls/ControlRig_QuarterCircle_3mm.uasset" 719
"../../../Engine/Plugins/Animation/ControlRig/Content/Controls/ControlRig_QuarterCircle_3mm.uexp" 720
"../../../Engine/Plugins/Animation/ControlRig/Content/Controls/ControlRig_QuarterCircle_solid.ubulk" 721
"../../../Engine/Plugins/Animation/ControlRig/Content/Controls/ControlRig_QuarterCircle_solid.uasset" 722
"../../../Engine/Plugins/Animation/ControlRig/Content/Controls/ControlRig_QuarterCircle_solid.uexp" 723
"../../../Engine/Plugins/Animation/ControlRig/Content/Controls/ControlRig_RoundedSquare_1mm.ubulk" 724
"../../../Engine/Plugins/Animation/ControlRig/Content/Controls/ControlRig_RoundedSquare_1mm.uasset" 725
"../../../Engine/Plugins/Animation/ControlRig/Content/Controls/ControlRig_RoundedSquare_1mm.uexp" 726
"../../../Engine/Plugins/Animation/ControlRig/Content/Controls/ControlRig_RoundedSquare_3mm.ubulk" 727
"../../../Engine/Plugins/Animation/ControlRig/Content/Controls/ControlRig_RoundedSquare_3mm.uasset" 728
"../../../Engine/Plugins/Animation/ControlRig/Content/Controls/ControlRig_RoundedSquare_3mm.uexp" 729
"../../../Engine/Plugins/Animation/ControlRig/Content/Controls/ControlRig_RoundedSquare_solid.ubulk" 730
"../../../Engine/Plugins/Animation/ControlRig/Content/Controls/ControlRig_RoundedSquare_solid.uasset" 731
"../../../Engine/Plugins/Animation/ControlRig/Content/Controls/ControlRig_RoundedSquare_solid.uexp" 732
"../../../Engine/Plugins/Animation/ControlRig/Content/Controls/ControlRig_RoundedTriangle_1mm.ubulk" 733
"../../../Engine/Plugins/Animation/ControlRig/Content/Controls/ControlRig_RoundedTriangle_1mm.uasset" 734
"../../../Engine/Plugins/Animation/ControlRig/Content/Controls/ControlRig_RoundedTriangle_1mm.uexp" 735
"../../../Engine/Content/VREditor/TransformGizmo/BoundingBoxCorner.ubulk" 736
"../../../Engine/Content/VREditor/TransformGizmo/BoundingBoxCorner.uasset" 737
"../../../Engine/Content/VREditor/TransformGizmo/BoundingBoxCorner.uexp" 738
"../../../Engine/Content/VREditor/TransformGizmo/BoundingBoxEdge.ubulk" 739
"../../../Engine/Content/VREditor/TransformGizmo/BoundingBoxEdge.uasset" 740
"../../../Engine/Content/VREditor/TransformGizmo/BoundingBoxEdge.uexp" 741
"../../../Engine/Content/EditorResources/SequenceRecorder/Countdown.uasset" 742
"../../../Engine/Content/EditorResources/SequenceRecorder/Countdown.uexp" 743
"../../../Engine/Content/EditorResources/SequenceRecorder/RecordingIndicator.uasset" 744
"../../../Engine/Content/EditorResources/SequenceRecorder/RecordingIndicator.uexp" 745
"../../../Engine/Content/EngineMaterials/EnergyConservation/Diffuse_Energy.uasset" 746
"../../../Engine/Content/EngineMaterials/EnergyConservation/Diffuse_Energy.uexp" 747
"../../../Engine/Content/EngineMaterials/EnergyConservation/GGX_ReflectionEnergy.uasset" 748
"../../../Engine/Content/EngineMaterials/EnergyConservation/GGX_ReflectionEnergy.uexp" 749
"../../../Engine/Content/EngineMaterials/EnergyConservation/GGX_TransmissionEnergyArray.uasset" 750
"../../../Engine/Content/EngineMaterials/EnergyConservation/GGX_TransmissionEnergyArray.uexp" 751
"../../../Engine/Content/EngineMaterials/EnergyConservation/SheenLegacy_Energy.uasset" 752
"../../../Engine/Content/EngineMaterials/EnergyConservation/SheenLegacy_Energy.uexp" 753
"../../../Engine/Content/EngineMaterials/EnergyConservation/Sheen_Energy.uasset" 754
"../../../Engine/Content/EngineMaterials/EnergyConservation/Sheen_Energy.uexp" 755
"../../../Engine/Content/EngineMaterials/LTC/GGX_LTCAmp.uasset" 756
"../../../Engine/Content/EngineMaterials/LTC/GGX_LTCAmp.uexp" 757
"../../../Engine/Content/EngineMaterials/LTC/GGX_LTCMat.uasset" 758
"../../../Engine/Content/EngineMaterials/LTC/GGX_LTCMat.uexp" 759
"../../../Engine/Content/EngineMaterials/LTC/Sheen_LTC.uasset" 760
"../../../Engine/Content/EngineMaterials/LTC/Sheen_LTC.uexp" 761
"../../../Engine/Content/EngineResources/Development/ZenLogo_64.uasset" 762
"../../../Engine/Content/EngineResources/Development/ZenLogo_64.uexp" 763
"../../../Engine/Content/EngineResources/FilmGrains/Marcie_Grain_v3_128_M2_000.uasset" 764
"../../../Engine/Content/EngineResources/FilmGrains/Marcie_Grain_v3_128_M2_000.uexp" 765
"../../../Engine/Content/EditorMaterials/Dataflow/DataflowTwoSidedVertexMaterial.uasset" 766
"../../../Engine/Content/EditorMaterials/Dataflow/DataflowTwoSidedVertexMaterial.uexp" 767
"../../../Engine/Content/EditorMaterials/Dataflow/DataflowVertexMaterial.uasset" 768
"../../../Engine/Content/EditorMaterials/Dataflow/DataflowVertexMaterial.uexp" 769
"../../../Engine/Content/Functions/Engine_MaterialFunctions01/Texturing/FlattenNormal.uasset" 770
"../../../Engine/Content/Functions/Engine_MaterialFunctions01/Texturing/FlattenNormal.uexp" 771
"../../../Engine/Plugins/Interchange/Assets/Content/Utilities/New_LUT.uasset" 772
"../../../Engine/Plugins/Interchange/Assets/Content/Utilities/New_LUT.uexp" 773
"../../../Engine/Content/Functions/Engine_MaterialFunctions03/Math/RemapValueRange.uasset" 774
"../../../Engine/Content/Functions/Engine_MaterialFunctions03/Math/RemapValueRange.uexp" 775
"../../../Engine/Plugins/Interchange/Assets/Content/Functions/MF_Iridescence.uasset" 776
"../../../Engine/Plugins/Interchange/Assets/Content/Functions/MF_Iridescence.uexp" 777
"../../../Engine/Plugins/Interchange/Assets/Content/gltf/Textures/T_White_srgb.uasset" 778
"../../../Engine/Plugins/Interchange/Assets/Content/gltf/Textures/T_White_srgb.uexp" 779
"../../../Engine/Plugins/Interchange/Assets/Content/gltf/MaterialFunctions/MF_BaseColor.uasset" 780
"../../../Engine/Plugins/Interchange/Assets/Content/gltf/MaterialFunctions/MF_BaseColor.uexp" 781
"../../../Engine/Plugins/Interchange/Assets/Content/gltf/MaterialFunctions/MF_RotateNormals_TS.uasset" 782
"../../../Engine/Plugins/Interchange/Assets/Content/gltf/MaterialFunctions/MF_RotateNormals_TS.uexp" 783
"../../../Engine/Plugins/Interchange/Assets/Content/gltf/Textures/T_Generic_N.uasset" 784
"../../../Engine/Plugins/Interchange/Assets/Content/gltf/Textures/T_Generic_N.uexp" 785
"../../../Engine/Plugins/Interchange/Assets/Content/gltf/Textures/T_White_Linear.uasset" 786
"../../../Engine/Plugins/Interchange/Assets/Content/gltf/Textures/T_White_Linear.uexp" 787
"../../../Engine/Plugins/Interchange/Assets/Content/gltf/MaterialFunctions/MF_Clearcoat.uasset" 788
"../../../Engine/Plugins/Interchange/Assets/Content/gltf/MaterialFunctions/MF_Clearcoat.uexp" 789
"../../../Engine/Plugins/Interchange/Assets/Content/gltf/MaterialFunctions/MF_Emissive.uasset" 790
"../../../Engine/Plugins/Interchange/Assets/Content/gltf/MaterialFunctions/MF_Emissive.uexp" 791
"../../../Engine/Plugins/Interchange/Assets/Content/gltf/MaterialFunctions/MF_IOR.uasset" 792
"../../../Engine/Plugins/Interchange/Assets/Content/gltf/MaterialFunctions/MF_IOR.uexp" 793
"../../../Engine/Plugins/Interchange/Assets/Content/gltf/MaterialFunctions/MF_Iridescence.uasset" 794
"../../../Engine/Plugins/Interchange/Assets/Content/gltf/MaterialFunctions/MF_Iridescence.uexp" 795
"../../../Engine/Plugins/Interchange/Assets/Content/gltf/MaterialFunctions/MF_MetallicRoughness.uasset" 796
"../../../Engine/Plugins/Interchange/Assets/Content/gltf/MaterialFunctions/MF_MetallicRoughness.uexp" 797
"../../../Engine/Plugins/Interchange/Assets/Content/gltf/MaterialFunctions/MF_ScaleNormal.uasset" 798
"../../../Engine/Plugins/Interchange/Assets/Content/gltf/MaterialFunctions/MF_ScaleNormal.uexp" 799
"../../../Engine/Plugins/Interchange/Assets/Content/gltf/MaterialFunctions/MF_Normals.uasset" 800
"../../../Engine/Plugins/Interchange/Assets/Content/gltf/MaterialFunctions/MF_Normals.uexp" 801
"../../../Engine/Plugins/Interchange/Assets/Content/gltf/MaterialFunctions/MF_Occlusion.uasset" 802
"../../../Engine/Plugins/Interchange/Assets/Content/gltf/MaterialFunctions/MF_Occlusion.uexp" 803
"../../../Engine/Plugins/Interchange/Assets/Content/gltf/MaterialFunctions/MF_Specular.uasset" 804
"../../../Engine/Plugins/Interchange/Assets/Content/gltf/MaterialFunctions/MF_Specular.uexp" 805
"../../../Engine/Plugins/Interchange/Assets/Content/gltf/Textures/T_Anisotropy_Direction_Linear.uasset" 806
"../../../Engine/Plugins/Interchange/Assets/Content/gltf/Textures/T_Anisotropy_Direction_Linear.uexp" 807
"../../../Engine/Plugins/Interchange/Assets/Content/gltf/MaterialFunctions/MF_SpecularAnisotropy.uasset" 808
"../../../Engine/Plugins/Interchange/Assets/Content/gltf/MaterialFunctions/MF_SpecularAnisotropy.uexp" 809
"../../../Engine/Plugins/Interchange/Assets/Content/gltf/MaterialFunctions/MF_RotateV2.uasset" 810
"../../../Engine/Plugins/Interchange/Assets/Content/gltf/MaterialFunctions/MF_RotateV2.uexp" 811
"../../../Engine/Plugins/Interchange/Assets/Content/gltf/MaterialFunctions/MF_TransformUVs.uasset" 812
"../../../Engine/Plugins/Interchange/Assets/Content/gltf/MaterialFunctions/MF_TransformUVs.uexp" 813
"../../../Engine/Plugins/Interchange/Assets/Content/gltf/MaterialBodies/MF_ClearCoat_Body.uasset" 814
"../../../Engine/Plugins/Interchange/Assets/Content/gltf/MaterialBodies/MF_ClearCoat_Body.uexp" 815
"../../../Engine/Plugins/Interchange/Assets/Content/gltf/M_ClearCoat.uasset" 816
"../../../Engine/Plugins/Interchange/Assets/Content/gltf/M_ClearCoat.uexp" 817
"../../../Engine/Plugins/Interchange/Assets/Content/gltf/MaterialInstances/MI_ClearCoat_Blend.uasset" 818
"../../../Engine/Plugins/Interchange/Assets/Content/gltf/MaterialInstances/MI_ClearCoat_Blend.uexp" 819
"../../../Engine/Plugins/Interchange/Assets/Content/gltf/MaterialInstances/MI_ClearCoat_Blend_DS.uasset" 820
"../../../Engine/Plugins/Interchange/Assets/Content/gltf/MaterialInstances/MI_ClearCoat_Blend_DS.uexp" 821
"../../../Engine/Plugins/Interchange/Assets/Content/gltf/MaterialInstances/MI_ClearCoat_Mask.uasset" 822
"../../../Engine/Plugins/Interchange/Assets/Content/gltf/MaterialInstances/MI_ClearCoat_Mask.uexp" 823
"../../../Engine/Plugins/Interchange/Assets/Content/gltf/MaterialInstances/MI_ClearCoat_Mask_DS.uasset" 824
"../../../Engine/Plugins/Interchange/Assets/Content/gltf/MaterialInstances/MI_ClearCoat_Mask_DS.uexp" 825
"../../../Engine/Plugins/Interchange/Assets/Content/gltf/MaterialInstances/MI_ClearCoat_Opaque.uasset" 826
"../../../Engine/Plugins/Interchange/Assets/Content/gltf/MaterialInstances/MI_ClearCoat_Opaque.uexp" 827
"../../../Engine/Plugins/Interchange/Assets/Content/gltf/MaterialInstances/MI_ClearCoat_Opaque_DS.uasset" 828
"../../../Engine/Plugins/Interchange/Assets/Content/gltf/MaterialInstances/MI_ClearCoat_Opaque_DS.uexp" 829
"../../../Engine/Plugins/Interchange/Assets/Content/gltf/MaterialBodies/MF_Default_Body.uasset" 830
"../../../Engine/Plugins/Interchange/Assets/Content/gltf/MaterialBodies/MF_Default_Body.uexp" 831
"../../../Engine/Plugins/Interchange/Assets/Content/gltf/M_Default.uasset" 832
"../../../Engine/Plugins/Interchange/Assets/Content/gltf/M_Default.uexp" 833
"../../../Engine/Plugins/Interchange/Assets/Content/gltf/MaterialInstances/MI_Default_Blend.uasset" 834
"../../../Engine/Plugins/Interchange/Assets/Content/gltf/MaterialInstances/MI_Default_Blend.uexp" 835
"../../../Engine/Plugins/Interchange/Assets/Content/gltf/MaterialInstances/MI_Default_Blend_DS.uasset" 836
"../../../Engine/Plugins/Interchange/Assets/Content/gltf/MaterialInstances/MI_Default_Blend_DS.uexp" 837
"../../../Engine/Plugins/Interchange/Assets/Content/gltf/MaterialInstances/MI_Default_Mask.uasset" 838
"../../../Engine/Plugins/Interchange/Assets/Content/gltf/MaterialInstances/MI_Default_Mask.uexp" 839
"../../../Engine/Plugins/Interchange/Assets/Content/gltf/MaterialInstances/MI_Default_Mask_DS.uasset" 840
"../../../Engine/Plugins/Interchange/Assets/Content/gltf/MaterialInstances/MI_Default_Mask_DS.uexp" 841
"../../../Engine/Plugins/Interchange/Assets/Content/gltf/MaterialInstances/MI_Default_Opaque.uasset" 842
"../../../Engine/Plugins/Interchange/Assets/Content/gltf/MaterialInstances/MI_Default_Opaque.uexp" 843
"../../../Engine/Plugins/Interchange/Assets/Content/gltf/MaterialFunctions/MF_Sheen.uasset" 844
"../../../Engine/Plugins/Interchange/Assets/Content/gltf/MaterialFunctions/MF_Sheen.uexp" 845
"../../../Engine/Plugins/Interchange/Assets/Content/gltf/MaterialBodies/MF_Sheen_Body.uasset" 846
"../../../Engine/Plugins/Interchange/Assets/Content/gltf/MaterialBodies/MF_Sheen_Body.uexp" 847
"../../../Engine/Plugins/Interchange/Assets/Content/gltf/M_Sheen.uasset" 848
"../../../Engine/Plugins/Interchange/Assets/Content/gltf/M_Sheen.uexp" 849
"../../../Engine/Plugins/Interchange/Assets/Content/gltf/MaterialInstances/MI_Sheen_Blend.uasset" 850
"../../../Engine/Plugins/Interchange/Assets/Content/gltf/MaterialInstances/MI_Sheen_Blend.uexp" 851
"../../../Engine/Plugins/Interchange/Assets/Content/gltf/MaterialInstances/MI_Sheen_Blend_DS.uasset" 852
"../../../Engine/Plugins/Interchange/Assets/Content/gltf/MaterialInstances/MI_Sheen_Blend_DS.uexp" 853
"../../../Engine/Plugins/Interchange/Assets/Content/gltf/MaterialInstances/MI_Sheen_Mask.uasset" 854
"../../../Engine/Plugins/Interchange/Assets/Content/gltf/MaterialInstances/MI_Sheen_Mask.uexp" 855
"../../../Engine/Plugins/Interchange/Assets/Content/gltf/MaterialInstances/MI_Sheen_Mask_DS.uasset" 856
"../../../Engine/Plugins/Interchange/Assets/Content/gltf/MaterialInstances/MI_Sheen_Mask_DS.uexp" 857
"../../../Engine/Plugins/Interchange/Assets/Content/gltf/MaterialInstances/MI_Sheen_Opaque.uasset" 858
"../../../Engine/Plugins/Interchange/Assets/Content/gltf/MaterialInstances/MI_Sheen_Opaque.uexp" 859
"../../../Engine/Plugins/Interchange/Assets/Content/gltf/MaterialInstances/MI_Sheen_Opaque_DS.uasset" 860
"../../../Engine/Plugins/Interchange/Assets/Content/gltf/MaterialInstances/MI_Sheen_Opaque_DS.uexp" 861
"../../../Engine/Plugins/Interchange/Assets/Content/gltf/MaterialFunctions/MF_DiffuseSpecGloss.uasset" 862
"../../../Engine/Plugins/Interchange/Assets/Content/gltf/MaterialFunctions/MF_DiffuseSpecGloss.uexp" 863
"../../../Engine/Plugins/Interchange/Assets/Content/gltf/MaterialFunctions/MF_MaxComponentValue.uasset" 864
"../../../Engine/Plugins/Interchange/Assets/Content/gltf/MaterialFunctions/MF_MaxComponentValue.uexp" 865
"../../../Engine/Content/Functions/Engine_MaterialFunctions02/Math/AddComponents.uasset" 866
"../../../Engine/Content/Functions/Engine_MaterialFunctions02/Math/AddComponents.uexp" 867
"../../../Engine/Plugins/Interchange/Assets/Content/gltf/MaterialFunctions/MF_PerceivedBrightness.uasset" 868
"../../../Engine/Plugins/Interchange/Assets/Content/gltf/MaterialFunctions/MF_PerceivedBrightness.uexp" 869
"../../../Engine/Plugins/Interchange/Assets/Content/gltf/MaterialFunctions/MF_SpecGlossToMetalRoughness.uasset" 870
"../../../Engine/Plugins/Interchange/Assets/Content/gltf/MaterialFunctions/MF_SpecGlossToMetalRoughness.uexp" 871
"../../../Engine/Plugins/Interchange/Assets/Content/gltf/MaterialBodies/MF_SpecularGlossiness_Body.uasset" 872
"../../../Engine/Plugins/Interchange/Assets/Content/gltf/MaterialBodies/MF_SpecularGlossiness_Body.uexp" 873
"../../../Engine/Plugins/Interchange/Assets/Content/gltf/M_SpecularGlossiness.uasset" 874
"../../../Engine/Plugins/Interchange/Assets/Content/gltf/M_SpecularGlossiness.uexp" 875
"../../../Engine/Plugins/Interchange/Assets/Content/gltf/MaterialInstances/MI_SpecularGlossiness_Blend.uasset" 876
"../../../Engine/Plugins/Interchange/Assets/Content/gltf/MaterialInstances/MI_SpecularGlossiness_Blend.uexp" 877
"../../../Engine/Plugins/Interchange/Assets/Content/gltf/MaterialInstances/MI_SpecularGlossiness_Blend_DS.uasset" 878
"../../../Engine/Plugins/Interchange/Assets/Content/gltf/MaterialInstances/MI_SpecularGlossiness_Blend_DS.uexp" 879
"../../../Engine/Plugins/Interchange/Assets/Content/gltf/MaterialInstances/MI_SpecularGlossiness_Mask.uasset" 880
"../../../Engine/Plugins/Interchange/Assets/Content/gltf/MaterialInstances/MI_SpecularGlossiness_Mask.uexp" 881
"../../../Engine/Plugins/Interchange/Assets/Content/gltf/MaterialInstances/MI_SpecularGlossiness_Mask_DS.uasset" 882
"../../../Engine/Plugins/Interchange/Assets/Content/gltf/MaterialInstances/MI_SpecularGlossiness_Mask_DS.uexp" 883
"../../../Engine/Plugins/Interchange/Assets/Content/gltf/MaterialInstances/MI_SpecularGlossiness_Opaque.uasset" 884
"../../../Engine/Plugins/Interchange/Assets/Content/gltf/MaterialInstances/MI_SpecularGlossiness_Opaque.uexp" 885
"../../../Engine/Plugins/Interchange/Assets/Content/gltf/MaterialInstances/MI_SpecularGlossiness_Opaque_DS.uasset" 886
"../../../Engine/Plugins/Interchange/Assets/Content/gltf/MaterialInstances/MI_SpecularGlossiness_Opaque_DS.uexp" 887
"../../../Engine/Content/EngineMaterials/Good64x64TilingNoiseHighFreq.uasset" 888
"../../../Engine/Content/EngineMaterials/Good64x64TilingNoiseHighFreq.uexp" 889
"../../../Engine/Content/Functions/Engine_MaterialFunctions02/Texturing/ScreenAlignedPixelToPixelUVs.uasset" 890
"../../../Engine/Content/Functions/Engine_MaterialFunctions02/Texturing/ScreenAlignedPixelToPixelUVs.uexp" 891
"../../../Engine/Plugins/Interchange/Assets/Content/gltf/MaterialFunctions/MF_Fresnel_DS.uasset" 892
"../../../Engine/Plugins/Interchange/Assets/Content/gltf/MaterialFunctions/MF_Fresnel_DS.uexp" 893
"../../../Engine/Plugins/Interchange/Assets/Content/gltf/MaterialFunctions/MF_Temporal_Blur.uasset" 894
"../../../Engine/Plugins/Interchange/Assets/Content/gltf/MaterialFunctions/MF_Temporal_Blur.uexp" 895
"../../../Engine/Plugins/Interchange/Assets/Content/gltf/MaterialFunctions/MF_Transmission.uasset" 896
"../../../Engine/Plugins/Interchange/Assets/Content/gltf/MaterialFunctions/MF_Transmission.uexp" 897
"../../../Engine/Plugins/Interchange/Assets/Content/gltf/MaterialBodies/MF_Transmission_Body.uasset" 898
"../../../Engine/Plugins/Interchange/Assets/Content/gltf/MaterialBodies/MF_Transmission_Body.uexp" 899
"../../../Engine/Plugins/Interchange/Assets/Content/gltf/M_Transmission.uasset" 900
"../../../Engine/Plugins/Interchange/Assets/Content/gltf/M_Transmission.uexp" 901
"../../../Engine/Plugins/Interchange/Assets/Content/gltf/MaterialInstances/MI_Transmission.uasset" 902
"../../../Engine/Plugins/Interchange/Assets/Content/gltf/MaterialInstances/MI_Transmission.uexp" 903
"../../../Engine/Plugins/Interchange/Assets/Content/gltf/MaterialInstances/MI_Transmission_DS.uasset" 904
"../../../Engine/Plugins/Interchange/Assets/Content/gltf/MaterialInstances/MI_Transmission_DS.uexp" 905
"../../../Engine/Plugins/Interchange/Assets/Content/gltf/MaterialBodies/MF_Unlit_Body.uasset" 906
"../../../Engine/Plugins/Interchange/Assets/Content/gltf/MaterialBodies/MF_Unlit_Body.uexp" 907
"../../../Engine/Plugins/Interchange/Assets/Content/gltf/M_Unlit.uasset" 908
"../../../Engine/Plugins/Interchange/Assets/Content/gltf/M_Unlit.uexp" 909
"../../../Engine/Plugins/Interchange/Assets/Content/gltf/MaterialInstances/MI_Unlit_Blend.uasset" 910
"../../../Engine/Plugins/Interchange/Assets/Content/gltf/MaterialInstances/MI_Unlit_Blend.uexp" 911
"../../../Engine/Plugins/Interchange/Assets/Content/gltf/MaterialInstances/MI_Unlit_Blend_DS.uasset" 912
"../../../Engine/Plugins/Interchange/Assets/Content/gltf/MaterialInstances/MI_Unlit_Blend_DS.uexp" 913
"../../../Engine/Plugins/Interchange/Assets/Content/gltf/MaterialInstances/MI_Unlit_Mask.uasset" 914
"../../../Engine/Plugins/Interchange/Assets/Content/gltf/MaterialInstances/MI_Unlit_Mask.uexp" 915
"../../../Engine/Plugins/Interchange/Assets/Content/gltf/MaterialInstances/MI_Unlit_Mask_DS.uasset" 916
"../../../Engine/Plugins/Interchange/Assets/Content/gltf/MaterialInstances/MI_Unlit_Mask_DS.uexp" 917
"../../../Engine/Plugins/Interchange/Assets/Content/gltf/MaterialInstances/MI_Unlit_Opaque.uasset" 918
"../../../Engine/Plugins/Interchange/Assets/Content/gltf/MaterialInstances/MI_Unlit_Opaque.uexp" 919
"../../../Engine/Plugins/Interchange/Assets/Content/gltf/MaterialInstances/MI_Unlit_Opaque_DS.uasset" 920
"../../../Engine/Plugins/Interchange/Assets/Content/gltf/MaterialInstances/MI_Unlit_Opaque_DS.uexp" 921
"C:/Users/desho/OneDrive/Documents/GitHub/Verdant_Ash/Content/Blueprint/Health/DT_GameplayTags_Health.uasset" 922
"C:/Users/desho/OneDrive/Documents/GitHub/Verdant_Ash/Content/Blueprint/Health/DT_GameplayTags_Health.uexp" 923
"../../../Engine/Content/EngineMaterials/Substrate/Glints2/AGlintTex2dArray2.uasset" 924
"../../../Engine/Content/EngineMaterials/Substrate/Glints2/AGlintTex2dArray2.uexp" 925
"../../../Engine/Content/ArtTools/RenderToTexture/Meshes/S_1_Unit_Plane.ubulk" 926
"../../../Engine/Content/ArtTools/RenderToTexture/Meshes/S_1_Unit_Plane.uasset" 927
"../../../Engine/Content/ArtTools/RenderToTexture/Meshes/S_1_Unit_Plane.uexp" 928
"../../../Engine/Content/EngineMaterials/Substrate/GLints/AGlintTex2dArray.uasset" 929
"../../../Engine/Content/EngineMaterials/Substrate/GLints/AGlintTex2dArray.uexp" 930
"../../../Engine/Content/Functions/Engine_MaterialFunctions01/Shading/ConvertFromDiffSpec.uasset" 931
"../../../Engine/Content/Functions/Engine_MaterialFunctions01/Shading/ConvertFromDiffSpec.uexp" 932
"../../../Engine/Content/Functions/Engine_MaterialFunctions01/Shading/PowerToRoughness.uasset" 933
"../../../Engine/Content/Functions/Engine_MaterialFunctions01/Shading/PowerToRoughness.uexp" 934
"../../../Engine/Content/EngineMaterials/Substrate/Volume/SubstrateSimpleVolumeEnvLUT3D.uasset" 935
"../../../Engine/Content/EngineMaterials/Substrate/Volume/SubstrateSimpleVolumeEnvLUT3D.uexp" 936
"../../../Engine/Content/EngineMaterials/Substrate/Volume/SubstrateSimpleVolumeLUT3D.uasset" 937
"../../../Engine/Content/EngineMaterials/Substrate/Volume/SubstrateSimpleVolumeLUT3D.uexp" 938
"C:/Users/desho/OneDrive/Documents/GitHub/Verdant_Ash/Content/Character/Mannequins/Meshes/SK_Mannequin.uasset" 939
"C:/Users/desho/OneDrive/Documents/GitHub/Verdant_Ash/Content/Character/Mannequins/Meshes/SK_Mannequin.uexp" 940
"C:/Users/desho/OneDrive/Documents/GitHub/Verdant_Ash/Content/Character/Mannequins/Rigs/PA_Mannequin.uasset" 941
"C:/Users/desho/OneDrive/Documents/GitHub/Verdant_Ash/Content/Character/Mannequins/Rigs/PA_Mannequin.uexp" 942
"C:/Users/desho/OneDrive/Documents/GitHub/Verdant_Ash/Content/Materials/Material_Function/MF_Dissolve.uasset" 943
"C:/Users/desho/OneDrive/Documents/GitHub/Verdant_Ash/Content/Materials/Material_Function/MF_Dissolve.uexp" 944
"C:/Users/desho/OneDrive/Documents/GitHub/Verdant_Ash/Content/Character/Mannequins/Textures/Manny/T_Manny_01_BN.ubulk" 945
"C:/Users/desho/OneDrive/Documents/GitHub/Verdant_Ash/Content/Character/Mannequins/Textures/Manny/T_Manny_01_BN.uasset" 946
"C:/Users/desho/OneDrive/Documents/GitHub/Verdant_Ash/Content/Character/Mannequins/Textures/Manny/T_Manny_01_BN.uexp" 947
"C:/Users/desho/OneDrive/Documents/GitHub/Verdant_Ash/Content/Character/Mannequins/Textures/Manny/T_Manny_01_D.ubulk" 948
"C:/Users/desho/OneDrive/Documents/GitHub/Verdant_Ash/Content/Character/Mannequins/Textures/Manny/T_Manny_01_D.uasset" 949
"C:/Users/desho/OneDrive/Documents/GitHub/Verdant_Ash/Content/Character/Mannequins/Textures/Manny/T_Manny_01_D.uexp" 950
"C:/Users/desho/OneDrive/Documents/GitHub/Verdant_Ash/Content/Character/Mannequins/Textures/Manny/T_Manny_01_MRA.ubulk" 951
"C:/Users/desho/OneDrive/Documents/GitHub/Verdant_Ash/Content/Character/Mannequins/Textures/Manny/T_Manny_01_MRA.uasset" 952
"C:/Users/desho/OneDrive/Documents/GitHub/Verdant_Ash/Content/Character/Mannequins/Textures/Manny/T_Manny_01_MRA.uexp" 953
"C:/Users/desho/OneDrive/Documents/GitHub/Verdant_Ash/Content/Character/Mannequins/Textures/Shared/T_UE_Logo_M.uasset" 954
"C:/Users/desho/OneDrive/Documents/GitHub/Verdant_Ash/Content/Character/Mannequins/Textures/Shared/T_UE_Logo_M.uexp" 955
"C:/Users/desho/OneDrive/Documents/GitHub/Verdant_Ash/Content/Character/Mannequins/Materials/M_Mannequin.uasset" 956
"C:/Users/desho/OneDrive/Documents/GitHub/Verdant_Ash/Content/Character/Mannequins/Materials/M_Mannequin.uexp" 957
"C:/Users/desho/OneDrive/Documents/GitHub/Verdant_Ash/Content/Character/Mannequins/Materials/Manny/MI_Manny_01_New.uasset" 958
"C:/Users/desho/OneDrive/Documents/GitHub/Verdant_Ash/Content/Character/Mannequins/Materials/Manny/MI_Manny_01_New.uexp" 959
"C:/Users/desho/OneDrive/Documents/GitHub/Verdant_Ash/Content/Character/Mannequins/Textures/Manny/T_Manny_02_BN.ubulk" 960
"C:/Users/desho/OneDrive/Documents/GitHub/Verdant_Ash/Content/Character/Mannequins/Textures/Manny/T_Manny_02_BN.uasset" 961
"C:/Users/desho/OneDrive/Documents/GitHub/Verdant_Ash/Content/Character/Mannequins/Textures/Manny/T_Manny_02_BN.uexp" 962
"C:/Users/desho/OneDrive/Documents/GitHub/Verdant_Ash/Content/Character/Mannequins/Textures/Manny/T_Manny_02_D.ubulk" 963
"C:/Users/desho/OneDrive/Documents/GitHub/Verdant_Ash/Content/Character/Mannequins/Textures/Manny/T_Manny_02_D.uasset" 964
"C:/Users/desho/OneDrive/Documents/GitHub/Verdant_Ash/Content/Character/Mannequins/Textures/Manny/T_Manny_02_D.uexp" 965
"C:/Users/desho/OneDrive/Documents/GitHub/Verdant_Ash/Content/Character/Mannequins/Textures/Manny/T_Manny_02_MRA.ubulk" 966
"C:/Users/desho/OneDrive/Documents/GitHub/Verdant_Ash/Content/Character/Mannequins/Textures/Manny/T_Manny_02_MRA.uasset" 967
"C:/Users/desho/OneDrive/Documents/GitHub/Verdant_Ash/Content/Character/Mannequins/Textures/Manny/T_Manny_02_MRA.uexp" 968
"C:/Users/desho/OneDrive/Documents/GitHub/Verdant_Ash/Content/Character/Mannequins/Materials/Manny/MI_Manny_02_New.uasset" 969
"C:/Users/desho/OneDrive/Documents/GitHub/Verdant_Ash/Content/Character/Mannequins/Materials/Manny/MI_Manny_02_New.uexp" 970
"C:/Users/desho/OneDrive/Documents/GitHub/Verdant_Ash/Content/Character/Mannequins/Meshes/SKM_Manny_Simple.uasset" 971
"C:/Users/desho/OneDrive/Documents/GitHub/Verdant_Ash/Content/Character/Mannequins/Meshes/SKM_Manny_Simple.uexp" 972
"../../../Engine/Plugins/Animation/DeformerGraph/Content/DeformerFunctions/DG_Function_LinearBlendSkin_Morph_Cloth.uasset" 973
"../../../Engine/Plugins/Animation/DeformerGraph/Content/DeformerFunctions/DG_Function_LinearBlendSkin_Morph_Cloth.uexp" 974
"../../../Engine/Plugins/Animation/DeformerGraph/Content/Deformers/DG_LinearBlendSkin_Morph_Cloth.uasset" 975
"../../../Engine/Plugins/Animation/DeformerGraph/Content/Deformers/DG_LinearBlendSkin_Morph_Cloth.uexp" 976
"../../../Engine/Plugins/Animation/DeformerGraph/Content/DeformerFunctions/DG_Function_ComputeNormalsTangents.uasset" 977
"../../../Engine/Plugins/Animation/DeformerGraph/Content/DeformerFunctions/DG_Function_ComputeNormalsTangents.uexp" 978
"../../../Engine/Plugins/Animation/DeformerGraph/Content/DeformerFunctions/DG_Function_LinearBlendSkin_Morph_Cloth_PositionOnly.uasset" 979
"../../../Engine/Plugins/Animation/DeformerGraph/Content/DeformerFunctions/DG_Function_LinearBlendSkin_Morph_Cloth_PositionOnly.uexp" 980
"../../../Engine/Plugins/Animation/DeformerGraph/Content/Deformers/DG_LinearBlendSkin_Morph_Cloth_RecomputeNormals.uasset" 981
"../../../Engine/Plugins/Animation/DeformerGraph/Content/Deformers/DG_LinearBlendSkin_Morph_Cloth_RecomputeNormals.uexp" 982
"../../../Engine/Content/Maps/Entry_BuiltData.uasset" 983
"../../../Engine/Content/Maps/Entry_BuiltData.uexp" 984
"../../../Engine/Content/Maps/Entry.uexp" 985
"../../../Engine/Content/Maps/Entry.umap" 986
"../../../Engine/Content/BasicShapes/Cube.ubulk" 987
"../../../Engine/Content/BasicShapes/Cube.uasset" 988
"../../../Engine/Content/BasicShapes/Cube.uexp" 989
"C:/Users/desho/OneDrive/Documents/GitHub/Verdant_Ash/Content/UI_Materials/Images/Crosshair_Gradient_3.uasset" 990
"C:/Users/desho/OneDrive/Documents/GitHub/Verdant_Ash/Content/UI_Materials/Images/Crosshair_Gradient_3.uexp" 991
"C:/Users/desho/OneDrive/Documents/GitHub/Verdant_Ash/Content/Blueprint/UI_Widgets/WBP_CrossHair.uasset" 992
"C:/Users/desho/OneDrive/Documents/GitHub/Verdant_Ash/Content/Blueprint/UI_Widgets/WBP_CrossHair.uexp" 993
"C:/Users/desho/OneDrive/Documents/GitHub/Verdant_Ash/Content/Blueprint/UI_Widgets/Health_Widgets/BP_PlayerHUD.uasset" 994
"C:/Users/desho/OneDrive/Documents/GitHub/Verdant_Ash/Content/Blueprint/UI_Widgets/Health_Widgets/BP_PlayerHUD.uexp" 995
"C:/Users/desho/OneDrive/Documents/GitHub/Verdant_Ash/Content/Blueprint/PC_Foxbearer.uasset" 996
"C:/Users/desho/OneDrive/Documents/GitHub/Verdant_Ash/Content/Blueprint/PC_Foxbearer.uexp" 997
"../../../Engine/Content/BasicShapes/Sphere.ubulk" 998
"../../../Engine/Content/BasicShapes/Sphere.uasset" 999
"../../../Engine/Content/BasicShapes/Sphere.uexp" 1000
"../../../Engine/Content/VREditor/Sounds/VR_teleport.ubulk" 1001
"../../../Engine/Content/VREditor/Sounds/VR_teleport.uasset" 1002
"../../../Engine/Content/VREditor/Sounds/VR_teleport.uexp" 1003
"../../../Engine/Content/VREditor/Sounds/VR_teleport_Cue.uasset" 1004
"../../../Engine/Content/VREditor/Sounds/VR_teleport_Cue.uexp" 1005
"../../../Engine/Plugins/FX/Niagara/Content/DefaultAssets/DefaultRIbbonMaterial.uasset" 1006
"../../../Engine/Plugins/FX/Niagara/Content/DefaultAssets/DefaultRIbbonMaterial.uexp" 1007
"../../../Engine/Plugins/FX/Niagara/Content/DefaultAssets/DefaultSpriteMaterial.uasset" 1008
"../../../Engine/Plugins/FX/Niagara/Content/DefaultAssets/DefaultSpriteMaterial.uexp" 1009
"../../../Engine/Plugins/FX/Niagara/Content/DefaultAssets/Templates/Systems/RadialBurst.uasset" 1010
"../../../Engine/Plugins/FX/Niagara/Content/DefaultAssets/Templates/Systems/RadialBurst.uexp" 1011
"C:/Users/desho/OneDrive/Documents/GitHub/Verdant_Ash/Content/SFX_Music/SFX/Att_Hit.uasset" 1012
"C:/Users/desho/OneDrive/Documents/GitHub/Verdant_Ash/Content/SFX_Music/SFX/Att_Hit.uexp" 1013
"C:/Users/desho/OneDrive/Documents/GitHub/Verdant_Ash/Content/DamageSystem/BP_Projectile_Base.uasset" 1014
"C:/Users/desho/OneDrive/Documents/GitHub/Verdant_Ash/Content/DamageSystem/BP_Projectile_Base.uexp" 1015
"C:/Users/desho/OneDrive/Documents/GitHub/Verdant_Ash/Content/SFX_Music/SC_Ambience.uasset" 1016
"C:/Users/desho/OneDrive/Documents/GitHub/Verdant_Ash/Content/SFX_Music/SC_Ambience.uexp" 1017
"C:/Users/desho/OneDrive/Documents/GitHub/Verdant_Ash/Content/SFX_Music/SC_Music.uasset" 1018
"C:/Users/desho/OneDrive/Documents/GitHub/Verdant_Ash/Content/SFX_Music/SC_Music.uexp" 1019
"C:/Users/desho/OneDrive/Documents/GitHub/Verdant_Ash/Content/SFX_Music/SC_MasterVolume.uasset" 1020
"C:/Users/desho/OneDrive/Documents/GitHub/Verdant_Ash/Content/SFX_Music/SC_MasterVolume.uexp" 1021
"C:/Users/desho/OneDrive/Documents/GitHub/Verdant_Ash/Content/SFX_Music/SC_SFX.uasset" 1022
"C:/Users/desho/OneDrive/Documents/GitHub/Verdant_Ash/Content/SFX_Music/SC_SFX.uexp" 1023
"C:/Users/desho/OneDrive/Documents/GitHub/Verdant_Ash/Content/SFX_Music/SFX/Impact_sfx.ubulk" 1024
"C:/Users/desho/OneDrive/Documents/GitHub/Verdant_Ash/Content/SFX_Music/SFX/Impact_sfx.uasset" 1025
"C:/Users/desho/OneDrive/Documents/GitHub/Verdant_Ash/Content/SFX_Music/SFX/Impact_sfx.uexp" 1026
"C:/Users/desho/OneDrive/Documents/GitHub/Verdant_Ash/Content/VFX/Textures/Extras/T_MagicProjectilesVol1_8x8.ubulk" 1027
"C:/Users/desho/OneDrive/Documents/GitHub/Verdant_Ash/Content/VFX/Textures/Extras/T_MagicProjectilesVol1_8x8.uasset" 1028
"C:/Users/desho/OneDrive/Documents/GitHub/Verdant_Ash/Content/VFX/Textures/Extras/T_MagicProjectilesVol1_8x8.uexp" 1029
"C:/Users/desho/OneDrive/Documents/GitHub/Verdant_Ash/Content/VFX/Textures/Extras/T_Beam01Grey.uasset" 1030
"C:/Users/desho/OneDrive/Documents/GitHub/Verdant_Ash/Content/VFX/Textures/Extras/T_Beam01Grey.uexp" 1031
"C:/Users/desho/OneDrive/Documents/GitHub/Verdant_Ash/Content/VFX/Materials/Originals/M_Additive.uasset" 1032
"C:/Users/desho/OneDrive/Documents/GitHub/Verdant_Ash/Content/VFX/Materials/Originals/M_Additive.uexp" 1033
"C:/Users/desho/OneDrive/Documents/GitHub/Verdant_Ash/Content/VFX/Materials/Mi_MagicProjectiles_8x8_Add.uasset" 1034
"C:/Users/desho/OneDrive/Documents/GitHub/Verdant_Ash/Content/VFX/Materials/Mi_MagicProjectiles_8x8_Add.uexp" 1035
"C:/Users/desho/OneDrive/Documents/GitHub/Verdant_Ash/Content/VFX/Textures/Extras/T_Noise02.ubulk" 1036
"C:/Users/desho/OneDrive/Documents/GitHub/Verdant_Ash/Content/VFX/Textures/Extras/T_Noise02.uasset" 1037
"C:/Users/desho/OneDrive/Documents/GitHub/Verdant_Ash/Content/VFX/Textures/Extras/T_Noise02.uexp" 1038
"C:/Users/desho/OneDrive/Documents/GitHub/Verdant_Ash/Content/VFX/Textures/Extras/T_GradientCenter03.uasset" 1039
"C:/Users/desho/OneDrive/Documents/GitHub/Verdant_Ash/Content/VFX/Textures/Extras/T_GradientCenter03.uexp" 1040
"C:/Users/desho/OneDrive/Documents/GitHub/Verdant_Ash/Content/VFX/Textures/Extras/T_Noise01.uasset" 1041
"C:/Users/desho/OneDrive/Documents/GitHub/Verdant_Ash/Content/VFX/Textures/Extras/T_Noise01.uexp" 1042
"C:/Users/desho/OneDrive/Documents/GitHub/Verdant_Ash/Content/VFX/Materials/Originals/M_AdditiveScroll01.uasset" 1043
"C:/Users/desho/OneDrive/Documents/GitHub/Verdant_Ash/Content/VFX/Materials/Originals/M_AdditiveScroll01.uexp" 1044
"C:/Users/desho/OneDrive/Documents/GitHub/Verdant_Ash/Content/VFX/Textures/Extras/T_Circle06.uasset" 1045
"C:/Users/desho/OneDrive/Documents/GitHub/Verdant_Ash/Content/VFX/Textures/Extras/T_Circle06.uexp" 1046
"C:/Users/desho/OneDrive/Documents/GitHub/Verdant_Ash/Content/VFX/Textures/Extras/T_Noise000.ubulk" 1047
"C:/Users/desho/OneDrive/Documents/GitHub/Verdant_Ash/Content/VFX/Textures/Extras/T_Noise000.uasset" 1048
"C:/Users/desho/OneDrive/Documents/GitHub/Verdant_Ash/Content/VFX/Textures/Extras/T_Noise000.uexp" 1049
"C:/Users/desho/OneDrive/Documents/GitHub/Verdant_Ash/Content/VFX/Materials/Mi_Circle06_AddScroll.uasset" 1050
"C:/Users/desho/OneDrive/Documents/GitHub/Verdant_Ash/Content/VFX/Materials/Mi_Circle06_AddScroll.uexp" 1051
"C:/Users/desho/OneDrive/Documents/GitHub/Verdant_Ash/Content/VFX/Textures/Extras/T_Impact02.uasset" 1052
"C:/Users/desho/OneDrive/Documents/GitHub/Verdant_Ash/Content/VFX/Textures/Extras/T_Impact02.uexp" 1053
"C:/Users/desho/OneDrive/Documents/GitHub/Verdant_Ash/Content/VFX/Materials/Mi_Impact02_AddScroll.uasset" 1054
"C:/Users/desho/OneDrive/Documents/GitHub/Verdant_Ash/Content/VFX/Materials/Mi_Impact02_AddScroll.uexp" 1055
"C:/Users/desho/OneDrive/Documents/GitHub/Verdant_Ash/Content/VFX/NS_NatureHIt.uasset" 1056
"C:/Users/desho/OneDrive/Documents/GitHub/Verdant_Ash/Content/VFX/NS_NatureHIt.uexp" 1057
"C:/Users/desho/OneDrive/Documents/GitHub/Verdant_Ash/Content/VFX/Textures/Extras/T_Noise00.ubulk" 1058
"C:/Users/desho/OneDrive/Documents/GitHub/Verdant_Ash/Content/VFX/Textures/Extras/T_Noise00.uasset" 1059
"C:/Users/desho/OneDrive/Documents/GitHub/Verdant_Ash/Content/VFX/Textures/Extras/T_Noise00.uexp" 1060
"C:/Users/desho/OneDrive/Documents/GitHub/Verdant_Ash/Content/VFX/Textures/Extras/T_Projectile_Fireball02.uasset" 1061
"C:/Users/desho/OneDrive/Documents/GitHub/Verdant_Ash/Content/VFX/Textures/Extras/T_Projectile_Fireball02.uexp" 1062
"C:/Users/desho/OneDrive/Documents/GitHub/Verdant_Ash/Content/VFX/Materials/Mi_Fireball02_AddScroll.uasset" 1063
"C:/Users/desho/OneDrive/Documents/GitHub/Verdant_Ash/Content/VFX/Materials/Mi_Fireball02_AddScroll.uexp" 1064
"C:/Users/desho/OneDrive/Documents/GitHub/Verdant_Ash/Content/VFX/Models/SM_Path05.ubulk" 1065
"C:/Users/desho/OneDrive/Documents/GitHub/Verdant_Ash/Content/VFX/Models/SM_Path05.uasset" 1066
"C:/Users/desho/OneDrive/Documents/GitHub/Verdant_Ash/Content/VFX/Models/SM_Path05.uexp" 1067
"C:/Users/desho/OneDrive/Documents/GitHub/Verdant_Ash/Content/VFX/Models/SM_RingMesh01.ubulk" 1068
"C:/Users/desho/OneDrive/Documents/GitHub/Verdant_Ash/Content/VFX/Models/SM_RingMesh01.uasset" 1069
"C:/Users/desho/OneDrive/Documents/GitHub/Verdant_Ash/Content/VFX/Models/SM_RingMesh01.uexp" 1070
"C:/Users/desho/OneDrive/Documents/GitHub/Verdant_Ash/Content/VFX/NS_NatureSpell.uasset" 1071
"C:/Users/desho/OneDrive/Documents/GitHub/Verdant_Ash/Content/VFX/NS_NatureSpell.uexp" 1072
"C:/Users/desho/OneDrive/Documents/GitHub/Verdant_Ash/Content/DamageSystem/BP_NatureSpell.uasset" 1073
"C:/Users/desho/OneDrive/Documents/GitHub/Verdant_Ash/Content/DamageSystem/BP_NatureSpell.uexp" 1074
"C:/Users/desho/OneDrive/Documents/GitHub/Verdant_Ash/Content/Input/IA_Attack.uasset" 1075
"C:/Users/desho/OneDrive/Documents/GitHub/Verdant_Ash/Content/Input/IA_Attack.uexp" 1076
"C:/Users/desho/OneDrive/Documents/GitHub/Verdant_Ash/Content/Input/IA_JumpingFB.uasset" 1077
"C:/Users/desho/OneDrive/Documents/GitHub/Verdant_Ash/Content/Input/IA_JumpingFB.uexp" 1078
"C:/Users/desho/OneDrive/Documents/GitHub/Verdant_Ash/Content/Input/IA_LookaroundFB.uasset" 1079
"C:/Users/desho/OneDrive/Documents/GitHub/Verdant_Ash/Content/Input/IA_LookaroundFB.uexp" 1080
"C:/Users/desho/OneDrive/Documents/GitHub/Verdant_Ash/Content/Input/IA_MoveForwardFB.uasset" 1081
"C:/Users/desho/OneDrive/Documents/GitHub/Verdant_Ash/Content/Input/IA_MoveForwardFB.uexp" 1082
"C:/Users/desho/OneDrive/Documents/GitHub/Verdant_Ash/Content/Input/IA_MoveRightFB.uasset" 1083
"C:/Users/desho/OneDrive/Documents/GitHub/Verdant_Ash/Content/Input/IA_MoveRightFB.uexp" 1084
"C:/Users/desho/OneDrive/Documents/GitHub/Verdant_Ash/Content/Input/IA_SprintFB.uasset" 1085
"C:/Users/desho/OneDrive/Documents/GitHub/Verdant_Ash/Content/Input/IA_SprintFB.uexp" 1086
"C:/Users/desho/OneDrive/Documents/GitHub/Verdant_Ash/Content/Blueprint/Inputs/IA_Pause.uasset" 1087
"C:/Users/desho/OneDrive/Documents/GitHub/Verdant_Ash/Content/Blueprint/Inputs/IA_Pause.uexp" 1088
"C:/Users/desho/OneDrive/Documents/GitHub/Verdant_Ash/Content/Input/IMC_Foxbearer.uasset" 1089
"C:/Users/desho/OneDrive/Documents/GitHub/Verdant_Ash/Content/Input/IMC_Foxbearer.uexp" 1090
"C:/Users/desho/OneDrive/Documents/GitHub/Verdant_Ash/Content/Character/Staff/staff_low_Staff_BaseColor.ubulk" 1091
"C:/Users/desho/OneDrive/Documents/GitHub/Verdant_Ash/Content/Character/Staff/staff_low_Staff_BaseColor.uasset" 1092
"C:/Users/desho/OneDrive/Documents/GitHub/Verdant_Ash/Content/Character/Staff/staff_low_Staff_BaseColor.uexp" 1093
"C:/Users/desho/OneDrive/Documents/GitHub/Verdant_Ash/Content/Character/Staff/staff_low_Staff_Emissive.ubulk" 1094
"C:/Users/desho/OneDrive/Documents/GitHub/Verdant_Ash/Content/Character/Staff/staff_low_Staff_Emissive.uasset" 1095
"C:/Users/desho/OneDrive/Documents/GitHub/Verdant_Ash/Content/Character/Staff/staff_low_Staff_Emissive.uexp" 1096
"C:/Users/desho/OneDrive/Documents/GitHub/Verdant_Ash/Content/Character/Staff/staff_low_Staff_Metallic.ubulk" 1097
"C:/Users/desho/OneDrive/Documents/GitHub/Verdant_Ash/Content/Character/Staff/staff_low_Staff_Metallic.uasset" 1098
"C:/Users/desho/OneDrive/Documents/GitHub/Verdant_Ash/Content/Character/Staff/staff_low_Staff_Metallic.uexp" 1099
"C:/Users/desho/OneDrive/Documents/GitHub/Verdant_Ash/Content/Character/Staff/staff_low_Staff_Normal.ubulk" 1100
"C:/Users/desho/OneDrive/Documents/GitHub/Verdant_Ash/Content/Character/Staff/staff_low_Staff_Normal.uasset" 1101
"C:/Users/desho/OneDrive/Documents/GitHub/Verdant_Ash/Content/Character/Staff/staff_low_Staff_Normal.uexp" 1102
"C:/Users/desho/OneDrive/Documents/GitHub/Verdant_Ash/Content/Character/Staff/staff_low_Staff_Roughness.ubulk" 1103
"C:/Users/desho/OneDrive/Documents/GitHub/Verdant_Ash/Content/Character/Staff/staff_low_Staff_Roughness.uasset" 1104
"C:/Users/desho/OneDrive/Documents/GitHub/Verdant_Ash/Content/Character/Staff/staff_low_Staff_Roughness.uexp" 1105
"C:/Users/desho/OneDrive/Documents/GitHub/Verdant_Ash/Content/Character/Staff/Staff.uasset" 1106
"C:/Users/desho/OneDrive/Documents/GitHub/Verdant_Ash/Content/Character/Staff/Staff.uexp" 1107
"C:/Users/desho/OneDrive/Documents/GitHub/Verdant_Ash/Content/Static_Meshes/Staff.ubulk" 1108
"C:/Users/desho/OneDrive/Documents/GitHub/Verdant_Ash/Content/Static_Meshes/Staff.uasset" 1109
"C:/Users/desho/OneDrive/Documents/GitHub/Verdant_Ash/Content/Static_Meshes/Staff.uexp" 1110
"C:/Users/desho/OneDrive/Documents/GitHub/Verdant_Ash/Content/Character/Foxbearer/Meshes/Foxbearer_Rigged_Skeleton.uasset" 1111
"C:/Users/desho/OneDrive/Documents/GitHub/Verdant_Ash/Content/Character/Foxbearer/Meshes/Foxbearer_Rigged_Skeleton.uexp" 1112
"C:/Users/desho/OneDrive/Documents/GitHub/Verdant_Ash/Content/Character/Foxbearer/Textures/Character_Texture_ready_Main_Character_BaseColor.ubulk" 1113
"C:/Users/desho/OneDrive/Documents/GitHub/Verdant_Ash/Content/Character/Foxbearer/Textures/Character_Texture_ready_Main_Character_BaseColor.uasset" 1114
"C:/Users/desho/OneDrive/Documents/GitHub/Verdant_Ash/Content/Character/Foxbearer/Textures/Character_Texture_ready_Main_Character_BaseColor.uexp" 1115
"C:/Users/desho/OneDrive/Documents/GitHub/Verdant_Ash/Content/Character/Foxbearer/Textures/Character_Texture_ready_Main_Character_Normal.ubulk" 1116
"C:/Users/desho/OneDrive/Documents/GitHub/Verdant_Ash/Content/Character/Foxbearer/Textures/Character_Texture_ready_Main_Character_Normal.uasset" 1117
"C:/Users/desho/OneDrive/Documents/GitHub/Verdant_Ash/Content/Character/Foxbearer/Textures/Character_Texture_ready_Main_Character_Normal.uexp" 1118
"C:/Users/desho/OneDrive/Documents/GitHub/Verdant_Ash/Content/Character/Foxbearer/Textures/Character_Texture_ready_Main_Character_Roughness.ubulk" 1119
"C:/Users/desho/OneDrive/Documents/GitHub/Verdant_Ash/Content/Character/Foxbearer/Textures/Character_Texture_ready_Main_Character_Roughness.uasset" 1120
"C:/Users/desho/OneDrive/Documents/GitHub/Verdant_Ash/Content/Character/Foxbearer/Textures/Character_Texture_ready_Main_Character_Roughness.uexp" 1121
"../../../Engine/Plugins/Bridge/Content/MSPresets/MSTextures/FlatNormal.uasset" 1122
"../../../Engine/Plugins/Bridge/Content/MSPresets/MSTextures/FlatNormal.uexp" 1123
"../../../Engine/Plugins/Bridge/Content/MSPresets/M_MS_Glass_Material/Textures/White.ubulk" 1124
"../../../Engine/Plugins/Bridge/Content/MSPresets/M_MS_Glass_Material/Textures/White.uasset" 1125
"../../../Engine/Plugins/Bridge/Content/MSPresets/M_MS_Glass_Material/Textures/White.uexp" 1126
"C:/Users/desho/OneDrive/Documents/GitHub/Verdant_Ash/Content/Materials/Material_Function/MF_CelShader.uasset" 1127
"C:/Users/desho/OneDrive/Documents/GitHub/Verdant_Ash/Content/Materials/Material_Function/MF_CelShader.uexp" 1128
"C:/Users/desho/OneDrive/Documents/GitHub/Verdant_Ash/Content/Materials/Materials/M_Cel.uasset" 1129
"C:/Users/desho/OneDrive/Documents/GitHub/Verdant_Ash/Content/Materials/Materials/M_Cel.uexp" 1130
"C:/Users/desho/OneDrive/Documents/GitHub/Verdant_Ash/Content/Materials/Materials/M_Cel_Global.uasset" 1131
"C:/Users/desho/OneDrive/Documents/GitHub/Verdant_Ash/Content/Materials/Materials/M_Cel_Global.uexp" 1132
"C:/Users/desho/OneDrive/Documents/GitHub/Verdant_Ash/Content/Materials/Materials/MI_FB.uasset" 1133
"C:/Users/desho/OneDrive/Documents/GitHub/Verdant_Ash/Content/Materials/Materials/MI_FB.uexp" 1134
"C:/Users/desho/OneDrive/Documents/GitHub/Verdant_Ash/Content/Character/Foxbearer/Meshes/Foxbearer_Rigged_PhysicsAsset.uasset" 1135
"C:/Users/desho/OneDrive/Documents/GitHub/Verdant_Ash/Content/Character/Foxbearer/Meshes/Foxbearer_Rigged_PhysicsAsset.uexp" 1136
"C:/Users/desho/OneDrive/Documents/GitHub/Verdant_Ash/Content/Character/Foxbearer/Meshes/Foxbearer_Rigged.uasset" 1137
"C:/Users/desho/OneDrive/Documents/GitHub/Verdant_Ash/Content/Character/Foxbearer/Meshes/Foxbearer_Rigged.uexp" 1138
"C:/Users/desho/OneDrive/Documents/GitHub/Verdant_Ash/Content/Blueprint/Interact/Interact_Mask/BPI_Interact.uasset" 1139
"C:/Users/desho/OneDrive/Documents/GitHub/Verdant_Ash/Content/Blueprint/Interact/Interact_Mask/BPI_Interact.uexp" 1140
"../../../Engine/Plugins/FX/Niagara/Content/VectorFields/Assets/TilingCurl32.uasset" 1141
"../../../Engine/Plugins/FX/Niagara/Content/VectorFields/Assets/TilingCurl32.uexp" 1142
"C:/Users/desho/OneDrive/Documents/GitHub/Verdant_Ash/Content/VFX/Textures/Extras/Noises/T_PerlinAlpha_01.ubulk" 1143
"C:/Users/desho/OneDrive/Documents/GitHub/Verdant_Ash/Content/VFX/Textures/Extras/Noises/T_PerlinAlpha_01.uasset" 1144
"C:/Users/desho/OneDrive/Documents/GitHub/Verdant_Ash/Content/VFX/Textures/Extras/Noises/T_PerlinAlpha_01.uexp" 1145
"C:/Users/desho/OneDrive/Documents/GitHub/Verdant_Ash/Content/VFX/Textures/Extras/Sprites/T_LightRay_01.ubulk" 1146
"C:/Users/desho/OneDrive/Documents/GitHub/Verdant_Ash/Content/VFX/Textures/Extras/Sprites/T_LightRay_01.uasset" 1147
"C:/Users/desho/OneDrive/Documents/GitHub/Verdant_Ash/Content/VFX/Textures/Extras/Sprites/T_LightRay_01.uexp" 1148
"C:/Users/desho/OneDrive/Documents/GitHub/Verdant_Ash/Content/VFX/Materials/Originals/M_Simple.uasset" 1149
"C:/Users/desho/OneDrive/Documents/GitHub/Verdant_Ash/Content/VFX/Materials/Originals/M_Simple.uexp" 1150
"C:/Users/desho/OneDrive/Documents/GitHub/Verdant_Ash/Content/VFX/Textures/Extras/Masks/T_Circle_01.ubulk" 1151
"C:/Users/desho/OneDrive/Documents/GitHub/Verdant_Ash/Content/VFX/Textures/Extras/Masks/T_Circle_01.uasset" 1152
"C:/Users/desho/OneDrive/Documents/GitHub/Verdant_Ash/Content/VFX/Textures/Extras/Masks/T_Circle_01.uexp" 1153
"C:/Users/desho/OneDrive/Documents/GitHub/Verdant_Ash/Content/VFX/Materials/Mi_Circle_01.uasset" 1154
"C:/Users/desho/OneDrive/Documents/GitHub/Verdant_Ash/Content/VFX/Materials/Mi_Circle_01.uexp" 1155
"C:/Users/desho/OneDrive/Documents/GitHub/Verdant_Ash/Content/VFX/Materials/Mi_Circle_02.uasset" 1156
"C:/Users/desho/OneDrive/Documents/GitHub/Verdant_Ash/Content/VFX/Materials/Mi_Circle_02.uexp" 1157
"C:/Users/desho/OneDrive/Documents/GitHub/Verdant_Ash/Content/VFX/Textures/Extras/Noises/T_NoiseFlamy_03.ubulk" 1158
"C:/Users/desho/OneDrive/Documents/GitHub/Verdant_Ash/Content/VFX/Textures/Extras/Noises/T_NoiseFlamy_03.uasset" 1159
"C:/Users/desho/OneDrive/Documents/GitHub/Verdant_Ash/Content/VFX/Textures/Extras/Noises/T_NoiseFlamy_03.uexp" 1160
"C:/Users/desho/OneDrive/Documents/GitHub/Verdant_Ash/Content/VFX/Textures/Extras/Crack/T_CrackDistortion_01.ubulk" 1161
"C:/Users/desho/OneDrive/Documents/GitHub/Verdant_Ash/Content/VFX/Textures/Extras/Crack/T_CrackDistortion_01.uasset" 1162
"C:/Users/desho/OneDrive/Documents/GitHub/Verdant_Ash/Content/VFX/Textures/Extras/Crack/T_CrackDistortion_01.uexp" 1163
"C:/Users/desho/OneDrive/Documents/GitHub/Verdant_Ash/Content/VFX/Textures/Extras/Gradients/T_GradientInverse_01.ubulk" 1164
"C:/Users/desho/OneDrive/Documents/GitHub/Verdant_Ash/Content/VFX/Textures/Extras/Gradients/T_GradientInverse_01.uasset" 1165
"C:/Users/desho/OneDrive/Documents/GitHub/Verdant_Ash/Content/VFX/Textures/Extras/Gradients/T_GradientInverse_01.uexp" 1166
"C:/Users/desho/OneDrive/Documents/GitHub/Verdant_Ash/Content/VFX/Materials/Originals/M_Complex.uasset" 1167
"C:/Users/desho/OneDrive/Documents/GitHub/Verdant_Ash/Content/VFX/Materials/Originals/M_Complex.uexp" 1168
"C:/Users/desho/OneDrive/Documents/GitHub/Verdant_Ash/Content/VFX/Textures/Extras/Gradients/T_GradientBlur_01.ubulk" 1169
"C:/Users/desho/OneDrive/Documents/GitHub/Verdant_Ash/Content/VFX/Textures/Extras/Gradients/T_GradientBlur_01.uasset" 1170
"C:/Users/desho/OneDrive/Documents/GitHub/Verdant_Ash/Content/VFX/Textures/Extras/Gradients/T_GradientBlur_01.uexp" 1171
"C:/Users/desho/OneDrive/Documents/GitHub/Verdant_Ash/Content/VFX/Textures/Extras/Gradients/T_Ramp_01.ubulk" 1172
"C:/Users/desho/OneDrive/Documents/GitHub/Verdant_Ash/Content/VFX/Textures/Extras/Gradients/T_Ramp_01.uasset" 1173
"C:/Users/desho/OneDrive/Documents/GitHub/Verdant_Ash/Content/VFX/Textures/Extras/Gradients/T_Ramp_01.uexp" 1174
"C:/Users/desho/OneDrive/Documents/GitHub/Verdant_Ash/Content/VFX/Textures/Extras/Noises/T_NoiseFlamyNormal_03.ubulk" 1175
"C:/Users/desho/OneDrive/Documents/GitHub/Verdant_Ash/Content/VFX/Textures/Extras/Noises/T_NoiseFlamyNormal_03.uasset" 1176
"C:/Users/desho/OneDrive/Documents/GitHub/Verdant_Ash/Content/VFX/Textures/Extras/Noises/T_NoiseFlamyNormal_03.uexp" 1177
"C:/Users/desho/OneDrive/Documents/GitHub/Verdant_Ash/Content/VFX/Textures/Extras/Noises/T_NoiseFlowy_03.ubulk" 1178
"C:/Users/desho/OneDrive/Documents/GitHub/Verdant_Ash/Content/VFX/Textures/Extras/Noises/T_NoiseFlowy_03.uasset" 1179
"C:/Users/desho/OneDrive/Documents/GitHub/Verdant_Ash/Content/VFX/Textures/Extras/Noises/T_NoiseFlowy_03.uexp" 1180
"C:/Users/desho/OneDrive/Documents/GitHub/Verdant_Ash/Content/VFX/Materials/Mi_GlowRadialDistorted_03.uasset" 1181
"C:/Users/desho/OneDrive/Documents/GitHub/Verdant_Ash/Content/VFX/Materials/Mi_GlowRadialDistorted_03.uexp" 1182
"C:/Users/desho/OneDrive/Documents/GitHub/Verdant_Ash/Content/VFX/Textures/Extras/Gradients/T_Beam_03.ubulk" 1183
"C:/Users/desho/OneDrive/Documents/GitHub/Verdant_Ash/Content/VFX/Textures/Extras/Gradients/T_Beam_03.uasset" 1184
"C:/Users/desho/OneDrive/Documents/GitHub/Verdant_Ash/Content/VFX/Textures/Extras/Gradients/T_Beam_03.uexp" 1185
"C:/Users/desho/OneDrive/Documents/GitHub/Verdant_Ash/Content/VFX/Textures/Extras/Gradients/T_UpwardBeamGradient.ubulk" 1186
"C:/Users/desho/OneDrive/Documents/GitHub/Verdant_Ash/Content/VFX/Textures/Extras/Gradients/T_UpwardBeamGradient.uasset" 1187
"C:/Users/desho/OneDrive/Documents/GitHub/Verdant_Ash/Content/VFX/Textures/Extras/Gradients/T_UpwardBeamGradient.uexp" 1188
"C:/Users/desho/OneDrive/Documents/GitHub/Verdant_Ash/Content/VFX/Materials/Mi_PulseBeam_01.uasset" 1189
"C:/Users/desho/OneDrive/Documents/GitHub/Verdant_Ash/Content/VFX/Materials/Mi_PulseBeam_01.uexp" 1190
"C:/Users/desho/OneDrive/Documents/GitHub/Verdant_Ash/Content/VFX/Textures/Extras/Gradients/T_BeamClamp_03.ubulk" 1191
"C:/Users/desho/OneDrive/Documents/GitHub/Verdant_Ash/Content/VFX/Textures/Extras/Gradients/T_BeamClamp_03.uasset" 1192
"C:/Users/desho/OneDrive/Documents/GitHub/Verdant_Ash/Content/VFX/Textures/Extras/Gradients/T_BeamClamp_03.uexp" 1193
"C:/Users/desho/OneDrive/Documents/GitHub/Verdant_Ash/Content/VFX/Materials/Mi_PulseBeam_02.uasset" 1194
"C:/Users/desho/OneDrive/Documents/GitHub/Verdant_Ash/Content/VFX/Materials/Mi_PulseBeam_02.uexp" 1195
"C:/Users/desho/OneDrive/Documents/GitHub/Verdant_Ash/Content/VFX/Textures/Extras/Noises/T_NoiseFlowy_01.ubulk" 1196
"C:/Users/desho/OneDrive/Documents/GitHub/Verdant_Ash/Content/VFX/Textures/Extras/Noises/T_NoiseFlowy_01.uasset" 1197
"C:/Users/desho/OneDrive/Documents/GitHub/Verdant_Ash/Content/VFX/Textures/Extras/Noises/T_NoiseFlowy_01.uexp" 1198
"C:/Users/desho/OneDrive/Documents/GitHub/Verdant_Ash/Content/VFX/Materials/Mi_PulseBeam_04.uasset" 1199
"C:/Users/desho/OneDrive/Documents/GitHub/Verdant_Ash/Content/VFX/Materials/Mi_PulseBeam_04.uexp" 1200
"C:/Users/desho/OneDrive/Documents/GitHub/Verdant_Ash/Content/VFX/Materials/Mi_Sparks_01.uasset" 1201
"C:/Users/desho/OneDrive/Documents/GitHub/Verdant_Ash/Content/VFX/Materials/Mi_Sparks_01.uexp" 1202
"C:/Users/desho/OneDrive/Documents/GitHub/Verdant_Ash/Content/VFX/Models/SM_CircleSmooth_01.ubulk" 1203
"C:/Users/desho/OneDrive/Documents/GitHub/Verdant_Ash/Content/VFX/Models/SM_CircleSmooth_01.uasset" 1204
"C:/Users/desho/OneDrive/Documents/GitHub/Verdant_Ash/Content/VFX/Models/SM_CircleSmooth_01.uexp" 1205
"C:/Users/desho/OneDrive/Documents/GitHub/Verdant_Ash/Content/VFX/Models/SM_Swirl.ubulk" 1206
"C:/Users/desho/OneDrive/Documents/GitHub/Verdant_Ash/Content/VFX/Models/SM_Swirl.uasset" 1207
"C:/Users/desho/OneDrive/Documents/GitHub/Verdant_Ash/Content/VFX/Models/SM_Swirl.uexp" 1208
"C:/Users/desho/OneDrive/Documents/GitHub/Verdant_Ash/Content/VFX/NS_CollectibleGlow.uasset" 1209
"C:/Users/desho/OneDrive/Documents/GitHub/Verdant_Ash/Content/VFX/NS_CollectibleGlow.uexp" 1210
"C:/Users/desho/OneDrive/Documents/GitHub/Verdant_Ash/Content/UI_Materials/Fonts/Calgnita-Yqnv2.uexp" 1211
"C:/Users/desho/OneDrive/Documents/GitHub/Verdant_Ash/Content/UI_Materials/Fonts/Calgnita-Yqnv2.uasset" 1212
"C:/Users/desho/OneDrive/Documents/GitHub/Verdant_Ash/Content/UI_Materials/Fonts/Calgnita-Yqnv2.ufont" 1213
"C:/Users/desho/OneDrive/Documents/GitHub/Verdant_Ash/Content/UI_Materials/Fonts/Calgnita-Yqnv2_Font.uasset" 1214
"C:/Users/desho/OneDrive/Documents/GitHub/Verdant_Ash/Content/UI_Materials/Fonts/Calgnita-Yqnv2_Font.uexp" 1215
"C:/Users/desho/OneDrive/Documents/GitHub/Verdant_Ash/Content/Blueprint/Interact/Interact_Mask/P_Interact.uasset" 1216
"C:/Users/desho/OneDrive/Documents/GitHub/Verdant_Ash/Content/Blueprint/Interact/Interact_Mask/P_Interact.uexp" 1217
"C:/Users/desho/OneDrive/Documents/GitHub/Verdant_Ash/Content/UI_Materials/Images/Menu_rotted.uasset" 1218
"C:/Users/desho/OneDrive/Documents/GitHub/Verdant_Ash/Content/UI_Materials/Images/Menu_rotted.uexp" 1219
"C:/Users/desho/OneDrive/Documents/GitHub/Verdant_Ash/Content/UI_Materials/Fonts/WinterTreesRegular-d9dmx.uexp" 1220
"C:/Users/desho/OneDrive/Documents/GitHub/Verdant_Ash/Content/UI_Materials/Fonts/WinterTreesRegular-d9dmx.uasset" 1221
"C:/Users/desho/OneDrive/Documents/GitHub/Verdant_Ash/Content/UI_Materials/Fonts/WinterTreesRegular-d9dmx.ufont" 1222
"C:/Users/desho/OneDrive/Documents/GitHub/Verdant_Ash/Content/UI_Materials/Fonts/WinterTreesRegular-d9dmx_Font.uasset" 1223
"C:/Users/desho/OneDrive/Documents/GitHub/Verdant_Ash/Content/UI_Materials/Fonts/WinterTreesRegular-d9dmx_Font.uexp" 1224
"C:/Users/desho/OneDrive/Documents/GitHub/Verdant_Ash/Content/UI_Materials/Images/Menu_normal.uasset" 1225
"C:/Users/desho/OneDrive/Documents/GitHub/Verdant_Ash/Content/UI_Materials/Images/Menu_normal.uexp" 1226
"C:/Users/desho/OneDrive/Documents/GitHub/Verdant_Ash/Content/Blueprint/Interact/Interact_Mask/P_Mask.uasset" 1227
"C:/Users/desho/OneDrive/Documents/GitHub/Verdant_Ash/Content/Blueprint/Interact/Interact_Mask/P_Mask.uexp" 1228
"C:/Users/desho/OneDrive/Documents/GitHub/Verdant_Ash/Content/SFX_Music/SFX/freesound_community-sound5-106358.ubulk" 1229
"C:/Users/desho/OneDrive/Documents/GitHub/Verdant_Ash/Content/SFX_Music/SFX/freesound_community-sound5-106358.uasset" 1230
"C:/Users/desho/OneDrive/Documents/GitHub/Verdant_Ash/Content/SFX_Music/SFX/freesound_community-sound5-106358.uexp" 1231
"C:/Users/desho/OneDrive/Documents/GitHub/Verdant_Ash/Content/SFX_Music/SFX/MaskHaloAura.ubulk" 1232
"C:/Users/desho/OneDrive/Documents/GitHub/Verdant_Ash/Content/SFX_Music/SFX/MaskHaloAura.uasset" 1233
"C:/Users/desho/OneDrive/Documents/GitHub/Verdant_Ash/Content/SFX_Music/SFX/MaskHaloAura.uexp" 1234
"../../../Engine/Content/EngineResources/DefaultTexture.ubulk" 1235
"../../../Engine/Content/EngineResources/DefaultTexture.uasset" 1236
"../../../Engine/Content/EngineResources/DefaultTexture.uexp" 1237
"../../../Engine/Content/EngineMaterials/DefaultNormal.ubulk" 1238
"../../../Engine/Content/EngineMaterials/DefaultNormal.uasset" 1239
"../../../Engine/Content/EngineMaterials/DefaultNormal.uexp" 1240
"../../../Engine/Content/Functions/Engine_MaterialFunctions03/Procedurals/NormalFromHeightmap.uasset" 1241
"../../../Engine/Content/Functions/Engine_MaterialFunctions03/Procedurals/NormalFromHeightmap.uexp" 1242
"../../../Engine/Plugins/Interchange/Assets/Content/Functions/MF_PhongToMetalRoughness.uasset" 1243
"../../../Engine/Plugins/Interchange/Assets/Content/Functions/MF_PhongToMetalRoughness.uexp" 1244
"../../../Engine/Plugins/Interchange/Assets/Content/Materials/FBXLegacyPhongSurfaceMaterial.uasset" 1245
"../../../Engine/Plugins/Interchange/Assets/Content/Materials/FBXLegacyPhongSurfaceMaterial.uexp" 1246
"C:/Users/desho/OneDrive/Documents/GitHub/Verdant_Ash/Content/Character/Foxbearer/Meshes/Main_Character.uasset" 1247
"C:/Users/desho/OneDrive/Documents/GitHub/Verdant_Ash/Content/Character/Foxbearer/Meshes/Main_Character.uexp" 1248
"C:/Users/desho/OneDrive/Documents/GitHub/Verdant_Ash/Content/Character/Foxbearer/Meshes/Mask_Mesh.ubulk" 1249
"C:/Users/desho/OneDrive/Documents/GitHub/Verdant_Ash/Content/Character/Foxbearer/Meshes/Mask_Mesh.uasset" 1250
"C:/Users/desho/OneDrive/Documents/GitHub/Verdant_Ash/Content/Character/Foxbearer/Meshes/Mask_Mesh.uexp" 1251
"C:/Users/desho/OneDrive/Documents/GitHub/Verdant_Ash/Content/Blueprint/Interact/Interact_Mask/BP_Interact_Mask.uasset" 1252
"C:/Users/desho/OneDrive/Documents/GitHub/Verdant_Ash/Content/Blueprint/Interact/Interact_Mask/BP_Interact_Mask.uexp" 1253
"C:/Users/desho/OneDrive/Documents/GitHub/Verdant_Ash/Content/Blueprint/Respawn/BP_SpawnPos.uasset" 1254
"C:/Users/desho/OneDrive/Documents/GitHub/Verdant_Ash/Content/Blueprint/Respawn/BP_SpawnPos.uexp" 1255
"C:/Users/desho/OneDrive/Documents/GitHub/Verdant_Ash/Content/UI_Materials/Fonts/CfOneTwoTreesRegular-4LGp.uexp" 1256
"C:/Users/desho/OneDrive/Documents/GitHub/Verdant_Ash/Content/UI_Materials/Fonts/CfOneTwoTreesRegular-4LGp.uasset" 1257
"C:/Users/desho/OneDrive/Documents/GitHub/Verdant_Ash/Content/UI_Materials/Fonts/CfOneTwoTreesRegular-4LGp.ufont" 1258
"C:/Users/desho/OneDrive/Documents/GitHub/Verdant_Ash/Content/UI_Materials/Fonts/CfOneTwoTreesRegular-4LGp_Font.uasset" 1259
"C:/Users/desho/OneDrive/Documents/GitHub/Verdant_Ash/Content/UI_Materials/Fonts/CfOneTwoTreesRegular-4LGp_Font.uexp" 1260
"C:/Users/desho/OneDrive/Documents/GitHub/Verdant_Ash/Content/Blueprint/UI_Widgets/WBP_GameOver.uasset" 1261
"C:/Users/desho/OneDrive/Documents/GitHub/Verdant_Ash/Content/Blueprint/UI_Widgets/WBP_GameOver.uexp" 1262
"C:/Users/desho/OneDrive/Documents/GitHub/Verdant_Ash/Content/UI_Materials/Images/Controls_Display_2_0.uasset" 1263
"C:/Users/desho/OneDrive/Documents/GitHub/Verdant_Ash/Content/UI_Materials/Images/Controls_Display_2_0.uexp" 1264
"C:/Users/desho/OneDrive/Documents/GitHub/Verdant_Ash/Content/Blueprint/UI_Widgets/WBP_ControlsDisplay.uasset" 1265
"C:/Users/desho/OneDrive/Documents/GitHub/Verdant_Ash/Content/Blueprint/UI_Widgets/WBP_ControlsDisplay.uexp" 1266
"C:/Users/desho/OneDrive/Documents/GitHub/Verdant_Ash/Content/SFX_Music/SCM_Main.uasset" 1267
"C:/Users/desho/OneDrive/Documents/GitHub/Verdant_Ash/Content/SFX_Music/SCM_Main.uexp" 1268
"C:/Users/desho/OneDrive/Documents/GitHub/Verdant_Ash/Content/DamageSystem/E_DamageResponce.uasset" 1269
"C:/Users/desho/OneDrive/Documents/GitHub/Verdant_Ash/Content/DamageSystem/E_DamageResponce.uexp" 1270
"C:/Users/desho/OneDrive/Documents/GitHub/Verdant_Ash/Content/DamageSystem/E_DamageType.uasset" 1271
"C:/Users/desho/OneDrive/Documents/GitHub/Verdant_Ash/Content/DamageSystem/E_DamageType.uexp" 1272
"C:/Users/desho/OneDrive/Documents/GitHub/Verdant_Ash/Content/DamageSystem/S_DamageInfo.uasset" 1273
"C:/Users/desho/OneDrive/Documents/GitHub/Verdant_Ash/Content/DamageSystem/S_DamageInfo.uexp" 1274
"C:/Users/desho/OneDrive/Documents/GitHub/Verdant_Ash/Content/DamageSystem/BPC_DamageSystem.uasset" 1275
"C:/Users/desho/OneDrive/Documents/GitHub/Verdant_Ash/Content/DamageSystem/BPC_DamageSystem.uexp" 1276
"C:/Users/desho/OneDrive/Documents/GitHub/Verdant_Ash/Content/DamageSystem/BPI_Damage.uasset" 1277
"C:/Users/desho/OneDrive/Documents/GitHub/Verdant_Ash/Content/DamageSystem/BPI_Damage.uexp" 1278
"C:/Users/desho/OneDrive/Documents/GitHub/Verdant_Ash/Content/Input/Actions/IA_Jump.uasset" 1279
"C:/Users/desho/OneDrive/Documents/GitHub/Verdant_Ash/Content/Input/Actions/IA_Jump.uexp" 1280
"C:/Users/desho/OneDrive/Documents/GitHub/Verdant_Ash/Content/Input/Actions/IA_Look.uasset" 1281
"C:/Users/desho/OneDrive/Documents/GitHub/Verdant_Ash/Content/Input/Actions/IA_Look.uexp" 1282
"C:/Users/desho/OneDrive/Documents/GitHub/Verdant_Ash/Content/Input/Actions/IA_Move.uasset" 1283
"C:/Users/desho/OneDrive/Documents/GitHub/Verdant_Ash/Content/Input/Actions/IA_Move.uexp" 1284
"C:/Users/desho/OneDrive/Documents/GitHub/Verdant_Ash/Content/Input/Actions/IA_Sprint.uasset" 1285
"C:/Users/desho/OneDrive/Documents/GitHub/Verdant_Ash/Content/Input/Actions/IA_Sprint.uexp" 1286
"C:/Users/desho/OneDrive/Documents/GitHub/Verdant_Ash/Content/Input/IMC_Default.uasset" 1287
"C:/Users/desho/OneDrive/Documents/GitHub/Verdant_Ash/Content/Input/IMC_Default.uexp" 1288
"C:/Users/desho/OneDrive/Documents/GitHub/Verdant_Ash/Content/Input/Actions/IA_MouseLook.uasset" 1289
"C:/Users/desho/OneDrive/Documents/GitHub/Verdant_Ash/Content/Input/Actions/IA_MouseLook.uexp" 1290
"C:/Users/desho/OneDrive/Documents/GitHub/Verdant_Ash/Content/Input/IMC_MouseLook.uasset" 1291
"C:/Users/desho/OneDrive/Documents/GitHub/Verdant_Ash/Content/Input/IMC_MouseLook.uexp" 1292
"C:/Users/desho/OneDrive/Documents/GitHub/Verdant_Ash/Content/Input/Touch/BPI_TouchInterface.uasset" 1293
"C:/Users/desho/OneDrive/Documents/GitHub/Verdant_Ash/Content/Input/Touch/BPI_TouchInterface.uexp" 1294
"C:/Users/desho/OneDrive/Documents/GitHub/Verdant_Ash/Content/Input/Touch/UI_Thumbstick.uasset" 1295
"C:/Users/desho/OneDrive/Documents/GitHub/Verdant_Ash/Content/Input/Touch/UI_Thumbstick.uexp" 1296
"C:/Users/desho/OneDrive/Documents/GitHub/Verdant_Ash/Content/Input/Touch/UI_TouchSimple.uasset" 1297
"C:/Users/desho/OneDrive/Documents/GitHub/Verdant_Ash/Content/Input/Touch/UI_TouchSimple.uexp" 1298
"C:/Users/desho/OneDrive/Documents/GitHub/Verdant_Ash/Content/ThirdPerson/Blueprints/BP_ThirdPersonPlayerController.uasset" 1299
"C:/Users/desho/OneDrive/Documents/GitHub/Verdant_Ash/Content/ThirdPerson/Blueprints/BP_ThirdPersonPlayerController.uexp" 1300
"C:/Users/desho/OneDrive/Documents/GitHub/Verdant_Ash/Content/DamageSystem/BP_ThirdPersonGameDemo.uasset" 1301
"C:/Users/desho/OneDrive/Documents/GitHub/Verdant_Ash/Content/DamageSystem/BP_ThirdPersonGameDemo.uexp" 1302
"C:/Users/desho/OneDrive/Documents/GitHub/Verdant_Ash/Content/DamageSystem/W_HealthBar.uasset" 1303
"C:/Users/desho/OneDrive/Documents/GitHub/Verdant_Ash/Content/DamageSystem/W_HealthBar.uexp" 1304
"../../../Engine/Plugins/Animation/ControlRig/Content/Controls/DefaultGizmoLibraryNormalized.uasset" 1305
"../../../Engine/Plugins/Animation/ControlRig/Content/Controls/DefaultGizmoLibraryNormalized.uexp" 1306
"C:/Users/desho/OneDrive/Documents/GitHub/Verdant_Ash/Content/Character/Mannequins/Rigs/CR_Mannequin_FootIK.uasset" 1307
"C:/Users/desho/OneDrive/Documents/GitHub/Verdant_Ash/Content/Character/Mannequins/Rigs/CR_Mannequin_FootIK.uexp" 1308
"../../../Engine/Content/Animation/DefaultAnimBoneCompressionSettings.uasset" 1309
"../../../Engine/Content/Animation/DefaultAnimBoneCompressionSettings.uexp" 1310
"../../../Engine/Content/Animation/DefaultAnimCurveCompressionSettings.uasset" 1311
"../../../Engine/Content/Animation/DefaultAnimCurveCompressionSettings.uexp" 1312
"../../../Engine/Content/Animation/DefaultVariableFrameStrippingSettings.uasset" 1313
"../../../Engine/Content/Animation/DefaultVariableFrameStrippingSettings.uexp" 1314
"C:/Users/desho/OneDrive/Documents/GitHub/Verdant_Ash/Content/Character/Mannequins/Anims/Unarmed/MM_Idle.uasset" 1315
"C:/Users/desho/OneDrive/Documents/GitHub/Verdant_Ash/Content/Character/Mannequins/Anims/Unarmed/MM_Idle.uexp" 1316
"C:/Users/desho/OneDrive/Documents/GitHub/Verdant_Ash/Content/Character/Mannequins/Anims/Unarmed/Jog/MF_Unarmed_Jog_Bwd.uasset" 1317
"C:/Users/desho/OneDrive/Documents/GitHub/Verdant_Ash/Content/Character/Mannequins/Anims/Unarmed/Jog/MF_Unarmed_Jog_Bwd.uexp" 1318
"../../../Engine/Plugins/Animation/ACLPlugin/Content/ACLAnimCurveCompressionSettings.uasset" 1319
"../../../Engine/Plugins/Animation/ACLPlugin/Content/ACLAnimCurveCompressionSettings.uexp" 1320
"../../../Engine/Content/Animation/DefaultRecorderBoneCompression.uasset" 1321
"../../../Engine/Content/Animation/DefaultRecorderBoneCompression.uexp" 1322
"C:/Users/desho/OneDrive/Documents/GitHub/Verdant_Ash/Content/Character/Mannequins/Anims/Unarmed/Jog/MF_Unarmed_Jog_Bwd_Left.uasset" 1323
"C:/Users/desho/OneDrive/Documents/GitHub/Verdant_Ash/Content/Character/Mannequins/Anims/Unarmed/Jog/MF_Unarmed_Jog_Bwd_Left.uexp" 1324
"C:/Users/desho/OneDrive/Documents/GitHub/Verdant_Ash/Content/Character/Mannequins/Anims/Unarmed/Jog/MF_Unarmed_Jog_Bwd_Right.uasset" 1325
"C:/Users/desho/OneDrive/Documents/GitHub/Verdant_Ash/Content/Character/Mannequins/Anims/Unarmed/Jog/MF_Unarmed_Jog_Bwd_Right.uexp" 1326
"C:/Users/desho/OneDrive/Documents/GitHub/Verdant_Ash/Content/Character/Mannequins/Anims/Unarmed/Jog/MF_Unarmed_Jog_Fwd.uasset" 1327
"C:/Users/desho/OneDrive/Documents/GitHub/Verdant_Ash/Content/Character/Mannequins/Anims/Unarmed/Jog/MF_Unarmed_Jog_Fwd.uexp" 1328
"C:/Users/desho/OneDrive/Documents/GitHub/Verdant_Ash/Content/Character/Mannequins/Anims/Unarmed/Jog/MF_Unarmed_Jog_Fwd_Left.uasset" 1329
"C:/Users/desho/OneDrive/Documents/GitHub/Verdant_Ash/Content/Character/Mannequins/Anims/Unarmed/Jog/MF_Unarmed_Jog_Fwd_Left.uexp" 1330
"C:/Users/desho/OneDrive/Documents/GitHub/Verdant_Ash/Content/Character/Mannequins/Anims/Unarmed/Jog/MF_Unarmed_Jog_Fwd_Right.uasset" 1331
"C:/Users/desho/OneDrive/Documents/GitHub/Verdant_Ash/Content/Character/Mannequins/Anims/Unarmed/Jog/MF_Unarmed_Jog_Fwd_Right.uexp" 1332
"C:/Users/desho/OneDrive/Documents/GitHub/Verdant_Ash/Content/Character/Mannequins/Anims/Unarmed/Jog/MF_Unarmed_Jog_Left.uasset" 1333
"C:/Users/desho/OneDrive/Documents/GitHub/Verdant_Ash/Content/Character/Mannequins/Anims/Unarmed/Jog/MF_Unarmed_Jog_Left.uexp" 1334
"C:/Users/desho/OneDrive/Documents/GitHub/Verdant_Ash/Content/Character/Mannequins/Anims/Unarmed/Jog/MF_Unarmed_Jog_Right.uasset" 1335
"C:/Users/desho/OneDrive/Documents/GitHub/Verdant_Ash/Content/Character/Mannequins/Anims/Unarmed/Jog/MF_Unarmed_Jog_Right.uexp" 1336
"C:/Users/desho/OneDrive/Documents/GitHub/Verdant_Ash/Content/Character/Mannequins/Anims/Unarmed/Walk/MF_Unarmed_Walk_Bwd.uasset" 1337
"C:/Users/desho/OneDrive/Documents/GitHub/Verdant_Ash/Content/Character/Mannequins/Anims/Unarmed/Walk/MF_Unarmed_Walk_Bwd.uexp" 1338
"C:/Users/desho/OneDrive/Documents/GitHub/Verdant_Ash/Content/Character/Mannequins/Anims/Unarmed/Walk/MF_Unarmed_Walk_Bwd_Left.uasset" 1339
"C:/Users/desho/OneDrive/Documents/GitHub/Verdant_Ash/Content/Character/Mannequins/Anims/Unarmed/Walk/MF_Unarmed_Walk_Bwd_Left.uexp" 1340
"C:/Users/desho/OneDrive/Documents/GitHub/Verdant_Ash/Content/Character/Mannequins/Anims/Unarmed/Walk/MF_Unarmed_Walk_Bwd_Right.uasset" 1341
"C:/Users/desho/OneDrive/Documents/GitHub/Verdant_Ash/Content/Character/Mannequins/Anims/Unarmed/Walk/MF_Unarmed_Walk_Bwd_Right.uexp" 1342
"C:/Users/desho/OneDrive/Documents/GitHub/Verdant_Ash/Content/Character/Mannequins/Anims/Unarmed/Walk/MF_Unarmed_Walk_Fwd.uasset" 1343
"C:/Users/desho/OneDrive/Documents/GitHub/Verdant_Ash/Content/Character/Mannequins/Anims/Unarmed/Walk/MF_Unarmed_Walk_Fwd.uexp" 1344
"C:/Users/desho/OneDrive/Documents/GitHub/Verdant_Ash/Content/Character/Mannequins/Anims/Unarmed/Walk/MF_Unarmed_Walk_Fwd_Left.uasset" 1345
"C:/Users/desho/OneDrive/Documents/GitHub/Verdant_Ash/Content/Character/Mannequins/Anims/Unarmed/Walk/MF_Unarmed_Walk_Fwd_Left.uexp" 1346
"C:/Users/desho/OneDrive/Documents/GitHub/Verdant_Ash/Content/Character/Mannequins/Anims/Unarmed/Walk/MF_Unarmed_Walk_Fwd_Right.uasset" 1347
"C:/Users/desho/OneDrive/Documents/GitHub/Verdant_Ash/Content/Character/Mannequins/Anims/Unarmed/Walk/MF_Unarmed_Walk_Fwd_Right.uexp" 1348
"C:/Users/desho/OneDrive/Documents/GitHub/Verdant_Ash/Content/Character/Mannequins/Anims/Unarmed/Walk/MF_Unarmed_Walk_Left.uasset" 1349
"C:/Users/desho/OneDrive/Documents/GitHub/Verdant_Ash/Content/Character/Mannequins/Anims/Unarmed/Walk/MF_Unarmed_Walk_Left.uexp" 1350
"C:/Users/desho/OneDrive/Documents/GitHub/Verdant_Ash/Content/Character/Mannequins/Anims/Unarmed/Walk/MF_Unarmed_Walk_Right.uasset" 1351
"C:/Users/desho/OneDrive/Documents/GitHub/Verdant_Ash/Content/Character/Mannequins/Anims/Unarmed/Walk/MF_Unarmed_Walk_Right.uexp" 1352
"C:/Users/desho/OneDrive/Documents/GitHub/Verdant_Ash/Content/Character/Mannequins/Anims/Unarmed/BS_Idle_Walk_Run.uasset" 1353
"C:/Users/desho/OneDrive/Documents/GitHub/Verdant_Ash/Content/Character/Mannequins/Anims/Unarmed/BS_Idle_Walk_Run.uexp" 1354
"C:/Users/desho/OneDrive/Documents/GitHub/Verdant_Ash/Content/Character/Mannequins/Anims/Unarmed/Jump/MM_Fall_Loop.uasset" 1355
"C:/Users/desho/OneDrive/Documents/GitHub/Verdant_Ash/Content/Character/Mannequins/Anims/Unarmed/Jump/MM_Fall_Loop.uexp" 1356
"C:/Users/desho/OneDrive/Documents/GitHub/Verdant_Ash/Content/Character/Mannequins/Anims/Unarmed/Jump/MM_Jump.uasset" 1357
"C:/Users/desho/OneDrive/Documents/GitHub/Verdant_Ash/Content/Character/Mannequins/Anims/Unarmed/Jump/MM_Jump.uexp" 1358
"C:/Users/desho/OneDrive/Documents/GitHub/Verdant_Ash/Content/Character/Mannequins/Anims/Unarmed/Jump/MM_Land.uasset" 1359
"C:/Users/desho/OneDrive/Documents/GitHub/Verdant_Ash/Content/Character/Mannequins/Anims/Unarmed/Jump/MM_Land.uexp" 1360
"C:/Users/desho/OneDrive/Documents/GitHub/Verdant_Ash/Content/Character/Mannequins/Anims/Unarmed/ABP_Unarmed.uasset" 1361
"C:/Users/desho/OneDrive/Documents/GitHub/Verdant_Ash/Content/Character/Mannequins/Anims/Unarmed/ABP_Unarmed.uexp" 1362
"C:/Users/desho/OneDrive/Documents/GitHub/Verdant_Ash/Content/Character/Mannequins/Textures/Quinn/T_Quinn_01_D.ubulk" 1363
"C:/Users/desho/OneDrive/Documents/GitHub/Verdant_Ash/Content/Character/Mannequins/Textures/Quinn/T_Quinn_01_D.uasset" 1364
"C:/Users/desho/OneDrive/Documents/GitHub/Verdant_Ash/Content/Character/Mannequins/Textures/Quinn/T_Quinn_01_D.uexp" 1365
"C:/Users/desho/OneDrive/Documents/GitHub/Verdant_Ash/Content/Character/Mannequins/Textures/Quinn/T_Quinn_01_MRA.ubulk" 1366
"C:/Users/desho/OneDrive/Documents/GitHub/Verdant_Ash/Content/Character/Mannequins/Textures/Quinn/T_Quinn_01_MRA.uasset" 1367
"C:/Users/desho/OneDrive/Documents/GitHub/Verdant_Ash/Content/Character/Mannequins/Textures/Quinn/T_Quinn_01_MRA.uexp" 1368
"C:/Users/desho/OneDrive/Documents/GitHub/Verdant_Ash/Content/Character/Mannequins/Textures/Quinn/T_Quinn_01_N.ubulk" 1369
"C:/Users/desho/OneDrive/Documents/GitHub/Verdant_Ash/Content/Character/Mannequins/Textures/Quinn/T_Quinn_01_N.uasset" 1370
"C:/Users/desho/OneDrive/Documents/GitHub/Verdant_Ash/Content/Character/Mannequins/Textures/Quinn/T_Quinn_01_N.uexp" 1371
"C:/Users/desho/OneDrive/Documents/GitHub/Verdant_Ash/Content/Character/Mannequins/Materials/Quinn/MI_Quinn_01.uasset" 1372
"C:/Users/desho/OneDrive/Documents/GitHub/Verdant_Ash/Content/Character/Mannequins/Materials/Quinn/MI_Quinn_01.uexp" 1373
"C:/Users/desho/OneDrive/Documents/GitHub/Verdant_Ash/Content/Character/Mannequins/Textures/Quinn/T_Quinn_02_D.ubulk" 1374
"C:/Users/desho/OneDrive/Documents/GitHub/Verdant_Ash/Content/Character/Mannequins/Textures/Quinn/T_Quinn_02_D.uasset" 1375
"C:/Users/desho/OneDrive/Documents/GitHub/Verdant_Ash/Content/Character/Mannequins/Textures/Quinn/T_Quinn_02_D.uexp" 1376
"C:/Users/desho/OneDrive/Documents/GitHub/Verdant_Ash/Content/Character/Mannequins/Textures/Quinn/T_Quinn_02_MRA.ubulk" 1377
"C:/Users/desho/OneDrive/Documents/GitHub/Verdant_Ash/Content/Character/Mannequins/Textures/Quinn/T_Quinn_02_MRA.uasset" 1378
"C:/Users/desho/OneDrive/Documents/GitHub/Verdant_Ash/Content/Character/Mannequins/Textures/Quinn/T_Quinn_02_MRA.uexp" 1379
"C:/Users/desho/OneDrive/Documents/GitHub/Verdant_Ash/Content/Character/Mannequins/Textures/Quinn/T_Quinn_02_N.ubulk" 1380
"C:/Users/desho/OneDrive/Documents/GitHub/Verdant_Ash/Content/Character/Mannequins/Textures/Quinn/T_Quinn_02_N.uasset" 1381
"C:/Users/desho/OneDrive/Documents/GitHub/Verdant_Ash/Content/Character/Mannequins/Textures/Quinn/T_Quinn_02_N.uexp" 1382
"C:/Users/desho/OneDrive/Documents/GitHub/Verdant_Ash/Content/Character/Mannequins/Materials/Quinn/MI_Quinn_02.uasset" 1383
"C:/Users/desho/OneDrive/Documents/GitHub/Verdant_Ash/Content/Character/Mannequins/Materials/Quinn/MI_Quinn_02.uexp" 1384
"C:/Users/desho/OneDrive/Documents/GitHub/Verdant_Ash/Content/Character/Mannequins/Meshes/SKM_Quinn_Simple.uasset" 1385
"C:/Users/desho/OneDrive/Documents/GitHub/Verdant_Ash/Content/Character/Mannequins/Meshes/SKM_Quinn_Simple.uexp" 1386
"C:/Users/desho/OneDrive/Documents/GitHub/Verdant_Ash/Content/Materials/Materials/MI_Quinn_Body.uasset" 1387
"C:/Users/desho/OneDrive/Documents/GitHub/Verdant_Ash/Content/Materials/Materials/MI_Quinn_Body.uexp" 1388
"C:/Users/desho/OneDrive/Documents/GitHub/Verdant_Ash/Content/Materials/Materials/MI_Quinn_Body1.uasset" 1389
"C:/Users/desho/OneDrive/Documents/GitHub/Verdant_Ash/Content/Materials/Materials/MI_Quinn_Body1.uexp" 1390
"C:/Users/desho/OneDrive/Documents/GitHub/Verdant_Ash/Content/Blueprint/Save/GameSave_DataStruct.uasset" 1391
"C:/Users/desho/OneDrive/Documents/GitHub/Verdant_Ash/Content/Blueprint/Save/GameSave_DataStruct.uexp" 1392
"C:/Users/desho/OneDrive/Documents/GitHub/Verdant_Ash/Content/Blueprint/Save/BP_SaveInterface.uasset" 1393
"C:/Users/desho/OneDrive/Documents/GitHub/Verdant_Ash/Content/Blueprint/Save/BP_SaveInterface.uexp" 1394
"C:/Users/desho/OneDrive/Documents/GitHub/Verdant_Ash/Content/UI_Materials/Fonts/ASafePlacetoFall.uexp" 1395
"C:/Users/desho/OneDrive/Documents/GitHub/Verdant_Ash/Content/UI_Materials/Fonts/ASafePlacetoFall.uasset" 1396
"C:/Users/desho/OneDrive/Documents/GitHub/Verdant_Ash/Content/UI_Materials/Fonts/ASafePlacetoFall.ufont" 1397
"C:/Users/desho/OneDrive/Documents/GitHub/Verdant_Ash/Content/UI_Materials/Fonts/ASafePlacetoFall_Font.uasset" 1398
"C:/Users/desho/OneDrive/Documents/GitHub/Verdant_Ash/Content/UI_Materials/Fonts/ASafePlacetoFall_Font.uexp" 1399
"C:/Users/desho/OneDrive/Documents/GitHub/Verdant_Ash/Content/Blueprint/UI_Widgets/WBP_SaveOption.uasset" 1400
"C:/Users/desho/OneDrive/Documents/GitHub/Verdant_Ash/Content/Blueprint/UI_Widgets/WBP_SaveOption.uexp" 1401
"C:/Users/desho/OneDrive/Documents/GitHub/Verdant_Ash/Content/Blueprint/UI_Widgets/WBP_SaveSlots.uasset" 1402
"C:/Users/desho/OneDrive/Documents/GitHub/Verdant_Ash/Content/Blueprint/UI_Widgets/WBP_SaveSlots.uexp" 1403
"C:/Users/desho/OneDrive/Documents/GitHub/Verdant_Ash/Content/Blueprint/UI_Widgets/WBP_SaveUI.uasset" 1404
"C:/Users/desho/OneDrive/Documents/GitHub/Verdant_Ash/Content/Blueprint/UI_Widgets/WBP_SaveUI.uexp" 1405
"C:/Users/desho/OneDrive/Documents/GitHub/Verdant_Ash/Content/Blueprint/Demo_Player/BP_Player1.uasset" 1406
"C:/Users/desho/OneDrive/Documents/GitHub/Verdant_Ash/Content/Blueprint/Demo_Player/BP_Player1.uexp" 1407
"C:/Users/desho/OneDrive/Documents/GitHub/Verdant_Ash/Content/Blueprint/Save/BPC_SaveAudio.uasset" 1408
"C:/Users/desho/OneDrive/Documents/GitHub/Verdant_Ash/Content/Blueprint/Save/BPC_SaveAudio.uexp" 1409
"C:/Users/desho/OneDrive/Documents/GitHub/Verdant_Ash/Content/Blueprint/Save/BP_SaveGame.uasset" 1410
"C:/Users/desho/OneDrive/Documents/GitHub/Verdant_Ash/Content/Blueprint/Save/BP_SaveGame.uexp" 1411
"C:/Users/desho/OneDrive/Documents/GitHub/Verdant_Ash/Content/Blueprint/Save/BP_GameInstance.uasset" 1412
"C:/Users/desho/OneDrive/Documents/GitHub/Verdant_Ash/Content/Blueprint/Save/BP_GameInstance.uexp" 1413
"C:/Users/desho/OneDrive/Documents/GitHub/Verdant_Ash/Content/Blueprint/UI_Widgets/WBP_Audio_SubMenu.uasset" 1414
"C:/Users/desho/OneDrive/Documents/GitHub/Verdant_Ash/Content/Blueprint/UI_Widgets/WBP_Audio_SubMenu.uexp" 1415
"C:/Users/desho/OneDrive/Documents/GitHub/Verdant_Ash/Content/Blueprint/UI_Widgets/WBP_ControlsOptions.uasset" 1416
"C:/Users/desho/OneDrive/Documents/GitHub/Verdant_Ash/Content/Blueprint/UI_Widgets/WBP_ControlsOptions.uexp" 1417
"C:/Users/desho/OneDrive/Documents/GitHub/Verdant_Ash/Content/UI_Materials/Images/IMG_0085.uasset" 1418
"C:/Users/desho/OneDrive/Documents/GitHub/Verdant_Ash/Content/UI_Materials/Images/IMG_0085.uexp" 1419
"C:/Users/desho/OneDrive/Documents/GitHub/Verdant_Ash/Content/Blueprint/UI_Widgets/WBP_Visuals_SubMenu.uasset" 1420
"C:/Users/desho/OneDrive/Documents/GitHub/Verdant_Ash/Content/Blueprint/UI_Widgets/WBP_Visuals_SubMenu.uexp" 1421
"C:/Users/desho/OneDrive/Documents/GitHub/Verdant_Ash/Content/Blueprint/UI_Widgets/WBP_OptionsMenu.uasset" 1422
"C:/Users/desho/OneDrive/Documents/GitHub/Verdant_Ash/Content/Blueprint/UI_Widgets/WBP_OptionsMenu.uexp" 1423
"C:/Users/desho/OneDrive/Documents/GitHub/Verdant_Ash/Content/Blueprint/UI_Widgets/WBP_PauseMenu.uasset" 1424
"C:/Users/desho/OneDrive/Documents/GitHub/Verdant_Ash/Content/Blueprint/UI_Widgets/WBP_PauseMenu.uexp" 1425
"C:/Users/desho/OneDrive/Documents/GitHub/Verdant_Ash/Content/Blueprint/Health/Damage/S_DamageTypeCData.uasset" 1426
"C:/Users/desho/OneDrive/Documents/GitHub/Verdant_Ash/Content/Blueprint/Health/Damage/S_DamageTypeCData.uexp" 1427
"C:/Users/desho/OneDrive/Documents/GitHub/Verdant_Ash/Content/Blueprint/Health/Damage/DT_DamageTypeC.uasset" 1428
"C:/Users/desho/OneDrive/Documents/GitHub/Verdant_Ash/Content/Blueprint/Health/Damage/DT_DamageTypeC.uexp" 1429
"C:/Users/desho/OneDrive/Documents/GitHub/Verdant_Ash/Content/Blueprint/Health/Damage/PARENTS/BP_DamageType_PARENT.uasset" 1430
"C:/Users/desho/OneDrive/Documents/GitHub/Verdant_Ash/Content/Blueprint/Health/Damage/PARENTS/BP_DamageType_PARENT.uexp" 1431
"C:/Users/desho/OneDrive/Documents/GitHub/Verdant_Ash/Content/Blueprint/UI_Widgets/Health_Widgets/BP_EnemyHealthBar.uasset" 1432
"C:/Users/desho/OneDrive/Documents/GitHub/Verdant_Ash/Content/Blueprint/UI_Widgets/Health_Widgets/BP_EnemyHealthBar.uexp" 1433
"C:/Users/desho/OneDrive/Documents/GitHub/Verdant_Ash/Content/Blueprint/Health/AC_Health.uasset" 1434
"C:/Users/desho/OneDrive/Documents/GitHub/Verdant_Ash/Content/Blueprint/Health/AC_Health.uexp" 1435
"C:/Users/desho/OneDrive/Documents/GitHub/Verdant_Ash/Content/Blueprint/Health/Damage/BP_DamageType_EnergyBlast.uasset" 1436
"C:/Users/desho/OneDrive/Documents/GitHub/Verdant_Ash/Content/Blueprint/Health/Damage/BP_DamageType_EnergyBlast.uexp" 1437
"C:/Users/desho/OneDrive/Documents/GitHub/Verdant_Ash/Content/SFX_Music/SFX/Objective_Sound.ubulk" 1438
"C:/Users/desho/OneDrive/Documents/GitHub/Verdant_Ash/Content/SFX_Music/SFX/Objective_Sound.uasset" 1439
"C:/Users/desho/OneDrive/Documents/GitHub/Verdant_Ash/Content/SFX_Music/SFX/Objective_Sound.uexp" 1440
"C:/Users/desho/OneDrive/Documents/GitHub/Verdant_Ash/Content/UI_Materials/Fonts/WindyWoodDemo-nEvO.uexp" 1441
"C:/Users/desho/OneDrive/Documents/GitHub/Verdant_Ash/Content/UI_Materials/Fonts/WindyWoodDemo-nEvO.uasset" 1442
"C:/Users/desho/OneDrive/Documents/GitHub/Verdant_Ash/Content/UI_Materials/Fonts/WindyWoodDemo-nEvO.ufont" 1443
"C:/Users/desho/OneDrive/Documents/GitHub/Verdant_Ash/Content/UI_Materials/Fonts/WindyWoodDemo-nEvO_Font.uasset" 1444
"C:/Users/desho/OneDrive/Documents/GitHub/Verdant_Ash/Content/UI_Materials/Fonts/WindyWoodDemo-nEvO_Font.uexp" 1445
"C:/Users/desho/OneDrive/Documents/GitHub/Verdant_Ash/Content/Blueprint/UI_Widgets/Objective/WBP_Objective.uasset" 1446
"C:/Users/desho/OneDrive/Documents/GitHub/Verdant_Ash/Content/Blueprint/UI_Widgets/Objective/WBP_Objective.uexp" 1447
"C:/Users/desho/OneDrive/Documents/GitHub/Verdant_Ash/Content/Blueprint/UI_Widgets/Objective/WBP_ObjectiveComplete.uasset" 1448
"C:/Users/desho/OneDrive/Documents/GitHub/Verdant_Ash/Content/Blueprint/UI_Widgets/Objective/WBP_ObjectiveComplete.uexp" 1449
"C:/Users/desho/OneDrive/Documents/GitHub/Verdant_Ash/Content/Blueprint/Interact/Interact_NPC/BPI_Talk.uasset" 1450
"C:/Users/desho/OneDrive/Documents/GitHub/Verdant_Ash/Content/Blueprint/Interact/Interact_NPC/BPI_Talk.uexp" 1451
"C:/Users/desho/OneDrive/Documents/GitHub/Verdant_Ash/Content/Blueprint/Objectives/BP_ObjectivePoint.uasset" 1452
"C:/Users/desho/OneDrive/Documents/GitHub/Verdant_Ash/Content/Blueprint/Objectives/BP_ObjectivePoint.uexp" 1453
"C:/Users/desho/OneDrive/Documents/GitHub/Verdant_Ash/Content/SFX_Music/SFX/artificiallyinspired-cute-alien-noises-291369.ubulk" 1454
"C:/Users/desho/OneDrive/Documents/GitHub/Verdant_Ash/Content/SFX_Music/SFX/artificiallyinspired-cute-alien-noises-291369.uasset" 1455
"C:/Users/desho/OneDrive/Documents/GitHub/Verdant_Ash/Content/SFX_Music/SFX/artificiallyinspired-cute-alien-noises-291369.uexp" 1456
"C:/Users/desho/OneDrive/Documents/GitHub/Verdant_Ash/Content/Character/NPC/TExtures/female_npc_Clothes_Female_NPC_BaseColor.ubulk" 1457
"C:/Users/desho/OneDrive/Documents/GitHub/Verdant_Ash/Content/Character/NPC/TExtures/female_npc_Clothes_Female_NPC_BaseColor.uasset" 1458
"C:/Users/desho/OneDrive/Documents/GitHub/Verdant_Ash/Content/Character/NPC/TExtures/female_npc_Clothes_Female_NPC_BaseColor.uexp" 1459
"C:/Users/desho/OneDrive/Documents/GitHub/Verdant_Ash/Content/Character/NPC/TExtures/female_npc_Clothes_Female_NPC_Metallic.ubulk" 1460
"C:/Users/desho/OneDrive/Documents/GitHub/Verdant_Ash/Content/Character/NPC/TExtures/female_npc_Clothes_Female_NPC_Metallic.uasset" 1461
"C:/Users/desho/OneDrive/Documents/GitHub/Verdant_Ash/Content/Character/NPC/TExtures/female_npc_Clothes_Female_NPC_Metallic.uexp" 1462
"C:/Users/desho/OneDrive/Documents/GitHub/Verdant_Ash/Content/Character/NPC/TExtures/female_npc_Clothes_Female_NPC_Normal.ubulk" 1463
"C:/Users/desho/OneDrive/Documents/GitHub/Verdant_Ash/Content/Character/NPC/TExtures/female_npc_Clothes_Female_NPC_Normal.uasset" 1464
"C:/Users/desho/OneDrive/Documents/GitHub/Verdant_Ash/Content/Character/NPC/TExtures/female_npc_Clothes_Female_NPC_Normal.uexp" 1465
"C:/Users/desho/OneDrive/Documents/GitHub/Verdant_Ash/Content/Character/NPC/TExtures/female_npc_Clothes_Female_NPC_Roughness.ubulk" 1466
"C:/Users/desho/OneDrive/Documents/GitHub/Verdant_Ash/Content/Character/NPC/TExtures/female_npc_Clothes_Female_NPC_Roughness.uasset" 1467
"C:/Users/desho/OneDrive/Documents/GitHub/Verdant_Ash/Content/Character/NPC/TExtures/female_npc_Clothes_Female_NPC_Roughness.uexp" 1468
"C:/Users/desho/OneDrive/Documents/GitHub/Verdant_Ash/Content/Character/NPC/Materials/femalenpcclothes.uasset" 1469
"C:/Users/desho/OneDrive/Documents/GitHub/Verdant_Ash/Content/Character/NPC/Materials/femalenpcclothes.uexp" 1470
"C:/Users/desho/OneDrive/Documents/GitHub/Verdant_Ash/Content/Character/NPC/Materials/IN_femalenpcclothes_Inst.uasset" 1471
"C:/Users/desho/OneDrive/Documents/GitHub/Verdant_Ash/Content/Character/NPC/Materials/IN_femalenpcclothes_Inst.uexp" 1472
"C:/Users/desho/OneDrive/Documents/GitHub/Verdant_Ash/Content/Character/NPC/TExtures/female_npc_FEmale_NPc_Skin_BaseColor.ubulk" 1473
"C:/Users/desho/OneDrive/Documents/GitHub/Verdant_Ash/Content/Character/NPC/TExtures/female_npc_FEmale_NPc_Skin_BaseColor.uasset" 1474
"C:/Users/desho/OneDrive/Documents/GitHub/Verdant_Ash/Content/Character/NPC/TExtures/female_npc_FEmale_NPc_Skin_BaseColor.uexp" 1475
"C:/Users/desho/OneDrive/Documents/GitHub/Verdant_Ash/Content/Character/NPC/TExtures/female_npc_FEmale_NPc_Skin_Metallic.ubulk" 1476
"C:/Users/desho/OneDrive/Documents/GitHub/Verdant_Ash/Content/Character/NPC/TExtures/female_npc_FEmale_NPc_Skin_Metallic.uasset" 1477
"C:/Users/desho/OneDrive/Documents/GitHub/Verdant_Ash/Content/Character/NPC/TExtures/female_npc_FEmale_NPc_Skin_Metallic.uexp" 1478
"C:/Users/desho/OneDrive/Documents/GitHub/Verdant_Ash/Content/Character/NPC/TExtures/female_npc_FEmale_NPc_Skin_Normal.ubulk" 1479
"C:/Users/desho/OneDrive/Documents/GitHub/Verdant_Ash/Content/Character/NPC/TExtures/female_npc_FEmale_NPc_Skin_Normal.uasset" 1480
"C:/Users/desho/OneDrive/Documents/GitHub/Verdant_Ash/Content/Character/NPC/TExtures/female_npc_FEmale_NPc_Skin_Normal.uexp" 1481
"C:/Users/desho/OneDrive/Documents/GitHub/Verdant_Ash/Content/Character/NPC/TExtures/female_npc_FEmale_NPc_Skin_Roughness.ubulk" 1482
"C:/Users/desho/OneDrive/Documents/GitHub/Verdant_Ash/Content/Character/NPC/TExtures/female_npc_FEmale_NPc_Skin_Roughness.uasset" 1483
"C:/Users/desho/OneDrive/Documents/GitHub/Verdant_Ash/Content/Character/NPC/TExtures/female_npc_FEmale_NPc_Skin_Roughness.uexp" 1484
"C:/Users/desho/OneDrive/Documents/GitHub/Verdant_Ash/Content/Character/NPC/Materials/FEmaleNPc.uasset" 1485
"C:/Users/desho/OneDrive/Documents/GitHub/Verdant_Ash/Content/Character/NPC/Materials/FEmaleNPc.uexp" 1486
"C:/Users/desho/OneDrive/Documents/GitHub/Verdant_Ash/Content/Character/NPC/Materials/IN_FEmaleNPc_Inst.uasset" 1487
"C:/Users/desho/OneDrive/Documents/GitHub/Verdant_Ash/Content/Character/NPC/Materials/IN_FEmaleNPc_Inst.uexp" 1488
"C:/Users/desho/OneDrive/Documents/GitHub/Verdant_Ash/Content/Character/NPC/Animations/Catwalk_Idle_01__1__Skeleton.uasset" 1489
"C:/Users/desho/OneDrive/Documents/GitHub/Verdant_Ash/Content/Character/NPC/Animations/Catwalk_Idle_01__1__Skeleton.uexp" 1490
"C:/Users/desho/OneDrive/Documents/GitHub/Verdant_Ash/Content/Character/NPC/Animations/Catwalk_Idle_01__1_.uasset" 1491
"C:/Users/desho/OneDrive/Documents/GitHub/Verdant_Ash/Content/Character/NPC/Animations/Catwalk_Idle_01__1_.uexp" 1492
"../../../Engine/Plugins/Animation/ACLPlugin/Content/ACLAnimBoneCompressionSettings.uasset" 1493
"../../../Engine/Plugins/Animation/ACLPlugin/Content/ACLAnimBoneCompressionSettings.uexp" 1494
"C:/Users/desho/OneDrive/Documents/GitHub/Verdant_Ash/Content/Character/NPC/Animations/Catwalk_Idle_01__1__Anim.uasset" 1495
"C:/Users/desho/OneDrive/Documents/GitHub/Verdant_Ash/Content/Character/NPC/Animations/Catwalk_Idle_01__1__Anim.uexp" 1496
"C:/Users/desho/OneDrive/Documents/GitHub/Verdant_Ash/Content/Blueprint/Interact/Interact_NPC/P_NPC.uasset" 1497
"C:/Users/desho/OneDrive/Documents/GitHub/Verdant_Ash/Content/Blueprint/Interact/Interact_NPC/P_NPC.uexp" 1498
"C:/Users/desho/OneDrive/Documents/GitHub/Verdant_Ash/Content/UI_Materials/Images/Dialog_box_boarder.uasset" 1499
"C:/Users/desho/OneDrive/Documents/GitHub/Verdant_Ash/Content/UI_Materials/Images/Dialog_box_boarder.uexp" 1500
"C:/Users/desho/OneDrive/Documents/GitHub/Verdant_Ash/Content/Blueprint/Interact/Interact_NPC/WBP_NPCDialogue.uasset" 1501
"C:/Users/desho/OneDrive/Documents/GitHub/Verdant_Ash/Content/Blueprint/Interact/Interact_NPC/WBP_NPCDialogue.uexp" 1502
"C:/Users/desho/OneDrive/Documents/GitHub/Verdant_Ash/Content/Blueprint/Interact/Interact_NPC/BP_Dialogue_NPC1.uasset" 1503
"C:/Users/desho/OneDrive/Documents/GitHub/Verdant_Ash/Content/Blueprint/Interact/Interact_NPC/BP_Dialogue_NPC1.uexp" 1504
"C:/Users/desho/OneDrive/Documents/GitHub/Verdant_Ash/Content/VFX/NS_Key.uasset" 1505
"C:/Users/desho/OneDrive/Documents/GitHub/Verdant_Ash/Content/VFX/NS_Key.uexp" 1506
"C:/Users/desho/OneDrive/Documents/GitHub/Verdant_Ash/Content/Blueprint/Interact/Interact_HealthCollectable/P_Collect.uasset" 1507
"C:/Users/desho/OneDrive/Documents/GitHub/Verdant_Ash/Content/Blueprint/Interact/Interact_HealthCollectable/P_Collect.uexp" 1508
"../../../Engine/Plugins/Interchange/Assets/Content/gltf/MaterialInstances/MI_Default_Opaque_DS.uasset" 1509
"../../../Engine/Plugins/Interchange/Assets/Content/gltf/MaterialInstances/MI_Default_Opaque_DS.uexp" 1510
"C:/Users/desho/OneDrive/Documents/GitHub/Verdant_Ash/Content/Fab/Stylized_Sorcerer_s_Emerald/stylized_sorcerers_emerald/Textures/stylized_sorcerers_emerald_texture_0.ubulk" 1511
"C:/Users/desho/OneDrive/Documents/GitHub/Verdant_Ash/Content/Fab/Stylized_Sorcerer_s_Emerald/stylized_sorcerers_emerald/Textures/stylized_sorcerers_emerald_texture_0.uasset" 1512
"C:/Users/desho/OneDrive/Documents/GitHub/Verdant_Ash/Content/Fab/Stylized_Sorcerer_s_Emerald/stylized_sorcerers_emerald/Textures/stylized_sorcerers_emerald_texture_0.uexp" 1513
"C:/Users/desho/OneDrive/Documents/GitHub/Verdant_Ash/Content/Fab/Stylized_Sorcerer_s_Emerald/stylized_sorcerers_emerald/Materials/Crystal.uasset" 1514
"C:/Users/desho/OneDrive/Documents/GitHub/Verdant_Ash/Content/Fab/Stylized_Sorcerer_s_Emerald/stylized_sorcerers_emerald/Materials/Crystal.uexp" 1515
"C:/Users/desho/OneDrive/Documents/GitHub/Verdant_Ash/Content/Fab/Stylized_Sorcerer_s_Emerald/stylized_sorcerers_emerald/Materials/MetalBase.uasset" 1516
"C:/Users/desho/OneDrive/Documents/GitHub/Verdant_Ash/Content/Fab/Stylized_Sorcerer_s_Emerald/stylized_sorcerers_emerald/Materials/MetalBase.uexp" 1517
"C:/Users/desho/OneDrive/Documents/GitHub/Verdant_Ash/Content/Fab/Stylized_Sorcerer_s_Emerald/stylized_sorcerers_emerald/StaticMeshes/stylized_sorcerers_emerald.ubulk" 1518
"C:/Users/desho/OneDrive/Documents/GitHub/Verdant_Ash/Content/Fab/Stylized_Sorcerer_s_Emerald/stylized_sorcerers_emerald/StaticMeshes/stylized_sorcerers_emerald.uasset" 1519
"C:/Users/desho/OneDrive/Documents/GitHub/Verdant_Ash/Content/Fab/Stylized_Sorcerer_s_Emerald/stylized_sorcerers_emerald/StaticMeshes/stylized_sorcerers_emerald.uexp" 1520
"C:/Users/desho/OneDrive/Documents/GitHub/Verdant_Ash/Content/Blueprint/Interact/ObjectivePickup/Objectivepickup.uasset" 1521
"C:/Users/desho/OneDrive/Documents/GitHub/Verdant_Ash/Content/Blueprint/Interact/ObjectivePickup/Objectivepickup.uexp" 1522
"C:/Users/desho/OneDrive/Documents/GitHub/Verdant_Ash/Content/Animations/FB_Animations/Jump_End2.uasset" 1523
"C:/Users/desho/OneDrive/Documents/GitHub/Verdant_Ash/Content/Animations/FB_Animations/Jump_End2.uexp" 1524
"C:/Users/desho/OneDrive/Documents/GitHub/Verdant_Ash/Content/Animations/FB_Animations/Jump_Idle4.uasset" 1525
"C:/Users/desho/OneDrive/Documents/GitHub/Verdant_Ash/Content/Animations/FB_Animations/Jump_Idle4.uexp" 1526
"C:/Users/desho/OneDrive/Documents/GitHub/Verdant_Ash/Content/Animations/FB_Animations/Jump_Start_3.uasset" 1527
"C:/Users/desho/OneDrive/Documents/GitHub/Verdant_Ash/Content/Animations/FB_Animations/Jump_Start_3.uexp" 1528
"C:/Users/desho/OneDrive/Documents/GitHub/Verdant_Ash/Content/Animations/FB_Animations/Breathing_Idle1.uasset" 1529
"C:/Users/desho/OneDrive/Documents/GitHub/Verdant_Ash/Content/Animations/FB_Animations/Breathing_Idle1.uexp" 1530
"C:/Users/desho/OneDrive/Documents/GitHub/Verdant_Ash/Content/Animations/FB_Animations/Running1.uasset" 1531
"C:/Users/desho/OneDrive/Documents/GitHub/Verdant_Ash/Content/Animations/FB_Animations/Running1.uexp" 1532
"C:/Users/desho/OneDrive/Documents/GitHub/Verdant_Ash/Content/Animations/FB_Animations/Walking2.uasset" 1533
"C:/Users/desho/OneDrive/Documents/GitHub/Verdant_Ash/Content/Animations/FB_Animations/Walking2.uexp" 1534
"C:/Users/desho/OneDrive/Documents/GitHub/Verdant_Ash/Content/Blueprint/Foxbearer/ABS_Foxbearer.uasset" 1535
"C:/Users/desho/OneDrive/Documents/GitHub/Verdant_Ash/Content/Blueprint/Foxbearer/ABS_Foxbearer.uexp" 1536
"C:/Users/desho/OneDrive/Documents/GitHub/Verdant_Ash/Content/Blueprint/Foxbearer/ABP_Foxbearer.uasset" 1537
"C:/Users/desho/OneDrive/Documents/GitHub/Verdant_Ash/Content/Blueprint/Foxbearer/ABP_Foxbearer.uexp" 1538
"C:/Users/desho/OneDrive/Documents/GitHub/Verdant_Ash/Content/SFX_Music/SFX/soul_frequencies-tibetan-bowls-498961.ubulk" 1539
"C:/Users/desho/OneDrive/Documents/GitHub/Verdant_Ash/Content/SFX_Music/SFX/soul_frequencies-tibetan-bowls-498961.uasset" 1540
"C:/Users/desho/OneDrive/Documents/GitHub/Verdant_Ash/Content/SFX_Music/SFX/soul_frequencies-tibetan-bowls-498961.uexp" 1541
"C:/Users/desho/OneDrive/Documents/GitHub/Verdant_Ash/Content/Environment/Foliage/Textures/IMG_1991.ubulk" 1542
"C:/Users/desho/OneDrive/Documents/GitHub/Verdant_Ash/Content/Environment/Foliage/Textures/IMG_1991.uasset" 1543
"C:/Users/desho/OneDrive/Documents/GitHub/Verdant_Ash/Content/Environment/Foliage/Textures/IMG_1991.uexp" 1544
"C:/Users/desho/OneDrive/Documents/GitHub/Verdant_Ash/Content/Environment/Foliage/Textures/IMG_1992.ubulk" 1545
"C:/Users/desho/OneDrive/Documents/GitHub/Verdant_Ash/Content/Environment/Foliage/Textures/IMG_1992.uasset" 1546
"C:/Users/desho/OneDrive/Documents/GitHub/Verdant_Ash/Content/Environment/Foliage/Textures/IMG_1992.uexp" 1547
"C:/Users/desho/OneDrive/Documents/GitHub/Verdant_Ash/Content/Environment/Foliage/Materials/Flowers.uasset" 1548
"C:/Users/desho/OneDrive/Documents/GitHub/Verdant_Ash/Content/Environment/Foliage/Materials/Flowers.uexp" 1549
"C:/Users/desho/OneDrive/Documents/GitHub/Verdant_Ash/Content/Environment/Foliage/Materials/IN_Flowers_Inst.uasset" 1550
"C:/Users/desho/OneDrive/Documents/GitHub/Verdant_Ash/Content/Environment/Foliage/Materials/IN_Flowers_Inst.uexp" 1551
"C:/Users/desho/OneDrive/Documents/GitHub/Verdant_Ash/Content/Environment/Foliage/Meshes/Flower.ubulk" 1552
"C:/Users/desho/OneDrive/Documents/GitHub/Verdant_Ash/Content/Environment/Foliage/Meshes/Flower.uasset" 1553
"C:/Users/desho/OneDrive/Documents/GitHub/Verdant_Ash/Content/Environment/Foliage/Meshes/Flower.uexp" 1554
"C:/Users/desho/OneDrive/Documents/GitHub/Verdant_Ash/Content/Blueprint/Interact/Interact_HealthCollectable/BP_Collect_Health.uasset" 1555
"C:/Users/desho/OneDrive/Documents/GitHub/Verdant_Ash/Content/Blueprint/Interact/Interact_HealthCollectable/BP_Collect_Health.uexp" 1556
"C:/Users/desho/OneDrive/Documents/GitHub/Verdant_Ash/Content/Character/NPC/TExtures/npc_texture_ready_NPc_clothes_4_BaseColor.ubulk" 1557
"C:/Users/desho/OneDrive/Documents/GitHub/Verdant_Ash/Content/Character/NPC/TExtures/npc_texture_ready_NPc_clothes_4_BaseColor.uasset" 1558
"C:/Users/desho/OneDrive/Documents/GitHub/Verdant_Ash/Content/Character/NPC/TExtures/npc_texture_ready_NPc_clothes_4_BaseColor.uexp" 1559
"C:/Users/desho/OneDrive/Documents/GitHub/Verdant_Ash/Content/Character/NPC/TExtures/npc_texture_ready_NPc_clothes_4_Metallic.ubulk" 1560
"C:/Users/desho/OneDrive/Documents/GitHub/Verdant_Ash/Content/Character/NPC/TExtures/npc_texture_ready_NPc_clothes_4_Metallic.uasset" 1561
"C:/Users/desho/OneDrive/Documents/GitHub/Verdant_Ash/Content/Character/NPC/TExtures/npc_texture_ready_NPc_clothes_4_Metallic.uexp" 1562
"C:/Users/desho/OneDrive/Documents/GitHub/Verdant_Ash/Content/Character/NPC/TExtures/npc_texture_ready_NPc_clothes_4_Normal.ubulk" 1563
"C:/Users/desho/OneDrive/Documents/GitHub/Verdant_Ash/Content/Character/NPC/TExtures/npc_texture_ready_NPc_clothes_4_Normal.uasset" 1564
"C:/Users/desho/OneDrive/Documents/GitHub/Verdant_Ash/Content/Character/NPC/TExtures/npc_texture_ready_NPc_clothes_4_Normal.uexp" 1565
"C:/Users/desho/OneDrive/Documents/GitHub/Verdant_Ash/Content/Character/NPC/TExtures/npc_texture_ready_NPc_clothes_4_Roughness.ubulk" 1566
"C:/Users/desho/OneDrive/Documents/GitHub/Verdant_Ash/Content/Character/NPC/TExtures/npc_texture_ready_NPc_clothes_4_Roughness.uasset" 1567
"C:/Users/desho/OneDrive/Documents/GitHub/Verdant_Ash/Content/Character/NPC/TExtures/npc_texture_ready_NPc_clothes_4_Roughness.uexp" 1568
"C:/Users/desho/OneDrive/Documents/GitHub/Verdant_Ash/Content/Character/NPC/Materials/NPC4.uasset" 1569
"C:/Users/desho/OneDrive/Documents/GitHub/Verdant_Ash/Content/Character/NPC/Materials/NPC4.uexp" 1570
"C:/Users/desho/OneDrive/Documents/GitHub/Verdant_Ash/Content/Character/NPC/Materials/IN_NPC4_Inst.uasset" 1571
"C:/Users/desho/OneDrive/Documents/GitHub/Verdant_Ash/Content/Character/NPC/Materials/IN_NPC4_Inst.uexp" 1572
"C:/Users/desho/OneDrive/Documents/GitHub/Verdant_Ash/Content/Character/NPC/TExtures/npc_texture_ready_NPC_4_body_BaseColor.ubulk" 1573
"C:/Users/desho/OneDrive/Documents/GitHub/Verdant_Ash/Content/Character/NPC/TExtures/npc_texture_ready_NPC_4_body_BaseColor.uasset" 1574
"C:/Users/desho/OneDrive/Documents/GitHub/Verdant_Ash/Content/Character/NPC/TExtures/npc_texture_ready_NPC_4_body_BaseColor.uexp" 1575
"C:/Users/desho/OneDrive/Documents/GitHub/Verdant_Ash/Content/Character/NPC/TExtures/npc_texture_ready_NPC_4_body_Metallic.ubulk" 1576
"C:/Users/desho/OneDrive/Documents/GitHub/Verdant_Ash/Content/Character/NPC/TExtures/npc_texture_ready_NPC_4_body_Metallic.uasset" 1577
"C:/Users/desho/OneDrive/Documents/GitHub/Verdant_Ash/Content/Character/NPC/TExtures/npc_texture_ready_NPC_4_body_Metallic.uexp" 1578
"C:/Users/desho/OneDrive/Documents/GitHub/Verdant_Ash/Content/Character/NPC/TExtures/npc_texture_ready_NPC_4_body_Normal.ubulk" 1579
"C:/Users/desho/OneDrive/Documents/GitHub/Verdant_Ash/Content/Character/NPC/TExtures/npc_texture_ready_NPC_4_body_Normal.uasset" 1580
"C:/Users/desho/OneDrive/Documents/GitHub/Verdant_Ash/Content/Character/NPC/TExtures/npc_texture_ready_NPC_4_body_Normal.uexp" 1581
"C:/Users/desho/OneDrive/Documents/GitHub/Verdant_Ash/Content/Character/NPC/Materials/NPCbodyd.uasset" 1582
"C:/Users/desho/OneDrive/Documents/GitHub/Verdant_Ash/Content/Character/NPC/Materials/NPCbodyd.uexp" 1583
"C:/Users/desho/OneDrive/Documents/GitHub/Verdant_Ash/Content/Character/NPC/Materials/IN_NPCbodyd_Inst.uasset" 1584
"C:/Users/desho/OneDrive/Documents/GitHub/Verdant_Ash/Content/Character/NPC/Materials/IN_NPCbodyd_Inst.uexp" 1585
"C:/Users/desho/OneDrive/Documents/GitHub/Verdant_Ash/Content/Character/NPC/Animations/Injured_Idle_Skeleton.uasset" 1586
"C:/Users/desho/OneDrive/Documents/GitHub/Verdant_Ash/Content/Character/NPC/Animations/Injured_Idle_Skeleton.uexp" 1587
"C:/Users/desho/OneDrive/Documents/GitHub/Verdant_Ash/Content/Character/NPC/Animations/Injured_Idle.uasset" 1588
"C:/Users/desho/OneDrive/Documents/GitHub/Verdant_Ash/Content/Character/NPC/Animations/Injured_Idle.uexp" 1589
"C:/Users/desho/OneDrive/Documents/GitHub/Verdant_Ash/Content/Character/NPC/Animations/Injured_Idle_Anim.uasset" 1590
"C:/Users/desho/OneDrive/Documents/GitHub/Verdant_Ash/Content/Character/NPC/Animations/Injured_Idle_Anim.uexp" 1591
"C:/Users/desho/OneDrive/Documents/GitHub/Verdant_Ash/Content/Blueprint/Interact/Interact_NPC/BP_Dialogue_NPC2.uasset" 1592
"C:/Users/desho/OneDrive/Documents/GitHub/Verdant_Ash/Content/Blueprint/Interact/Interact_NPC/BP_Dialogue_NPC2.uexp" 1593
"C:/Users/desho/OneDrive/Documents/GitHub/Verdant_Ash/Content/Blueprint/Interact/Interact_Keys/P_CollectKey.uasset" 1594
"C:/Users/desho/OneDrive/Documents/GitHub/Verdant_Ash/Content/Blueprint/Interact/Interact_Keys/P_CollectKey.uexp" 1595
"C:/Users/desho/OneDrive/Documents/GitHub/Verdant_Ash/Content/Blueprint/Interact/Interact_VerdantCrystal/Block/P_Block_VerdantCrystal.uasset" 1596
"C:/Users/desho/OneDrive/Documents/GitHub/Verdant_Ash/Content/Blueprint/Interact/Interact_VerdantCrystal/Block/P_Block_VerdantCrystal.uexp" 1597
"C:/Users/desho/OneDrive/Documents/GitHub/Verdant_Ash/Content/Blueprint/Interact/ObjectivePickup/ShardAppear.uasset" 1598
"C:/Users/desho/OneDrive/Documents/GitHub/Verdant_Ash/Content/Blueprint/Interact/ObjectivePickup/ShardAppear.uexp" 1599
"C:/Users/desho/OneDrive/Documents/GitHub/Verdant_Ash/Content/Blueprint/Interact/Interact_VerdantCrystal/Block/BP_Block_VerdantCrystal.uasset" 1600
"C:/Users/desho/OneDrive/Documents/GitHub/Verdant_Ash/Content/Blueprint/Interact/Interact_VerdantCrystal/Block/BP_Block_VerdantCrystal.uexp" 1601
"C:/Users/desho/OneDrive/Documents/GitHub/Verdant_Ash/Content/VFX/NS_Verdant.uasset" 1602
"C:/Users/desho/OneDrive/Documents/GitHub/Verdant_Ash/Content/VFX/NS_Verdant.uexp" 1603
"C:/Users/desho/OneDrive/Documents/GitHub/Verdant_Ash/Content/Character/VerdantCrystal/verdant_crystal_texture_ready_Versant_Crystal_BaseColor.ubulk" 1604
"C:/Users/desho/OneDrive/Documents/GitHub/Verdant_Ash/Content/Character/VerdantCrystal/verdant_crystal_texture_ready_Versant_Crystal_BaseColor.uasset" 1605
"C:/Users/desho/OneDrive/Documents/GitHub/Verdant_Ash/Content/Character/VerdantCrystal/verdant_crystal_texture_ready_Versant_Crystal_BaseColor.uexp" 1606
"C:/Users/desho/OneDrive/Documents/GitHub/Verdant_Ash/Content/Character/VerdantCrystal/verdant_crystal_texture_ready_Versant_Crystal_Emissive.ubulk" 1607
"C:/Users/desho/OneDrive/Documents/GitHub/Verdant_Ash/Content/Character/VerdantCrystal/verdant_crystal_texture_ready_Versant_Crystal_Emissive.uasset" 1608
"C:/Users/desho/OneDrive/Documents/GitHub/Verdant_Ash/Content/Character/VerdantCrystal/verdant_crystal_texture_ready_Versant_Crystal_Emissive.uexp" 1609
"C:/Users/desho/OneDrive/Documents/GitHub/Verdant_Ash/Content/Character/VerdantCrystal/verdant_crystal_texture_ready_Versant_Crystal_Metallic.ubulk" 1610
"C:/Users/desho/OneDrive/Documents/GitHub/Verdant_Ash/Content/Character/VerdantCrystal/verdant_crystal_texture_ready_Versant_Crystal_Metallic.uasset" 1611
"C:/Users/desho/OneDrive/Documents/GitHub/Verdant_Ash/Content/Character/VerdantCrystal/verdant_crystal_texture_ready_Versant_Crystal_Metallic.uexp" 1612
"C:/Users/desho/OneDrive/Documents/GitHub/Verdant_Ash/Content/Character/VerdantCrystal/verdant_crystal_texture_ready_Versant_Crystal_Normal.ubulk" 1613
"C:/Users/desho/OneDrive/Documents/GitHub/Verdant_Ash/Content/Character/VerdantCrystal/verdant_crystal_texture_ready_Versant_Crystal_Normal.uasset" 1614
"C:/Users/desho/OneDrive/Documents/GitHub/Verdant_Ash/Content/Character/VerdantCrystal/verdant_crystal_texture_ready_Versant_Crystal_Normal.uexp" 1615
"C:/Users/desho/OneDrive/Documents/GitHub/Verdant_Ash/Content/Character/VerdantCrystal/verdant_crystal_texture_ready_Versant_Crystal_Roughness.ubulk" 1616
"C:/Users/desho/OneDrive/Documents/GitHub/Verdant_Ash/Content/Character/VerdantCrystal/verdant_crystal_texture_ready_Versant_Crystal_Roughness.uasset" 1617
"C:/Users/desho/OneDrive/Documents/GitHub/Verdant_Ash/Content/Character/VerdantCrystal/verdant_crystal_texture_ready_Versant_Crystal_Roughness.uexp" 1618
"C:/Users/desho/OneDrive/Documents/GitHub/Verdant_Ash/Content/Character/VerdantCrystal/VErdantCrystal.uasset" 1619
"C:/Users/desho/OneDrive/Documents/GitHub/Verdant_Ash/Content/Character/VerdantCrystal/VErdantCrystal.uexp" 1620
"C:/Users/desho/OneDrive/Documents/GitHub/Verdant_Ash/Content/Character/VerdantCrystal/verdant_crystal_texture_ready.ubulk" 1621
"C:/Users/desho/OneDrive/Documents/GitHub/Verdant_Ash/Content/Character/VerdantCrystal/verdant_crystal_texture_ready.uasset" 1622
"C:/Users/desho/OneDrive/Documents/GitHub/Verdant_Ash/Content/Character/VerdantCrystal/verdant_crystal_texture_ready.uexp" 1623
"C:/Users/desho/OneDrive/Documents/GitHub/Verdant_Ash/Content/Blueprint/Interact/Interact_VerdantCrystal/Collect/P_Collect_Verdant_Crystal.uasset" 1624
"C:/Users/desho/OneDrive/Documents/GitHub/Verdant_Ash/Content/Blueprint/Interact/Interact_VerdantCrystal/Collect/P_Collect_Verdant_Crystal.uexp" 1625
"C:/Users/desho/OneDrive/Documents/GitHub/Verdant_Ash/Content/Blueprint/Interact/Interact_VerdantCrystal/Collect/BP_Collect_Verdant_Crystal.uasset" 1626
"C:/Users/desho/OneDrive/Documents/GitHub/Verdant_Ash/Content/Blueprint/Interact/Interact_VerdantCrystal/Collect/BP_Collect_Verdant_Crystal.uexp" 1627
"C:/Users/desho/OneDrive/Documents/GitHub/Verdant_Ash/Content/SFX_Music/SFX/yodguard-healing-magic-4-378668.ubulk" 1628
"C:/Users/desho/OneDrive/Documents/GitHub/Verdant_Ash/Content/SFX_Music/SFX/yodguard-healing-magic-4-378668.uasset" 1629
"C:/Users/desho/OneDrive/Documents/GitHub/Verdant_Ash/Content/SFX_Music/SFX/yodguard-healing-magic-4-378668.uexp" 1630
"C:/Users/desho/OneDrive/Documents/GitHub/Verdant_Ash/Content/Blueprint/Interact/Interact_HealthCollectableTutorial/P_CollectableHealthTutorial.uasset" 1631
"C:/Users/desho/OneDrive/Documents/GitHub/Verdant_Ash/Content/Blueprint/Interact/Interact_HealthCollectableTutorial/P_CollectableHealthTutorial.uexp" 1632
"C:/Users/desho/OneDrive/Documents/GitHub/Verdant_Ash/Content/Blueprint/Interact/Interact_HealthCollectableTutorial/P_HealthTutorial.uasset" 1633
"C:/Users/desho/OneDrive/Documents/GitHub/Verdant_Ash/Content/Blueprint/Interact/Interact_HealthCollectableTutorial/P_HealthTutorial.uexp" 1634
"C:/Users/desho/OneDrive/Documents/GitHub/Verdant_Ash/Content/Blueprint/Interact/Interact_HealthCollectableTutorial/BP_Collect_HealthTutorial.uasset" 1635
"C:/Users/desho/OneDrive/Documents/GitHub/Verdant_Ash/Content/Blueprint/Interact/Interact_HealthCollectableTutorial/BP_Collect_HealthTutorial.uexp" 1636
"C:/Users/desho/OneDrive/Documents/GitHub/Verdant_Ash/Content/Character/Foxbearer/Textures/Character_Texture_ready_Main_Character_Metallic.ubulk" 1637
"C:/Users/desho/OneDrive/Documents/GitHub/Verdant_Ash/Content/Character/Foxbearer/Textures/Character_Texture_ready_Main_Character_Metallic.uasset" 1638
"C:/Users/desho/OneDrive/Documents/GitHub/Verdant_Ash/Content/Character/Foxbearer/Textures/Character_Texture_ready_Main_Character_Metallic.uexp" 1639
"C:/Users/desho/OneDrive/Documents/GitHub/Verdant_Ash/Content/Character/Foxbearer/Materials/Original/Foxbearer.uasset" 1640
"C:/Users/desho/OneDrive/Documents/GitHub/Verdant_Ash/Content/Character/Foxbearer/Materials/Original/Foxbearer.uexp" 1641
"C:/Users/desho/OneDrive/Documents/GitHub/Verdant_Ash/Content/Character/Foxbearer/Meshes/SKM_Cloak.uasset" 1642
"C:/Users/desho/OneDrive/Documents/GitHub/Verdant_Ash/Content/Character/Foxbearer/Meshes/SKM_Cloak.uexp" 1643
"C:/Users/desho/OneDrive/Documents/GitHub/Verdant_Ash/Content/SFX_Music/SFX/Spawn_sfx.ubulk" 1644
"C:/Users/desho/OneDrive/Documents/GitHub/Verdant_Ash/Content/SFX_Music/SFX/Spawn_sfx.uasset" 1645
"C:/Users/desho/OneDrive/Documents/GitHub/Verdant_Ash/Content/SFX_Music/SFX/Spawn_sfx.uexp" 1646
"C:/Users/desho/OneDrive/Documents/GitHub/Verdant_Ash/Content/Blueprint/Health/Damage/BP_DamageType_Heal.uasset" 1647
"C:/Users/desho/OneDrive/Documents/GitHub/Verdant_Ash/Content/Blueprint/Health/Damage/BP_DamageType_Heal.uexp" 1648
"C:/Users/desho/OneDrive/Documents/GitHub/Verdant_Ash/Content/Blueprint/Interact/ObjectivePickup/WBP_Shards_Collected.uasset" 1649
"C:/Users/desho/OneDrive/Documents/GitHub/Verdant_Ash/Content/Blueprint/Interact/ObjectivePickup/WBP_Shards_Collected.uexp" 1650
"C:/Users/desho/OneDrive/Documents/GitHub/Verdant_Ash/Content/Blueprint/Foxbearer/BP_Foxbearer.uasset" 1651
"C:/Users/desho/OneDrive/Documents/GitHub/Verdant_Ash/Content/Blueprint/Foxbearer/BP_Foxbearer.uexp" 1652
"C:/Users/desho/OneDrive/Documents/GitHub/Verdant_Ash/Content/Blueprint/GameMode/FBGameMode.uasset" 1653
"C:/Users/desho/OneDrive/Documents/GitHub/Verdant_Ash/Content/Blueprint/GameMode/FBGameMode.uexp" 1654
"C:/Users/desho/OneDrive/Documents/GitHub/Verdant_Ash/Content/Environment/Environment_Props/Textures/Opacity_5.ubulk" 1655
"C:/Users/desho/OneDrive/Documents/GitHub/Verdant_Ash/Content/Environment/Environment_Props/Textures/Opacity_5.uasset" 1656
"C:/Users/desho/OneDrive/Documents/GitHub/Verdant_Ash/Content/Environment/Environment_Props/Textures/Opacity_5.uexp" 1657
"C:/Users/desho/OneDrive/Documents/GitHub/Verdant_Ash/Content/Environment/Environment_Props/Textures/Test_Village_Props_First_BaseColor.ubulk" 1658
"C:/Users/desho/OneDrive/Documents/GitHub/Verdant_Ash/Content/Environment/Environment_Props/Textures/Test_Village_Props_First_BaseColor.uasset" 1659
"C:/Users/desho/OneDrive/Documents/GitHub/Verdant_Ash/Content/Environment/Environment_Props/Textures/Test_Village_Props_First_BaseColor.uexp" 1660
"C:/Users/desho/OneDrive/Documents/GitHub/Verdant_Ash/Content/Environment/Environment_Props/Textures/Test_Village_Props_First_Metallic.ubulk" 1661
"C:/Users/desho/OneDrive/Documents/GitHub/Verdant_Ash/Content/Environment/Environment_Props/Textures/Test_Village_Props_First_Metallic.uasset" 1662
"C:/Users/desho/OneDrive/Documents/GitHub/Verdant_Ash/Content/Environment/Environment_Props/Textures/Test_Village_Props_First_Metallic.uexp" 1663
"C:/Users/desho/OneDrive/Documents/GitHub/Verdant_Ash/Content/Environment/Environment_Props/Textures/Test_Village_Props_First_Normal.ubulk" 1664
"C:/Users/desho/OneDrive/Documents/GitHub/Verdant_Ash/Content/Environment/Environment_Props/Textures/Test_Village_Props_First_Normal.uasset" 1665
"C:/Users/desho/OneDrive/Documents/GitHub/Verdant_Ash/Content/Environment/Environment_Props/Textures/Test_Village_Props_First_Normal.uexp" 1666
"C:/Users/desho/OneDrive/Documents/GitHub/Verdant_Ash/Content/Environment/Environment_Props/Textures/Test_Village_Props_First_Roughness.ubulk" 1667
"C:/Users/desho/OneDrive/Documents/GitHub/Verdant_Ash/Content/Environment/Environment_Props/Textures/Test_Village_Props_First_Roughness.uasset" 1668
"C:/Users/desho/OneDrive/Documents/GitHub/Verdant_Ash/Content/Environment/Environment_Props/Textures/Test_Village_Props_First_Roughness.uexp" 1669
"C:/Users/desho/OneDrive/Documents/GitHub/Verdant_Ash/Content/Environment/Environment_Props/Materials/Originals/VillageProps3.uasset" 1670
"C:/Users/desho/OneDrive/Documents/GitHub/Verdant_Ash/Content/Environment/Environment_Props/Materials/Originals/VillageProps3.uexp" 1671
"C:/Users/desho/OneDrive/Documents/GitHub/Verdant_Ash/Content/Environment/Environment_Props/Materials/IN_VillageProps3_Inst.uasset" 1672
"C:/Users/desho/OneDrive/Documents/GitHub/Verdant_Ash/Content/Environment/Environment_Props/Materials/IN_VillageProps3_Inst.uexp" 1673
"C:/Users/desho/OneDrive/Documents/GitHub/Verdant_Ash/Content/Environment/Environment_Props/Meshes/berry_basket.ubulk" 1674
"C:/Users/desho/OneDrive/Documents/GitHub/Verdant_Ash/Content/Environment/Environment_Props/Meshes/berry_basket.uasset" 1675
"C:/Users/desho/OneDrive/Documents/GitHub/Verdant_Ash/Content/Environment/Environment_Props/Meshes/berry_basket.uexp" 1676
"C:/Users/desho/OneDrive/Documents/GitHub/Verdant_Ash/Content/Environment/Environment_Props/Meshes/big_round_table.ubulk" 1677
"C:/Users/desho/OneDrive/Documents/GitHub/Verdant_Ash/Content/Environment/Environment_Props/Meshes/big_round_table.uasset" 1678
"C:/Users/desho/OneDrive/Documents/GitHub/Verdant_Ash/Content/Environment/Environment_Props/Meshes/big_round_table.uexp" 1679
"C:/Users/desho/OneDrive/Documents/GitHub/Verdant_Ash/Content/Environment/Environment_Props/Meshes/big_table.ubulk" 1680
"C:/Users/desho/OneDrive/Documents/GitHub/Verdant_Ash/Content/Environment/Environment_Props/Meshes/big_table.uasset" 1681
"C:/Users/desho/OneDrive/Documents/GitHub/Verdant_Ash/Content/Environment/Environment_Props/Meshes/big_table.uexp" 1682
"C:/Users/desho/OneDrive/Documents/GitHub/Verdant_Ash/Content/Environment/Environment_Props/Meshes/big_table_cloth.ubulk" 1683
"C:/Users/desho/OneDrive/Documents/GitHub/Verdant_Ash/Content/Environment/Environment_Props/Meshes/big_table_cloth.uasset" 1684
"C:/Users/desho/OneDrive/Documents/GitHub/Verdant_Ash/Content/Environment/Environment_Props/Meshes/big_table_cloth.uexp" 1685
"C:/Users/desho/OneDrive/Documents/GitHub/Verdant_Ash/Content/Environment/Environment_Props/Meshes/bucket.ubulk" 1686
"C:/Users/desho/OneDrive/Documents/GitHub/Verdant_Ash/Content/Environment/Environment_Props/Meshes/bucket.uasset" 1687
"C:/Users/desho/OneDrive/Documents/GitHub/Verdant_Ash/Content/Environment/Environment_Props/Meshes/bucket.uexp" 1688
"C:/Users/desho/OneDrive/Documents/GitHub/Verdant_Ash/Content/Environment/Environment_Props/Textures/Village_buidings_texture_Village_Houses_BaseColor.ubulk" 1689
"C:/Users/desho/OneDrive/Documents/GitHub/Verdant_Ash/Content/Environment/Environment_Props/Textures/Village_buidings_texture_Village_Houses_BaseColor.uasset" 1690
"C:/Users/desho/OneDrive/Documents/GitHub/Verdant_Ash/Content/Environment/Environment_Props/Textures/Village_buidings_texture_Village_Houses_BaseColor.uexp" 1691
"C:/Users/desho/OneDrive/Documents/GitHub/Verdant_Ash/Content/Environment/Environment_Props/Textures/Village_buidings_texture_Village_Houses_Metallic.ubulk" 1692
"C:/Users/desho/OneDrive/Documents/GitHub/Verdant_Ash/Content/Environment/Environment_Props/Textures/Village_buidings_texture_Village_Houses_Metallic.uasset" 1693
"C:/Users/desho/OneDrive/Documents/GitHub/Verdant_Ash/Content/Environment/Environment_Props/Textures/Village_buidings_texture_Village_Houses_Metallic.uexp" 1694
"C:/Users/desho/OneDrive/Documents/GitHub/Verdant_Ash/Content/Environment/Environment_Props/Textures/Village_buidings_texture_Village_Houses_Normal.ubulk" 1695
"C:/Users/desho/OneDrive/Documents/GitHub/Verdant_Ash/Content/Environment/Environment_Props/Textures/Village_buidings_texture_Village_Houses_Normal.uasset" 1696
"C:/Users/desho/OneDrive/Documents/GitHub/Verdant_Ash/Content/Environment/Environment_Props/Textures/Village_buidings_texture_Village_Houses_Normal.uexp" 1697
"C:/Users/desho/OneDrive/Documents/GitHub/Verdant_Ash/Content/Environment/Environment_Props/Textures/Village_buidings_texture_Village_Houses_Roughness.ubulk" 1698
"C:/Users/desho/OneDrive/Documents/GitHub/Verdant_Ash/Content/Environment/Environment_Props/Textures/Village_buidings_texture_Village_Houses_Roughness.uasset" 1699
"C:/Users/desho/OneDrive/Documents/GitHub/Verdant_Ash/Content/Environment/Environment_Props/Textures/Village_buidings_texture_Village_Houses_Roughness.uexp" 1700
"C:/Users/desho/OneDrive/Documents/GitHub/Verdant_Ash/Content/Environment/Environment_Props/Materials/Originals/VillageHouses.uasset" 1701
"C:/Users/desho/OneDrive/Documents/GitHub/Verdant_Ash/Content/Environment/Environment_Props/Materials/Originals/VillageHouses.uexp" 1702
"C:/Users/desho/OneDrive/Documents/GitHub/Verdant_Ash/Content/Environment/Environment_Props/Materials/IN_VillageHouses_Inst.uasset" 1703
"C:/Users/desho/OneDrive/Documents/GitHub/Verdant_Ash/Content/Environment/Environment_Props/Materials/IN_VillageHouses_Inst.uexp" 1704
"C:/Users/desho/OneDrive/Documents/GitHub/Verdant_Ash/Content/Environment/Environment_Props/Meshes/Burrow_home.ubulk" 1705
"C:/Users/desho/OneDrive/Documents/GitHub/Verdant_Ash/Content/Environment/Environment_Props/Meshes/Burrow_home.uasset" 1706
"C:/Users/desho/OneDrive/Documents/GitHub/Verdant_Ash/Content/Environment/Environment_Props/Meshes/Burrow_home.uexp" 1707
"C:/Users/desho/OneDrive/Documents/GitHub/Verdant_Ash/Content/Environment/Environment_Props/Meshes/Clay_pot.ubulk" 1708
"C:/Users/desho/OneDrive/Documents/GitHub/Verdant_Ash/Content/Environment/Environment_Props/Meshes/Clay_pot.uasset" 1709
"C:/Users/desho/OneDrive/Documents/GitHub/Verdant_Ash/Content/Environment/Environment_Props/Meshes/Clay_pot.uexp" 1710
"C:/Users/desho/OneDrive/Documents/GitHub/Verdant_Ash/Content/Environment/Environment_Props/Meshes/Clay_pot1.ubulk" 1711
"C:/Users/desho/OneDrive/Documents/GitHub/Verdant_Ash/Content/Environment/Environment_Props/Meshes/Clay_pot1.uasset" 1712
"C:/Users/desho/OneDrive/Documents/GitHub/Verdant_Ash/Content/Environment/Environment_Props/Meshes/Clay_pot1.uexp" 1713
"C:/Users/desho/OneDrive/Documents/GitHub/Verdant_Ash/Content/Environment/Environment_Props/Textures/o.ubulk" 1714
"C:/Users/desho/OneDrive/Documents/GitHub/Verdant_Ash/Content/Environment/Environment_Props/Textures/o.uasset" 1715
"C:/Users/desho/OneDrive/Documents/GitHub/Verdant_Ash/Content/Environment/Environment_Props/Textures/o.uexp" 1716
"C:/Users/desho/OneDrive/Documents/GitHub/Verdant_Ash/Content/Environment/Environment_Props/Textures/Test_Attack_Props_Tutorial_BaseColor.ubulk" 1717
"C:/Users/desho/OneDrive/Documents/GitHub/Verdant_Ash/Content/Environment/Environment_Props/Textures/Test_Attack_Props_Tutorial_BaseColor.uasset" 1718
"C:/Users/desho/OneDrive/Documents/GitHub/Verdant_Ash/Content/Environment/Environment_Props/Textures/Test_Attack_Props_Tutorial_BaseColor.uexp" 1719
"C:/Users/desho/OneDrive/Documents/GitHub/Verdant_Ash/Content/Environment/Environment_Props/Textures/Test_Attack_Props_Tutorial_Metallic.ubulk" 1720
"C:/Users/desho/OneDrive/Documents/GitHub/Verdant_Ash/Content/Environment/Environment_Props/Textures/Test_Attack_Props_Tutorial_Metallic.uasset" 1721
"C:/Users/desho/OneDrive/Documents/GitHub/Verdant_Ash/Content/Environment/Environment_Props/Textures/Test_Attack_Props_Tutorial_Metallic.uexp" 1722
"C:/Users/desho/OneDrive/Documents/GitHub/Verdant_Ash/Content/Environment/Environment_Props/Textures/Test_Attack_Props_Tutorial_Normal.ubulk" 1723
"C:/Users/desho/OneDrive/Documents/GitHub/Verdant_Ash/Content/Environment/Environment_Props/Textures/Test_Attack_Props_Tutorial_Normal.uasset" 1724
"C:/Users/desho/OneDrive/Documents/GitHub/Verdant_Ash/Content/Environment/Environment_Props/Textures/Test_Attack_Props_Tutorial_Normal.uexp" 1725
"C:/Users/desho/OneDrive/Documents/GitHub/Verdant_Ash/Content/Environment/Environment_Props/Textures/Test_Attack_Props_Tutorial_Roughness.ubulk" 1726
"C:/Users/desho/OneDrive/Documents/GitHub/Verdant_Ash/Content/Environment/Environment_Props/Textures/Test_Attack_Props_Tutorial_Roughness.uasset" 1727
"C:/Users/desho/OneDrive/Documents/GitHub/Verdant_Ash/Content/Environment/Environment_Props/Textures/Test_Attack_Props_Tutorial_Roughness.uexp" 1728
"C:/Users/desho/OneDrive/Documents/GitHub/Verdant_Ash/Content/Environment/Environment_Props/Materials/Originals/Attacktutprop.uasset" 1729
"C:/Users/desho/OneDrive/Documents/GitHub/Verdant_Ash/Content/Environment/Environment_Props/Materials/Originals/Attacktutprop.uexp" 1730
"C:/Users/desho/OneDrive/Documents/GitHub/Verdant_Ash/Content/Environment/Environment_Props/Materials/IN_Attacktutprop_Inst.uasset" 1731
"C:/Users/desho/OneDrive/Documents/GitHub/Verdant_Ash/Content/Environment/Environment_Props/Materials/IN_Attacktutprop_Inst.uexp" 1732
"C:/Users/desho/OneDrive/Documents/GitHub/Verdant_Ash/Content/Environment/Environment_Props/Meshes/Firing_Range_Stand.ubulk" 1733
"C:/Users/desho/OneDrive/Documents/GitHub/Verdant_Ash/Content/Environment/Environment_Props/Meshes/Firing_Range_Stand.uasset" 1734
"C:/Users/desho/OneDrive/Documents/GitHub/Verdant_Ash/Content/Environment/Environment_Props/Meshes/Firing_Range_Stand.uexp" 1735
"C:/Users/desho/OneDrive/Documents/GitHub/Verdant_Ash/Content/Environment/Environment_Props/Textures/Opacity_spikewall.ubulk" 1736
"C:/Users/desho/OneDrive/Documents/GitHub/Verdant_Ash/Content/Environment/Environment_Props/Textures/Opacity_spikewall.uasset" 1737
"C:/Users/desho/OneDrive/Documents/GitHub/Verdant_Ash/Content/Environment/Environment_Props/Textures/Opacity_spikewall.uexp" 1738
"C:/Users/desho/OneDrive/Documents/GitHub/Verdant_Ash/Content/Environment/Environment_Props/Textures/spike_wall_low_Spike_wall_BaseColor.ubulk" 1739
"C:/Users/desho/OneDrive/Documents/GitHub/Verdant_Ash/Content/Environment/Environment_Props/Textures/spike_wall_low_Spike_wall_BaseColor.uasset" 1740
"C:/Users/desho/OneDrive/Documents/GitHub/Verdant_Ash/Content/Environment/Environment_Props/Textures/spike_wall_low_Spike_wall_BaseColor.uexp" 1741
"C:/Users/desho/OneDrive/Documents/GitHub/Verdant_Ash/Content/Environment/Environment_Props/Textures/spike_wall_low_Spike_wall_Normal.ubulk" 1742
"C:/Users/desho/OneDrive/Documents/GitHub/Verdant_Ash/Content/Environment/Environment_Props/Textures/spike_wall_low_Spike_wall_Normal.uasset" 1743
"C:/Users/desho/OneDrive/Documents/GitHub/Verdant_Ash/Content/Environment/Environment_Props/Textures/spike_wall_low_Spike_wall_Normal.uexp" 1744
"C:/Users/desho/OneDrive/Documents/GitHub/Verdant_Ash/Content/Environment/Environment_Props/Textures/spike_wall_low_Spike_wall_Roughness.ubulk" 1745
"C:/Users/desho/OneDrive/Documents/GitHub/Verdant_Ash/Content/Environment/Environment_Props/Textures/spike_wall_low_Spike_wall_Roughness.uasset" 1746
"C:/Users/desho/OneDrive/Documents/GitHub/Verdant_Ash/Content/Environment/Environment_Props/Textures/spike_wall_low_Spike_wall_Roughness.uexp" 1747
"C:/Users/desho/OneDrive/Documents/GitHub/Verdant_Ash/Content/Environment/Environment_Props/Materials/Originals/SpikeWall.uasset" 1748
"C:/Users/desho/OneDrive/Documents/GitHub/Verdant_Ash/Content/Environment/Environment_Props/Materials/Originals/SpikeWall.uexp" 1749
"C:/Users/desho/OneDrive/Documents/GitHub/Verdant_Ash/Content/Environment/Environment_Props/Materials/IN_SpikeWall_Inst.uasset" 1750
"C:/Users/desho/OneDrive/Documents/GitHub/Verdant_Ash/Content/Environment/Environment_Props/Materials/IN_SpikeWall_Inst.uexp" 1751
"C:/Users/desho/OneDrive/Documents/GitHub/Verdant_Ash/Content/Environment/Environment_Props/Meshes/Flat_SPike_Wall_low2.ubulk" 1752
"C:/Users/desho/OneDrive/Documents/GitHub/Verdant_Ash/Content/Environment/Environment_Props/Meshes/Flat_SPike_Wall_low2.uasset" 1753
"C:/Users/desho/OneDrive/Documents/GitHub/Verdant_Ash/Content/Environment/Environment_Props/Meshes/Flat_SPike_Wall_low2.uexp" 1754
"C:/Users/desho/OneDrive/Documents/GitHub/Verdant_Ash/Content/Environment/Environment_Props/Textures/Test_Garden_PLot_BaseColor.ubulk" 1755
"C:/Users/desho/OneDrive/Documents/GitHub/Verdant_Ash/Content/Environment/Environment_Props/Textures/Test_Garden_PLot_BaseColor.uasset" 1756
"C:/Users/desho/OneDrive/Documents/GitHub/Verdant_Ash/Content/Environment/Environment_Props/Textures/Test_Garden_PLot_BaseColor.uexp" 1757
"C:/Users/desho/OneDrive/Documents/GitHub/Verdant_Ash/Content/Environment/Environment_Props/Textures/Test_Garden_PLot_Metallic.ubulk" 1758
"C:/Users/desho/OneDrive/Documents/GitHub/Verdant_Ash/Content/Environment/Environment_Props/Textures/Test_Garden_PLot_Metallic.uasset" 1759
"C:/Users/desho/OneDrive/Documents/GitHub/Verdant_Ash/Content/Environment/Environment_Props/Textures/Test_Garden_PLot_Metallic.uexp" 1760
"C:/Users/desho/OneDrive/Documents/GitHub/Verdant_Ash/Content/Environment/Environment_Props/Textures/Test_Garden_PLot_Normal.ubulk" 1761
"C:/Users/desho/OneDrive/Documents/GitHub/Verdant_Ash/Content/Environment/Environment_Props/Textures/Test_Garden_PLot_Normal.uasset" 1762
"C:/Users/desho/OneDrive/Documents/GitHub/Verdant_Ash/Content/Environment/Environment_Props/Textures/Test_Garden_PLot_Normal.uexp" 1763
"C:/Users/desho/OneDrive/Documents/GitHub/Verdant_Ash/Content/Environment/Environment_Props/Textures/Test_Garden_PLot_Roughness.ubulk" 1764
"C:/Users/desho/OneDrive/Documents/GitHub/Verdant_Ash/Content/Environment/Environment_Props/Textures/Test_Garden_PLot_Roughness.uasset" 1765
"C:/Users/desho/OneDrive/Documents/GitHub/Verdant_Ash/Content/Environment/Environment_Props/Textures/Test_Garden_PLot_Roughness.uexp" 1766
"C:/Users/desho/OneDrive/Documents/GitHub/Verdant_Ash/Content/Environment/Environment_Props/Materials/Originals/Garden_Plott.uasset" 1767
"C:/Users/desho/OneDrive/Documents/GitHub/Verdant_Ash/Content/Environment/Environment_Props/Materials/Originals/Garden_Plott.uexp" 1768
"C:/Users/desho/OneDrive/Documents/GitHub/Verdant_Ash/Content/Environment/Environment_Props/Materials/IN_Garden_Plott_Inst.uasset" 1769
"C:/Users/desho/OneDrive/Documents/GitHub/Verdant_Ash/Content/Environment/Environment_Props/Materials/IN_Garden_Plott_Inst.uexp" 1770
"C:/Users/desho/OneDrive/Documents/GitHub/Verdant_Ash/Content/Environment/Environment_Props/Meshes/Garden_Plot1.ubulk" 1771
"C:/Users/desho/OneDrive/Documents/GitHub/Verdant_Ash/Content/Environment/Environment_Props/Meshes/Garden_Plot1.uasset" 1772
"C:/Users/desho/OneDrive/Documents/GitHub/Verdant_Ash/Content/Environment/Environment_Props/Meshes/Garden_Plot1.uexp" 1773
"../../../Engine/Content/Functions/Engine_MaterialFunctions01/Gradient/LinearGradient.uasset" 1774
"../../../Engine/Content/Functions/Engine_MaterialFunctions01/Gradient/LinearGradient.uexp" 1775
"../../../Engine/Content/Functions/Engine_MaterialFunctions01/ImageAdjustment/CheapContrast.uasset" 1776
"../../../Engine/Content/Functions/Engine_MaterialFunctions01/ImageAdjustment/CheapContrast.uexp" 1777
"../../../Engine/Content/Functions/Engine_MaterialFunctions01/Texturing/WorldAlignedTexture.uasset" 1778
"../../../Engine/Content/Functions/Engine_MaterialFunctions01/Texturing/WorldAlignedTexture.uexp" 1779
"C:/Users/desho/OneDrive/Documents/GitHub/Verdant_Ash/Content/Terrain/grass_texture_BaseColor.ubulk" 1780
"C:/Users/desho/OneDrive/Documents/GitHub/Verdant_Ash/Content/Terrain/grass_texture_BaseColor.uasset" 1781
"C:/Users/desho/OneDrive/Documents/GitHub/Verdant_Ash/Content/Terrain/grass_texture_BaseColor.uexp" 1782
"C:/Users/desho/OneDrive/Documents/GitHub/Verdant_Ash/Content/Terrain/grass_texture_Metallic.ubulk" 1783
"C:/Users/desho/OneDrive/Documents/GitHub/Verdant_Ash/Content/Terrain/grass_texture_Metallic.uasset" 1784
"C:/Users/desho/OneDrive/Documents/GitHub/Verdant_Ash/Content/Terrain/grass_texture_Metallic.uexp" 1785
"C:/Users/desho/OneDrive/Documents/GitHub/Verdant_Ash/Content/Terrain/grass_texture_Roughness.ubulk" 1786
"C:/Users/desho/OneDrive/Documents/GitHub/Verdant_Ash/Content/Terrain/grass_texture_Roughness.uasset" 1787
"C:/Users/desho/OneDrive/Documents/GitHub/Verdant_Ash/Content/Terrain/grass_texture_Roughness.uexp" 1788
"C:/Users/desho/OneDrive/Documents/GitHub/Verdant_Ash/Content/Terrain/GrassTerrain.uasset" 1789
"C:/Users/desho/OneDrive/Documents/GitHub/Verdant_Ash/Content/Terrain/GrassTerrain.uexp" 1790
"C:/Users/desho/OneDrive/Documents/GitHub/Verdant_Ash/Content/Terrain/IN_GrassTerrain_Inst.uasset" 1791
"C:/Users/desho/OneDrive/Documents/GitHub/Verdant_Ash/Content/Terrain/IN_GrassTerrain_Inst.uexp" 1792
"C:/Users/desho/OneDrive/Documents/GitHub/Verdant_Ash/Content/Terrain/grass_texture_test_openPBR_shader1_Metallic.ubulk" 1793
"C:/Users/desho/OneDrive/Documents/GitHub/Verdant_Ash/Content/Terrain/grass_texture_test_openPBR_shader1_Metallic.uasset" 1794
"C:/Users/desho/OneDrive/Documents/GitHub/Verdant_Ash/Content/Terrain/grass_texture_test_openPBR_shader1_Metallic.uexp" 1795
"C:/Users/desho/OneDrive/Documents/GitHub/Verdant_Ash/Content/Terrain/grass_texture_test_openPBR_shader1_Roughness.ubulk" 1796
"C:/Users/desho/OneDrive/Documents/GitHub/Verdant_Ash/Content/Terrain/grass_texture_test_openPBR_shader1_Roughness.uasset" 1797
"C:/Users/desho/OneDrive/Documents/GitHub/Verdant_Ash/Content/Terrain/grass_texture_test_openPBR_shader1_Roughness.uexp" 1798
"C:/Users/desho/OneDrive/Documents/GitHub/Verdant_Ash/Content/Terrain/grass_texture_test_openPBR_shader1_BaseColor.ubulk" 1799
"C:/Users/desho/OneDrive/Documents/GitHub/Verdant_Ash/Content/Terrain/grass_texture_test_openPBR_shader1_BaseColor.uasset" 1800
"C:/Users/desho/OneDrive/Documents/GitHub/Verdant_Ash/Content/Terrain/grass_texture_test_openPBR_shader1_BaseColor.uexp" 1801
"C:/Users/desho/OneDrive/Documents/GitHub/Verdant_Ash/Content/Terrain/GroundPath.uasset" 1802
"C:/Users/desho/OneDrive/Documents/GitHub/Verdant_Ash/Content/Terrain/GroundPath.uexp" 1803
"C:/Users/desho/OneDrive/Documents/GitHub/Verdant_Ash/Content/Terrain/IN_GroundPath_Inst.uasset" 1804
"C:/Users/desho/OneDrive/Documents/GitHub/Verdant_Ash/Content/Terrain/IN_GroundPath_Inst.uexp" 1805
"C:/Users/desho/OneDrive/Documents/GitHub/Verdant_Ash/Content/Environment/Environment_Props/Meshes/large_basket.ubulk" 1806
"C:/Users/desho/OneDrive/Documents/GitHub/Verdant_Ash/Content/Environment/Environment_Props/Meshes/large_basket.uasset" 1807
"C:/Users/desho/OneDrive/Documents/GitHub/Verdant_Ash/Content/Environment/Environment_Props/Meshes/large_basket.uexp" 1808
"C:/Users/desho/OneDrive/Documents/GitHub/Verdant_Ash/Content/Environment/Environment_Props/Meshes/log_bench.ubulk" 1809
"C:/Users/desho/OneDrive/Documents/GitHub/Verdant_Ash/Content/Environment/Environment_Props/Meshes/log_bench.uasset" 1810
"C:/Users/desho/OneDrive/Documents/GitHub/Verdant_Ash/Content/Environment/Environment_Props/Meshes/log_bench.uexp" 1811
"C:/Users/desho/OneDrive/Documents/GitHub/Verdant_Ash/Content/Environment/Environment_Props/Meshes/Log_House.ubulk" 1812
"C:/Users/desho/OneDrive/Documents/GitHub/Verdant_Ash/Content/Environment/Environment_Props/Meshes/Log_House.uasset" 1813
"C:/Users/desho/OneDrive/Documents/GitHub/Verdant_Ash/Content/Environment/Environment_Props/Meshes/Log_House.uexp" 1814
"C:/Users/desho/OneDrive/Documents/GitHub/Verdant_Ash/Content/Environment/Environment_Props/Textures/Village_buidings_texture_Village_Buildings_BaseColor.ubulk" 1815
"C:/Users/desho/OneDrive/Documents/GitHub/Verdant_Ash/Content/Environment/Environment_Props/Textures/Village_buidings_texture_Village_Buildings_BaseColor.uasset" 1816
"C:/Users/desho/OneDrive/Documents/GitHub/Verdant_Ash/Content/Environment/Environment_Props/Textures/Village_buidings_texture_Village_Buildings_BaseColor.uexp" 1817
"C:/Users/desho/OneDrive/Documents/GitHub/Verdant_Ash/Content/Environment/Environment_Props/Textures/Village_buidings_texture_Village_Buildings_Metallic.ubulk" 1818
"C:/Users/desho/OneDrive/Documents/GitHub/Verdant_Ash/Content/Environment/Environment_Props/Textures/Village_buidings_texture_Village_Buildings_Metallic.uasset" 1819
"C:/Users/desho/OneDrive/Documents/GitHub/Verdant_Ash/Content/Environment/Environment_Props/Textures/Village_buidings_texture_Village_Buildings_Metallic.uexp" 1820
"C:/Users/desho/OneDrive/Documents/GitHub/Verdant_Ash/Content/Environment/Environment_Props/Textures/Village_buidings_texture_Village_Buildings_Normal.ubulk" 1821
"C:/Users/desho/OneDrive/Documents/GitHub/Verdant_Ash/Content/Environment/Environment_Props/Textures/Village_buidings_texture_Village_Buildings_Normal.uasset" 1822
"C:/Users/desho/OneDrive/Documents/GitHub/Verdant_Ash/Content/Environment/Environment_Props/Textures/Village_buidings_texture_Village_Buildings_Normal.uexp" 1823
"C:/Users/desho/OneDrive/Documents/GitHub/Verdant_Ash/Content/Environment/Environment_Props/Textures/Village_buidings_texture_Village_Buildings_Roughness.ubulk" 1824
"C:/Users/desho/OneDrive/Documents/GitHub/Verdant_Ash/Content/Environment/Environment_Props/Textures/Village_buidings_texture_Village_Buildings_Roughness.uasset" 1825
"C:/Users/desho/OneDrive/Documents/GitHub/Verdant_Ash/Content/Environment/Environment_Props/Textures/Village_buidings_texture_Village_Buildings_Roughness.uexp" 1826
"C:/Users/desho/OneDrive/Documents/GitHub/Verdant_Ash/Content/Environment/Environment_Props/Materials/Originals/VillageBuildings.uasset" 1827
"C:/Users/desho/OneDrive/Documents/GitHub/Verdant_Ash/Content/Environment/Environment_Props/Materials/Originals/VillageBuildings.uexp" 1828
"C:/Users/desho/OneDrive/Documents/GitHub/Verdant_Ash/Content/Environment/Environment_Props/Materials/IN_VillageBuildings_Inst.uasset" 1829
"C:/Users/desho/OneDrive/Documents/GitHub/Verdant_Ash/Content/Environment/Environment_Props/Materials/IN_VillageBuildings_Inst.uexp" 1830
"C:/Users/desho/OneDrive/Documents/GitHub/Verdant_Ash/Content/Environment/Environment_Props/Meshes/Log_Hut.ubulk" 1831
"C:/Users/desho/OneDrive/Documents/GitHub/Verdant_Ash/Content/Environment/Environment_Props/Meshes/Log_Hut.uasset" 1832
"C:/Users/desho/OneDrive/Documents/GitHub/Verdant_Ash/Content/Environment/Environment_Props/Meshes/Log_Hut.uexp" 1833
"C:/Users/desho/OneDrive/Documents/GitHub/Verdant_Ash/Content/Environment/Environment_Props/Textures/Test_Village_Props_5_BaseColor.ubulk" 1834
"C:/Users/desho/OneDrive/Documents/GitHub/Verdant_Ash/Content/Environment/Environment_Props/Textures/Test_Village_Props_5_BaseColor.uasset" 1835
"C:/Users/desho/OneDrive/Documents/GitHub/Verdant_Ash/Content/Environment/Environment_Props/Textures/Test_Village_Props_5_BaseColor.uexp" 1836
"C:/Users/desho/OneDrive/Documents/GitHub/Verdant_Ash/Content/Environment/Environment_Props/Textures/Test_Village_Props_5_Metallic.ubulk" 1837
"C:/Users/desho/OneDrive/Documents/GitHub/Verdant_Ash/Content/Environment/Environment_Props/Textures/Test_Village_Props_5_Metallic.uasset" 1838
"C:/Users/desho/OneDrive/Documents/GitHub/Verdant_Ash/Content/Environment/Environment_Props/Textures/Test_Village_Props_5_Metallic.uexp" 1839
"C:/Users/desho/OneDrive/Documents/GitHub/Verdant_Ash/Content/Environment/Environment_Props/Textures/Test_Village_Props_5_Normal.ubulk" 1840
"C:/Users/desho/OneDrive/Documents/GitHub/Verdant_Ash/Content/Environment/Environment_Props/Textures/Test_Village_Props_5_Normal.uasset" 1841
"C:/Users/desho/OneDrive/Documents/GitHub/Verdant_Ash/Content/Environment/Environment_Props/Textures/Test_Village_Props_5_Normal.uexp" 1842
"C:/Users/desho/OneDrive/Documents/GitHub/Verdant_Ash/Content/Environment/Environment_Props/Textures/Test_Village_Props_5_Roughness.ubulk" 1843
"C:/Users/desho/OneDrive/Documents/GitHub/Verdant_Ash/Content/Environment/Environment_Props/Textures/Test_Village_Props_5_Roughness.uasset" 1844
"C:/Users/desho/OneDrive/Documents/GitHub/Verdant_Ash/Content/Environment/Environment_Props/Textures/Test_Village_Props_5_Roughness.uexp" 1845
"C:/Users/desho/OneDrive/Documents/GitHub/Verdant_Ash/Content/Environment/Environment_Props/Materials/Originals/VillageProps2.uasset" 1846
"C:/Users/desho/OneDrive/Documents/GitHub/Verdant_Ash/Content/Environment/Environment_Props/Materials/Originals/VillageProps2.uexp" 1847
"C:/Users/desho/OneDrive/Documents/GitHub/Verdant_Ash/Content/Environment/Environment_Props/Materials/IN_VillageProps2_Inst.uasset" 1848
"C:/Users/desho/OneDrive/Documents/GitHub/Verdant_Ash/Content/Environment/Environment_Props/Materials/IN_VillageProps2_Inst.uexp" 1849
"C:/Users/desho/OneDrive/Documents/GitHub/Verdant_Ash/Content/Environment/Environment_Props/Meshes/pCube7.ubulk" 1850
"C:/Users/desho/OneDrive/Documents/GitHub/Verdant_Ash/Content/Environment/Environment_Props/Meshes/pCube7.uasset" 1851
"C:/Users/desho/OneDrive/Documents/GitHub/Verdant_Ash/Content/Environment/Environment_Props/Meshes/pCube7.uexp" 1852
"C:/Users/desho/OneDrive/Documents/GitHub/Verdant_Ash/Content/Environment/Environment_Props/Meshes/pCylinder57.ubulk" 1853
"C:/Users/desho/OneDrive/Documents/GitHub/Verdant_Ash/Content/Environment/Environment_Props/Meshes/pCylinder57.uasset" 1854
"C:/Users/desho/OneDrive/Documents/GitHub/Verdant_Ash/Content/Environment/Environment_Props/Meshes/pCylinder57.uexp" 1855
"C:/Users/desho/OneDrive/Documents/GitHub/Verdant_Ash/Content/Environment/Environment_Props/Meshes/pDisc3.ubulk" 1856
"C:/Users/desho/OneDrive/Documents/GitHub/Verdant_Ash/Content/Environment/Environment_Props/Meshes/pDisc3.uasset" 1857
"C:/Users/desho/OneDrive/Documents/GitHub/Verdant_Ash/Content/Environment/Environment_Props/Meshes/pDisc3.uexp" 1858
"C:/Users/desho/OneDrive/Documents/GitHub/Verdant_Ash/Content/Environment/Environment_Props/Meshes/pillow.ubulk" 1859
"C:/Users/desho/OneDrive/Documents/GitHub/Verdant_Ash/Content/Environment/Environment_Props/Meshes/pillow.uasset" 1860
"C:/Users/desho/OneDrive/Documents/GitHub/Verdant_Ash/Content/Environment/Environment_Props/Meshes/pillow.uexp" 1861
"C:/Users/desho/OneDrive/Documents/GitHub/Verdant_Ash/Content/Environment/Environment_Props/Meshes/plates.ubulk" 1862
"C:/Users/desho/OneDrive/Documents/GitHub/Verdant_Ash/Content/Environment/Environment_Props/Meshes/plates.uasset" 1863
"C:/Users/desho/OneDrive/Documents/GitHub/Verdant_Ash/Content/Environment/Environment_Props/Meshes/plates.uexp" 1864
"C:/Users/desho/OneDrive/Documents/GitHub/Verdant_Ash/Content/Environment/Environment_Props/Textures/Opacity_3.ubulk" 1865
"C:/Users/desho/OneDrive/Documents/GitHub/Verdant_Ash/Content/Environment/Environment_Props/Textures/Opacity_3.uasset" 1866
"C:/Users/desho/OneDrive/Documents/GitHub/Verdant_Ash/Content/Environment/Environment_Props/Textures/Opacity_3.uexp" 1867
"C:/Users/desho/OneDrive/Documents/GitHub/Verdant_Ash/Content/Environment/Environment_Props/Textures/Test_Village_Props_4_BaseColor.ubulk" 1868
"C:/Users/desho/OneDrive/Documents/GitHub/Verdant_Ash/Content/Environment/Environment_Props/Textures/Test_Village_Props_4_BaseColor.uasset" 1869
"C:/Users/desho/OneDrive/Documents/GitHub/Verdant_Ash/Content/Environment/Environment_Props/Textures/Test_Village_Props_4_BaseColor.uexp" 1870
"C:/Users/desho/OneDrive/Documents/GitHub/Verdant_Ash/Content/Environment/Environment_Props/Textures/Test_Village_Props_4_Metallic.ubulk" 1871
"C:/Users/desho/OneDrive/Documents/GitHub/Verdant_Ash/Content/Environment/Environment_Props/Textures/Test_Village_Props_4_Metallic.uasset" 1872
"C:/Users/desho/OneDrive/Documents/GitHub/Verdant_Ash/Content/Environment/Environment_Props/Textures/Test_Village_Props_4_Metallic.uexp" 1873
"C:/Users/desho/OneDrive/Documents/GitHub/Verdant_Ash/Content/Environment/Environment_Props/Textures/Test_Village_Props_4_Normal.ubulk" 1874
"C:/Users/desho/OneDrive/Documents/GitHub/Verdant_Ash/Content/Environment/Environment_Props/Textures/Test_Village_Props_4_Normal.uasset" 1875
"C:/Users/desho/OneDrive/Documents/GitHub/Verdant_Ash/Content/Environment/Environment_Props/Textures/Test_Village_Props_4_Normal.uexp" 1876
"C:/Users/desho/OneDrive/Documents/GitHub/Verdant_Ash/Content/Environment/Environment_Props/Textures/Test_Village_Props_4_Roughness.ubulk" 1877
"C:/Users/desho/OneDrive/Documents/GitHub/Verdant_Ash/Content/Environment/Environment_Props/Textures/Test_Village_Props_4_Roughness.uasset" 1878
"C:/Users/desho/OneDrive/Documents/GitHub/Verdant_Ash/Content/Environment/Environment_Props/Textures/Test_Village_Props_4_Roughness.uexp" 1879
"C:/Users/desho/OneDrive/Documents/GitHub/Verdant_Ash/Content/Environment/Environment_Props/Materials/Originals/VillageProps1.uasset" 1880
"C:/Users/desho/OneDrive/Documents/GitHub/Verdant_Ash/Content/Environment/Environment_Props/Materials/Originals/VillageProps1.uexp" 1881
"C:/Users/desho/OneDrive/Documents/GitHub/Verdant_Ash/Content/Environment/Environment_Props/Materials/IN_VillageProps1_Inst.uasset" 1882
"C:/Users/desho/OneDrive/Documents/GitHub/Verdant_Ash/Content/Environment/Environment_Props/Materials/IN_VillageProps1_Inst.uexp" 1883
"C:/Users/desho/OneDrive/Documents/GitHub/Verdant_Ash/Content/Environment/Environment_Props/Meshes/polySurface57.ubulk" 1884
"C:/Users/desho/OneDrive/Documents/GitHub/Verdant_Ash/Content/Environment/Environment_Props/Meshes/polySurface57.uasset" 1885
"C:/Users/desho/OneDrive/Documents/GitHub/Verdant_Ash/Content/Environment/Environment_Props/Meshes/polySurface57.uexp" 1886
"C:/Users/desho/OneDrive/Documents/GitHub/Verdant_Ash/Content/Environment/Environment_Props/Meshes/polySurface60.ubulk" 1887
"C:/Users/desho/OneDrive/Documents/GitHub/Verdant_Ash/Content/Environment/Environment_Props/Meshes/polySurface60.uasset" 1888
"C:/Users/desho/OneDrive/Documents/GitHub/Verdant_Ash/Content/Environment/Environment_Props/Meshes/polySurface60.uexp" 1889
"C:/Users/desho/OneDrive/Documents/GitHub/Verdant_Ash/Content/Environment/Environment_Props/Meshes/Pot.ubulk" 1890
"C:/Users/desho/OneDrive/Documents/GitHub/Verdant_Ash/Content/Environment/Environment_Props/Meshes/Pot.uasset" 1891
"C:/Users/desho/OneDrive/Documents/GitHub/Verdant_Ash/Content/Environment/Environment_Props/Meshes/Pot.uexp" 1892
"C:/Users/desho/OneDrive/Documents/GitHub/Verdant_Ash/Content/Environment/Environment_Props/Meshes/small_basket.ubulk" 1893
"C:/Users/desho/OneDrive/Documents/GitHub/Verdant_Ash/Content/Environment/Environment_Props/Meshes/small_basket.uasset" 1894
"C:/Users/desho/OneDrive/Documents/GitHub/Verdant_Ash/Content/Environment/Environment_Props/Meshes/small_basket.uexp" 1895
"C:/Users/desho/OneDrive/Documents/GitHub/Verdant_Ash/Content/Environment/Environment_Props/Meshes/small_table.ubulk" 1896
"C:/Users/desho/OneDrive/Documents/GitHub/Verdant_Ash/Content/Environment/Environment_Props/Meshes/small_table.uasset" 1897
"C:/Users/desho/OneDrive/Documents/GitHub/Verdant_Ash/Content/Environment/Environment_Props/Meshes/small_table.uexp" 1898
"C:/Users/desho/OneDrive/Documents/GitHub/Verdant_Ash/Content/Environment/Environment_Props/Meshes/Spike_wall1.ubulk" 1899
"C:/Users/desho/OneDrive/Documents/GitHub/Verdant_Ash/Content/Environment/Environment_Props/Meshes/Spike_wall1.uasset" 1900
"C:/Users/desho/OneDrive/Documents/GitHub/Verdant_Ash/Content/Environment/Environment_Props/Meshes/Spike_wall1.uexp" 1901
"C:/Users/desho/OneDrive/Documents/GitHub/Verdant_Ash/Content/Environment/Environment_Props/Meshes/square_ezup.ubulk" 1902
"C:/Users/desho/OneDrive/Documents/GitHub/Verdant_Ash/Content/Environment/Environment_Props/Meshes/square_ezup.uasset" 1903
"C:/Users/desho/OneDrive/Documents/GitHub/Verdant_Ash/Content/Environment/Environment_Props/Meshes/square_ezup.uexp" 1904
"C:/Users/desho/OneDrive/Documents/GitHub/Verdant_Ash/Content/Environment/Environment_Props/Meshes/Square_slanted_ezup.ubulk" 1905
"C:/Users/desho/OneDrive/Documents/GitHub/Verdant_Ash/Content/Environment/Environment_Props/Meshes/Square_slanted_ezup.uasset" 1906
"C:/Users/desho/OneDrive/Documents/GitHub/Verdant_Ash/Content/Environment/Environment_Props/Meshes/Square_slanted_ezup.uexp" 1907
"C:/Users/desho/OneDrive/Documents/GitHub/Verdant_Ash/Content/Environment/Environment_Props/Meshes/Trangle_Ezup.ubulk" 1908
"C:/Users/desho/OneDrive/Documents/GitHub/Verdant_Ash/Content/Environment/Environment_Props/Meshes/Trangle_Ezup.uasset" 1909
"C:/Users/desho/OneDrive/Documents/GitHub/Verdant_Ash/Content/Environment/Environment_Props/Meshes/Trangle_Ezup.uexp" 1910
"C:/Users/desho/OneDrive/Documents/GitHub/Verdant_Ash/Content/Environment/Environment_Props/Textures/o1.ubulk" 1911
"C:/Users/desho/OneDrive/Documents/GitHub/Verdant_Ash/Content/Environment/Environment_Props/Textures/o1.uasset" 1912
"C:/Users/desho/OneDrive/Documents/GitHub/Verdant_Ash/Content/Environment/Environment_Props/Textures/o1.uexp" 1913
"C:/Users/desho/OneDrive/Documents/GitHub/Verdant_Ash/Content/Environment/Environment_Props/Textures/Test_Fence_BaseColor.ubulk" 1914
"C:/Users/desho/OneDrive/Documents/GitHub/Verdant_Ash/Content/Environment/Environment_Props/Textures/Test_Fence_BaseColor.uasset" 1915
"C:/Users/desho/OneDrive/Documents/GitHub/Verdant_Ash/Content/Environment/Environment_Props/Textures/Test_Fence_BaseColor.uexp" 1916
"C:/Users/desho/OneDrive/Documents/GitHub/Verdant_Ash/Content/Environment/Environment_Props/Textures/Test_Fence_Metallic.ubulk" 1917
"C:/Users/desho/OneDrive/Documents/GitHub/Verdant_Ash/Content/Environment/Environment_Props/Textures/Test_Fence_Metallic.uasset" 1918
"C:/Users/desho/OneDrive/Documents/GitHub/Verdant_Ash/Content/Environment/Environment_Props/Textures/Test_Fence_Metallic.uexp" 1919
"C:/Users/desho/OneDrive/Documents/GitHub/Verdant_Ash/Content/Environment/Environment_Props/Textures/Test_Fence_Normal.ubulk" 1920
"C:/Users/desho/OneDrive/Documents/GitHub/Verdant_Ash/Content/Environment/Environment_Props/Textures/Test_Fence_Normal.uasset" 1921
"C:/Users/desho/OneDrive/Documents/GitHub/Verdant_Ash/Content/Environment/Environment_Props/Textures/Test_Fence_Normal.uexp" 1922
"C:/Users/desho/OneDrive/Documents/GitHub/Verdant_Ash/Content/Environment/Environment_Props/Textures/Test_Fence_Roughness.ubulk" 1923
"C:/Users/desho/OneDrive/Documents/GitHub/Verdant_Ash/Content/Environment/Environment_Props/Textures/Test_Fence_Roughness.uasset" 1924
"C:/Users/desho/OneDrive/Documents/GitHub/Verdant_Ash/Content/Environment/Environment_Props/Textures/Test_Fence_Roughness.uexp" 1925
"C:/Users/desho/OneDrive/Documents/GitHub/Verdant_Ash/Content/Environment/Environment_Props/Materials/Originals/Cloth_Fence.uasset" 1926
"C:/Users/desho/OneDrive/Documents/GitHub/Verdant_Ash/Content/Environment/Environment_Props/Materials/Originals/Cloth_Fence.uexp" 1927
"C:/Users/desho/OneDrive/Documents/GitHub/Verdant_Ash/Content/Environment/Environment_Props/Materials/IN_Cloth_Fence_Inst.uasset" 1928
"C:/Users/desho/OneDrive/Documents/GitHub/Verdant_Ash/Content/Environment/Environment_Props/Materials/IN_Cloth_Fence_Inst.uexp" 1929
"C:/Users/desho/OneDrive/Documents/GitHub/Verdant_Ash/Content/Environment/Environment_Props/Meshes/x1_wall.ubulk" 1930
"C:/Users/desho/OneDrive/Documents/GitHub/Verdant_Ash/Content/Environment/Environment_Props/Meshes/x1_wall.uasset" 1931
"C:/Users/desho/OneDrive/Documents/GitHub/Verdant_Ash/Content/Environment/Environment_Props/Meshes/x1_wall.uexp" 1932
"C:/Users/desho/OneDrive/Documents/GitHub/Verdant_Ash/Content/Environment/Environment_Props/Meshes/x2_wall.ubulk" 1933
"C:/Users/desho/OneDrive/Documents/GitHub/Verdant_Ash/Content/Environment/Environment_Props/Meshes/x2_wall.uasset" 1934
"C:/Users/desho/OneDrive/Documents/GitHub/Verdant_Ash/Content/Environment/Environment_Props/Meshes/x2_wall.uexp" 1935
"C:/Users/desho/OneDrive/Documents/GitHub/Verdant_Ash/Content/Environment/Environment_Props/Meshes/x3_wall.ubulk" 1936
"C:/Users/desho/OneDrive/Documents/GitHub/Verdant_Ash/Content/Environment/Environment_Props/Meshes/x3_wall.uasset" 1937
"C:/Users/desho/OneDrive/Documents/GitHub/Verdant_Ash/Content/Environment/Environment_Props/Meshes/x3_wall.uexp" 1938
"C:/Users/desho/OneDrive/Documents/GitHub/Verdant_Ash/Content/Environment/Foliage/Textures/Rock_texture_ready_Low_poly_Rocks_BaseColor.ubulk" 1939
"C:/Users/desho/OneDrive/Documents/GitHub/Verdant_Ash/Content/Environment/Foliage/Textures/Rock_texture_ready_Low_poly_Rocks_BaseColor.uasset" 1940
"C:/Users/desho/OneDrive/Documents/GitHub/Verdant_Ash/Content/Environment/Foliage/Textures/Rock_texture_ready_Low_poly_Rocks_BaseColor.uexp" 1941
"C:/Users/desho/OneDrive/Documents/GitHub/Verdant_Ash/Content/Environment/Foliage/Textures/Rock_texture_ready_Low_poly_Rocks_Normal.ubulk" 1942
"C:/Users/desho/OneDrive/Documents/GitHub/Verdant_Ash/Content/Environment/Foliage/Textures/Rock_texture_ready_Low_poly_Rocks_Normal.uasset" 1943
"C:/Users/desho/OneDrive/Documents/GitHub/Verdant_Ash/Content/Environment/Foliage/Textures/Rock_texture_ready_Low_poly_Rocks_Normal.uexp" 1944
"C:/Users/desho/OneDrive/Documents/GitHub/Verdant_Ash/Content/Environment/Foliage/Textures/Rock_texture_ready_Low_poly_Rocks_Roughness.ubulk" 1945
"C:/Users/desho/OneDrive/Documents/GitHub/Verdant_Ash/Content/Environment/Foliage/Textures/Rock_texture_ready_Low_poly_Rocks_Roughness.uasset" 1946
"C:/Users/desho/OneDrive/Documents/GitHub/Verdant_Ash/Content/Environment/Foliage/Textures/Rock_texture_ready_Low_poly_Rocks_Roughness.uexp" 1947
"C:/Users/desho/OneDrive/Documents/GitHub/Verdant_Ash/Content/Environment/Foliage/Materials/aiStandardSurface2.uasset" 1948
"C:/Users/desho/OneDrive/Documents/GitHub/Verdant_Ash/Content/Environment/Foliage/Materials/aiStandardSurface2.uexp" 1949
"C:/Users/desho/OneDrive/Documents/GitHub/Verdant_Ash/Content/Environment/Foliage/Meshes/Low_Poly_Rock1.ubulk" 1950
"C:/Users/desho/OneDrive/Documents/GitHub/Verdant_Ash/Content/Environment/Foliage/Meshes/Low_Poly_Rock1.uasset" 1951
"C:/Users/desho/OneDrive/Documents/GitHub/Verdant_Ash/Content/Environment/Foliage/Meshes/Low_Poly_Rock1.uexp" 1952
"C:/Users/desho/OneDrive/Documents/GitHub/Verdant_Ash/Content/Environment/Foliage/Meshes/Low_Poly_Rock2.ubulk" 1953
"C:/Users/desho/OneDrive/Documents/GitHub/Verdant_Ash/Content/Environment/Foliage/Meshes/Low_Poly_Rock2.uasset" 1954
"C:/Users/desho/OneDrive/Documents/GitHub/Verdant_Ash/Content/Environment/Foliage/Meshes/Low_Poly_Rock2.uexp" 1955
"C:/Users/desho/OneDrive/Documents/GitHub/Verdant_Ash/Content/Environment/Foliage/Meshes/Low_Poly_Rock3.ubulk" 1956
"C:/Users/desho/OneDrive/Documents/GitHub/Verdant_Ash/Content/Environment/Foliage/Meshes/Low_Poly_Rock3.uasset" 1957
"C:/Users/desho/OneDrive/Documents/GitHub/Verdant_Ash/Content/Environment/Foliage/Meshes/Low_Poly_Rock3.uexp" 1958
"C:/Users/desho/OneDrive/Documents/GitHub/Verdant_Ash/Content/Environment/Foliage/Meshes/Low_Poly_Rock4.ubulk" 1959
"C:/Users/desho/OneDrive/Documents/GitHub/Verdant_Ash/Content/Environment/Foliage/Meshes/Low_Poly_Rock4.uasset" 1960
"C:/Users/desho/OneDrive/Documents/GitHub/Verdant_Ash/Content/Environment/Foliage/Meshes/Low_Poly_Rock4.uexp" 1961
"C:/Users/desho/OneDrive/Documents/GitHub/Verdant_Ash/Content/Environment/Foliage/Meshes/Low_Poly_Rock5.ubulk" 1962
"C:/Users/desho/OneDrive/Documents/GitHub/Verdant_Ash/Content/Environment/Foliage/Meshes/Low_Poly_Rock5.uasset" 1963
"C:/Users/desho/OneDrive/Documents/GitHub/Verdant_Ash/Content/Environment/Foliage/Meshes/Low_Poly_Rock5.uexp" 1964
"C:/Users/desho/OneDrive/Documents/GitHub/Verdant_Ash/Content/Environment/Foliage/Meshes/Low_Poly_Rock6.ubulk" 1965
"C:/Users/desho/OneDrive/Documents/GitHub/Verdant_Ash/Content/Environment/Foliage/Meshes/Low_Poly_Rock6.uasset" 1966
"C:/Users/desho/OneDrive/Documents/GitHub/Verdant_Ash/Content/Environment/Foliage/Meshes/Low_Poly_Rock6.uexp" 1967
"C:/Users/desho/OneDrive/Documents/GitHub/Verdant_Ash/Content/Environment/Foliage/Meshes/Low_Poly_Rocksdf.ubulk" 1968
"C:/Users/desho/OneDrive/Documents/GitHub/Verdant_Ash/Content/Environment/Foliage/Meshes/Low_Poly_Rocksdf.uasset" 1969
"C:/Users/desho/OneDrive/Documents/GitHub/Verdant_Ash/Content/Environment/Foliage/Meshes/Low_Poly_Rocksdf.uexp" 1970
"C:/Users/desho/OneDrive/Documents/GitHub/Verdant_Ash/Content/Environment/Foliage/Textures/Opacity_1.ubulk" 1971
"C:/Users/desho/OneDrive/Documents/GitHub/Verdant_Ash/Content/Environment/Foliage/Textures/Opacity_1.uasset" 1972
"C:/Users/desho/OneDrive/Documents/GitHub/Verdant_Ash/Content/Environment/Foliage/Textures/Opacity_1.uexp" 1973
"C:/Users/desho/OneDrive/Documents/GitHub/Verdant_Ash/Content/Environment/Foliage/Textures/Test_grass_folliage_part_2_BaseColor.ubulk" 1974
"C:/Users/desho/OneDrive/Documents/GitHub/Verdant_Ash/Content/Environment/Foliage/Textures/Test_grass_folliage_part_2_BaseColor.uasset" 1975
"C:/Users/desho/OneDrive/Documents/GitHub/Verdant_Ash/Content/Environment/Foliage/Textures/Test_grass_folliage_part_2_BaseColor.uexp" 1976
"C:/Users/desho/OneDrive/Documents/GitHub/Verdant_Ash/Content/Environment/Foliage/Textures/Test_grass_folliage_part_2_Normal.ubulk" 1977
"C:/Users/desho/OneDrive/Documents/GitHub/Verdant_Ash/Content/Environment/Foliage/Textures/Test_grass_folliage_part_2_Normal.uasset" 1978
"C:/Users/desho/OneDrive/Documents/GitHub/Verdant_Ash/Content/Environment/Foliage/Textures/Test_grass_folliage_part_2_Normal.uexp" 1979
"C:/Users/desho/OneDrive/Documents/GitHub/Verdant_Ash/Content/Environment/Foliage/Textures/Test_grass_folliage_part_2_Roughness.ubulk" 1980
"C:/Users/desho/OneDrive/Documents/GitHub/Verdant_Ash/Content/Environment/Foliage/Textures/Test_grass_folliage_part_2_Roughness.uasset" 1981
"C:/Users/desho/OneDrive/Documents/GitHub/Verdant_Ash/Content/Environment/Foliage/Textures/Test_grass_folliage_part_2_Roughness.uexp" 1982
"C:/Users/desho/OneDrive/Documents/GitHub/Verdant_Ash/Content/Environment/Foliage/Materials/grassfoliage2.uasset" 1983
"C:/Users/desho/OneDrive/Documents/GitHub/Verdant_Ash/Content/Environment/Foliage/Materials/grassfoliage2.uexp" 1984
"C:/Users/desho/OneDrive/Documents/GitHub/Verdant_Ash/Content/Environment/Foliage/Materials/grass_folliage_part_2.uasset" 1985
"C:/Users/desho/OneDrive/Documents/GitHub/Verdant_Ash/Content/Environment/Foliage/Materials/grass_folliage_part_2.uexp" 1986
"C:/Users/desho/OneDrive/Documents/GitHub/Verdant_Ash/Content/Environment/Foliage/Meshes/small_short_grass_low5.ubulk" 1987
"C:/Users/desho/OneDrive/Documents/GitHub/Verdant_Ash/Content/Environment/Foliage/Meshes/small_short_grass_low5.uasset" 1988
"C:/Users/desho/OneDrive/Documents/GitHub/Verdant_Ash/Content/Environment/Foliage/Meshes/small_short_grass_low5.uexp" 1989
"C:/Users/desho/OneDrive/Documents/GitHub/Verdant_Ash/Content/Environment/Foliage/Textures/Opacity.ubulk" 1990
"C:/Users/desho/OneDrive/Documents/GitHub/Verdant_Ash/Content/Environment/Foliage/Textures/Opacity.uasset" 1991
"C:/Users/desho/OneDrive/Documents/GitHub/Verdant_Ash/Content/Environment/Foliage/Textures/Opacity.uexp" 1992
"C:/Users/desho/OneDrive/Documents/GitHub/Verdant_Ash/Content/Environment/Foliage/Textures/Test_grass_foliage_low_BaseColor.ubulk" 1993
"C:/Users/desho/OneDrive/Documents/GitHub/Verdant_Ash/Content/Environment/Foliage/Textures/Test_grass_foliage_low_BaseColor.uasset" 1994
"C:/Users/desho/OneDrive/Documents/GitHub/Verdant_Ash/Content/Environment/Foliage/Textures/Test_grass_foliage_low_BaseColor.uexp" 1995
"C:/Users/desho/OneDrive/Documents/GitHub/Verdant_Ash/Content/Environment/Foliage/Textures/Test_grass_foliage_low_Normal.ubulk" 1996
"C:/Users/desho/OneDrive/Documents/GitHub/Verdant_Ash/Content/Environment/Foliage/Textures/Test_grass_foliage_low_Normal.uasset" 1997
"C:/Users/desho/OneDrive/Documents/GitHub/Verdant_Ash/Content/Environment/Foliage/Textures/Test_grass_foliage_low_Normal.uexp" 1998
"C:/Users/desho/OneDrive/Documents/GitHub/Verdant_Ash/Content/Environment/Foliage/Textures/Test_grass_foliage_low_Roughness.ubulk" 1999
"C:/Users/desho/OneDrive/Documents/GitHub/Verdant_Ash/Content/Environment/Foliage/Textures/Test_grass_foliage_low_Roughness.uasset" 2000
"C:/Users/desho/OneDrive/Documents/GitHub/Verdant_Ash/Content/Environment/Foliage/Textures/Test_grass_foliage_low_Roughness.uexp" 2001
"C:/Users/desho/OneDrive/Documents/GitHub/Verdant_Ash/Content/Environment/Foliage/Materials/GrassFoliage.uasset" 2002
"C:/Users/desho/OneDrive/Documents/GitHub/Verdant_Ash/Content/Environment/Foliage/Materials/GrassFoliage.uexp" 2003
"C:/Users/desho/OneDrive/Documents/GitHub/Verdant_Ash/Content/Environment/Foliage/Materials/grass_foliage_low.uasset" 2004
"C:/Users/desho/OneDrive/Documents/GitHub/Verdant_Ash/Content/Environment/Foliage/Materials/grass_foliage_low.uexp" 2005
"C:/Users/desho/OneDrive/Documents/GitHub/Verdant_Ash/Content/Environment/Foliage/Meshes/small_tall_grass_low18.ubulk" 2006
"C:/Users/desho/OneDrive/Documents/GitHub/Verdant_Ash/Content/Environment/Foliage/Meshes/small_tall_grass_low18.uasset" 2007
"C:/Users/desho/OneDrive/Documents/GitHub/Verdant_Ash/Content/Environment/Foliage/Meshes/small_tall_grass_low18.uexp" 2008
"C:/Users/desho/OneDrive/Documents/GitHub/Verdant_Ash/Content/Environment/Foliage/Meshes/spiral_larger_tall_grass_low5.ubulk" 2009
"C:/Users/desho/OneDrive/Documents/GitHub/Verdant_Ash/Content/Environment/Foliage/Meshes/spiral_larger_tall_grass_low5.uasset" 2010
"C:/Users/desho/OneDrive/Documents/GitHub/Verdant_Ash/Content/Environment/Foliage/Meshes/spiral_larger_tall_grass_low5.uexp" 2011
"C:/Users/desho/OneDrive/Documents/GitHub/Verdant_Ash/Content/Environment/Foliage/Meshes/spiral_large_short_grass_low5.ubulk" 2012
"C:/Users/desho/OneDrive/Documents/GitHub/Verdant_Ash/Content/Environment/Foliage/Meshes/spiral_large_short_grass_low5.uasset" 2013
"C:/Users/desho/OneDrive/Documents/GitHub/Verdant_Ash/Content/Environment/Foliage/Meshes/spiral_large_short_grass_low5.uexp" 2014
"C:/Users/desho/OneDrive/Documents/GitHub/Verdant_Ash/Content/Environment/Foliage/Meshes/spiral_medium_short_grass_low8.ubulk" 2015
"C:/Users/desho/OneDrive/Documents/GitHub/Verdant_Ash/Content/Environment/Foliage/Meshes/spiral_medium_short_grass_low8.uasset" 2016
"C:/Users/desho/OneDrive/Documents/GitHub/Verdant_Ash/Content/Environment/Foliage/Meshes/spiral_medium_short_grass_low8.uexp" 2017
"C:/Users/desho/OneDrive/Documents/GitHub/Verdant_Ash/Content/Environment/Foliage/Meshes/spiral_medium_tall_grass_low5.ubulk" 2018
"C:/Users/desho/OneDrive/Documents/GitHub/Verdant_Ash/Content/Environment/Foliage/Meshes/spiral_medium_tall_grass_low5.uasset" 2019
"C:/Users/desho/OneDrive/Documents/GitHub/Verdant_Ash/Content/Environment/Foliage/Meshes/spiral_medium_tall_grass_low5.uexp" 2020
"C:/Users/desho/OneDrive/Documents/GitHub/Verdant_Ash/Content/Environment/Foliage/Meshes/spiral_small_short_grass_low7.ubulk" 2021
"C:/Users/desho/OneDrive/Documents/GitHub/Verdant_Ash/Content/Environment/Foliage/Meshes/spiral_small_short_grass_low7.uasset" 2022
"C:/Users/desho/OneDrive/Documents/GitHub/Verdant_Ash/Content/Environment/Foliage/Meshes/spiral_small_short_grass_low7.uexp" 2023
"C:/Users/desho/OneDrive/Documents/GitHub/Verdant_Ash/Content/Environment/Foliage/Meshes/spiral_small_tall_grass_low5.ubulk" 2024
"C:/Users/desho/OneDrive/Documents/GitHub/Verdant_Ash/Content/Environment/Foliage/Meshes/spiral_small_tall_grass_low5.uasset" 2025
"C:/Users/desho/OneDrive/Documents/GitHub/Verdant_Ash/Content/Environment/Foliage/Meshes/spiral_small_tall_grass_low5.uexp" 2026
"C:/Users/desho/OneDrive/Documents/GitHub/Verdant_Ash/Content/Terrain/Level_2Main_Terrain.uasset" 2027
"C:/Users/desho/OneDrive/Documents/GitHub/Verdant_Ash/Content/Terrain/Level_2Main_Terrain.uexp" 2028
"C:/Users/desho/OneDrive/Documents/GitHub/Verdant_Ash/Content/Terrain/level_2Main_Terrain1.ubulk" 2029
"C:/Users/desho/OneDrive/Documents/GitHub/Verdant_Ash/Content/Terrain/level_2Main_Terrain1.uasset" 2030
"C:/Users/desho/OneDrive/Documents/GitHub/Verdant_Ash/Content/Terrain/level_2Main_Terrain1.uexp" 2031
"C:/Users/desho/OneDrive/Documents/GitHub/Verdant_Ash/Content/Terrain/Level_2_dividing_mountain.uasset" 2032
"C:/Users/desho/OneDrive/Documents/GitHub/Verdant_Ash/Content/Terrain/Level_2_dividing_mountain.uexp" 2033
"C:/Users/desho/OneDrive/Documents/GitHub/Verdant_Ash/Content/Terrain/level_2_dividing_mountain1.ubulk" 2034
"C:/Users/desho/OneDrive/Documents/GitHub/Verdant_Ash/Content/Terrain/level_2_dividing_mountain1.uasset" 2035
"C:/Users/desho/OneDrive/Documents/GitHub/Verdant_Ash/Content/Terrain/level_2_dividing_mountain1.uexp" 2036
"C:/Users/desho/OneDrive/Documents/GitHub/Verdant_Ash/Content/Terrain/Level_2_ground.ubulk" 2037
"C:/Users/desho/OneDrive/Documents/GitHub/Verdant_Ash/Content/Terrain/Level_2_ground.uasset" 2038
"C:/Users/desho/OneDrive/Documents/GitHub/Verdant_Ash/Content/Terrain/Level_2_ground.uexp" 2039
"C:/Users/desho/OneDrive/Documents/GitHub/Verdant_Ash/Content/Terrain/Main_Terrain_LEvel_2.ubulk" 2040
"C:/Users/desho/OneDrive/Documents/GitHub/Verdant_Ash/Content/Terrain/Main_Terrain_LEvel_2.uasset" 2041
"C:/Users/desho/OneDrive/Documents/GitHub/Verdant_Ash/Content/Terrain/Main_Terrain_LEvel_2.uexp" 2042
"C:/Users/desho/OneDrive/Documents/GitHub/Verdant_Ash/Content/Terrain/mountain_terrain_temple_BaseColor.ubulk" 2043
"C:/Users/desho/OneDrive/Documents/GitHub/Verdant_Ash/Content/Terrain/mountain_terrain_temple_BaseColor.uasset" 2044
"C:/Users/desho/OneDrive/Documents/GitHub/Verdant_Ash/Content/Terrain/mountain_terrain_temple_BaseColor.uexp" 2045
"C:/Users/desho/OneDrive/Documents/GitHub/Verdant_Ash/Content/Terrain/mountain_terrain_temple_Normal.ubulk" 2046
"C:/Users/desho/OneDrive/Documents/GitHub/Verdant_Ash/Content/Terrain/mountain_terrain_temple_Normal.uasset" 2047
"C:/Users/desho/OneDrive/Documents/GitHub/Verdant_Ash/Content/Terrain/mountain_terrain_temple_Normal.uexp" 2048
"C:/Users/desho/OneDrive/Documents/GitHub/Verdant_Ash/Content/Terrain/mountain_terrain_temple_Roughness.ubulk" 2049
"C:/Users/desho/OneDrive/Documents/GitHub/Verdant_Ash/Content/Terrain/mountain_terrain_temple_Roughness.uasset" 2050
"C:/Users/desho/OneDrive/Documents/GitHub/Verdant_Ash/Content/Terrain/mountain_terrain_temple_Roughness.uexp" 2051
"C:/Users/desho/OneDrive/Documents/GitHub/Verdant_Ash/Content/Terrain/temple.uasset" 2052
"C:/Users/desho/OneDrive/Documents/GitHub/Verdant_Ash/Content/Terrain/temple.uexp" 2053
"C:/Users/desho/OneDrive/Documents/GitHub/Verdant_Ash/Content/Terrain/Mountain_Temple1.ubulk" 2054
"C:/Users/desho/OneDrive/Documents/GitHub/Verdant_Ash/Content/Terrain/Mountain_Temple1.uasset" 2055
"C:/Users/desho/OneDrive/Documents/GitHub/Verdant_Ash/Content/Terrain/Mountain_Temple1.uexp" 2056
"C:/Users/desho/OneDrive/Documents/GitHub/Verdant_Ash/Content/Terrain/mountain_terrain_Mountain_and_Terrain_BaseColor.ubulk" 2057
"C:/Users/desho/OneDrive/Documents/GitHub/Verdant_Ash/Content/Terrain/mountain_terrain_Mountain_and_Terrain_BaseColor.uasset" 2058
"C:/Users/desho/OneDrive/Documents/GitHub/Verdant_Ash/Content/Terrain/mountain_terrain_Mountain_and_Terrain_BaseColor.uexp" 2059
"C:/Users/desho/OneDrive/Documents/GitHub/Verdant_Ash/Content/Terrain/mountain_terrain_Mountain_and_Terrain_Normal.ubulk" 2060
"C:/Users/desho/OneDrive/Documents/GitHub/Verdant_Ash/Content/Terrain/mountain_terrain_Mountain_and_Terrain_Normal.uasset" 2061
"C:/Users/desho/OneDrive/Documents/GitHub/Verdant_Ash/Content/Terrain/mountain_terrain_Mountain_and_Terrain_Normal.uexp" 2062
"C:/Users/desho/OneDrive/Documents/GitHub/Verdant_Ash/Content/Terrain/Mountain_and_Terrain.uasset" 2063
"C:/Users/desho/OneDrive/Documents/GitHub/Verdant_Ash/Content/Terrain/Mountain_and_Terrain.uexp" 2064
"C:/Users/desho/OneDrive/Documents/GitHub/Verdant_Ash/Content/Terrain/pPlane10.ubulk" 2065
"C:/Users/desho/OneDrive/Documents/GitHub/Verdant_Ash/Content/Terrain/pPlane10.uasset" 2066
"C:/Users/desho/OneDrive/Documents/GitHub/Verdant_Ash/Content/Terrain/pPlane10.uexp" 2067
"C:/Users/desho/OneDrive/Documents/GitHub/Verdant_Ash/Content/Terrain/pPlane11.ubulk" 2068
"C:/Users/desho/OneDrive/Documents/GitHub/Verdant_Ash/Content/Terrain/pPlane11.uasset" 2069
"C:/Users/desho/OneDrive/Documents/GitHub/Verdant_Ash/Content/Terrain/pPlane11.uexp" 2070
"C:/Users/desho/OneDrive/Documents/GitHub/Verdant_Ash/Content/Terrain/pPlane19.ubulk" 2071
"C:/Users/desho/OneDrive/Documents/GitHub/Verdant_Ash/Content/Terrain/pPlane19.uasset" 2072
"C:/Users/desho/OneDrive/Documents/GitHub/Verdant_Ash/Content/Terrain/pPlane19.uexp" 2073
"C:/Users/desho/OneDrive/Documents/GitHub/Verdant_Ash/Content/Terrain/pPlane20.ubulk" 2074
"C:/Users/desho/OneDrive/Documents/GitHub/Verdant_Ash/Content/Terrain/pPlane20.uasset" 2075
"C:/Users/desho/OneDrive/Documents/GitHub/Verdant_Ash/Content/Terrain/pPlane20.uexp" 2076
"C:/Users/desho/OneDrive/Documents/GitHub/Verdant_Ash/Content/Terrain/pPlane21.ubulk" 2077
"C:/Users/desho/OneDrive/Documents/GitHub/Verdant_Ash/Content/Terrain/pPlane21.uasset" 2078
"C:/Users/desho/OneDrive/Documents/GitHub/Verdant_Ash/Content/Terrain/pPlane21.uexp" 2079
"C:/Users/desho/OneDrive/Documents/GitHub/Verdant_Ash/Content/Terrain/pPlane22.ubulk" 2080
"C:/Users/desho/OneDrive/Documents/GitHub/Verdant_Ash/Content/Terrain/pPlane22.uasset" 2081
"C:/Users/desho/OneDrive/Documents/GitHub/Verdant_Ash/Content/Terrain/pPlane22.uexp" 2082
"C:/Users/desho/OneDrive/Documents/GitHub/Verdant_Ash/Content/Terrain/pPlane7.ubulk" 2083
"C:/Users/desho/OneDrive/Documents/GitHub/Verdant_Ash/Content/Terrain/pPlane7.uasset" 2084
"C:/Users/desho/OneDrive/Documents/GitHub/Verdant_Ash/Content/Terrain/pPlane7.uexp" 2085
"C:/Users/desho/OneDrive/Documents/GitHub/Verdant_Ash/Content/Terrain/pPlane8.ubulk" 2086
"C:/Users/desho/OneDrive/Documents/GitHub/Verdant_Ash/Content/Terrain/pPlane8.uasset" 2087
"C:/Users/desho/OneDrive/Documents/GitHub/Verdant_Ash/Content/Terrain/pPlane8.uexp" 2088
"C:/Users/desho/OneDrive/Documents/GitHub/Verdant_Ash/Content/Terrain/pPlane9.ubulk" 2089
"C:/Users/desho/OneDrive/Documents/GitHub/Verdant_Ash/Content/Terrain/pPlane9.uasset" 2090
"C:/Users/desho/OneDrive/Documents/GitHub/Verdant_Ash/Content/Terrain/pPlane9.uexp" 2091
"C:/Users/desho/OneDrive/Documents/GitHub/Verdant_Ash/Content/Terrain/mountain_terrain_Rot_Vines_BaseColor.ubulk" 2092
"C:/Users/desho/OneDrive/Documents/GitHub/Verdant_Ash/Content/Terrain/mountain_terrain_Rot_Vines_BaseColor.uasset" 2093
"C:/Users/desho/OneDrive/Documents/GitHub/Verdant_Ash/Content/Terrain/mountain_terrain_Rot_Vines_BaseColor.uexp" 2094
"C:/Users/desho/OneDrive/Documents/GitHub/Verdant_Ash/Content/Terrain/mountain_terrain_Rot_Vines_Normal.ubulk" 2095
"C:/Users/desho/OneDrive/Documents/GitHub/Verdant_Ash/Content/Terrain/mountain_terrain_Rot_Vines_Normal.uasset" 2096
"C:/Users/desho/OneDrive/Documents/GitHub/Verdant_Ash/Content/Terrain/mountain_terrain_Rot_Vines_Normal.uexp" 2097
"C:/Users/desho/OneDrive/Documents/GitHub/Verdant_Ash/Content/Terrain/mountain_terrain_Rot_Vines_Roughness.ubulk" 2098
"C:/Users/desho/OneDrive/Documents/GitHub/Verdant_Ash/Content/Terrain/mountain_terrain_Rot_Vines_Roughness.uasset" 2099
"C:/Users/desho/OneDrive/Documents/GitHub/Verdant_Ash/Content/Terrain/mountain_terrain_Rot_Vines_Roughness.uexp" 2100
"C:/Users/desho/OneDrive/Documents/GitHub/Verdant_Ash/Content/Terrain/Rot_Vines.uasset" 2101
"C:/Users/desho/OneDrive/Documents/GitHub/Verdant_Ash/Content/Terrain/Rot_Vines.uexp" 2102
"C:/Users/desho/OneDrive/Documents/GitHub/Verdant_Ash/Content/Terrain/Rot_vines1.ubulk" 2103
"C:/Users/desho/OneDrive/Documents/GitHub/Verdant_Ash/Content/Terrain/Rot_vines1.uasset" 2104
"C:/Users/desho/OneDrive/Documents/GitHub/Verdant_Ash/Content/Terrain/Rot_vines1.uexp" 2105
"../../../Engine/Content/Functions/Engine_MaterialFunctions02/Utility/BreakOutFloat4Components.uasset" 2106
"../../../Engine/Content/Functions/Engine_MaterialFunctions02/Utility/BreakOutFloat4Components.uexp" 2107
"../../../Engine/Content/Functions/Engine_MaterialFunctions02/Utility/MakeFloat4.uasset" 2108
"../../../Engine/Content/Functions/Engine_MaterialFunctions02/Utility/MakeFloat4.uexp" 2109
"../../../Engine/Content/EngineResources/DefaultVolumeTexture2D.uasset" 2110
"../../../Engine/Content/EngineResources/DefaultVolumeTexture2D.uexp" 2111
"../../../Engine/Content/EngineResources/DefaultVolumeTexture.uasset" 2112
"../../../Engine/Content/EngineResources/DefaultVolumeTexture.uexp" 2113
"../../../Engine/Content/EngineSky/VolumetricClouds/VT_Lightning.uasset" 2114
"../../../Engine/Content/EngineSky/VolumetricClouds/VT_Lightning.uexp" 2115
"../../../Engine/Content/Functions/Engine_MaterialFunctions01/Units/Km-to-Cm.uasset" 2116
"../../../Engine/Content/Functions/Engine_MaterialFunctions01/Units/Km-to-Cm.uexp" 2117
"../../../Engine/Content/EngineSky/VolumetricClouds/m_SimpleVolumetricCloud.uasset" 2118
"../../../Engine/Content/EngineSky/VolumetricClouds/m_SimpleVolumetricCloud.uexp" 2119
"../../../Engine/Content/EngineSky/VolumetricClouds/T_CloudMask.ubulk" 2120
"../../../Engine/Content/EngineSky/VolumetricClouds/T_CloudMask.uasset" 2121
"../../../Engine/Content/EngineSky/VolumetricClouds/T_CloudMask.uexp" 2122
"../../../Engine/Content/EngineSky/VolumetricClouds/T_CloudPattern.ubulk" 2123
"../../../Engine/Content/EngineSky/VolumetricClouds/T_CloudPattern.uasset" 2124
"../../../Engine/Content/EngineSky/VolumetricClouds/T_CloudPattern.uexp" 2125
"../../../Engine/Content/EngineSky/VolumetricClouds/T_Profile_08.ubulk" 2126
"../../../Engine/Content/EngineSky/VolumetricClouds/T_Profile_08.uasset" 2127
"../../../Engine/Content/EngineSky/VolumetricClouds/T_Profile_08.uexp" 2128
"../../../Engine/Content/EngineSky/VolumetricClouds/VT_PerlinWorley_Balanced.uasset" 2129
"../../../Engine/Content/EngineSky/VolumetricClouds/VT_PerlinWorley_Balanced.uexp" 2130
"../../../Engine/Content/EngineSky/VolumetricClouds/m_SimpleVolumetricCloud_Inst.uasset" 2131
"../../../Engine/Content/EngineSky/VolumetricClouds/m_SimpleVolumetricCloud_Inst.uexp" 2132
"C:/Users/desho/OneDrive/Documents/GitHub/Verdant_Ash/Content/Blueprint/Barrier/Barrier.uasset" 2133
"C:/Users/desho/OneDrive/Documents/GitHub/Verdant_Ash/Content/Blueprint/Barrier/Barrier.uexp" 2134
"C:/Users/desho/OneDrive/Documents/GitHub/Verdant_Ash/Content/Blueprint/Enemys/BPI_Enemy.uasset" 2135
"C:/Users/desho/OneDrive/Documents/GitHub/Verdant_Ash/Content/Blueprint/Enemys/BPI_Enemy.uexp" 2136
"C:/Users/desho/OneDrive/Documents/GitHub/Verdant_Ash/Content/Blueprint/Enemys/BB_Enemy.uasset" 2137
"C:/Users/desho/OneDrive/Documents/GitHub/Verdant_Ash/Content/Blueprint/Enemys/BB_Enemy.uexp" 2138
"C:/Users/desho/OneDrive/Documents/GitHub/Verdant_Ash/Content/Blueprint/Enemys/BTService_LocatePlayer.uasset" 2139
"C:/Users/desho/OneDrive/Documents/GitHub/Verdant_Ash/Content/Blueprint/Enemys/BTService_LocatePlayer.uexp" 2140
"C:/Users/desho/OneDrive/Documents/GitHub/Verdant_Ash/Content/Blueprint/Enemys/BTTask_Attack.uasset" 2141
"C:/Users/desho/OneDrive/Documents/GitHub/Verdant_Ash/Content/Blueprint/Enemys/BTTask_Attack.uexp" 2142
"C:/Users/desho/OneDrive/Documents/GitHub/Verdant_Ash/Content/Blueprint/Enemys/BTTask_Roam.uasset" 2143
"C:/Users/desho/OneDrive/Documents/GitHub/Verdant_Ash/Content/Blueprint/Enemys/BTTask_Roam.uexp" 2144
"C:/Users/desho/OneDrive/Documents/GitHub/Verdant_Ash/Content/Blueprint/Enemys/BT_EnemyAI.uasset" 2145
"C:/Users/desho/OneDrive/Documents/GitHub/Verdant_Ash/Content/Blueprint/Enemys/BT_EnemyAI.uexp" 2146
"C:/Users/desho/OneDrive/Documents/GitHub/Verdant_Ash/Content/Blueprint/Enemys/BP_AIController.uasset" 2147
"C:/Users/desho/OneDrive/Documents/GitHub/Verdant_Ash/Content/Blueprint/Enemys/BP_AIController.uexp" 2148
"C:/Users/desho/OneDrive/Documents/GitHub/Verdant_Ash/Content/SFX_Music/SFX/freesound_community-super-deep-growl-86749.ubulk" 2149
"C:/Users/desho/OneDrive/Documents/GitHub/Verdant_Ash/Content/SFX_Music/SFX/freesound_community-super-deep-growl-86749.uasset" 2150
"C:/Users/desho/OneDrive/Documents/GitHub/Verdant_Ash/Content/SFX_Music/SFX/freesound_community-super-deep-growl-86749.uexp" 2151
"C:/Users/desho/OneDrive/Documents/GitHub/Verdant_Ash/Content/SFX_Music/SFX/SlimeAttackSpawn.ubulk" 2152
"C:/Users/desho/OneDrive/Documents/GitHub/Verdant_Ash/Content/SFX_Music/SFX/SlimeAttackSpawn.uasset" 2153
"C:/Users/desho/OneDrive/Documents/GitHub/Verdant_Ash/Content/SFX_Music/SFX/SlimeAttackSpawn.uexp" 2154
"C:/Users/desho/OneDrive/Documents/GitHub/Verdant_Ash/Content/Environment/Environment_Props/Textures/Rot_Bush_low_Rot_Bush_Small_BaseColor.ubulk" 2155
"C:/Users/desho/OneDrive/Documents/GitHub/Verdant_Ash/Content/Environment/Environment_Props/Textures/Rot_Bush_low_Rot_Bush_Small_BaseColor.uasset" 2156
"C:/Users/desho/OneDrive/Documents/GitHub/Verdant_Ash/Content/Environment/Environment_Props/Textures/Rot_Bush_low_Rot_Bush_Small_BaseColor.uexp" 2157
"C:/Users/desho/OneDrive/Documents/GitHub/Verdant_Ash/Content/Environment/Environment_Props/Textures/Rot_Bush_low_Rot_Bush_Small_Metallic.ubulk" 2158
"C:/Users/desho/OneDrive/Documents/GitHub/Verdant_Ash/Content/Environment/Environment_Props/Textures/Rot_Bush_low_Rot_Bush_Small_Metallic.uasset" 2159
"C:/Users/desho/OneDrive/Documents/GitHub/Verdant_Ash/Content/Environment/Environment_Props/Textures/Rot_Bush_low_Rot_Bush_Small_Metallic.uexp" 2160
"C:/Users/desho/OneDrive/Documents/GitHub/Verdant_Ash/Content/Environment/Environment_Props/Textures/Rot_Bush_low_Rot_Bush_Small_Normal.ubulk" 2161
"C:/Users/desho/OneDrive/Documents/GitHub/Verdant_Ash/Content/Environment/Environment_Props/Textures/Rot_Bush_low_Rot_Bush_Small_Normal.uasset" 2162
"C:/Users/desho/OneDrive/Documents/GitHub/Verdant_Ash/Content/Environment/Environment_Props/Textures/Rot_Bush_low_Rot_Bush_Small_Normal.uexp" 2163
"C:/Users/desho/OneDrive/Documents/GitHub/Verdant_Ash/Content/Environment/Environment_Props/Textures/Rot_Bush_low_Rot_Bush_Small_Roughness.ubulk" 2164
"C:/Users/desho/OneDrive/Documents/GitHub/Verdant_Ash/Content/Environment/Environment_Props/Textures/Rot_Bush_low_Rot_Bush_Small_Roughness.uasset" 2165
"C:/Users/desho/OneDrive/Documents/GitHub/Verdant_Ash/Content/Environment/Environment_Props/Textures/Rot_Bush_low_Rot_Bush_Small_Roughness.uexp" 2166
"C:/Users/desho/OneDrive/Documents/GitHub/Verdant_Ash/Content/Environment/Environment_Props/Materials/Originals/RotBushSmall.uasset" 2167
"C:/Users/desho/OneDrive/Documents/GitHub/Verdant_Ash/Content/Environment/Environment_Props/Materials/Originals/RotBushSmall.uexp" 2168
"C:/Users/desho/OneDrive/Documents/GitHub/Verdant_Ash/Content/Environment/Environment_Props/Materials/In_RotBushSmall_Inst.uasset" 2169
"C:/Users/desho/OneDrive/Documents/GitHub/Verdant_Ash/Content/Environment/Environment_Props/Materials/In_RotBushSmall_Inst.uexp" 2170
"C:/Users/desho/OneDrive/Documents/GitHub/Verdant_Ash/Content/Environment/Environment_Props/Meshes/Rot_Bush_Small_low.ubulk" 2171
"C:/Users/desho/OneDrive/Documents/GitHub/Verdant_Ash/Content/Environment/Environment_Props/Meshes/Rot_Bush_Small_low.uasset" 2172
"C:/Users/desho/OneDrive/Documents/GitHub/Verdant_Ash/Content/Environment/Environment_Props/Meshes/Rot_Bush_Small_low.uexp" 2173
"C:/Users/desho/OneDrive/Documents/GitHub/Verdant_Ash/Content/Environment/Environment_Props/Textures/Root_env_low_Rot_Roots_Env_BaseColor.ubulk" 2174
"C:/Users/desho/OneDrive/Documents/GitHub/Verdant_Ash/Content/Environment/Environment_Props/Textures/Root_env_low_Rot_Roots_Env_BaseColor.uasset" 2175
"C:/Users/desho/OneDrive/Documents/GitHub/Verdant_Ash/Content/Environment/Environment_Props/Textures/Root_env_low_Rot_Roots_Env_BaseColor.uexp" 2176
"C:/Users/desho/OneDrive/Documents/GitHub/Verdant_Ash/Content/Environment/Environment_Props/Textures/Root_env_low_Rot_Roots_Env_Metallic.ubulk" 2177
"C:/Users/desho/OneDrive/Documents/GitHub/Verdant_Ash/Content/Environment/Environment_Props/Textures/Root_env_low_Rot_Roots_Env_Metallic.uasset" 2178
"C:/Users/desho/OneDrive/Documents/GitHub/Verdant_Ash/Content/Environment/Environment_Props/Textures/Root_env_low_Rot_Roots_Env_Metallic.uexp" 2179
"C:/Users/desho/OneDrive/Documents/GitHub/Verdant_Ash/Content/Environment/Environment_Props/Textures/Root_env_low_Rot_Roots_Env_Normal.ubulk" 2180
"C:/Users/desho/OneDrive/Documents/GitHub/Verdant_Ash/Content/Environment/Environment_Props/Textures/Root_env_low_Rot_Roots_Env_Normal.uasset" 2181
"C:/Users/desho/OneDrive/Documents/GitHub/Verdant_Ash/Content/Environment/Environment_Props/Textures/Root_env_low_Rot_Roots_Env_Normal.uexp" 2182
"C:/Users/desho/OneDrive/Documents/GitHub/Verdant_Ash/Content/Environment/Environment_Props/Textures/Root_env_low_Rot_Roots_Env_Roughness.ubulk" 2183
"C:/Users/desho/OneDrive/Documents/GitHub/Verdant_Ash/Content/Environment/Environment_Props/Textures/Root_env_low_Rot_Roots_Env_Roughness.uasset" 2184
"C:/Users/desho/OneDrive/Documents/GitHub/Verdant_Ash/Content/Environment/Environment_Props/Textures/Root_env_low_Rot_Roots_Env_Roughness.uexp" 2185
"C:/Users/desho/OneDrive/Documents/GitHub/Verdant_Ash/Content/Environment/Environment_Props/Materials/Originals/RotEnvRoots1.uasset" 2186
"C:/Users/desho/OneDrive/Documents/GitHub/Verdant_Ash/Content/Environment/Environment_Props/Materials/Originals/RotEnvRoots1.uexp" 2187
"C:/Users/desho/OneDrive/Documents/GitHub/Verdant_Ash/Content/Environment/Environment_Props/Meshes/SM_MERGEDGaterot.ubulk" 2188
"C:/Users/desho/OneDrive/Documents/GitHub/Verdant_Ash/Content/Environment/Environment_Props/Meshes/SM_MERGEDGaterot.uasset" 2189
"C:/Users/desho/OneDrive/Documents/GitHub/Verdant_Ash/Content/Environment/Environment_Props/Meshes/SM_MERGEDGaterot.uexp" 2190
"C:/Users/desho/OneDrive/Documents/GitHub/Verdant_Ash/Content/Blueprint/Interact/Interact_TutorialGate/P_Interact_TutorialGate.uasset" 2191
"C:/Users/desho/OneDrive/Documents/GitHub/Verdant_Ash/Content/Blueprint/Interact/Interact_TutorialGate/P_Interact_TutorialGate.uexp" 2192
"C:/Users/desho/OneDrive/Documents/GitHub/Verdant_Ash/Content/Blueprint/Interact/Interact_TutorialGate/BP_Interact_TutorialGate.uasset" 2193
"C:/Users/desho/OneDrive/Documents/GitHub/Verdant_Ash/Content/Blueprint/Interact/Interact_TutorialGate/BP_Interact_TutorialGate.uexp" 2194
"C:/Users/desho/OneDrive/Documents/GitHub/Verdant_Ash/Content/Environment/Environment_Props/Textures/Opacity_Core.ubulk" 2195
"C:/Users/desho/OneDrive/Documents/GitHub/Verdant_Ash/Content/Environment/Environment_Props/Textures/Opacity_Core.uasset" 2196
"C:/Users/desho/OneDrive/Documents/GitHub/Verdant_Ash/Content/Environment/Environment_Props/Textures/Opacity_Core.uexp" 2197
"C:/Users/desho/OneDrive/Documents/GitHub/Verdant_Ash/Content/Environment/Environment_Props/Textures/Rot_Bush_low_Rot_Bush_Core_BaseColor.ubulk" 2198
"C:/Users/desho/OneDrive/Documents/GitHub/Verdant_Ash/Content/Environment/Environment_Props/Textures/Rot_Bush_low_Rot_Bush_Core_BaseColor.uasset" 2199
"C:/Users/desho/OneDrive/Documents/GitHub/Verdant_Ash/Content/Environment/Environment_Props/Textures/Rot_Bush_low_Rot_Bush_Core_BaseColor.uexp" 2200
"C:/Users/desho/OneDrive/Documents/GitHub/Verdant_Ash/Content/Environment/Environment_Props/Textures/Rot_Bush_low_Rot_Bush_Core_Emissive.ubulk" 2201
"C:/Users/desho/OneDrive/Documents/GitHub/Verdant_Ash/Content/Environment/Environment_Props/Textures/Rot_Bush_low_Rot_Bush_Core_Emissive.uasset" 2202
"C:/Users/desho/OneDrive/Documents/GitHub/Verdant_Ash/Content/Environment/Environment_Props/Textures/Rot_Bush_low_Rot_Bush_Core_Emissive.uexp" 2203
"C:/Users/desho/OneDrive/Documents/GitHub/Verdant_Ash/Content/Environment/Environment_Props/Textures/Rot_Bush_low_Rot_Bush_Core_Metallic.ubulk" 2204
"C:/Users/desho/OneDrive/Documents/GitHub/Verdant_Ash/Content/Environment/Environment_Props/Textures/Rot_Bush_low_Rot_Bush_Core_Metallic.uasset" 2205
"C:/Users/desho/OneDrive/Documents/GitHub/Verdant_Ash/Content/Environment/Environment_Props/Textures/Rot_Bush_low_Rot_Bush_Core_Metallic.uexp" 2206
"C:/Users/desho/OneDrive/Documents/GitHub/Verdant_Ash/Content/Environment/Environment_Props/Textures/Rot_Bush_low_Rot_Bush_Core_Normal.ubulk" 2207
"C:/Users/desho/OneDrive/Documents/GitHub/Verdant_Ash/Content/Environment/Environment_Props/Textures/Rot_Bush_low_Rot_Bush_Core_Normal.uasset" 2208
"C:/Users/desho/OneDrive/Documents/GitHub/Verdant_Ash/Content/Environment/Environment_Props/Textures/Rot_Bush_low_Rot_Bush_Core_Normal.uexp" 2209
"C:/Users/desho/OneDrive/Documents/GitHub/Verdant_Ash/Content/Environment/Environment_Props/Textures/Rot_Bush_low_Rot_Bush_Core_Roughness.ubulk" 2210
"C:/Users/desho/OneDrive/Documents/GitHub/Verdant_Ash/Content/Environment/Environment_Props/Textures/Rot_Bush_low_Rot_Bush_Core_Roughness.uasset" 2211
"C:/Users/desho/OneDrive/Documents/GitHub/Verdant_Ash/Content/Environment/Environment_Props/Textures/Rot_Bush_low_Rot_Bush_Core_Roughness.uexp" 2212
"C:/Users/desho/OneDrive/Documents/GitHub/Verdant_Ash/Content/Environment/Environment_Props/Materials/Originals/RotBsuhCore.uasset" 2213
"C:/Users/desho/OneDrive/Documents/GitHub/Verdant_Ash/Content/Environment/Environment_Props/Materials/Originals/RotBsuhCore.uexp" 2214
"C:/Users/desho/OneDrive/Documents/GitHub/Verdant_Ash/Content/Environment/Environment_Props/Materials/In_RotBsuhCore_Inst.uasset" 2215
"C:/Users/desho/OneDrive/Documents/GitHub/Verdant_Ash/Content/Environment/Environment_Props/Materials/In_RotBsuhCore_Inst.uexp" 2216
"C:/Users/desho/OneDrive/Documents/GitHub/Verdant_Ash/Content/Environment/Environment_Props/Meshes/Core.ubulk" 2217
"C:/Users/desho/OneDrive/Documents/GitHub/Verdant_Ash/Content/Environment/Environment_Props/Meshes/Core.uasset" 2218
"C:/Users/desho/OneDrive/Documents/GitHub/Verdant_Ash/Content/Environment/Environment_Props/Meshes/Core.uexp" 2219
"C:/Users/desho/OneDrive/Documents/GitHub/Verdant_Ash/Content/Blueprint/Enemy_Spawner/BP_EnemySpawner.uasset" 2220
"C:/Users/desho/OneDrive/Documents/GitHub/Verdant_Ash/Content/Blueprint/Enemy_Spawner/BP_EnemySpawner.uexp" 2221
"C:/Users/desho/OneDrive/Documents/GitHub/Verdant_Ash/Content/Character/Enemy/Materials/Low_poly_monster_Emissive.ubulk" 2222
"C:/Users/desho/OneDrive/Documents/GitHub/Verdant_Ash/Content/Character/Enemy/Materials/Low_poly_monster_Emissive.uasset" 2223
"C:/Users/desho/OneDrive/Documents/GitHub/Verdant_Ash/Content/Character/Enemy/Materials/Low_poly_monster_Emissive.uexp" 2224
"C:/Users/desho/OneDrive/Documents/GitHub/Verdant_Ash/Content/Character/Enemy/Materials/Low_poly_monster_Normal.ubulk" 2225
"C:/Users/desho/OneDrive/Documents/GitHub/Verdant_Ash/Content/Character/Enemy/Materials/Low_poly_monster_Normal.uasset" 2226
"C:/Users/desho/OneDrive/Documents/GitHub/Verdant_Ash/Content/Character/Enemy/Materials/Low_poly_monster_Normal.uexp" 2227
"C:/Users/desho/OneDrive/Documents/GitHub/Verdant_Ash/Content/Character/Enemy/Materials/Low_poly_monster_Roughness.ubulk" 2228
"C:/Users/desho/OneDrive/Documents/GitHub/Verdant_Ash/Content/Character/Enemy/Materials/Low_poly_monster_Roughness.uasset" 2229
"C:/Users/desho/OneDrive/Documents/GitHub/Verdant_Ash/Content/Character/Enemy/Materials/Low_poly_monster_Roughness.uexp" 2230
"C:/Users/desho/OneDrive/Documents/GitHub/Verdant_Ash/Content/Character/Enemy/Materials/Low_poly_monster__BaseColor.ubulk" 2231
"C:/Users/desho/OneDrive/Documents/GitHub/Verdant_Ash/Content/Character/Enemy/Materials/Low_poly_monster__BaseColor.uasset" 2232
"C:/Users/desho/OneDrive/Documents/GitHub/Verdant_Ash/Content/Character/Enemy/Materials/Low_poly_monster__BaseColor.uexp" 2233
"C:/Users/desho/OneDrive/Documents/GitHub/Verdant_Ash/Content/Character/Enemy/Materials/Low_poly_monster__Metallic.ubulk" 2234
"C:/Users/desho/OneDrive/Documents/GitHub/Verdant_Ash/Content/Character/Enemy/Materials/Low_poly_monster__Metallic.uasset" 2235
"C:/Users/desho/OneDrive/Documents/GitHub/Verdant_Ash/Content/Character/Enemy/Materials/Low_poly_monster__Metallic.uexp" 2236
"C:/Users/desho/OneDrive/Documents/GitHub/Verdant_Ash/Content/Character/Enemy/Materials/BlobEnemy.uasset" 2237
"C:/Users/desho/OneDrive/Documents/GitHub/Verdant_Ash/Content/Character/Enemy/Materials/BlobEnemy.uexp" 2238
"C:/Users/desho/OneDrive/Documents/GitHub/Verdant_Ash/Content/Character/Enemy/Materials/IN_BlobEnemy_Inst.uasset" 2239
"C:/Users/desho/OneDrive/Documents/GitHub/Verdant_Ash/Content/Character/Enemy/Materials/IN_BlobEnemy_Inst.uexp" 2240
"C:/Users/desho/OneDrive/Documents/GitHub/Verdant_Ash/Content/Character/Enemy/Meshes/SK_Monster.uasset" 2241
"C:/Users/desho/OneDrive/Documents/GitHub/Verdant_Ash/Content/Character/Enemy/Meshes/SK_Monster.uexp" 2242
"C:/Users/desho/OneDrive/Documents/GitHub/Verdant_Ash/Content/Character/Enemy/Meshes/SKM_Monster.uasset" 2243
"C:/Users/desho/OneDrive/Documents/GitHub/Verdant_Ash/Content/Character/Enemy/Meshes/SKM_Monster.uexp" 2244
"C:/Users/desho/OneDrive/Documents/GitHub/Verdant_Ash/Content/Blueprint/Health/Damage/BP_DamageType_Melee.uasset" 2245
"C:/Users/desho/OneDrive/Documents/GitHub/Verdant_Ash/Content/Blueprint/Health/Damage/BP_DamageType_Melee.uexp" 2246
"C:/Users/desho/OneDrive/Documents/GitHub/Verdant_Ash/Content/Blueprint/Enemys/BP_Blob1.uasset" 2247
"C:/Users/desho/OneDrive/Documents/GitHub/Verdant_Ash/Content/Blueprint/Enemys/BP_Blob1.uexp" 2248
"C:/Users/desho/OneDrive/Documents/GitHub/Verdant_Ash/Content/Character/Enemy/Textures/monster_2_openPBR_shader1_BaseColor.ubulk" 2249
"C:/Users/desho/OneDrive/Documents/GitHub/Verdant_Ash/Content/Character/Enemy/Textures/monster_2_openPBR_shader1_BaseColor.uasset" 2250
"C:/Users/desho/OneDrive/Documents/GitHub/Verdant_Ash/Content/Character/Enemy/Textures/monster_2_openPBR_shader1_BaseColor.uexp" 2251
"C:/Users/desho/OneDrive/Documents/GitHub/Verdant_Ash/Content/Character/Enemy/Textures/monster_2_openPBR_shader1_Metallic.ubulk" 2252
"C:/Users/desho/OneDrive/Documents/GitHub/Verdant_Ash/Content/Character/Enemy/Textures/monster_2_openPBR_shader1_Metallic.uasset" 2253
"C:/Users/desho/OneDrive/Documents/GitHub/Verdant_Ash/Content/Character/Enemy/Textures/monster_2_openPBR_shader1_Metallic.uexp" 2254
"C:/Users/desho/OneDrive/Documents/GitHub/Verdant_Ash/Content/Character/Enemy/Textures/monster_2_openPBR_shader1_Roughness.ubulk" 2255
"C:/Users/desho/OneDrive/Documents/GitHub/Verdant_Ash/Content/Character/Enemy/Textures/monster_2_openPBR_shader1_Roughness.uasset" 2256
"C:/Users/desho/OneDrive/Documents/GitHub/Verdant_Ash/Content/Character/Enemy/Textures/monster_2_openPBR_shader1_Roughness.uexp" 2257
"C:/Users/desho/OneDrive/Documents/GitHub/Verdant_Ash/Content/Character/Enemy/Materials/Blob2.uasset" 2258
"C:/Users/desho/OneDrive/Documents/GitHub/Verdant_Ash/Content/Character/Enemy/Materials/Blob2.uexp" 2259
"C:/Users/desho/OneDrive/Documents/GitHub/Verdant_Ash/Content/Character/Enemy/Materials/IN_Blob2_Inst.uasset" 2260
"C:/Users/desho/OneDrive/Documents/GitHub/Verdant_Ash/Content/Character/Enemy/Materials/IN_Blob2_Inst.uexp" 2261
"C:/Users/desho/OneDrive/Documents/GitHub/Verdant_Ash/Content/Character/Enemy/Meshes/SK_Moster2.uasset" 2262
"C:/Users/desho/OneDrive/Documents/GitHub/Verdant_Ash/Content/Character/Enemy/Meshes/SK_Moster2.uexp" 2263
"C:/Users/desho/OneDrive/Documents/GitHub/Verdant_Ash/Content/Character/Enemy/Meshes/SKM_Moster2.uasset" 2264
"C:/Users/desho/OneDrive/Documents/GitHub/Verdant_Ash/Content/Character/Enemy/Meshes/SKM_Moster2.uexp" 2265
"C:/Users/desho/OneDrive/Documents/GitHub/Verdant_Ash/Content/Blueprint/Enemys/BP_Blob2.uasset" 2266
"C:/Users/desho/OneDrive/Documents/GitHub/Verdant_Ash/Content/Blueprint/Enemys/BP_Blob2.uexp" 2267
"C:/Users/desho/OneDrive/Documents/GitHub/Verdant_Ash/Content/Blueprint/Enemy_Spawner/Vinewallprompt.uasset" 2268
"C:/Users/desho/OneDrive/Documents/GitHub/Verdant_Ash/Content/Blueprint/Enemy_Spawner/Vinewallprompt.uexp" 2269
"C:/Users/desho/OneDrive/Documents/GitHub/Verdant_Ash/Content/Environment/Foliage/Textures/IMG_1998.ubulk" 2270
"C:/Users/desho/OneDrive/Documents/GitHub/Verdant_Ash/Content/Environment/Foliage/Textures/IMG_1998.uasset" 2271
"C:/Users/desho/OneDrive/Documents/GitHub/Verdant_Ash/Content/Environment/Foliage/Textures/IMG_1998.uexp" 2272
"C:/Users/desho/OneDrive/Documents/GitHub/Verdant_Ash/Content/Environment/Foliage/Textures/IMG_1999.ubulk" 2273
"C:/Users/desho/OneDrive/Documents/GitHub/Verdant_Ash/Content/Environment/Foliage/Textures/IMG_1999.uasset" 2274
"C:/Users/desho/OneDrive/Documents/GitHub/Verdant_Ash/Content/Environment/Foliage/Textures/IMG_1999.uexp" 2275
"C:/Users/desho/OneDrive/Documents/GitHub/Verdant_Ash/Content/Environment/Foliage/Materials/Vinewall.uasset" 2276
"C:/Users/desho/OneDrive/Documents/GitHub/Verdant_Ash/Content/Environment/Foliage/Materials/Vinewall.uexp" 2277
"C:/Users/desho/OneDrive/Documents/GitHub/Verdant_Ash/Content/Environment/Foliage/Materials/IN_Vinewall_Inst.uasset" 2278
"C:/Users/desho/OneDrive/Documents/GitHub/Verdant_Ash/Content/Environment/Foliage/Materials/IN_Vinewall_Inst.uexp" 2279
"C:/Users/desho/OneDrive/Documents/GitHub/Verdant_Ash/Content/Environment/Foliage/Meshes/pPlane410.ubulk" 2280
"C:/Users/desho/OneDrive/Documents/GitHub/Verdant_Ash/Content/Environment/Foliage/Meshes/pPlane410.uasset" 2281
"C:/Users/desho/OneDrive/Documents/GitHub/Verdant_Ash/Content/Environment/Foliage/Meshes/pPlane410.uexp" 2282
"C:/Users/desho/OneDrive/Documents/GitHub/Verdant_Ash/Content/Environment/Foliage/Meshes/pPlane414.ubulk" 2283
"C:/Users/desho/OneDrive/Documents/GitHub/Verdant_Ash/Content/Environment/Foliage/Meshes/pPlane414.uasset" 2284
"C:/Users/desho/OneDrive/Documents/GitHub/Verdant_Ash/Content/Environment/Foliage/Meshes/pPlane414.uexp" 2285
"C:/Users/desho/OneDrive/Documents/GitHub/Verdant_Ash/Content/Blueprint/Enemy_Spawner/VineWallBarrier.uasset" 2286
"C:/Users/desho/OneDrive/Documents/GitHub/Verdant_Ash/Content/Blueprint/Enemy_Spawner/VineWallBarrier.uexp" 2287
"C:/Users/desho/OneDrive/Documents/GitHub/Verdant_Ash/Content/SFX_Music/SFX/dragon-studio-elemental-spell-impact-light-478379.ubulk" 2288
"C:/Users/desho/OneDrive/Documents/GitHub/Verdant_Ash/Content/SFX_Music/SFX/dragon-studio-elemental-spell-impact-light-478379.uasset" 2289
"C:/Users/desho/OneDrive/Documents/GitHub/Verdant_Ash/Content/SFX_Music/SFX/dragon-studio-elemental-spell-impact-light-478379.uexp" 2290
"C:/Users/desho/OneDrive/Documents/GitHub/Verdant_Ash/Content/SFX_Music/SFX/mollyroselee-sound-of-ice-cracking-426894.ubulk" 2291
"C:/Users/desho/OneDrive/Documents/GitHub/Verdant_Ash/Content/SFX_Music/SFX/mollyroselee-sound-of-ice-cracking-426894.uasset" 2292
"C:/Users/desho/OneDrive/Documents/GitHub/Verdant_Ash/Content/SFX_Music/SFX/mollyroselee-sound-of-ice-cracking-426894.uexp" 2293
"C:/Users/desho/OneDrive/Documents/GitHub/Verdant_Ash/Content/Blueprint/Enemy_Spawner/DarrionCoreSpawner.uasset" 2294
"C:/Users/desho/OneDrive/Documents/GitHub/Verdant_Ash/Content/Blueprint/Enemy_Spawner/DarrionCoreSpawner.uexp" 2295
"C:/Users/desho/OneDrive/Documents/GitHub/Verdant_Ash/Content/UI_Materials/Fonts/Woodikay-yYw4M.uexp" 2296
"C:/Users/desho/OneDrive/Documents/GitHub/Verdant_Ash/Content/UI_Materials/Fonts/Woodikay-yYw4M.uasset" 2297
"C:/Users/desho/OneDrive/Documents/GitHub/Verdant_Ash/Content/UI_Materials/Fonts/Woodikay-yYw4M.ufont" 2298
"C:/Users/desho/OneDrive/Documents/GitHub/Verdant_Ash/Content/UI_Materials/Fonts/Woodikay-yYw4M_Font.uasset" 2299
"C:/Users/desho/OneDrive/Documents/GitHub/Verdant_Ash/Content/UI_Materials/Fonts/Woodikay-yYw4M_Font.uexp" 2300
"C:/Users/desho/OneDrive/Documents/GitHub/Verdant_Ash/Content/Blueprint/LocationDiscover/LocationPopup.uasset" 2301
"C:/Users/desho/OneDrive/Documents/GitHub/Verdant_Ash/Content/Blueprint/LocationDiscover/LocationPopup.uexp" 2302
"C:/Users/desho/OneDrive/Documents/GitHub/Verdant_Ash/Content/Blueprint/LocationDiscover/Locationdiscover.uasset" 2303
"C:/Users/desho/OneDrive/Documents/GitHub/Verdant_Ash/Content/Blueprint/LocationDiscover/Locationdiscover.uexp" 2304
"C:/Users/desho/OneDrive/Documents/GitHub/Verdant_Ash/Content/Blueprint/Objectives/BP_ObjCompletePoint.uasset" 2305
"C:/Users/desho/OneDrive/Documents/GitHub/Verdant_Ash/Content/Blueprint/Objectives/BP_ObjCompletePoint.uexp" 2306
"C:/Users/desho/OneDrive/Documents/GitHub/Verdant_Ash/Content/Character/Enemy/Animations/Hollowed_character_base_Skeleton.uasset" 2307
"C:/Users/desho/OneDrive/Documents/GitHub/Verdant_Ash/Content/Character/Enemy/Animations/Hollowed_character_base_Skeleton.uexp" 2308
"C:/Users/desho/OneDrive/Documents/GitHub/Verdant_Ash/Content/Character/Enemy/Animations/grab_animation.uasset" 2309
"C:/Users/desho/OneDrive/Documents/GitHub/Verdant_Ash/Content/Character/Enemy/Animations/grab_animation.uexp" 2310
"C:/Users/desho/OneDrive/Documents/GitHub/Verdant_Ash/Content/Character/Enemy/Textures/hollowed_texture_ready_Hollowed_chest_BaseColor.ubulk" 2311
"C:/Users/desho/OneDrive/Documents/GitHub/Verdant_Ash/Content/Character/Enemy/Textures/hollowed_texture_ready_Hollowed_chest_BaseColor.uasset" 2312
"C:/Users/desho/OneDrive/Documents/GitHub/Verdant_Ash/Content/Character/Enemy/Textures/hollowed_texture_ready_Hollowed_chest_BaseColor.uexp" 2313
"C:/Users/desho/OneDrive/Documents/GitHub/Verdant_Ash/Content/Character/Enemy/Textures/hollowed_texture_ready_Hollowed_chest_Emissive.ubulk" 2314
"C:/Users/desho/OneDrive/Documents/GitHub/Verdant_Ash/Content/Character/Enemy/Textures/hollowed_texture_ready_Hollowed_chest_Emissive.uasset" 2315
"C:/Users/desho/OneDrive/Documents/GitHub/Verdant_Ash/Content/Character/Enemy/Textures/hollowed_texture_ready_Hollowed_chest_Emissive.uexp" 2316
"C:/Users/desho/OneDrive/Documents/GitHub/Verdant_Ash/Content/Character/Enemy/Textures/hollowed_texture_ready_Hollowed_chest_Metallic.ubulk" 2317
"C:/Users/desho/OneDrive/Documents/GitHub/Verdant_Ash/Content/Character/Enemy/Textures/hollowed_texture_ready_Hollowed_chest_Metallic.uasset" 2318
"C:/Users/desho/OneDrive/Documents/GitHub/Verdant_Ash/Content/Character/Enemy/Textures/hollowed_texture_ready_Hollowed_chest_Metallic.uexp" 2319
"C:/Users/desho/OneDrive/Documents/GitHub/Verdant_Ash/Content/Character/Enemy/Textures/hollowed_texture_ready_Hollowed_chest_Normal.ubulk" 2320
"C:/Users/desho/OneDrive/Documents/GitHub/Verdant_Ash/Content/Character/Enemy/Textures/hollowed_texture_ready_Hollowed_chest_Normal.uasset" 2321
"C:/Users/desho/OneDrive/Documents/GitHub/Verdant_Ash/Content/Character/Enemy/Textures/hollowed_texture_ready_Hollowed_chest_Normal.uexp" 2322
"C:/Users/desho/OneDrive/Documents/GitHub/Verdant_Ash/Content/Character/Enemy/Textures/hollowed_texture_ready_Hollowed_chest_Roughness.ubulk" 2323
"C:/Users/desho/OneDrive/Documents/GitHub/Verdant_Ash/Content/Character/Enemy/Textures/hollowed_texture_ready_Hollowed_chest_Roughness.uasset" 2324
"C:/Users/desho/OneDrive/Documents/GitHub/Verdant_Ash/Content/Character/Enemy/Textures/hollowed_texture_ready_Hollowed_chest_Roughness.uexp" 2325
"C:/Users/desho/OneDrive/Documents/GitHub/Verdant_Ash/Content/Character/Enemy/Materials/hollowedchest.uasset" 2326
"C:/Users/desho/OneDrive/Documents/GitHub/Verdant_Ash/Content/Character/Enemy/Materials/hollowedchest.uexp" 2327
"C:/Users/desho/OneDrive/Documents/GitHub/Verdant_Ash/Content/Character/Enemy/Materials/IN_hollowedchest_Inst.uasset" 2328
"C:/Users/desho/OneDrive/Documents/GitHub/Verdant_Ash/Content/Character/Enemy/Materials/IN_hollowedchest_Inst.uexp" 2329
"C:/Users/desho/OneDrive/Documents/GitHub/Verdant_Ash/Content/Character/Enemy/Textures/hollowed_texture_ready_hollowed_BaseColor.ubulk" 2330
"C:/Users/desho/OneDrive/Documents/GitHub/Verdant_Ash/Content/Character/Enemy/Textures/hollowed_texture_ready_hollowed_BaseColor.uasset" 2331
"C:/Users/desho/OneDrive/Documents/GitHub/Verdant_Ash/Content/Character/Enemy/Textures/hollowed_texture_ready_hollowed_BaseColor.uexp" 2332
"C:/Users/desho/OneDrive/Documents/GitHub/Verdant_Ash/Content/Character/Enemy/Textures/hollowed_texture_ready_hollowed_Emissive.ubulk" 2333
"C:/Users/desho/OneDrive/Documents/GitHub/Verdant_Ash/Content/Character/Enemy/Textures/hollowed_texture_ready_hollowed_Emissive.uasset" 2334
"C:/Users/desho/OneDrive/Documents/GitHub/Verdant_Ash/Content/Character/Enemy/Textures/hollowed_texture_ready_hollowed_Emissive.uexp" 2335
"C:/Users/desho/OneDrive/Documents/GitHub/Verdant_Ash/Content/Character/Enemy/Textures/hollowed_texture_ready_hollowed_Metallic.ubulk" 2336
"C:/Users/desho/OneDrive/Documents/GitHub/Verdant_Ash/Content/Character/Enemy/Textures/hollowed_texture_ready_hollowed_Metallic.uasset" 2337
"C:/Users/desho/OneDrive/Documents/GitHub/Verdant_Ash/Content/Character/Enemy/Textures/hollowed_texture_ready_hollowed_Metallic.uexp" 2338
"C:/Users/desho/OneDrive/Documents/GitHub/Verdant_Ash/Content/Character/Enemy/Textures/hollowed_texture_ready_hollowed_Normal.ubulk" 2339
"C:/Users/desho/OneDrive/Documents/GitHub/Verdant_Ash/Content/Character/Enemy/Textures/hollowed_texture_ready_hollowed_Normal.uasset" 2340
"C:/Users/desho/OneDrive/Documents/GitHub/Verdant_Ash/Content/Character/Enemy/Textures/hollowed_texture_ready_hollowed_Normal.uexp" 2341
"C:/Users/desho/OneDrive/Documents/GitHub/Verdant_Ash/Content/Character/Enemy/Textures/hollowed_texture_ready_hollowed_Roughness.ubulk" 2342
"C:/Users/desho/OneDrive/Documents/GitHub/Verdant_Ash/Content/Character/Enemy/Textures/hollowed_texture_ready_hollowed_Roughness.uasset" 2343
"C:/Users/desho/OneDrive/Documents/GitHub/Verdant_Ash/Content/Character/Enemy/Textures/hollowed_texture_ready_hollowed_Roughness.uexp" 2344
"C:/Users/desho/OneDrive/Documents/GitHub/Verdant_Ash/Content/Character/Enemy/Materials/Hollowed.uasset" 2345
"C:/Users/desho/OneDrive/Documents/GitHub/Verdant_Ash/Content/Character/Enemy/Materials/Hollowed.uexp" 2346
"C:/Users/desho/OneDrive/Documents/GitHub/Verdant_Ash/Content/Character/Enemy/Materials/IN_Hollowed_Inst.uasset" 2347
"C:/Users/desho/OneDrive/Documents/GitHub/Verdant_Ash/Content/Character/Enemy/Materials/IN_Hollowed_Inst.uexp" 2348
"C:/Users/desho/OneDrive/Documents/GitHub/Verdant_Ash/Content/Character/Enemy/Animations/Hollowed_character_base.uasset" 2349
"C:/Users/desho/OneDrive/Documents/GitHub/Verdant_Ash/Content/Character/Enemy/Animations/Hollowed_character_base.uexp" 2350
"C:/Users/desho/OneDrive/Documents/GitHub/Verdant_Ash/Content/Environment/Foliage/Meshes/small_tall_grass_low14.ubulk" 2351
"C:/Users/desho/OneDrive/Documents/GitHub/Verdant_Ash/Content/Environment/Foliage/Meshes/small_tall_grass_low14.uasset" 2352
"C:/Users/desho/OneDrive/Documents/GitHub/Verdant_Ash/Content/Environment/Foliage/Meshes/small_tall_grass_low14.uexp" 2353
"C:/Users/desho/OneDrive/Documents/GitHub/Verdant_Ash/Content/Environment/Foliage/Meshes/spiral_medium_short_grass_low4.ubulk" 2354
"C:/Users/desho/OneDrive/Documents/GitHub/Verdant_Ash/Content/Environment/Foliage/Meshes/spiral_medium_short_grass_low4.uasset" 2355
"C:/Users/desho/OneDrive/Documents/GitHub/Verdant_Ash/Content/Environment/Foliage/Meshes/spiral_medium_short_grass_low4.uexp" 2356
"C:/Users/desho/OneDrive/Documents/GitHub/Verdant_Ash/Content/Environment/Foliage/Meshes/spiral_small_short_grass_low3.ubulk" 2357
"C:/Users/desho/OneDrive/Documents/GitHub/Verdant_Ash/Content/Environment/Foliage/Meshes/spiral_small_short_grass_low3.uasset" 2358
"C:/Users/desho/OneDrive/Documents/GitHub/Verdant_Ash/Content/Environment/Foliage/Meshes/spiral_small_short_grass_low3.uexp" 2359
"C:/Users/desho/OneDrive/Documents/GitHub/Verdant_Ash/Content/Environment/Foliage/Meshes/spiral_small_tall_grass_low1.ubulk" 2360
"C:/Users/desho/OneDrive/Documents/GitHub/Verdant_Ash/Content/Environment/Foliage/Meshes/spiral_small_tall_grass_low1.uasset" 2361
"C:/Users/desho/OneDrive/Documents/GitHub/Verdant_Ash/Content/Environment/Foliage/Meshes/spiral_small_tall_grass_low1.uexp" 2362
"C:/Users/desho/OneDrive/Documents/GitHub/Verdant_Ash/Content/SFX_Music/Ambience/Wind_In_Trees-ambience.ubulk" 2363
"C:/Users/desho/OneDrive/Documents/GitHub/Verdant_Ash/Content/SFX_Music/Ambience/Wind_In_Trees-ambience.uasset" 2364
"C:/Users/desho/OneDrive/Documents/GitHub/Verdant_Ash/Content/SFX_Music/Ambience/Wind_In_Trees-ambience.uexp" 2365
"C:/Users/desho/OneDrive/Documents/GitHub/Verdant_Ash/Content/SFX_Music/Music/mondamusic-fantasy-fantas-music-519333.ubulk" 2366
"C:/Users/desho/OneDrive/Documents/GitHub/Verdant_Ash/Content/SFX_Music/Music/mondamusic-fantasy-fantas-music-519333.uasset" 2367
"C:/Users/desho/OneDrive/Documents/GitHub/Verdant_Ash/Content/SFX_Music/Music/mondamusic-fantasy-fantas-music-519333.uexp" 2368
"C:/Users/desho/OneDrive/Documents/GitHub/Verdant_Ash/Content/SFX_Music/Music/mondamusic-mystery-mystic-mystical-music-519340.ubulk" 2369
"C:/Users/desho/OneDrive/Documents/GitHub/Verdant_Ash/Content/SFX_Music/Music/mondamusic-mystery-mystic-mystical-music-519340.uasset" 2370
"C:/Users/desho/OneDrive/Documents/GitHub/Verdant_Ash/Content/SFX_Music/Music/mondamusic-mystery-mystic-mystical-music-519340.uexp" 2371
"C:/Users/desho/OneDrive/Documents/GitHub/Verdant_Ash/Content/SFX_Music/Music/NewMusicManager.uasset" 2372
"C:/Users/desho/OneDrive/Documents/GitHub/Verdant_Ash/Content/SFX_Music/Music/NewMusicManager.uexp" 2373
"C:/Users/desho/OneDrive/Documents/GitHub/Verdant_Ash/Content/UI_Materials/Images/under_construction.uasset" 2374
"C:/Users/desho/OneDrive/Documents/GitHub/Verdant_Ash/Content/UI_Materials/Images/under_construction.uexp" 2375
"C:/Users/desho/OneDrive/Documents/GitHub/Verdant_Ash/Content/UI_Materials/Images/under_construction_Mat.uasset" 2376
"C:/Users/desho/OneDrive/Documents/GitHub/Verdant_Ash/Content/UI_Materials/Images/under_construction_Mat.uexp" 2377
"C:/Users/desho/OneDrive/Documents/GitHub/Verdant_Ash/Content/Environment/Environment_Props/Textures/Opacity_light.ubulk" 2378
"C:/Users/desho/OneDrive/Documents/GitHub/Verdant_Ash/Content/Environment/Environment_Props/Textures/Opacity_light.uasset" 2379
"C:/Users/desho/OneDrive/Documents/GitHub/Verdant_Ash/Content/Environment/Environment_Props/Textures/Opacity_light.uexp" 2380
"C:/Users/desho/OneDrive/Documents/GitHub/Verdant_Ash/Content/Environment/Environment_Props/Textures/Village_Lights_props_Village_Lights_and_Props_BaseColor.ubulk" 2381
"C:/Users/desho/OneDrive/Documents/GitHub/Verdant_Ash/Content/Environment/Environment_Props/Textures/Village_Lights_props_Village_Lights_and_Props_BaseColor.uasset" 2382
"C:/Users/desho/OneDrive/Documents/GitHub/Verdant_Ash/Content/Environment/Environment_Props/Textures/Village_Lights_props_Village_Lights_and_Props_BaseColor.uexp" 2383
"C:/Users/desho/OneDrive/Documents/GitHub/Verdant_Ash/Content/Environment/Environment_Props/Textures/Village_Lights_props_Village_Lights_and_Props_Emissive.ubulk" 2384
"C:/Users/desho/OneDrive/Documents/GitHub/Verdant_Ash/Content/Environment/Environment_Props/Textures/Village_Lights_props_Village_Lights_and_Props_Emissive.uasset" 2385
"C:/Users/desho/OneDrive/Documents/GitHub/Verdant_Ash/Content/Environment/Environment_Props/Textures/Village_Lights_props_Village_Lights_and_Props_Emissive.uexp" 2386
"C:/Users/desho/OneDrive/Documents/GitHub/Verdant_Ash/Content/Environment/Environment_Props/Textures/Village_Lights_props_Village_Lights_and_Props_Metallic.ubulk" 2387
"C:/Users/desho/OneDrive/Documents/GitHub/Verdant_Ash/Content/Environment/Environment_Props/Textures/Village_Lights_props_Village_Lights_and_Props_Metallic.uasset" 2388
"C:/Users/desho/OneDrive/Documents/GitHub/Verdant_Ash/Content/Environment/Environment_Props/Textures/Village_Lights_props_Village_Lights_and_Props_Metallic.uexp" 2389
"C:/Users/desho/OneDrive/Documents/GitHub/Verdant_Ash/Content/Environment/Environment_Props/Textures/Village_Lights_props_Village_Lights_and_Props_Normal.ubulk" 2390
"C:/Users/desho/OneDrive/Documents/GitHub/Verdant_Ash/Content/Environment/Environment_Props/Textures/Village_Lights_props_Village_Lights_and_Props_Normal.uasset" 2391
"C:/Users/desho/OneDrive/Documents/GitHub/Verdant_Ash/Content/Environment/Environment_Props/Textures/Village_Lights_props_Village_Lights_and_Props_Normal.uexp" 2392
"C:/Users/desho/OneDrive/Documents/GitHub/Verdant_Ash/Content/Environment/Environment_Props/Textures/Village_Lights_props_Village_Lights_and_Props_Roughness.ubulk" 2393
"C:/Users/desho/OneDrive/Documents/GitHub/Verdant_Ash/Content/Environment/Environment_Props/Textures/Village_Lights_props_Village_Lights_and_Props_Roughness.uasset" 2394
"C:/Users/desho/OneDrive/Documents/GitHub/Verdant_Ash/Content/Environment/Environment_Props/Textures/Village_Lights_props_Village_Lights_and_Props_Roughness.uexp" 2395
"C:/Users/desho/OneDrive/Documents/GitHub/Verdant_Ash/Content/Environment/Environment_Props/Materials/Originals/LightProps.uasset" 2396
"C:/Users/desho/OneDrive/Documents/GitHub/Verdant_Ash/Content/Environment/Environment_Props/Materials/Originals/LightProps.uexp" 2397
"C:/Users/desho/OneDrive/Documents/GitHub/Verdant_Ash/Content/Environment/Environment_Props/Meshes/pPlane86.ubulk" 2398
"C:/Users/desho/OneDrive/Documents/GitHub/Verdant_Ash/Content/Environment/Environment_Props/Meshes/pPlane86.uasset" 2399
"C:/Users/desho/OneDrive/Documents/GitHub/Verdant_Ash/Content/Environment/Environment_Props/Meshes/pPlane86.uexp" 2400
"C:/Users/desho/OneDrive/Documents/GitHub/Verdant_Ash/Content/Character/NPC/Animations/Male_Sitting_Pose_Skeleton.uasset" 2401
"C:/Users/desho/OneDrive/Documents/GitHub/Verdant_Ash/Content/Character/NPC/Animations/Male_Sitting_Pose_Skeleton.uexp" 2402
"C:/Users/desho/OneDrive/Documents/GitHub/Verdant_Ash/Content/Character/NPC/Animations/Male_Crouch_Pose.uasset" 2403
"C:/Users/desho/OneDrive/Documents/GitHub/Verdant_Ash/Content/Character/NPC/Animations/Male_Crouch_Pose.uexp" 2404
"C:/Users/desho/OneDrive/Documents/GitHub/Verdant_Ash/Content/Character/NPC/TExtures/npc_texture_ready_NPC_3_Body_BaseColor.ubulk" 2405
"C:/Users/desho/OneDrive/Documents/GitHub/Verdant_Ash/Content/Character/NPC/TExtures/npc_texture_ready_NPC_3_Body_BaseColor.uasset" 2406
"C:/Users/desho/OneDrive/Documents/GitHub/Verdant_Ash/Content/Character/NPC/TExtures/npc_texture_ready_NPC_3_Body_BaseColor.uexp" 2407
"C:/Users/desho/OneDrive/Documents/GitHub/Verdant_Ash/Content/Character/NPC/TExtures/npc_texture_ready_NPC_3_Body_Metallic.ubulk" 2408
"C:/Users/desho/OneDrive/Documents/GitHub/Verdant_Ash/Content/Character/NPC/TExtures/npc_texture_ready_NPC_3_Body_Metallic.uasset" 2409
"C:/Users/desho/OneDrive/Documents/GitHub/Verdant_Ash/Content/Character/NPC/TExtures/npc_texture_ready_NPC_3_Body_Metallic.uexp" 2410
"C:/Users/desho/OneDrive/Documents/GitHub/Verdant_Ash/Content/Character/NPC/TExtures/npc_texture_ready_NPC_3_Body_Normal.ubulk" 2411
"C:/Users/desho/OneDrive/Documents/GitHub/Verdant_Ash/Content/Character/NPC/TExtures/npc_texture_ready_NPC_3_Body_Normal.uasset" 2412
"C:/Users/desho/OneDrive/Documents/GitHub/Verdant_Ash/Content/Character/NPC/TExtures/npc_texture_ready_NPC_3_Body_Normal.uexp" 2413
"C:/Users/desho/OneDrive/Documents/GitHub/Verdant_Ash/Content/Character/NPC/Materials/NPCBodyld.uasset" 2414
"C:/Users/desho/OneDrive/Documents/GitHub/Verdant_Ash/Content/Character/NPC/Materials/NPCBodyld.uexp" 2415
"C:/Users/desho/OneDrive/Documents/GitHub/Verdant_Ash/Content/Character/NPC/Materials/INNPCBodyld_Inst.uasset" 2416
"C:/Users/desho/OneDrive/Documents/GitHub/Verdant_Ash/Content/Character/NPC/Materials/INNPCBodyld_Inst.uexp" 2417
"C:/Users/desho/OneDrive/Documents/GitHub/Verdant_Ash/Content/Character/NPC/TExtures/npc_texture_ready_NPC_3_clothes_BaseColor.ubulk" 2418
"C:/Users/desho/OneDrive/Documents/GitHub/Verdant_Ash/Content/Character/NPC/TExtures/npc_texture_ready_NPC_3_clothes_BaseColor.uasset" 2419
"C:/Users/desho/OneDrive/Documents/GitHub/Verdant_Ash/Content/Character/NPC/TExtures/npc_texture_ready_NPC_3_clothes_BaseColor.uexp" 2420
"C:/Users/desho/OneDrive/Documents/GitHub/Verdant_Ash/Content/Character/NPC/TExtures/npc_texture_ready_NPC_3_clothes_Metallic.ubulk" 2421
"C:/Users/desho/OneDrive/Documents/GitHub/Verdant_Ash/Content/Character/NPC/TExtures/npc_texture_ready_NPC_3_clothes_Metallic.uasset" 2422
"C:/Users/desho/OneDrive/Documents/GitHub/Verdant_Ash/Content/Character/NPC/TExtures/npc_texture_ready_NPC_3_clothes_Metallic.uexp" 2423
"C:/Users/desho/OneDrive/Documents/GitHub/Verdant_Ash/Content/Character/NPC/TExtures/npc_texture_ready_NPC_3_clothes_Normal.ubulk" 2424
"C:/Users/desho/OneDrive/Documents/GitHub/Verdant_Ash/Content/Character/NPC/TExtures/npc_texture_ready_NPC_3_clothes_Normal.uasset" 2425
"C:/Users/desho/OneDrive/Documents/GitHub/Verdant_Ash/Content/Character/NPC/TExtures/npc_texture_ready_NPC_3_clothes_Normal.uexp" 2426
"C:/Users/desho/OneDrive/Documents/GitHub/Verdant_Ash/Content/Character/NPC/TExtures/npc_texture_ready_NPC_3_clothes_Roughness.ubulk" 2427
"C:/Users/desho/OneDrive/Documents/GitHub/Verdant_Ash/Content/Character/NPC/TExtures/npc_texture_ready_NPC_3_clothes_Roughness.uasset" 2428
"C:/Users/desho/OneDrive/Documents/GitHub/Verdant_Ash/Content/Character/NPC/TExtures/npc_texture_ready_NPC_3_clothes_Roughness.uexp" 2429
"C:/Users/desho/OneDrive/Documents/GitHub/Verdant_Ash/Content/Character/NPC/Materials/NPC3.uasset" 2430
"C:/Users/desho/OneDrive/Documents/GitHub/Verdant_Ash/Content/Character/NPC/Materials/NPC3.uexp" 2431
"C:/Users/desho/OneDrive/Documents/GitHub/Verdant_Ash/Content/Character/NPC/Materials/IN_NPC3_Inst.uasset" 2432
"C:/Users/desho/OneDrive/Documents/GitHub/Verdant_Ash/Content/Character/NPC/Materials/IN_NPC3_Inst.uexp" 2433
"C:/Users/desho/OneDrive/Documents/GitHub/Verdant_Ash/Content/Character/NPC/Animations/Male_Sitting_Pose.uasset" 2434
"C:/Users/desho/OneDrive/Documents/GitHub/Verdant_Ash/Content/Character/NPC/Animations/Male_Sitting_Pose.uexp" 2435
"C:/Users/desho/OneDrive/Documents/GitHub/Verdant_Ash/Content/Character/NPC/Animations/Standing_Idle__2__Skeleton.uasset" 2436
"C:/Users/desho/OneDrive/Documents/GitHub/Verdant_Ash/Content/Character/NPC/Animations/Standing_Idle__2__Skeleton.uexp" 2437
"C:/Users/desho/OneDrive/Documents/GitHub/Verdant_Ash/Content/Character/NPC/Animations/Praying.uasset" 2438
"C:/Users/desho/OneDrive/Documents/GitHub/Verdant_Ash/Content/Character/NPC/Animations/Praying.uexp" 2439
"C:/Users/desho/OneDrive/Documents/GitHub/Verdant_Ash/Content/Character/NPC/TExtures/npc_texture_ready_npc_1_clothes_BaseColor.ubulk" 2440
"C:/Users/desho/OneDrive/Documents/GitHub/Verdant_Ash/Content/Character/NPC/TExtures/npc_texture_ready_npc_1_clothes_BaseColor.uasset" 2441
"C:/Users/desho/OneDrive/Documents/GitHub/Verdant_Ash/Content/Character/NPC/TExtures/npc_texture_ready_npc_1_clothes_BaseColor.uexp" 2442
"C:/Users/desho/OneDrive/Documents/GitHub/Verdant_Ash/Content/Character/NPC/TExtures/npc_texture_ready_npc_1_clothes_Metallic.ubulk" 2443
"C:/Users/desho/OneDrive/Documents/GitHub/Verdant_Ash/Content/Character/NPC/TExtures/npc_texture_ready_npc_1_clothes_Metallic.uasset" 2444
"C:/Users/desho/OneDrive/Documents/GitHub/Verdant_Ash/Content/Character/NPC/TExtures/npc_texture_ready_npc_1_clothes_Metallic.uexp" 2445
"C:/Users/desho/OneDrive/Documents/GitHub/Verdant_Ash/Content/Character/NPC/TExtures/npc_texture_ready_npc_1_clothes_Normal.ubulk" 2446
"C:/Users/desho/OneDrive/Documents/GitHub/Verdant_Ash/Content/Character/NPC/TExtures/npc_texture_ready_npc_1_clothes_Normal.uasset" 2447
"C:/Users/desho/OneDrive/Documents/GitHub/Verdant_Ash/Content/Character/NPC/TExtures/npc_texture_ready_npc_1_clothes_Normal.uexp" 2448
"C:/Users/desho/OneDrive/Documents/GitHub/Verdant_Ash/Content/Character/NPC/TExtures/npc_texture_ready_npc_1_clothes_Roughness.ubulk" 2449
"C:/Users/desho/OneDrive/Documents/GitHub/Verdant_Ash/Content/Character/NPC/TExtures/npc_texture_ready_npc_1_clothes_Roughness.uasset" 2450
"C:/Users/desho/OneDrive/Documents/GitHub/Verdant_Ash/Content/Character/NPC/TExtures/npc_texture_ready_npc_1_clothes_Roughness.uexp" 2451
"C:/Users/desho/OneDrive/Documents/GitHub/Verdant_Ash/Content/Character/NPC/Materials/NPC1.uasset" 2452
"C:/Users/desho/OneDrive/Documents/GitHub/Verdant_Ash/Content/Character/NPC/Materials/NPC1.uexp" 2453
"C:/Users/desho/OneDrive/Documents/GitHub/Verdant_Ash/Content/Character/NPC/Materials/IN_NPC1_Inst.uasset" 2454
"C:/Users/desho/OneDrive/Documents/GitHub/Verdant_Ash/Content/Character/NPC/Materials/IN_NPC1_Inst.uexp" 2455
"C:/Users/desho/OneDrive/Documents/GitHub/Verdant_Ash/Content/Character/NPC/TExtures/npc_texture_ready_npc_1_body_BaseColor.ubulk" 2456
"C:/Users/desho/OneDrive/Documents/GitHub/Verdant_Ash/Content/Character/NPC/TExtures/npc_texture_ready_npc_1_body_BaseColor.uasset" 2457
"C:/Users/desho/OneDrive/Documents/GitHub/Verdant_Ash/Content/Character/NPC/TExtures/npc_texture_ready_npc_1_body_BaseColor.uexp" 2458
"C:/Users/desho/OneDrive/Documents/GitHub/Verdant_Ash/Content/Character/NPC/TExtures/npc_texture_ready_npc_1_body_Metallic.ubulk" 2459
"C:/Users/desho/OneDrive/Documents/GitHub/Verdant_Ash/Content/Character/NPC/TExtures/npc_texture_ready_npc_1_body_Metallic.uasset" 2460
"C:/Users/desho/OneDrive/Documents/GitHub/Verdant_Ash/Content/Character/NPC/TExtures/npc_texture_ready_npc_1_body_Metallic.uexp" 2461
"C:/Users/desho/OneDrive/Documents/GitHub/Verdant_Ash/Content/Character/NPC/TExtures/npc_texture_ready_npc_1_body_Normal.ubulk" 2462
"C:/Users/desho/OneDrive/Documents/GitHub/Verdant_Ash/Content/Character/NPC/TExtures/npc_texture_ready_npc_1_body_Normal.uasset" 2463
"C:/Users/desho/OneDrive/Documents/GitHub/Verdant_Ash/Content/Character/NPC/TExtures/npc_texture_ready_npc_1_body_Normal.uexp" 2464
"C:/Users/desho/OneDrive/Documents/GitHub/Verdant_Ash/Content/Character/NPC/TExtures/npc_texture_ready_npc_1_body_Roughness.ubulk" 2465
"C:/Users/desho/OneDrive/Documents/GitHub/Verdant_Ash/Content/Character/NPC/TExtures/npc_texture_ready_npc_1_body_Roughness.uasset" 2466
"C:/Users/desho/OneDrive/Documents/GitHub/Verdant_Ash/Content/Character/NPC/TExtures/npc_texture_ready_npc_1_body_Roughness.uexp" 2467
"C:/Users/desho/OneDrive/Documents/GitHub/Verdant_Ash/Content/Character/NPC/Materials/NPCbody.uasset" 2468
"C:/Users/desho/OneDrive/Documents/GitHub/Verdant_Ash/Content/Character/NPC/Materials/NPCbody.uexp" 2469
"C:/Users/desho/OneDrive/Documents/GitHub/Verdant_Ash/Content/Character/NPC/Materials/IN_NPCbody_Inst.uasset" 2470
"C:/Users/desho/OneDrive/Documents/GitHub/Verdant_Ash/Content/Character/NPC/Materials/IN_NPCbody_Inst.uexp" 2471
"C:/Users/desho/OneDrive/Documents/GitHub/Verdant_Ash/Content/Character/NPC/Animations/Standing_Idle__2_.uasset" 2472
"C:/Users/desho/OneDrive/Documents/GitHub/Verdant_Ash/Content/Character/NPC/Animations/Standing_Idle__2_.uexp" 2473
"C:/Users/desho/OneDrive/Documents/GitHub/Verdant_Ash/Content/Environment/Environment_Props/Textures/Pathsign_Pathsigns_BaseColor.ubulk" 2474
"C:/Users/desho/OneDrive/Documents/GitHub/Verdant_Ash/Content/Environment/Environment_Props/Textures/Pathsign_Pathsigns_BaseColor.uasset" 2475
"C:/Users/desho/OneDrive/Documents/GitHub/Verdant_Ash/Content/Environment/Environment_Props/Textures/Pathsign_Pathsigns_BaseColor.uexp" 2476
"C:/Users/desho/OneDrive/Documents/GitHub/Verdant_Ash/Content/Environment/Environment_Props/Textures/Pathsign_Pathsigns_Roughness.ubulk" 2477
"C:/Users/desho/OneDrive/Documents/GitHub/Verdant_Ash/Content/Environment/Environment_Props/Textures/Pathsign_Pathsigns_Roughness.uasset" 2478
"C:/Users/desho/OneDrive/Documents/GitHub/Verdant_Ash/Content/Environment/Environment_Props/Textures/Pathsign_Pathsigns_Roughness.uexp" 2479
"C:/Users/desho/OneDrive/Documents/GitHub/Verdant_Ash/Content/Environment/Environment_Props/Materials/Originals/Signs.uasset" 2480
"C:/Users/desho/OneDrive/Documents/GitHub/Verdant_Ash/Content/Environment/Environment_Props/Materials/Originals/Signs.uexp" 2481
"C:/Users/desho/OneDrive/Documents/GitHub/Verdant_Ash/Content/Environment/Environment_Props/Materials/IN_Signs_Inst.uasset" 2482
"C:/Users/desho/OneDrive/Documents/GitHub/Verdant_Ash/Content/Environment/Environment_Props/Materials/IN_Signs_Inst.uexp" 2483
"C:/Users/desho/OneDrive/Documents/GitHub/Verdant_Ash/Content/Environment/Environment_Props/Textures/erikwall_ErikWall_BaseColor.ubulk" 2484
"C:/Users/desho/OneDrive/Documents/GitHub/Verdant_Ash/Content/Environment/Environment_Props/Textures/erikwall_ErikWall_BaseColor.uasset" 2485
"C:/Users/desho/OneDrive/Documents/GitHub/Verdant_Ash/Content/Environment/Environment_Props/Textures/erikwall_ErikWall_BaseColor.uexp" 2486
"C:/Users/desho/OneDrive/Documents/GitHub/Verdant_Ash/Content/Environment/Environment_Props/Textures/erikwall_ErikWall_Normal.ubulk" 2487
"C:/Users/desho/OneDrive/Documents/GitHub/Verdant_Ash/Content/Environment/Environment_Props/Textures/erikwall_ErikWall_Normal.uasset" 2488
"C:/Users/desho/OneDrive/Documents/GitHub/Verdant_Ash/Content/Environment/Environment_Props/Textures/erikwall_ErikWall_Normal.uexp" 2489
"C:/Users/desho/OneDrive/Documents/GitHub/Verdant_Ash/Content/Environment/Environment_Props/Textures/erikwall_ErikWall_Roughness.ubulk" 2490
"C:/Users/desho/OneDrive/Documents/GitHub/Verdant_Ash/Content/Environment/Environment_Props/Textures/erikwall_ErikWall_Roughness.uasset" 2491
"C:/Users/desho/OneDrive/Documents/GitHub/Verdant_Ash/Content/Environment/Environment_Props/Textures/erikwall_ErikWall_Roughness.uexp" 2492
"C:/Users/desho/OneDrive/Documents/GitHub/Verdant_Ash/Content/Environment/Environment_Props/Materials/ErikWAll.uasset" 2493
"C:/Users/desho/OneDrive/Documents/GitHub/Verdant_Ash/Content/Environment/Environment_Props/Materials/ErikWAll.uexp" 2494
"C:/Users/desho/OneDrive/Documents/GitHub/Verdant_Ash/Content/Environment/Environment_Props/Meshes/erikwall.ubulk" 2495
"C:/Users/desho/OneDrive/Documents/GitHub/Verdant_Ash/Content/Environment/Environment_Props/Meshes/erikwall.uasset" 2496
"C:/Users/desho/OneDrive/Documents/GitHub/Verdant_Ash/Content/Environment/Environment_Props/Meshes/erikwall.uexp" 2497
"C:/Users/desho/OneDrive/Documents/GitHub/Verdant_Ash/Content/Environment/Environment_Props/Meshes/gate.ubulk" 2498
"C:/Users/desho/OneDrive/Documents/GitHub/Verdant_Ash/Content/Environment/Environment_Props/Meshes/gate.uasset" 2499
"C:/Users/desho/OneDrive/Documents/GitHub/Verdant_Ash/Content/Environment/Environment_Props/Meshes/gate.uexp" 2500
"C:/Users/desho/OneDrive/Documents/GitHub/Verdant_Ash/Content/Environment/Environment_Props/Meshes/Leafbale.ubulk" 2501
"C:/Users/desho/OneDrive/Documents/GitHub/Verdant_Ash/Content/Environment/Environment_Props/Meshes/Leafbale.uasset" 2502
"C:/Users/desho/OneDrive/Documents/GitHub/Verdant_Ash/Content/Environment/Environment_Props/Meshes/Leafbale.uexp" 2503
"C:/Users/desho/OneDrive/Documents/GitHub/Verdant_Ash/Content/Environment/Environment_Props/Meshes/pCube14.ubulk" 2504
"C:/Users/desho/OneDrive/Documents/GitHub/Verdant_Ash/Content/Environment/Environment_Props/Meshes/pCube14.uasset" 2505
"C:/Users/desho/OneDrive/Documents/GitHub/Verdant_Ash/Content/Environment/Environment_Props/Meshes/pCube14.uexp" 2506
"C:/Users/desho/OneDrive/Documents/GitHub/Verdant_Ash/Content/Environment/Environment_Props/Meshes/pCube16.ubulk" 2507
"C:/Users/desho/OneDrive/Documents/GitHub/Verdant_Ash/Content/Environment/Environment_Props/Meshes/pCube16.uasset" 2508
"C:/Users/desho/OneDrive/Documents/GitHub/Verdant_Ash/Content/Environment/Environment_Props/Meshes/pCube16.uexp" 2509
"C:/Users/desho/OneDrive/Documents/GitHub/Verdant_Ash/Content/Environment/Environment_Props/Meshes/pCube19.ubulk" 2510
"C:/Users/desho/OneDrive/Documents/GitHub/Verdant_Ash/Content/Environment/Environment_Props/Meshes/pCube19.uasset" 2511
"C:/Users/desho/OneDrive/Documents/GitHub/Verdant_Ash/Content/Environment/Environment_Props/Meshes/pCube19.uexp" 2512
"C:/Users/desho/OneDrive/Documents/GitHub/Verdant_Ash/Content/Environment/Environment_Props/Meshes/pPlane95.ubulk" 2513
"C:/Users/desho/OneDrive/Documents/GitHub/Verdant_Ash/Content/Environment/Environment_Props/Meshes/pPlane95.uasset" 2514
"C:/Users/desho/OneDrive/Documents/GitHub/Verdant_Ash/Content/Environment/Environment_Props/Meshes/pPlane95.uexp" 2515
"C:/Users/desho/OneDrive/Documents/GitHub/Verdant_Ash/Content/Environment/Environment_Props/Meshes/RicePot.ubulk" 2516
"C:/Users/desho/OneDrive/Documents/GitHub/Verdant_Ash/Content/Environment/Environment_Props/Meshes/RicePot.uasset" 2517
"C:/Users/desho/OneDrive/Documents/GitHub/Verdant_Ash/Content/Environment/Environment_Props/Meshes/RicePot.uexp" 2518
"C:/Users/desho/OneDrive/Documents/GitHub/Verdant_Ash/Content/Environment/Environment_Props/Meshes/SoupPot.ubulk" 2519
"C:/Users/desho/OneDrive/Documents/GitHub/Verdant_Ash/Content/Environment/Environment_Props/Meshes/SoupPot.uasset" 2520
"C:/Users/desho/OneDrive/Documents/GitHub/Verdant_Ash/Content/Environment/Environment_Props/Meshes/SoupPot.uexp" 2521
"C:/Users/desho/OneDrive/Documents/GitHub/Verdant_Ash/Content/Environment/Environment_Props/Materials/IN_LightProps_Inst.uasset" 2522
"C:/Users/desho/OneDrive/Documents/GitHub/Verdant_Ash/Content/Environment/Environment_Props/Materials/IN_LightProps_Inst.uexp" 2523
"C:/Users/desho/OneDrive/Documents/GitHub/Verdant_Ash/Content/Environment/Environment_Props/Meshes/pPlatonic27.ubulk" 2524
"C:/Users/desho/OneDrive/Documents/GitHub/Verdant_Ash/Content/Environment/Environment_Props/Meshes/pPlatonic27.uasset" 2525
"C:/Users/desho/OneDrive/Documents/GitHub/Verdant_Ash/Content/Environment/Environment_Props/Meshes/pPlatonic27.uexp" 2526
"C:/Users/desho/OneDrive/Documents/GitHub/Verdant_Ash/Content/Environment/Environment_Props/Meshes/pPlatonic30.ubulk" 2527
"C:/Users/desho/OneDrive/Documents/GitHub/Verdant_Ash/Content/Environment/Environment_Props/Meshes/pPlatonic30.uasset" 2528
"C:/Users/desho/OneDrive/Documents/GitHub/Verdant_Ash/Content/Environment/Environment_Props/Meshes/pPlatonic30.uexp" 2529
"C:/Users/desho/OneDrive/Documents/GitHub/Verdant_Ash/Content/Environment/Environment_Props/Meshes/pPlatonic31.ubulk" 2530
"C:/Users/desho/OneDrive/Documents/GitHub/Verdant_Ash/Content/Environment/Environment_Props/Meshes/pPlatonic31.uasset" 2531
"C:/Users/desho/OneDrive/Documents/GitHub/Verdant_Ash/Content/Environment/Environment_Props/Meshes/pPlatonic31.uexp" 2532
"C:/Users/desho/OneDrive/Documents/GitHub/Verdant_Ash/Content/Environment/Environment_Props/Textures/Rot_Bush_low_Rot_Bush_Big_BaseColor.ubulk" 2533
"C:/Users/desho/OneDrive/Documents/GitHub/Verdant_Ash/Content/Environment/Environment_Props/Textures/Rot_Bush_low_Rot_Bush_Big_BaseColor.uasset" 2534
"C:/Users/desho/OneDrive/Documents/GitHub/Verdant_Ash/Content/Environment/Environment_Props/Textures/Rot_Bush_low_Rot_Bush_Big_BaseColor.uexp" 2535
"C:/Users/desho/OneDrive/Documents/GitHub/Verdant_Ash/Content/Environment/Environment_Props/Textures/Rot_Bush_low_Rot_Bush_Big_Metallic.ubulk" 2536
"C:/Users/desho/OneDrive/Documents/GitHub/Verdant_Ash/Content/Environment/Environment_Props/Textures/Rot_Bush_low_Rot_Bush_Big_Metallic.uasset" 2537
"C:/Users/desho/OneDrive/Documents/GitHub/Verdant_Ash/Content/Environment/Environment_Props/Textures/Rot_Bush_low_Rot_Bush_Big_Metallic.uexp" 2538
"C:/Users/desho/OneDrive/Documents/GitHub/Verdant_Ash/Content/Environment/Environment_Props/Textures/Rot_Bush_low_Rot_Bush_Big_Normal.ubulk" 2539
"C:/Users/desho/OneDrive/Documents/GitHub/Verdant_Ash/Content/Environment/Environment_Props/Textures/Rot_Bush_low_Rot_Bush_Big_Normal.uasset" 2540
"C:/Users/desho/OneDrive/Documents/GitHub/Verdant_Ash/Content/Environment/Environment_Props/Textures/Rot_Bush_low_Rot_Bush_Big_Normal.uexp" 2541
"C:/Users/desho/OneDrive/Documents/GitHub/Verdant_Ash/Content/Environment/Environment_Props/Textures/Rot_Bush_low_Rot_Bush_Big_Roughness.ubulk" 2542
"C:/Users/desho/OneDrive/Documents/GitHub/Verdant_Ash/Content/Environment/Environment_Props/Textures/Rot_Bush_low_Rot_Bush_Big_Roughness.uasset" 2543
"C:/Users/desho/OneDrive/Documents/GitHub/Verdant_Ash/Content/Environment/Environment_Props/Textures/Rot_Bush_low_Rot_Bush_Big_Roughness.uexp" 2544
"C:/Users/desho/OneDrive/Documents/GitHub/Verdant_Ash/Content/Environment/Environment_Props/Materials/Originals/RotBushBig.uasset" 2545
"C:/Users/desho/OneDrive/Documents/GitHub/Verdant_Ash/Content/Environment/Environment_Props/Materials/Originals/RotBushBig.uexp" 2546
"C:/Users/desho/OneDrive/Documents/GitHub/Verdant_Ash/Content/Environment/Environment_Props/Materials/In_RotBushBig_Inst.uasset" 2547
"C:/Users/desho/OneDrive/Documents/GitHub/Verdant_Ash/Content/Environment/Environment_Props/Materials/In_RotBushBig_Inst.uexp" 2548
"C:/Users/desho/OneDrive/Documents/GitHub/Verdant_Ash/Content/Environment/Environment_Props/Meshes/Rot_Bush_Big_low.ubulk" 2549
"C:/Users/desho/OneDrive/Documents/GitHub/Verdant_Ash/Content/Environment/Environment_Props/Meshes/Rot_Bush_Big_low.uasset" 2550
"C:/Users/desho/OneDrive/Documents/GitHub/Verdant_Ash/Content/Environment/Environment_Props/Meshes/Rot_Bush_Big_low.uexp" 2551
"C:/Users/desho/OneDrive/Documents/GitHub/Verdant_Ash/Content/Environment/Environment_Props/Textures/Root_env_low_Rot_Vine_thin_BaseColor.ubulk" 2552
"C:/Users/desho/OneDrive/Documents/GitHub/Verdant_Ash/Content/Environment/Environment_Props/Textures/Root_env_low_Rot_Vine_thin_BaseColor.uasset" 2553
"C:/Users/desho/OneDrive/Documents/GitHub/Verdant_Ash/Content/Environment/Environment_Props/Textures/Root_env_low_Rot_Vine_thin_BaseColor.uexp" 2554
"C:/Users/desho/OneDrive/Documents/GitHub/Verdant_Ash/Content/Environment/Environment_Props/Textures/Root_env_low_Rot_Vine_thin_Metallic.ubulk" 2555
"C:/Users/desho/OneDrive/Documents/GitHub/Verdant_Ash/Content/Environment/Environment_Props/Textures/Root_env_low_Rot_Vine_thin_Metallic.uasset" 2556
"C:/Users/desho/OneDrive/Documents/GitHub/Verdant_Ash/Content/Environment/Environment_Props/Textures/Root_env_low_Rot_Vine_thin_Metallic.uexp" 2557
"C:/Users/desho/OneDrive/Documents/GitHub/Verdant_Ash/Content/Environment/Environment_Props/Textures/Root_env_low_Rot_Vine_thin_Normal.ubulk" 2558
"C:/Users/desho/OneDrive/Documents/GitHub/Verdant_Ash/Content/Environment/Environment_Props/Textures/Root_env_low_Rot_Vine_thin_Normal.uasset" 2559
"C:/Users/desho/OneDrive/Documents/GitHub/Verdant_Ash/Content/Environment/Environment_Props/Textures/Root_env_low_Rot_Vine_thin_Normal.uexp" 2560
"C:/Users/desho/OneDrive/Documents/GitHub/Verdant_Ash/Content/Environment/Environment_Props/Textures/Root_env_low_Rot_Vine_thin_Roughness.ubulk" 2561
"C:/Users/desho/OneDrive/Documents/GitHub/Verdant_Ash/Content/Environment/Environment_Props/Textures/Root_env_low_Rot_Vine_thin_Roughness.uasset" 2562
"C:/Users/desho/OneDrive/Documents/GitHub/Verdant_Ash/Content/Environment/Environment_Props/Textures/Root_env_low_Rot_Vine_thin_Roughness.uexp" 2563
"C:/Users/desho/OneDrive/Documents/GitHub/Verdant_Ash/Content/Environment/Environment_Props/Materials/Originals/RotEnvRoots2.uasset" 2564
"C:/Users/desho/OneDrive/Documents/GitHub/Verdant_Ash/Content/Environment/Environment_Props/Materials/Originals/RotEnvRoots2.uexp" 2565
"C:/Users/desho/OneDrive/Documents/GitHub/Verdant_Ash/Content/Environment/Environment_Props/Meshes/Rot_Root_low.ubulk" 2566
"C:/Users/desho/OneDrive/Documents/GitHub/Verdant_Ash/Content/Environment/Environment_Props/Meshes/Rot_Root_low.uasset" 2567
"C:/Users/desho/OneDrive/Documents/GitHub/Verdant_Ash/Content/Environment/Environment_Props/Meshes/Rot_Root_low.uexp" 2568
"C:/Users/desho/OneDrive/Documents/GitHub/Verdant_Ash/Content/Environment/Environment_Props/Meshes/Rot_Root_low1.ubulk" 2569
"C:/Users/desho/OneDrive/Documents/GitHub/Verdant_Ash/Content/Environment/Environment_Props/Meshes/Rot_Root_low1.uasset" 2570
"C:/Users/desho/OneDrive/Documents/GitHub/Verdant_Ash/Content/Environment/Environment_Props/Meshes/Rot_Root_low1.uexp" 2571
"C:/Users/desho/OneDrive/Documents/GitHub/Verdant_Ash/Content/Environment/Environment_Props/Meshes/Rot_Root_low2.ubulk" 2572
"C:/Users/desho/OneDrive/Documents/GitHub/Verdant_Ash/Content/Environment/Environment_Props/Meshes/Rot_Root_low2.uasset" 2573
"C:/Users/desho/OneDrive/Documents/GitHub/Verdant_Ash/Content/Environment/Environment_Props/Meshes/Rot_Root_low2.uexp" 2574
"C:/Users/desho/OneDrive/Documents/GitHub/Verdant_Ash/Content/Environment/Environment_Props/Meshes/Rot_Root_low3.ubulk" 2575
"C:/Users/desho/OneDrive/Documents/GitHub/Verdant_Ash/Content/Environment/Environment_Props/Meshes/Rot_Root_low3.uasset" 2576
"C:/Users/desho/OneDrive/Documents/GitHub/Verdant_Ash/Content/Environment/Environment_Props/Meshes/Rot_Root_low3.uexp" 2577
"C:/Users/desho/OneDrive/Documents/GitHub/Verdant_Ash/Content/Environment/Environment_Props/Meshes/Rot_Root_low4.ubulk" 2578
"C:/Users/desho/OneDrive/Documents/GitHub/Verdant_Ash/Content/Environment/Environment_Props/Meshes/Rot_Root_low4.uasset" 2579
"C:/Users/desho/OneDrive/Documents/GitHub/Verdant_Ash/Content/Environment/Environment_Props/Meshes/Rot_Root_low4.uexp" 2580
"C:/Users/desho/OneDrive/Documents/GitHub/Verdant_Ash/Content/Environment/Environment_Props/Meshes/Rot_Root_low5.ubulk" 2581
"C:/Users/desho/OneDrive/Documents/GitHub/Verdant_Ash/Content/Environment/Environment_Props/Meshes/Rot_Root_low5.uasset" 2582
"C:/Users/desho/OneDrive/Documents/GitHub/Verdant_Ash/Content/Environment/Environment_Props/Meshes/Rot_Root_low5.uexp" 2583
"C:/Users/desho/OneDrive/Documents/GitHub/Verdant_Ash/Content/Environment/Environment_Props/Meshes/Rot_Root_low6.ubulk" 2584
"C:/Users/desho/OneDrive/Documents/GitHub/Verdant_Ash/Content/Environment/Environment_Props/Meshes/Rot_Root_low6.uasset" 2585
"C:/Users/desho/OneDrive/Documents/GitHub/Verdant_Ash/Content/Environment/Environment_Props/Meshes/Rot_Root_low6.uexp" 2586
"C:/Users/desho/OneDrive/Documents/GitHub/Verdant_Ash/Content/Environment/Environment_Props/Meshes/Rot_Root_low7.ubulk" 2587
"C:/Users/desho/OneDrive/Documents/GitHub/Verdant_Ash/Content/Environment/Environment_Props/Meshes/Rot_Root_low7.uasset" 2588
"C:/Users/desho/OneDrive/Documents/GitHub/Verdant_Ash/Content/Environment/Environment_Props/Meshes/Rot_Root_low7.uexp" 2589
"C:/Users/desho/OneDrive/Documents/GitHub/Verdant_Ash/Content/Environment/Environment_Props/Meshes/Spike_wall2.ubulk" 2590
"C:/Users/desho/OneDrive/Documents/GitHub/Verdant_Ash/Content/Environment/Environment_Props/Meshes/Spike_wall2.uasset" 2591
"C:/Users/desho/OneDrive/Documents/GitHub/Verdant_Ash/Content/Environment/Environment_Props/Meshes/Spike_wall2.uexp" 2592
"C:/Users/desho/OneDrive/Documents/GitHub/Verdant_Ash/Content/Environment/Environment_Props/Meshes/Wall_vine_low.ubulk" 2593
"C:/Users/desho/OneDrive/Documents/GitHub/Verdant_Ash/Content/Environment/Environment_Props/Meshes/Wall_vine_low.uasset" 2594
"C:/Users/desho/OneDrive/Documents/GitHub/Verdant_Ash/Content/Environment/Environment_Props/Meshes/Wall_vine_low.uexp" 2595
"C:/Users/desho/OneDrive/Documents/GitHub/Verdant_Ash/Content/Environment/Environment_Props/Meshes/Wall_vine_low1.ubulk" 2596
"C:/Users/desho/OneDrive/Documents/GitHub/Verdant_Ash/Content/Environment/Environment_Props/Meshes/Wall_vine_low1.uasset" 2597
"C:/Users/desho/OneDrive/Documents/GitHub/Verdant_Ash/Content/Environment/Environment_Props/Meshes/Wall_vine_low1.uexp" 2598
"C:/Users/desho/OneDrive/Documents/GitHub/Verdant_Ash/Content/Environment/Environment_Props/Meshes/Wall_vine_low2.ubulk" 2599
"C:/Users/desho/OneDrive/Documents/GitHub/Verdant_Ash/Content/Environment/Environment_Props/Meshes/Wall_vine_low2.uasset" 2600
"C:/Users/desho/OneDrive/Documents/GitHub/Verdant_Ash/Content/Environment/Environment_Props/Meshes/Wall_vine_low2.uexp" 2601
"C:/Users/desho/OneDrive/Documents/GitHub/Verdant_Ash/Content/Environment/Environment_Props/Meshes/Wall_vine_low3.ubulk" 2602
"C:/Users/desho/OneDrive/Documents/GitHub/Verdant_Ash/Content/Environment/Environment_Props/Meshes/Wall_vine_low3.uasset" 2603
"C:/Users/desho/OneDrive/Documents/GitHub/Verdant_Ash/Content/Environment/Environment_Props/Meshes/Wall_vine_low3.uexp" 2604
"C:/Users/desho/OneDrive/Documents/GitHub/Verdant_Ash/Content/Environment/Foliage/Meshes/Flower1.ubulk" 2605
"C:/Users/desho/OneDrive/Documents/GitHub/Verdant_Ash/Content/Environment/Foliage/Meshes/Flower1.uasset" 2606
"C:/Users/desho/OneDrive/Documents/GitHub/Verdant_Ash/Content/Environment/Foliage/Meshes/Flower1.uexp" 2607
"C:/Users/desho/OneDrive/Documents/GitHub/Verdant_Ash/Content/Environment/Foliage/Meshes/Flower11.ubulk" 2608
"C:/Users/desho/OneDrive/Documents/GitHub/Verdant_Ash/Content/Environment/Foliage/Meshes/Flower11.uasset" 2609
"C:/Users/desho/OneDrive/Documents/GitHub/Verdant_Ash/Content/Environment/Foliage/Meshes/Flower11.uexp" 2610
"C:/Users/desho/OneDrive/Documents/GitHub/Verdant_Ash/Content/Environment/Foliage/Meshes/Flower2.ubulk" 2611
"C:/Users/desho/OneDrive/Documents/GitHub/Verdant_Ash/Content/Environment/Foliage/Meshes/Flower2.uasset" 2612
"C:/Users/desho/OneDrive/Documents/GitHub/Verdant_Ash/Content/Environment/Foliage/Meshes/Flower2.uexp" 2613
"C:/Users/desho/OneDrive/Documents/GitHub/Verdant_Ash/Content/Environment/Foliage/Meshes/Flower3.ubulk" 2614
"C:/Users/desho/OneDrive/Documents/GitHub/Verdant_Ash/Content/Environment/Foliage/Meshes/Flower3.uasset" 2615
"C:/Users/desho/OneDrive/Documents/GitHub/Verdant_Ash/Content/Environment/Foliage/Meshes/Flower3.uexp" 2616
"C:/Users/desho/OneDrive/Documents/GitHub/Verdant_Ash/Content/Environment/Foliage/Meshes/Flower4.ubulk" 2617
"C:/Users/desho/OneDrive/Documents/GitHub/Verdant_Ash/Content/Environment/Foliage/Meshes/Flower4.uasset" 2618
"C:/Users/desho/OneDrive/Documents/GitHub/Verdant_Ash/Content/Environment/Foliage/Meshes/Flower4.uexp" 2619
"C:/Users/desho/OneDrive/Documents/GitHub/Verdant_Ash/Content/Environment/Foliage/Meshes/Flower5.ubulk" 2620
"C:/Users/desho/OneDrive/Documents/GitHub/Verdant_Ash/Content/Environment/Foliage/Meshes/Flower5.uasset" 2621
"C:/Users/desho/OneDrive/Documents/GitHub/Verdant_Ash/Content/Environment/Foliage/Meshes/Flower5.uexp" 2622
"C:/Users/desho/OneDrive/Documents/GitHub/Verdant_Ash/Content/Environment/Foliage/Meshes/Flower6.ubulk" 2623
"C:/Users/desho/OneDrive/Documents/GitHub/Verdant_Ash/Content/Environment/Foliage/Meshes/Flower6.uasset" 2624
"C:/Users/desho/OneDrive/Documents/GitHub/Verdant_Ash/Content/Environment/Foliage/Meshes/Flower6.uexp" 2625
"C:/Users/desho/OneDrive/Documents/GitHub/Verdant_Ash/Content/Environment/Foliage/Meshes/Flower7.ubulk" 2626
"C:/Users/desho/OneDrive/Documents/GitHub/Verdant_Ash/Content/Environment/Foliage/Meshes/Flower7.uasset" 2627
"C:/Users/desho/OneDrive/Documents/GitHub/Verdant_Ash/Content/Environment/Foliage/Meshes/Flower7.uexp" 2628
"C:/Users/desho/OneDrive/Documents/GitHub/Verdant_Ash/Content/Environment/Foliage/Meshes/Flower8.ubulk" 2629
"C:/Users/desho/OneDrive/Documents/GitHub/Verdant_Ash/Content/Environment/Foliage/Meshes/Flower8.uasset" 2630
"C:/Users/desho/OneDrive/Documents/GitHub/Verdant_Ash/Content/Environment/Foliage/Meshes/Flower8.uexp" 2631
"C:/Users/desho/OneDrive/Documents/GitHub/Verdant_Ash/Content/Environment/Foliage/Meshes/Flower9.ubulk" 2632
"C:/Users/desho/OneDrive/Documents/GitHub/Verdant_Ash/Content/Environment/Foliage/Meshes/Flower9.uasset" 2633
"C:/Users/desho/OneDrive/Documents/GitHub/Verdant_Ash/Content/Environment/Foliage/Meshes/Flower9.uexp" 2634
"C:/Users/desho/OneDrive/Documents/GitHub/Verdant_Ash/Content/Environment/Foliage/Textures/IMG_1990.ubulk" 2635
"C:/Users/desho/OneDrive/Documents/GitHub/Verdant_Ash/Content/Environment/Foliage/Textures/IMG_1990.uasset" 2636
"C:/Users/desho/OneDrive/Documents/GitHub/Verdant_Ash/Content/Environment/Foliage/Textures/IMG_1990.uexp" 2637
"C:/Users/desho/OneDrive/Documents/GitHub/Verdant_Ash/Content/Environment/Foliage/Textures/Untitled_Artwork__4_.ubulk" 2638
"C:/Users/desho/OneDrive/Documents/GitHub/Verdant_Ash/Content/Environment/Foliage/Textures/Untitled_Artwork__4_.uasset" 2639
"C:/Users/desho/OneDrive/Documents/GitHub/Verdant_Ash/Content/Environment/Foliage/Textures/Untitled_Artwork__4_.uexp" 2640
"C:/Users/desho/OneDrive/Documents/GitHub/Verdant_Ash/Content/Environment/Foliage/Materials/PLant.uasset" 2641
"C:/Users/desho/OneDrive/Documents/GitHub/Verdant_Ash/Content/Environment/Foliage/Materials/PLant.uexp" 2642
"C:/Users/desho/OneDrive/Documents/GitHub/Verdant_Ash/Content/Environment/Foliage/Materials/IN_PLant_Inst.uasset" 2643
"C:/Users/desho/OneDrive/Documents/GitHub/Verdant_Ash/Content/Environment/Foliage/Materials/IN_PLant_Inst.uexp" 2644
"C:/Users/desho/OneDrive/Documents/GitHub/Verdant_Ash/Content/Environment/Foliage/Meshes/Plant.ubulk" 2645
"C:/Users/desho/OneDrive/Documents/GitHub/Verdant_Ash/Content/Environment/Foliage/Meshes/Plant.uasset" 2646
"C:/Users/desho/OneDrive/Documents/GitHub/Verdant_Ash/Content/Environment/Foliage/Meshes/Plant.uexp" 2647
"C:/Users/desho/OneDrive/Documents/GitHub/Verdant_Ash/Content/Environment/Foliage/Meshes/Plant10.ubulk" 2648
"C:/Users/desho/OneDrive/Documents/GitHub/Verdant_Ash/Content/Environment/Foliage/Meshes/Plant10.uasset" 2649
"C:/Users/desho/OneDrive/Documents/GitHub/Verdant_Ash/Content/Environment/Foliage/Meshes/Plant10.uexp" 2650
"C:/Users/desho/OneDrive/Documents/GitHub/Verdant_Ash/Content/Environment/Foliage/Meshes/Plant11.ubulk" 2651
"C:/Users/desho/OneDrive/Documents/GitHub/Verdant_Ash/Content/Environment/Foliage/Meshes/Plant11.uasset" 2652
"C:/Users/desho/OneDrive/Documents/GitHub/Verdant_Ash/Content/Environment/Foliage/Meshes/Plant11.uexp" 2653
"C:/Users/desho/OneDrive/Documents/GitHub/Verdant_Ash/Content/Environment/Foliage/Meshes/Plant12.ubulk" 2654
"C:/Users/desho/OneDrive/Documents/GitHub/Verdant_Ash/Content/Environment/Foliage/Meshes/Plant12.uasset" 2655
"C:/Users/desho/OneDrive/Documents/GitHub/Verdant_Ash/Content/Environment/Foliage/Meshes/Plant12.uexp" 2656
"C:/Users/desho/OneDrive/Documents/GitHub/Verdant_Ash/Content/Environment/Foliage/Meshes/Plant13.ubulk" 2657
"C:/Users/desho/OneDrive/Documents/GitHub/Verdant_Ash/Content/Environment/Foliage/Meshes/Plant13.uasset" 2658
"C:/Users/desho/OneDrive/Documents/GitHub/Verdant_Ash/Content/Environment/Foliage/Meshes/Plant13.uexp" 2659
"C:/Users/desho/OneDrive/Documents/GitHub/Verdant_Ash/Content/Environment/Foliage/Meshes/Plant14.ubulk" 2660
"C:/Users/desho/OneDrive/Documents/GitHub/Verdant_Ash/Content/Environment/Foliage/Meshes/Plant14.uasset" 2661
"C:/Users/desho/OneDrive/Documents/GitHub/Verdant_Ash/Content/Environment/Foliage/Meshes/Plant14.uexp" 2662
"C:/Users/desho/OneDrive/Documents/GitHub/Verdant_Ash/Content/Environment/Foliage/Meshes/Plant6.ubulk" 2663
"C:/Users/desho/OneDrive/Documents/GitHub/Verdant_Ash/Content/Environment/Foliage/Meshes/Plant6.uasset" 2664
"C:/Users/desho/OneDrive/Documents/GitHub/Verdant_Ash/Content/Environment/Foliage/Meshes/Plant6.uexp" 2665
"C:/Users/desho/OneDrive/Documents/GitHub/Verdant_Ash/Content/Environment/Foliage/Meshes/Plant7.ubulk" 2666
"C:/Users/desho/OneDrive/Documents/GitHub/Verdant_Ash/Content/Environment/Foliage/Meshes/Plant7.uasset" 2667
"C:/Users/desho/OneDrive/Documents/GitHub/Verdant_Ash/Content/Environment/Foliage/Meshes/Plant7.uexp" 2668
"C:/Users/desho/OneDrive/Documents/GitHub/Verdant_Ash/Content/Environment/Foliage/Meshes/Plant8.ubulk" 2669
"C:/Users/desho/OneDrive/Documents/GitHub/Verdant_Ash/Content/Environment/Foliage/Meshes/Plant8.uasset" 2670
"C:/Users/desho/OneDrive/Documents/GitHub/Verdant_Ash/Content/Environment/Foliage/Meshes/Plant8.uexp" 2671
"C:/Users/desho/OneDrive/Documents/GitHub/Verdant_Ash/Content/Environment/Foliage/Meshes/Plant9.ubulk" 2672
"C:/Users/desho/OneDrive/Documents/GitHub/Verdant_Ash/Content/Environment/Foliage/Meshes/Plant9.uasset" 2673
"C:/Users/desho/OneDrive/Documents/GitHub/Verdant_Ash/Content/Environment/Foliage/Meshes/Plant9.uexp" 2674
"C:/Users/desho/OneDrive/Documents/GitHub/Verdant_Ash/Content/Environment/Environment_Props/Textures/gate_gate_BaseColor.ubulk" 2675
"C:/Users/desho/OneDrive/Documents/GitHub/Verdant_Ash/Content/Environment/Environment_Props/Textures/gate_gate_BaseColor.uasset" 2676
"C:/Users/desho/OneDrive/Documents/GitHub/Verdant_Ash/Content/Environment/Environment_Props/Textures/gate_gate_BaseColor.uexp" 2677
"C:/Users/desho/OneDrive/Documents/GitHub/Verdant_Ash/Content/Environment/Environment_Props/Textures/gate_gate_Normal.ubulk" 2678
"C:/Users/desho/OneDrive/Documents/GitHub/Verdant_Ash/Content/Environment/Environment_Props/Textures/gate_gate_Normal.uasset" 2679
"C:/Users/desho/OneDrive/Documents/GitHub/Verdant_Ash/Content/Environment/Environment_Props/Textures/gate_gate_Normal.uexp" 2680
"C:/Users/desho/OneDrive/Documents/GitHub/Verdant_Ash/Content/Environment/Environment_Props/Textures/gate_gate_Roughness.ubulk" 2681
"C:/Users/desho/OneDrive/Documents/GitHub/Verdant_Ash/Content/Environment/Environment_Props/Textures/gate_gate_Roughness.uasset" 2682
"C:/Users/desho/OneDrive/Documents/GitHub/Verdant_Ash/Content/Environment/Environment_Props/Textures/gate_gate_Roughness.uexp" 2683
"C:/Users/desho/OneDrive/Documents/GitHub/Verdant_Ash/Content/Environment/Environment_Props/Materials/Originals/Gate.uasset" 2684
"C:/Users/desho/OneDrive/Documents/GitHub/Verdant_Ash/Content/Environment/Environment_Props/Materials/Originals/Gate.uexp" 2685
"../../../Engine/Content/Functions/Engine_MaterialFunctions02/Utility/DitherTemporalAA.uasset" 2686
"../../../Engine/Content/Functions/Engine_MaterialFunctions02/Utility/DitherTemporalAA.uexp" 2687
"../../../Engine/Content/Functions/Engine_MaterialFunctions01/AlphaBlend/WorldAlignedBlend.uasset" 2688
"../../../Engine/Content/Functions/Engine_MaterialFunctions01/AlphaBlend/WorldAlignedBlend.uexp" 2689
"C:/Users/desho/OneDrive/Documents/GitHub/Verdant_Ash/Content/Environment/Trees/Textures/T_Moss_Normal.ubulk" 2690
"C:/Users/desho/OneDrive/Documents/GitHub/Verdant_Ash/Content/Environment/Trees/Textures/T_Moss_Normal.uasset" 2691
"C:/Users/desho/OneDrive/Documents/GitHub/Verdant_Ash/Content/Environment/Trees/Textures/T_Moss_Normal.uexp" 2692
"C:/Users/desho/OneDrive/Documents/GitHub/Verdant_Ash/Content/Environment/Trees/Textures/T_Snow_Normal.ubulk" 2693
"C:/Users/desho/OneDrive/Documents/GitHub/Verdant_Ash/Content/Environment/Trees/Textures/T_Snow_Normal.uasset" 2694
"C:/Users/desho/OneDrive/Documents/GitHub/Verdant_Ash/Content/Environment/Trees/Textures/T_Snow_Normal.uexp" 2695
"C:/Users/desho/OneDrive/Documents/GitHub/Verdant_Ash/Content/Environment/Trees/Wind/MP_Wind.uasset" 2696
"C:/Users/desho/OneDrive/Documents/GitHub/Verdant_Ash/Content/Environment/Trees/Wind/MP_Wind.uexp" 2697
"C:/Users/desho/OneDrive/Documents/GitHub/Verdant_Ash/Content/Environment/Trees/Textures/Stylized_Bark_Texture/T_Stylized_Bark_1_COLOR.ubulk" 2698
"C:/Users/desho/OneDrive/Documents/GitHub/Verdant_Ash/Content/Environment/Trees/Textures/Stylized_Bark_Texture/T_Stylized_Bark_1_COLOR.uasset" 2699
"C:/Users/desho/OneDrive/Documents/GitHub/Verdant_Ash/Content/Environment/Trees/Textures/Stylized_Bark_Texture/T_Stylized_Bark_1_COLOR.uexp" 2700
"C:/Users/desho/OneDrive/Documents/GitHub/Verdant_Ash/Content/Environment/Trees/Textures/Stylized_Bark_Texture/T_Stylized_Bark_1_NORM.ubulk" 2701
"C:/Users/desho/OneDrive/Documents/GitHub/Verdant_Ash/Content/Environment/Trees/Textures/Stylized_Bark_Texture/T_Stylized_Bark_1_NORM.uasset" 2702
"C:/Users/desho/OneDrive/Documents/GitHub/Verdant_Ash/Content/Environment/Trees/Textures/Stylized_Bark_Texture/T_Stylized_Bark_1_NORM.uexp" 2703
"C:/Users/desho/OneDrive/Documents/GitHub/Verdant_Ash/Content/Environment/Trees/Materials/Master_Material/M_Bark.uasset" 2704
"C:/Users/desho/OneDrive/Documents/GitHub/Verdant_Ash/Content/Environment/Trees/Materials/Master_Material/M_Bark.uexp" 2705
"C:/Users/desho/OneDrive/Documents/GitHub/Verdant_Ash/Content/Environment/Trees/Materials/Instances/Bark/MI_Bark_03.uasset" 2706
"C:/Users/desho/OneDrive/Documents/GitHub/Verdant_Ash/Content/Environment/Trees/Materials/Instances/Bark/MI_Bark_03.uexp" 2707
"../../../Engine/Content/Functions/Engine_MaterialFunctions01/WorldPositionOffset/SimpleGrassWind.uasset" 2708
"../../../Engine/Content/Functions/Engine_MaterialFunctions01/WorldPositionOffset/SimpleGrassWind.uexp" 2709
"../../../Engine/Content/Functions/Engine_MaterialFunctions02/WorldPositionOffset/ObjectPivotPoint.uasset" 2710
"../../../Engine/Content/Functions/Engine_MaterialFunctions02/WorldPositionOffset/ObjectPivotPoint.uexp" 2711
"C:/Users/desho/OneDrive/Documents/GitHub/Verdant_Ash/Content/Environment/Trees/Textures/T_WhiteBlack_Gradient.ubulk" 2712
"C:/Users/desho/OneDrive/Documents/GitHub/Verdant_Ash/Content/Environment/Trees/Textures/T_WhiteBlack_Gradient.uasset" 2713
"C:/Users/desho/OneDrive/Documents/GitHub/Verdant_Ash/Content/Environment/Trees/Textures/T_WhiteBlack_Gradient.uexp" 2714
"C:/Users/desho/OneDrive/Documents/GitHub/Verdant_Ash/Content/Environment/Trees/Textures/Leaf_Textures/T_Leaf_Texture_Willow.ubulk" 2715
"C:/Users/desho/OneDrive/Documents/GitHub/Verdant_Ash/Content/Environment/Trees/Textures/Leaf_Textures/T_Leaf_Texture_Willow.uasset" 2716
"C:/Users/desho/OneDrive/Documents/GitHub/Verdant_Ash/Content/Environment/Trees/Textures/Leaf_Textures/T_Leaf_Texture_Willow.uexp" 2717
"C:/Users/desho/OneDrive/Documents/GitHub/Verdant_Ash/Content/Environment/Trees/Materials/Master_Material/M_Leaf.uasset" 2718
"C:/Users/desho/OneDrive/Documents/GitHub/Verdant_Ash/Content/Environment/Trees/Materials/Master_Material/M_Leaf.uexp" 2719
"C:/Users/desho/OneDrive/Documents/GitHub/Verdant_Ash/Content/Environment/Trees/Textures/Leaf_Textures/T_Leaf_Texture_Beech_Branch.ubulk" 2720
"C:/Users/desho/OneDrive/Documents/GitHub/Verdant_Ash/Content/Environment/Trees/Textures/Leaf_Textures/T_Leaf_Texture_Beech_Branch.uasset" 2721
"C:/Users/desho/OneDrive/Documents/GitHub/Verdant_Ash/Content/Environment/Trees/Textures/Leaf_Textures/T_Leaf_Texture_Beech_Branch.uexp" 2722
"C:/Users/desho/OneDrive/Documents/GitHub/Verdant_Ash/Content/Environment/Trees/Materials/Instances/Beech/Branch/MI_Leaf_Beech_Branch_02.uasset" 2723
"C:/Users/desho/OneDrive/Documents/GitHub/Verdant_Ash/Content/Environment/Trees/Materials/Instances/Beech/Branch/MI_Leaf_Beech_Branch_02.uexp" 2724
"C:/Users/desho/OneDrive/Documents/GitHub/Verdant_Ash/Content/Environment/Trees/Textures/Leaf_Textures/T_Leaf_Texture_Beech.ubulk" 2725
"C:/Users/desho/OneDrive/Documents/GitHub/Verdant_Ash/Content/Environment/Trees/Textures/Leaf_Textures/T_Leaf_Texture_Beech.uasset" 2726
"C:/Users/desho/OneDrive/Documents/GitHub/Verdant_Ash/Content/Environment/Trees/Textures/Leaf_Textures/T_Leaf_Texture_Beech.uexp" 2727
"C:/Users/desho/OneDrive/Documents/GitHub/Verdant_Ash/Content/Environment/Trees/Materials/Instances/Beech/Leaf/MI_Leaf_Beech_02.uasset" 2728
"C:/Users/desho/OneDrive/Documents/GitHub/Verdant_Ash/Content/Environment/Trees/Materials/Instances/Beech/Leaf/MI_Leaf_Beech_02.uexp" 2729
"C:/Users/desho/OneDrive/Documents/GitHub/Verdant_Ash/Content/Environment/Trees/Mesh/Beech/SM_Stylized_Tree_Beech_04.ubulk" 2730
"C:/Users/desho/OneDrive/Documents/GitHub/Verdant_Ash/Content/Environment/Trees/Mesh/Beech/SM_Stylized_Tree_Beech_04.uasset" 2731
"C:/Users/desho/OneDrive/Documents/GitHub/Verdant_Ash/Content/Environment/Trees/Mesh/Beech/SM_Stylized_Tree_Beech_04.uexp" 2732
"C:/Users/desho/OneDrive/Documents/GitHub/Verdant_Ash/Content/Environment/Trees/Materials/Instances/Bark/MI_Bark_02.uasset" 2733
"C:/Users/desho/OneDrive/Documents/GitHub/Verdant_Ash/Content/Environment/Trees/Materials/Instances/Bark/MI_Bark_02.uexp" 2734
"C:/Users/desho/OneDrive/Documents/GitHub/Verdant_Ash/Content/Environment/Trees/Materials/Instances/Beech/Branch/MI_Leaf_Beech_Branch_04.uasset" 2735
"C:/Users/desho/OneDrive/Documents/GitHub/Verdant_Ash/Content/Environment/Trees/Materials/Instances/Beech/Branch/MI_Leaf_Beech_Branch_04.uexp" 2736
"C:/Users/desho/OneDrive/Documents/GitHub/Verdant_Ash/Content/Environment/Trees/Materials/Instances/Beech/Leaf/MI_Leaf_Beech_04.uasset" 2737
"C:/Users/desho/OneDrive/Documents/GitHub/Verdant_Ash/Content/Environment/Trees/Materials/Instances/Beech/Leaf/MI_Leaf_Beech_04.uexp" 2738
"C:/Users/desho/OneDrive/Documents/GitHub/Verdant_Ash/Content/Environment/Trees/Mesh/Beech/SM_Stylized_Tree_Beech_05.ubulk" 2739
"C:/Users/desho/OneDrive/Documents/GitHub/Verdant_Ash/Content/Environment/Trees/Mesh/Beech/SM_Stylized_Tree_Beech_05.uasset" 2740
"C:/Users/desho/OneDrive/Documents/GitHub/Verdant_Ash/Content/Environment/Trees/Mesh/Beech/SM_Stylized_Tree_Beech_05.uexp" 2741
"C:/Users/desho/OneDrive/Documents/GitHub/Verdant_Ash/Content/Environment/Trees/Mesh/Beech/SM_Stylized_Tree_Beech_09.ubulk" 2742
"C:/Users/desho/OneDrive/Documents/GitHub/Verdant_Ash/Content/Environment/Trees/Mesh/Beech/SM_Stylized_Tree_Beech_09.uasset" 2743
"C:/Users/desho/OneDrive/Documents/GitHub/Verdant_Ash/Content/Environment/Trees/Mesh/Beech/SM_Stylized_Tree_Beech_09.uexp" 2744
"C:/Users/desho/OneDrive/Documents/GitHub/Verdant_Ash/Content/Environment/Trees/Materials/Instances/Bark/MI_Bark_04.uasset" 2745
"C:/Users/desho/OneDrive/Documents/GitHub/Verdant_Ash/Content/Environment/Trees/Materials/Instances/Bark/MI_Bark_04.uexp" 2746
"C:/Users/desho/OneDrive/Documents/GitHub/Verdant_Ash/Content/Environment/Trees/Textures/Leaf_Textures/T_Leaf_Texture_Oak.ubulk" 2747
"C:/Users/desho/OneDrive/Documents/GitHub/Verdant_Ash/Content/Environment/Trees/Textures/Leaf_Textures/T_Leaf_Texture_Oak.uasset" 2748
"C:/Users/desho/OneDrive/Documents/GitHub/Verdant_Ash/Content/Environment/Trees/Textures/Leaf_Textures/T_Leaf_Texture_Oak.uexp" 2749
"C:/Users/desho/OneDrive/Documents/GitHub/Verdant_Ash/Content/Environment/Trees/Materials/Instances/Oak/MI_Leaf_Oak_03.uasset" 2750
"C:/Users/desho/OneDrive/Documents/GitHub/Verdant_Ash/Content/Environment/Trees/Materials/Instances/Oak/MI_Leaf_Oak_03.uexp" 2751
"C:/Users/desho/OneDrive/Documents/GitHub/Verdant_Ash/Content/Environment/Trees/Mesh/Oak/SM_Stylized_Tree_Oak_01.ubulk" 2752
"C:/Users/desho/OneDrive/Documents/GitHub/Verdant_Ash/Content/Environment/Trees/Mesh/Oak/SM_Stylized_Tree_Oak_01.uasset" 2753
"C:/Users/desho/OneDrive/Documents/GitHub/Verdant_Ash/Content/Environment/Trees/Mesh/Oak/SM_Stylized_Tree_Oak_01.uexp" 2754
"C:/Users/desho/OneDrive/Documents/GitHub/Verdant_Ash/Content/Environment/Trees/Materials/Instances/Oak/MI_Leaf_Oak_05.uasset" 2755
"C:/Users/desho/OneDrive/Documents/GitHub/Verdant_Ash/Content/Environment/Trees/Materials/Instances/Oak/MI_Leaf_Oak_05.uexp" 2756
"C:/Users/desho/OneDrive/Documents/GitHub/Verdant_Ash/Content/Environment/Trees/Mesh/Oak/SM_Stylized_Tree_Oak_02.ubulk" 2757
"C:/Users/desho/OneDrive/Documents/GitHub/Verdant_Ash/Content/Environment/Trees/Mesh/Oak/SM_Stylized_Tree_Oak_02.uasset" 2758
"C:/Users/desho/OneDrive/Documents/GitHub/Verdant_Ash/Content/Environment/Trees/Mesh/Oak/SM_Stylized_Tree_Oak_02.uexp" 2759
"C:/Users/desho/OneDrive/Documents/GitHub/Verdant_Ash/Content/Environment/Trees/Mesh/Oak/SM_Stylized_Tree_Oak_04.ubulk" 2760
"C:/Users/desho/OneDrive/Documents/GitHub/Verdant_Ash/Content/Environment/Trees/Mesh/Oak/SM_Stylized_Tree_Oak_04.uasset" 2761
"C:/Users/desho/OneDrive/Documents/GitHub/Verdant_Ash/Content/Environment/Trees/Mesh/Oak/SM_Stylized_Tree_Oak_04.uexp" 2762
"C:/Users/desho/OneDrive/Documents/GitHub/Verdant_Ash/Content/Environment/Trees/Materials/Instances/Bark/MI_Bark_01.uasset" 2763
"C:/Users/desho/OneDrive/Documents/GitHub/Verdant_Ash/Content/Environment/Trees/Materials/Instances/Bark/MI_Bark_01.uexp" 2764
"C:/Users/desho/OneDrive/Documents/GitHub/Verdant_Ash/Content/Environment/Trees/Materials/Instances/Oak/MI_Leaf_Oak_04.uasset" 2765
"C:/Users/desho/OneDrive/Documents/GitHub/Verdant_Ash/Content/Environment/Trees/Materials/Instances/Oak/MI_Leaf_Oak_04.uexp" 2766
"C:/Users/desho/OneDrive/Documents/GitHub/Verdant_Ash/Content/Environment/Trees/Mesh/Oak/SM_Stylized_Tree_Oak_05.ubulk" 2767
"C:/Users/desho/OneDrive/Documents/GitHub/Verdant_Ash/Content/Environment/Trees/Mesh/Oak/SM_Stylized_Tree_Oak_05.uasset" 2768
"C:/Users/desho/OneDrive/Documents/GitHub/Verdant_Ash/Content/Environment/Trees/Mesh/Oak/SM_Stylized_Tree_Oak_05.uexp" 2769
"C:/Users/desho/OneDrive/Documents/GitHub/Verdant_Ash/Content/Environment/Trees/Mesh/Oak/SM_Stylized_Tree_Oak_06.ubulk" 2770
"C:/Users/desho/OneDrive/Documents/GitHub/Verdant_Ash/Content/Environment/Trees/Mesh/Oak/SM_Stylized_Tree_Oak_06.uasset" 2771
"C:/Users/desho/OneDrive/Documents/GitHub/Verdant_Ash/Content/Environment/Trees/Mesh/Oak/SM_Stylized_Tree_Oak_06.uexp" 2772
"C:/Users/desho/OneDrive/Documents/GitHub/Verdant_Ash/Content/Environment/Trees/Mesh/Oak/SM_Stylized_Tree_Oak_08.ubulk" 2773
"C:/Users/desho/OneDrive/Documents/GitHub/Verdant_Ash/Content/Environment/Trees/Mesh/Oak/SM_Stylized_Tree_Oak_08.uasset" 2774
"C:/Users/desho/OneDrive/Documents/GitHub/Verdant_Ash/Content/Environment/Trees/Mesh/Oak/SM_Stylized_Tree_Oak_08.uexp" 2775
"C:/Users/desho/OneDrive/Documents/GitHub/Verdant_Ash/Content/Environment/Trees/Textures/Leaf_Textures/T_Leaf_Texture_Acacia_Branch.ubulk" 2776
"C:/Users/desho/OneDrive/Documents/GitHub/Verdant_Ash/Content/Environment/Trees/Textures/Leaf_Textures/T_Leaf_Texture_Acacia_Branch.uasset" 2777
"C:/Users/desho/OneDrive/Documents/GitHub/Verdant_Ash/Content/Environment/Trees/Textures/Leaf_Textures/T_Leaf_Texture_Acacia_Branch.uexp" 2778
"C:/Users/desho/OneDrive/Documents/GitHub/Verdant_Ash/Content/Environment/Trees/Materials/Instances/Acacia/Branch/MI_Leaf_Acacia_Branch_05.uasset" 2779
"C:/Users/desho/OneDrive/Documents/GitHub/Verdant_Ash/Content/Environment/Trees/Materials/Instances/Acacia/Branch/MI_Leaf_Acacia_Branch_05.uexp" 2780
"C:/Users/desho/OneDrive/Documents/GitHub/Verdant_Ash/Content/Environment/Trees/Textures/Leaf_Textures/T_Leaf_Texture_Acacia.ubulk" 2781
"C:/Users/desho/OneDrive/Documents/GitHub/Verdant_Ash/Content/Environment/Trees/Textures/Leaf_Textures/T_Leaf_Texture_Acacia.uasset" 2782
"C:/Users/desho/OneDrive/Documents/GitHub/Verdant_Ash/Content/Environment/Trees/Textures/Leaf_Textures/T_Leaf_Texture_Acacia.uexp" 2783
"C:/Users/desho/OneDrive/Documents/GitHub/Verdant_Ash/Content/Environment/Trees/Materials/Instances/Acacia/Leaf/MI_Leaf_Acacia_05.uasset" 2784
"C:/Users/desho/OneDrive/Documents/GitHub/Verdant_Ash/Content/Environment/Trees/Materials/Instances/Acacia/Leaf/MI_Leaf_Acacia_05.uexp" 2785
"C:/Users/desho/OneDrive/Documents/GitHub/Verdant_Ash/Content/Environment/Trees/Mesh/Old/SM_Stylized_Tree_Old_02.ubulk" 2786
"C:/Users/desho/OneDrive/Documents/GitHub/Verdant_Ash/Content/Environment/Trees/Mesh/Old/SM_Stylized_Tree_Old_02.uasset" 2787
"C:/Users/desho/OneDrive/Documents/GitHub/Verdant_Ash/Content/Environment/Trees/Mesh/Old/SM_Stylized_Tree_Old_02.uexp" 2788
"C:/Users/desho/OneDrive/Documents/GitHub/Verdant_Ash/Content/Environment/Trees/Mesh/Old/SM_Stylized_Tree_Old_03.ubulk" 2789
"C:/Users/desho/OneDrive/Documents/GitHub/Verdant_Ash/Content/Environment/Trees/Mesh/Old/SM_Stylized_Tree_Old_03.uasset" 2790
"C:/Users/desho/OneDrive/Documents/GitHub/Verdant_Ash/Content/Environment/Trees/Mesh/Old/SM_Stylized_Tree_Old_03.uexp" 2791
"C:/Users/desho/OneDrive/Documents/GitHub/Verdant_Ash/Content/Environment/Trees/Mesh/Old/SM_Stylized_Tree_Old_05.ubulk" 2792
"C:/Users/desho/OneDrive/Documents/GitHub/Verdant_Ash/Content/Environment/Trees/Mesh/Old/SM_Stylized_Tree_Old_05.uasset" 2793
"C:/Users/desho/OneDrive/Documents/GitHub/Verdant_Ash/Content/Environment/Trees/Mesh/Old/SM_Stylized_Tree_Old_05.uexp" 2794
"C:/Users/desho/OneDrive/Documents/GitHub/Verdant_Ash/Content/UI_Materials/Images/Colored_Main_Menu_BG.uasset" 2795
"C:/Users/desho/OneDrive/Documents/GitHub/Verdant_Ash/Content/UI_Materials/Images/Colored_Main_Menu_BG.uexp" 2796
"C:/Users/desho/OneDrive/Documents/GitHub/Verdant_Ash/Content/UI_Materials/Images/Divider__1_.uasset" 2797
"C:/Users/desho/OneDrive/Documents/GitHub/Verdant_Ash/Content/UI_Materials/Images/Divider__1_.uexp" 2798
"C:/Users/desho/OneDrive/Documents/GitHub/Verdant_Ash/Content/Blueprint/UI_Widgets/WBP_CreditCutscene.uasset" 2799
"C:/Users/desho/OneDrive/Documents/GitHub/Verdant_Ash/Content/Blueprint/UI_Widgets/WBP_CreditCutscene.uexp" 2800
"C:/Users/desho/OneDrive/Documents/GitHub/Verdant_Ash/Content/SFX_Music/SFX/freesound_community-cracking-66624.ubulk" 2801
"C:/Users/desho/OneDrive/Documents/GitHub/Verdant_Ash/Content/SFX_Music/SFX/freesound_community-cracking-66624.uasset" 2802
"C:/Users/desho/OneDrive/Documents/GitHub/Verdant_Ash/Content/SFX_Music/SFX/freesound_community-cracking-66624.uexp" 2803
"C:/Users/desho/OneDrive/Documents/GitHub/Verdant_Ash/Content/SFX_Music/SFX/freesound_community-quake-and-break-99034.ubulk" 2804
"C:/Users/desho/OneDrive/Documents/GitHub/Verdant_Ash/Content/SFX_Music/SFX/freesound_community-quake-and-break-99034.uasset" 2805
"C:/Users/desho/OneDrive/Documents/GitHub/Verdant_Ash/Content/SFX_Music/SFX/freesound_community-quake-and-break-99034.uexp" 2806
"C:/Users/desho/OneDrive/Documents/GitHub/Verdant_Ash/Content/SFX_Music/SFX/lordsonny-small-rock-break-194553.ubulk" 2807
"C:/Users/desho/OneDrive/Documents/GitHub/Verdant_Ash/Content/SFX_Music/SFX/lordsonny-small-rock-break-194553.uasset" 2808
"C:/Users/desho/OneDrive/Documents/GitHub/Verdant_Ash/Content/SFX_Music/SFX/lordsonny-small-rock-break-194553.uexp" 2809
"C:/Users/desho/OneDrive/Documents/GitHub/Verdant_Ash/Content/SFX_Music/SFX/sslc2022-earth-rumble-128880.ubulk" 2810
"C:/Users/desho/OneDrive/Documents/GitHub/Verdant_Ash/Content/SFX_Music/SFX/sslc2022-earth-rumble-128880.uasset" 2811
"C:/Users/desho/OneDrive/Documents/GitHub/Verdant_Ash/Content/SFX_Music/SFX/sslc2022-earth-rumble-128880.uexp" 2812
"C:/Users/desho/OneDrive/Documents/GitHub/Verdant_Ash/Content/SFX_Music/SFX/tanweraman-branch-drag-329004_-_Copy.ubulk" 2813
"C:/Users/desho/OneDrive/Documents/GitHub/Verdant_Ash/Content/SFX_Music/SFX/tanweraman-branch-drag-329004_-_Copy.uasset" 2814
"C:/Users/desho/OneDrive/Documents/GitHub/Verdant_Ash/Content/SFX_Music/SFX/tanweraman-branch-drag-329004_-_Copy.uexp" 2815
"C:/Users/desho/OneDrive/Documents/GitHub/Verdant_Ash/Content/SFX_Music/SFX/universfield-swoosh-023-454830.ubulk" 2816
"C:/Users/desho/OneDrive/Documents/GitHub/Verdant_Ash/Content/SFX_Music/SFX/universfield-swoosh-023-454830.uasset" 2817
"C:/Users/desho/OneDrive/Documents/GitHub/Verdant_Ash/Content/SFX_Music/SFX/universfield-swoosh-023-454830.uexp" 2818
"C:/Users/desho/OneDrive/Documents/GitHub/Verdant_Ash/Content/SFX_Music/SFX/universfield-swoosh-029-487885.ubulk" 2819
"C:/Users/desho/OneDrive/Documents/GitHub/Verdant_Ash/Content/SFX_Music/SFX/universfield-swoosh-029-487885.uasset" 2820
"C:/Users/desho/OneDrive/Documents/GitHub/Verdant_Ash/Content/SFX_Music/SFX/universfield-swoosh-029-487885.uexp" 2821
"C:/Users/desho/OneDrive/Documents/GitHub/Verdant_Ash/Content/Levels/Level2EndSequenceAdjusted.uasset" 2822
"C:/Users/desho/OneDrive/Documents/GitHub/Verdant_Ash/Content/Levels/Level2EndSequenceAdjusted.uexp" 2823
"C:/Users/desho/OneDrive/Documents/GitHub/Verdant_Ash/Content/Levels/Level_2.uexp" 2824
"C:/Users/desho/OneDrive/Documents/GitHub/Verdant_Ash/Content/Levels/Level_2.umap" 2825
"C:/Users/desho/OneDrive/Documents/GitHub/Verdant_Ash/Content/Movies/FMS_Intro.uasset" 2826
"C:/Users/desho/OneDrive/Documents/GitHub/Verdant_Ash/Content/Movies/FMS_Intro.uexp" 2827
"C:/Users/desho/OneDrive/Documents/GitHub/Verdant_Ash/Content/Movies/MP_Intro.uasset" 2828
"C:/Users/desho/OneDrive/Documents/GitHub/Verdant_Ash/Content/Movies/MP_Intro.uexp" 2829
"C:/Users/desho/OneDrive/Documents/GitHub/Verdant_Ash/Content/Blueprint/UI_Widgets/WBP_Credits.uasset" 2830
"C:/Users/desho/OneDrive/Documents/GitHub/Verdant_Ash/Content/Blueprint/UI_Widgets/WBP_Credits.uexp" 2831
"C:/Users/desho/OneDrive/Documents/GitHub/Verdant_Ash/Content/UI_Materials/Images/Verdant_Ash_v2_1_Vine-Iteration.uasset" 2832
"C:/Users/desho/OneDrive/Documents/GitHub/Verdant_Ash/Content/UI_Materials/Images/Verdant_Ash_v2_1_Vine-Iteration.uexp" 2833
"C:/Users/desho/OneDrive/Documents/GitHub/Verdant_Ash/Content/UI_Materials/Images/Title_Screen_2.uasset" 2834
"C:/Users/desho/OneDrive/Documents/GitHub/Verdant_Ash/Content/UI_Materials/Images/Title_Screen_2.uexp" 2835
"C:/Users/desho/OneDrive/Documents/GitHub/Verdant_Ash/Content/Movies/MP_Intro_Video.uasset" 2836
"C:/Users/desho/OneDrive/Documents/GitHub/Verdant_Ash/Content/Movies/MP_Intro_Video.uexp" 2837
"C:/Users/desho/OneDrive/Documents/GitHub/Verdant_Ash/Content/UI_Materials/Images/M_UI_Intro.uasset" 2838
"C:/Users/desho/OneDrive/Documents/GitHub/Verdant_Ash/Content/UI_Materials/Images/M_UI_Intro.uexp" 2839
"C:/Users/desho/OneDrive/Documents/GitHub/Verdant_Ash/Content/Blueprint/UI_Widgets/WBP_MainMenu1.uasset" 2840
"C:/Users/desho/OneDrive/Documents/GitHub/Verdant_Ash/Content/Blueprint/UI_Widgets/WBP_MainMenu1.uexp" 2841
"C:/Users/desho/OneDrive/Documents/GitHub/Verdant_Ash/Content/Blueprint/GameMode/GM_MainMenu.uasset" 2842
"C:/Users/desho/OneDrive/Documents/GitHub/Verdant_Ash/Content/Blueprint/GameMode/GM_MainMenu.uexp" 2843
"C:/Users/desho/OneDrive/Documents/GitHub/Verdant_Ash/Content/SFX_Music/Music/fairy-of-the-forest_Music.ubulk" 2844
"C:/Users/desho/OneDrive/Documents/GitHub/Verdant_Ash/Content/SFX_Music/Music/fairy-of-the-forest_Music.uasset" 2845
"C:/Users/desho/OneDrive/Documents/GitHub/Verdant_Ash/Content/SFX_Music/Music/fairy-of-the-forest_Music.uexp" 2846
"C:/Users/desho/OneDrive/Documents/GitHub/Verdant_Ash/Content/Static_Meshes/Import/openPBR_shader1.uasset" 2847
"C:/Users/desho/OneDrive/Documents/GitHub/Verdant_Ash/Content/Static_Meshes/Import/openPBR_shader1.uexp" 2848
"C:/Users/desho/OneDrive/Documents/GitHub/Verdant_Ash/Content/Static_Meshes/Import/Mesh.ubulk" 2849
"C:/Users/desho/OneDrive/Documents/GitHub/Verdant_Ash/Content/Static_Meshes/Import/Mesh.uasset" 2850
"C:/Users/desho/OneDrive/Documents/GitHub/Verdant_Ash/Content/Static_Meshes/Import/Mesh.uexp" 2851
"C:/Users/desho/OneDrive/Documents/GitHub/Verdant_Ash/Content/Static_Meshes/Import/Mesh_ncl_1.ubulk" 2852
"C:/Users/desho/OneDrive/Documents/GitHub/Verdant_Ash/Content/Static_Meshes/Import/Mesh_ncl_1.uasset" 2853
"C:/Users/desho/OneDrive/Documents/GitHub/Verdant_Ash/Content/Static_Meshes/Import/Mesh_ncl_1.uexp" 2854
"C:/Users/desho/OneDrive/Documents/GitHub/Verdant_Ash/Content/Static_Meshes/Import/Mesh_ncl_2.ubulk" 2855
"C:/Users/desho/OneDrive/Documents/GitHub/Verdant_Ash/Content/Static_Meshes/Import/Mesh_ncl_2.uasset" 2856
"C:/Users/desho/OneDrive/Documents/GitHub/Verdant_Ash/Content/Static_Meshes/Import/Mesh_ncl_2.uexp" 2857
"C:/Users/desho/OneDrive/Documents/GitHub/Verdant_Ash/Content/Static_Meshes/Import/Mesh_ncl_3.ubulk" 2858
"C:/Users/desho/OneDrive/Documents/GitHub/Verdant_Ash/Content/Static_Meshes/Import/Mesh_ncl_3.uasset" 2859
"C:/Users/desho/OneDrive/Documents/GitHub/Verdant_Ash/Content/Static_Meshes/Import/Mesh_ncl_3.uexp" 2860
"C:/Users/desho/OneDrive/Documents/GitHub/Verdant_Ash/Content/Static_Meshes/Import/Mesh_ncl_4.ubulk" 2861
"C:/Users/desho/OneDrive/Documents/GitHub/Verdant_Ash/Content/Static_Meshes/Import/Mesh_ncl_4.uasset" 2862
"C:/Users/desho/OneDrive/Documents/GitHub/Verdant_Ash/Content/Static_Meshes/Import/Mesh_ncl_4.uexp" 2863
"C:/Users/desho/OneDrive/Documents/GitHub/Verdant_Ash/Content/Levels/Lvl_MainMenu.uexp" 2864
"C:/Users/desho/OneDrive/Documents/GitHub/Verdant_Ash/Content/Levels/Lvl_MainMenu.umap" 2865
"C:/Users/desho/OneDrive/Documents/GitHub/Verdant_Ash/Content/scenery.uasset" 2866
"C:/Users/desho/OneDrive/Documents/GitHub/Verdant_Ash/Content/scenery.uexp" 2867
"C:/Users/desho/OneDrive/Documents/GitHub/Verdant_Ash/Content/Blueprint/Level_Changers/BP_LevelChanger.uasset" 2868
"C:/Users/desho/OneDrive/Documents/GitHub/Verdant_Ash/Content/Blueprint/Level_Changers/BP_LevelChanger.uexp" 2869
"C:/Users/desho/OneDrive/Documents/GitHub/Verdant_Ash/Content/Environment/Environment_Props/Meshes/Log_PIle.ubulk" 2870
"C:/Users/desho/OneDrive/Documents/GitHub/Verdant_Ash/Content/Environment/Environment_Props/Meshes/Log_PIle.uasset" 2871
"C:/Users/desho/OneDrive/Documents/GitHub/Verdant_Ash/Content/Environment/Environment_Props/Meshes/Log_PIle.uexp" 2872
"C:/Users/desho/OneDrive/Documents/GitHub/Verdant_Ash/Content/Environment/Environment_Props/Meshes/Path_log.ubulk" 2873
"C:/Users/desho/OneDrive/Documents/GitHub/Verdant_Ash/Content/Environment/Environment_Props/Meshes/Path_log.uasset" 2874
"C:/Users/desho/OneDrive/Documents/GitHub/Verdant_Ash/Content/Environment/Environment_Props/Meshes/Path_log.uexp" 2875
"C:/Users/desho/OneDrive/Documents/GitHub/Verdant_Ash/Content/Environment/Environment_Props/Meshes/Path_log11.ubulk" 2876
"C:/Users/desho/OneDrive/Documents/GitHub/Verdant_Ash/Content/Environment/Environment_Props/Meshes/Path_log11.uasset" 2877
"C:/Users/desho/OneDrive/Documents/GitHub/Verdant_Ash/Content/Environment/Environment_Props/Meshes/Path_log11.uexp" 2878
"C:/Users/desho/OneDrive/Documents/GitHub/Verdant_Ash/Content/Environment/Environment_Props/Textures/Test_lore_wall_BaseColor.ubulk" 2879
"C:/Users/desho/OneDrive/Documents/GitHub/Verdant_Ash/Content/Environment/Environment_Props/Textures/Test_lore_wall_BaseColor.uasset" 2880
"C:/Users/desho/OneDrive/Documents/GitHub/Verdant_Ash/Content/Environment/Environment_Props/Textures/Test_lore_wall_BaseColor.uexp" 2881
"C:/Users/desho/OneDrive/Documents/GitHub/Verdant_Ash/Content/Environment/Environment_Props/Textures/Test_lore_wall_Metallic.ubulk" 2882
"C:/Users/desho/OneDrive/Documents/GitHub/Verdant_Ash/Content/Environment/Environment_Props/Textures/Test_lore_wall_Metallic.uasset" 2883
"C:/Users/desho/OneDrive/Documents/GitHub/Verdant_Ash/Content/Environment/Environment_Props/Textures/Test_lore_wall_Metallic.uexp" 2884
"C:/Users/desho/OneDrive/Documents/GitHub/Verdant_Ash/Content/Environment/Environment_Props/Textures/Test_lore_wall_Roughness.ubulk" 2885
"C:/Users/desho/OneDrive/Documents/GitHub/Verdant_Ash/Content/Environment/Environment_Props/Textures/Test_lore_wall_Roughness.uasset" 2886
"C:/Users/desho/OneDrive/Documents/GitHub/Verdant_Ash/Content/Environment/Environment_Props/Textures/Test_lore_wall_Roughness.uexp" 2887
"C:/Users/desho/OneDrive/Documents/GitHub/Verdant_Ash/Content/Environment/Environment_Props/Materials/Originals/LoreWall.uasset" 2888
"C:/Users/desho/OneDrive/Documents/GitHub/Verdant_Ash/Content/Environment/Environment_Props/Materials/Originals/LoreWall.uexp" 2889
"C:/Users/desho/OneDrive/Documents/GitHub/Verdant_Ash/Content/Environment/Environment_Props/Materials/IN_LoreWall_Inst.uasset" 2890
"C:/Users/desho/OneDrive/Documents/GitHub/Verdant_Ash/Content/Environment/Environment_Props/Materials/IN_LoreWall_Inst.uexp" 2891
"C:/Users/desho/OneDrive/Documents/GitHub/Verdant_Ash/Content/Environment/Environment_Props/Meshes/pDisc8.ubulk" 2892
"C:/Users/desho/OneDrive/Documents/GitHub/Verdant_Ash/Content/Environment/Environment_Props/Meshes/pDisc8.uasset" 2893
"C:/Users/desho/OneDrive/Documents/GitHub/Verdant_Ash/Content/Environment/Environment_Props/Meshes/pDisc8.uexp" 2894
"C:/Users/desho/OneDrive/Documents/GitHub/Verdant_Ash/Content/Environment/Environment_Props/Meshes/pSphere6.ubulk" 2895
"C:/Users/desho/OneDrive/Documents/GitHub/Verdant_Ash/Content/Environment/Environment_Props/Meshes/pSphere6.uasset" 2896
"C:/Users/desho/OneDrive/Documents/GitHub/Verdant_Ash/Content/Environment/Environment_Props/Meshes/pSphere6.uexp" 2897
"C:/Users/desho/OneDrive/Documents/GitHub/Verdant_Ash/Content/Environment/Environment_Props/Meshes/Punching_bag_pCube6.ubulk" 2898
"C:/Users/desho/OneDrive/Documents/GitHub/Verdant_Ash/Content/Environment/Environment_Props/Meshes/Punching_bag_pCube6.uasset" 2899
"C:/Users/desho/OneDrive/Documents/GitHub/Verdant_Ash/Content/Environment/Environment_Props/Meshes/Punching_bag_pCube6.uexp" 2900
"C:/Users/desho/OneDrive/Documents/GitHub/Verdant_Ash/Content/Environment/Environment_Props/Meshes/Punch_Dummy1.ubulk" 2901
"C:/Users/desho/OneDrive/Documents/GitHub/Verdant_Ash/Content/Environment/Environment_Props/Meshes/Punch_Dummy1.uasset" 2902
"C:/Users/desho/OneDrive/Documents/GitHub/Verdant_Ash/Content/Environment/Environment_Props/Meshes/Punch_Dummy1.uexp" 2903
"C:/Users/desho/OneDrive/Documents/GitHub/Verdant_Ash/Content/Environment/Environment_Props/Textures/Village_buidings_texture_Village_Stage_BaseColor.ubulk" 2904
"C:/Users/desho/OneDrive/Documents/GitHub/Verdant_Ash/Content/Environment/Environment_Props/Textures/Village_buidings_texture_Village_Stage_BaseColor.uasset" 2905
"C:/Users/desho/OneDrive/Documents/GitHub/Verdant_Ash/Content/Environment/Environment_Props/Textures/Village_buidings_texture_Village_Stage_BaseColor.uexp" 2906
"C:/Users/desho/OneDrive/Documents/GitHub/Verdant_Ash/Content/Environment/Environment_Props/Textures/Village_buidings_texture_Village_Stage_Metallic.ubulk" 2907
"C:/Users/desho/OneDrive/Documents/GitHub/Verdant_Ash/Content/Environment/Environment_Props/Textures/Village_buidings_texture_Village_Stage_Metallic.uasset" 2908
"C:/Users/desho/OneDrive/Documents/GitHub/Verdant_Ash/Content/Environment/Environment_Props/Textures/Village_buidings_texture_Village_Stage_Metallic.uexp" 2909
"C:/Users/desho/OneDrive/Documents/GitHub/Verdant_Ash/Content/Environment/Environment_Props/Textures/Village_buidings_texture_Village_Stage_Normal.ubulk" 2910
"C:/Users/desho/OneDrive/Documents/GitHub/Verdant_Ash/Content/Environment/Environment_Props/Textures/Village_buidings_texture_Village_Stage_Normal.uasset" 2911
"C:/Users/desho/OneDrive/Documents/GitHub/Verdant_Ash/Content/Environment/Environment_Props/Textures/Village_buidings_texture_Village_Stage_Normal.uexp" 2912
"C:/Users/desho/OneDrive/Documents/GitHub/Verdant_Ash/Content/Environment/Environment_Props/Textures/Village_buidings_texture_Village_Stage_Roughness.ubulk" 2913
"C:/Users/desho/OneDrive/Documents/GitHub/Verdant_Ash/Content/Environment/Environment_Props/Textures/Village_buidings_texture_Village_Stage_Roughness.uasset" 2914
"C:/Users/desho/OneDrive/Documents/GitHub/Verdant_Ash/Content/Environment/Environment_Props/Textures/Village_buidings_texture_Village_Stage_Roughness.uexp" 2915
"C:/Users/desho/OneDrive/Documents/GitHub/Verdant_Ash/Content/Environment/Environment_Props/Materials/Originals/VillageStage.uasset" 2916
"C:/Users/desho/OneDrive/Documents/GitHub/Verdant_Ash/Content/Environment/Environment_Props/Materials/Originals/VillageStage.uexp" 2917
"C:/Users/desho/OneDrive/Documents/GitHub/Verdant_Ash/Content/Environment/Environment_Props/Materials/IN_VillageStage_Inst.uasset" 2918
"C:/Users/desho/OneDrive/Documents/GitHub/Verdant_Ash/Content/Environment/Environment_Props/Materials/IN_VillageStage_Inst.uexp" 2919
"C:/Users/desho/OneDrive/Documents/GitHub/Verdant_Ash/Content/Environment/Environment_Props/Meshes/Stage.ubulk" 2920
"C:/Users/desho/OneDrive/Documents/GitHub/Verdant_Ash/Content/Environment/Environment_Props/Meshes/Stage.uasset" 2921
"C:/Users/desho/OneDrive/Documents/GitHub/Verdant_Ash/Content/Environment/Environment_Props/Meshes/Stage.uexp" 2922
"C:/Users/desho/OneDrive/Documents/GitHub/Verdant_Ash/Content/Environment/Environment_Props/Meshes/Target.ubulk" 2923
"C:/Users/desho/OneDrive/Documents/GitHub/Verdant_Ash/Content/Environment/Environment_Props/Meshes/Target.uasset" 2924
"C:/Users/desho/OneDrive/Documents/GitHub/Verdant_Ash/Content/Environment/Environment_Props/Meshes/Target.uexp" 2925
"C:/Users/desho/OneDrive/Documents/GitHub/Verdant_Ash/Content/Environment/Foliage/Meshes/dense_tall_grass_low10.ubulk" 2926
"C:/Users/desho/OneDrive/Documents/GitHub/Verdant_Ash/Content/Environment/Foliage/Meshes/dense_tall_grass_low10.uasset" 2927
"C:/Users/desho/OneDrive/Documents/GitHub/Verdant_Ash/Content/Environment/Foliage/Meshes/dense_tall_grass_low10.uexp" 2928
"C:/Users/desho/OneDrive/Documents/GitHub/Verdant_Ash/Content/Environment/Foliage/Meshes/flower_large_shrot_grass_low6.ubulk" 2929
"C:/Users/desho/OneDrive/Documents/GitHub/Verdant_Ash/Content/Environment/Foliage/Meshes/flower_large_shrot_grass_low6.uasset" 2930
"C:/Users/desho/OneDrive/Documents/GitHub/Verdant_Ash/Content/Environment/Foliage/Meshes/flower_large_shrot_grass_low6.uexp" 2931
"C:/Users/desho/OneDrive/Documents/GitHub/Verdant_Ash/Content/Environment/Foliage/Meshes/flower_small_short_grass_low5.ubulk" 2932
"C:/Users/desho/OneDrive/Documents/GitHub/Verdant_Ash/Content/Environment/Foliage/Meshes/flower_small_short_grass_low5.uasset" 2933
"C:/Users/desho/OneDrive/Documents/GitHub/Verdant_Ash/Content/Environment/Foliage/Meshes/flower_small_short_grass_low5.uexp" 2934
"C:/Users/desho/OneDrive/Documents/GitHub/Verdant_Ash/Content/Environment/Foliage/Meshes/large_short_grass_low14.ubulk" 2935
"C:/Users/desho/OneDrive/Documents/GitHub/Verdant_Ash/Content/Environment/Foliage/Meshes/large_short_grass_low14.uasset" 2936
"C:/Users/desho/OneDrive/Documents/GitHub/Verdant_Ash/Content/Environment/Foliage/Meshes/large_short_grass_low14.uexp" 2937
"C:/Users/desho/OneDrive/Documents/GitHub/Verdant_Ash/Content/Environment/Foliage/Meshes/large_tall_grass_low17.ubulk" 2938
"C:/Users/desho/OneDrive/Documents/GitHub/Verdant_Ash/Content/Environment/Foliage/Meshes/large_tall_grass_low17.uasset" 2939
"C:/Users/desho/OneDrive/Documents/GitHub/Verdant_Ash/Content/Environment/Foliage/Meshes/large_tall_grass_low17.uexp" 2940
"C:/Users/desho/OneDrive/Documents/GitHub/Verdant_Ash/Content/Environment/Foliage/Meshes/less_dense_large_short_grass_low9.ubulk" 2941
"C:/Users/desho/OneDrive/Documents/GitHub/Verdant_Ash/Content/Environment/Foliage/Meshes/less_dense_large_short_grass_low9.uasset" 2942
"C:/Users/desho/OneDrive/Documents/GitHub/Verdant_Ash/Content/Environment/Foliage/Meshes/less_dense_large_short_grass_low9.uexp" 2943
"C:/Users/desho/OneDrive/Documents/GitHub/Verdant_Ash/Content/Environment/Foliage/Meshes/less_dense_medium_short_grass_low9.ubulk" 2944
"C:/Users/desho/OneDrive/Documents/GitHub/Verdant_Ash/Content/Environment/Foliage/Meshes/less_dense_medium_short_grass_low9.uasset" 2945
"C:/Users/desho/OneDrive/Documents/GitHub/Verdant_Ash/Content/Environment/Foliage/Meshes/less_dense_medium_short_grass_low9.uexp" 2946
"C:/Users/desho/OneDrive/Documents/GitHub/Verdant_Ash/Content/Environment/Foliage/Meshes/less_dense_small_short_grass_low9.ubulk" 2947
"C:/Users/desho/OneDrive/Documents/GitHub/Verdant_Ash/Content/Environment/Foliage/Meshes/less_dense_small_short_grass_low9.uasset" 2948
"C:/Users/desho/OneDrive/Documents/GitHub/Verdant_Ash/Content/Environment/Foliage/Meshes/less_dense_small_short_grass_low9.uexp" 2949
"C:/Users/desho/OneDrive/Documents/GitHub/Verdant_Ash/Content/Environment/Foliage/Meshes/less_dense_tiny_short_grass_low5.ubulk" 2950
"C:/Users/desho/OneDrive/Documents/GitHub/Verdant_Ash/Content/Environment/Foliage/Meshes/less_dense_tiny_short_grass_low5.uasset" 2951
"C:/Users/desho/OneDrive/Documents/GitHub/Verdant_Ash/Content/Environment/Foliage/Meshes/less_dense_tiny_short_grass_low5.uexp" 2952
"C:/Users/desho/OneDrive/Documents/GitHub/Verdant_Ash/Content/Environment/Foliage/Meshes/medium_short_grass_low15.ubulk" 2953
"C:/Users/desho/OneDrive/Documents/GitHub/Verdant_Ash/Content/Environment/Foliage/Meshes/medium_short_grass_low15.uasset" 2954
"C:/Users/desho/OneDrive/Documents/GitHub/Verdant_Ash/Content/Environment/Foliage/Meshes/medium_short_grass_low15.uexp" 2955
"C:/Users/desho/OneDrive/Documents/GitHub/Verdant_Ash/Content/Environment/Foliage/Meshes/medium_tall_grass_low23.ubulk" 2956
"C:/Users/desho/OneDrive/Documents/GitHub/Verdant_Ash/Content/Environment/Foliage/Meshes/medium_tall_grass_low23.uasset" 2957
"C:/Users/desho/OneDrive/Documents/GitHub/Verdant_Ash/Content/Environment/Foliage/Meshes/medium_tall_grass_low23.uexp" 2958
"C:/Users/desho/OneDrive/Documents/GitHub/Verdant_Ash/Content/Environment/Shader_Water/Textures/T_Noise_RGB.ubulk" 2959
"C:/Users/desho/OneDrive/Documents/GitHub/Verdant_Ash/Content/Environment/Shader_Water/Textures/T_Noise_RGB.uasset" 2960
"C:/Users/desho/OneDrive/Documents/GitHub/Verdant_Ash/Content/Environment/Shader_Water/Textures/T_Noise_RGB.uexp" 2961
"C:/Users/desho/OneDrive/Documents/GitHub/Verdant_Ash/Content/Environment/Shader_Water/Textures/T_SwirlNoise.ubulk" 2962
"C:/Users/desho/OneDrive/Documents/GitHub/Verdant_Ash/Content/Environment/Shader_Water/Textures/T_SwirlNoise.uasset" 2963
"C:/Users/desho/OneDrive/Documents/GitHub/Verdant_Ash/Content/Environment/Shader_Water/Textures/T_SwirlNoise.uexp" 2964
"C:/Users/desho/OneDrive/Documents/GitHub/Verdant_Ash/Content/Environment/Shader_Water/Textures/T_water_N.ubulk" 2965
"C:/Users/desho/OneDrive/Documents/GitHub/Verdant_Ash/Content/Environment/Shader_Water/Textures/T_water_N.uasset" 2966
"C:/Users/desho/OneDrive/Documents/GitHub/Verdant_Ash/Content/Environment/Shader_Water/Textures/T_water_N.uexp" 2967
"C:/Users/desho/OneDrive/Documents/GitHub/Verdant_Ash/Content/Environment/Shader_Water/MM_Water.uasset" 2968
"C:/Users/desho/OneDrive/Documents/GitHub/Verdant_Ash/Content/Environment/Shader_Water/MM_Water.uexp" 2969
"C:/Users/desho/OneDrive/Documents/GitHub/Verdant_Ash/Content/Terrain/grassdirt_texture.ubulk" 2970
"C:/Users/desho/OneDrive/Documents/GitHub/Verdant_Ash/Content/Terrain/grassdirt_texture.uasset" 2971
"C:/Users/desho/OneDrive/Documents/GitHub/Verdant_Ash/Content/Terrain/grassdirt_texture.uexp" 2972
"C:/Users/desho/OneDrive/Documents/GitHub/Verdant_Ash/Content/Terrain/Grassdirtpath.uasset" 2973
"C:/Users/desho/OneDrive/Documents/GitHub/Verdant_Ash/Content/Terrain/Grassdirtpath.uexp" 2974
"C:/Users/desho/OneDrive/Documents/GitHub/Verdant_Ash/Content/Terrain/IN_Grassdirtpath_Inst.uasset" 2975
"C:/Users/desho/OneDrive/Documents/GitHub/Verdant_Ash/Content/Terrain/IN_Grassdirtpath_Inst.uexp" 2976
"C:/Users/desho/OneDrive/Documents/GitHub/Verdant_Ash/Content/Terrain/terrain_texture_Paths_and_Lakes1_BaseColor.ubulk" 2977
"C:/Users/desho/OneDrive/Documents/GitHub/Verdant_Ash/Content/Terrain/terrain_texture_Paths_and_Lakes1_BaseColor.uasset" 2978
"C:/Users/desho/OneDrive/Documents/GitHub/Verdant_Ash/Content/Terrain/terrain_texture_Paths_and_Lakes1_BaseColor.uexp" 2979
"C:/Users/desho/OneDrive/Documents/GitHub/Verdant_Ash/Content/Terrain/terrain_texture_Paths_and_Lakes1_Normal.ubulk" 2980
"C:/Users/desho/OneDrive/Documents/GitHub/Verdant_Ash/Content/Terrain/terrain_texture_Paths_and_Lakes1_Normal.uasset" 2981
"C:/Users/desho/OneDrive/Documents/GitHub/Verdant_Ash/Content/Terrain/terrain_texture_Paths_and_Lakes1_Normal.uexp" 2982
"C:/Users/desho/OneDrive/Documents/GitHub/Verdant_Ash/Content/Terrain/terrain_texture_Paths_and_Lakes1_Roughness.ubulk" 2983
"C:/Users/desho/OneDrive/Documents/GitHub/Verdant_Ash/Content/Terrain/terrain_texture_Paths_and_Lakes1_Roughness.uasset" 2984
"C:/Users/desho/OneDrive/Documents/GitHub/Verdant_Ash/Content/Terrain/terrain_texture_Paths_and_Lakes1_Roughness.uexp" 2985
"C:/Users/desho/OneDrive/Documents/GitHub/Verdant_Ash/Content/Terrain/Paths_and_Lakes1.uasset" 2986
"C:/Users/desho/OneDrive/Documents/GitHub/Verdant_Ash/Content/Terrain/Paths_and_Lakes1.uexp" 2987
"C:/Users/desho/OneDrive/Documents/GitHub/Verdant_Ash/Content/Terrain/pDisc15.ubulk" 2988
"C:/Users/desho/OneDrive/Documents/GitHub/Verdant_Ash/Content/Terrain/pDisc15.uasset" 2989
"C:/Users/desho/OneDrive/Documents/GitHub/Verdant_Ash/Content/Terrain/pDisc15.uexp" 2990
"C:/Users/desho/OneDrive/Documents/GitHub/Verdant_Ash/Content/Terrain/pDisc9.ubulk" 2991
"C:/Users/desho/OneDrive/Documents/GitHub/Verdant_Ash/Content/Terrain/pDisc9.uasset" 2992
"C:/Users/desho/OneDrive/Documents/GitHub/Verdant_Ash/Content/Terrain/pDisc9.uexp" 2993
"C:/Users/desho/OneDrive/Documents/GitHub/Verdant_Ash/Content/Terrain/polySurface17.ubulk" 2994
"C:/Users/desho/OneDrive/Documents/GitHub/Verdant_Ash/Content/Terrain/polySurface17.uasset" 2995
"C:/Users/desho/OneDrive/Documents/GitHub/Verdant_Ash/Content/Terrain/polySurface17.uexp" 2996
"C:/Users/desho/OneDrive/Documents/GitHub/Verdant_Ash/Content/Terrain/pPlane16.ubulk" 2997
"C:/Users/desho/OneDrive/Documents/GitHub/Verdant_Ash/Content/Terrain/pPlane16.uasset" 2998
"C:/Users/desho/OneDrive/Documents/GitHub/Verdant_Ash/Content/Terrain/pPlane16.uexp" 2999
"C:/Users/desho/OneDrive/Documents/GitHub/Verdant_Ash/Content/Terrain/pPlane17.ubulk" 3000
"C:/Users/desho/OneDrive/Documents/GitHub/Verdant_Ash/Content/Terrain/pPlane17.uasset" 3001
"C:/Users/desho/OneDrive/Documents/GitHub/Verdant_Ash/Content/Terrain/pPlane17.uexp" 3002
"C:/Users/desho/OneDrive/Documents/GitHub/Verdant_Ash/Content/Terrain/pPlane18.ubulk" 3003
"C:/Users/desho/OneDrive/Documents/GitHub/Verdant_Ash/Content/Terrain/pPlane18.uasset" 3004
"C:/Users/desho/OneDrive/Documents/GitHub/Verdant_Ash/Content/Terrain/pPlane18.uexp" 3005
"C:/Users/desho/OneDrive/Documents/GitHub/Verdant_Ash/Content/Terrain/pPlane26.ubulk" 3006
"C:/Users/desho/OneDrive/Documents/GitHub/Verdant_Ash/Content/Terrain/pPlane26.uasset" 3007
"C:/Users/desho/OneDrive/Documents/GitHub/Verdant_Ash/Content/Terrain/pPlane26.uexp" 3008
"C:/Users/desho/OneDrive/Documents/GitHub/Verdant_Ash/Content/VFX/Textures/Oak_Leaf.uasset" 3009
"C:/Users/desho/OneDrive/Documents/GitHub/Verdant_Ash/Content/VFX/Textures/Oak_Leaf.uexp" 3010
"C:/Users/desho/OneDrive/Documents/GitHub/Verdant_Ash/Content/VFX/Materials/OakLeafs.uasset" 3011
"C:/Users/desho/OneDrive/Documents/GitHub/Verdant_Ash/Content/VFX/Materials/OakLeafs.uexp" 3012
"C:/Users/desho/OneDrive/Documents/GitHub/Verdant_Ash/Content/VFX/FallingLeaf.uasset" 3013
"C:/Users/desho/OneDrive/Documents/GitHub/Verdant_Ash/Content/VFX/FallingLeaf.uexp" 3014
"C:/Users/desho/OneDrive/Documents/GitHub/Verdant_Ash/Content/VFX/Textures/T_Smoke_Wisp.ubulk" 3015
"C:/Users/desho/OneDrive/Documents/GitHub/Verdant_Ash/Content/VFX/Textures/T_Smoke_Wisp.uasset" 3016
"C:/Users/desho/OneDrive/Documents/GitHub/Verdant_Ash/Content/VFX/Textures/T_Smoke_Wisp.uexp" 3017
"C:/Users/desho/OneDrive/Documents/GitHub/Verdant_Ash/Content/VFX/Materials/M_Smoke_Wisp.uasset" 3018
"C:/Users/desho/OneDrive/Documents/GitHub/Verdant_Ash/Content/VFX/Materials/M_Smoke_Wisp.uexp" 3019
"C:/Users/desho/OneDrive/Documents/GitHub/Verdant_Ash/Content/VFX/NS_Dust.uasset" 3020
"C:/Users/desho/OneDrive/Documents/GitHub/Verdant_Ash/Content/VFX/NS_Dust.uexp" 3021
"C:/Users/desho/OneDrive/Documents/GitHub/Verdant_Ash/Content/Character/Enemy/Meshes/Monster.ubulk" 3022
"C:/Users/desho/OneDrive/Documents/GitHub/Verdant_Ash/Content/Character/Enemy/Meshes/Monster.uasset" 3023
"C:/Users/desho/OneDrive/Documents/GitHub/Verdant_Ash/Content/Character/Enemy/Meshes/Monster.uexp" 3024
"C:/Users/desho/OneDrive/Documents/GitHub/Verdant_Ash/Content/Environment/Foliage/Meshes/dense_tall_grass_low1.ubulk" 3025
"C:/Users/desho/OneDrive/Documents/GitHub/Verdant_Ash/Content/Environment/Foliage/Meshes/dense_tall_grass_low1.uasset" 3026
"C:/Users/desho/OneDrive/Documents/GitHub/Verdant_Ash/Content/Environment/Foliage/Meshes/dense_tall_grass_low1.uexp" 3027
"C:/Users/desho/OneDrive/Documents/GitHub/Verdant_Ash/Content/Environment/Foliage/Meshes/dense_tall_grass_low5.ubulk" 3028
"C:/Users/desho/OneDrive/Documents/GitHub/Verdant_Ash/Content/Environment/Foliage/Meshes/dense_tall_grass_low5.uasset" 3029
"C:/Users/desho/OneDrive/Documents/GitHub/Verdant_Ash/Content/Environment/Foliage/Meshes/dense_tall_grass_low5.uexp" 3030
"C:/Users/desho/OneDrive/Documents/GitHub/Verdant_Ash/Content/Environment/Foliage/Meshes/flower_large_shrot_grass_low1.ubulk" 3031
"C:/Users/desho/OneDrive/Documents/GitHub/Verdant_Ash/Content/Environment/Foliage/Meshes/flower_large_shrot_grass_low1.uasset" 3032
"C:/Users/desho/OneDrive/Documents/GitHub/Verdant_Ash/Content/Environment/Foliage/Meshes/flower_large_shrot_grass_low1.uexp" 3033
"C:/Users/desho/OneDrive/Documents/GitHub/Verdant_Ash/Content/Environment/Foliage/Meshes/flower_small_short_grass_low1.ubulk" 3034
"C:/Users/desho/OneDrive/Documents/GitHub/Verdant_Ash/Content/Environment/Foliage/Meshes/flower_small_short_grass_low1.uasset" 3035
"C:/Users/desho/OneDrive/Documents/GitHub/Verdant_Ash/Content/Environment/Foliage/Meshes/flower_small_short_grass_low1.uexp" 3036
"C:/Users/desho/OneDrive/Documents/GitHub/Verdant_Ash/Content/Environment/Foliage/Meshes/large_short_grass_low1.ubulk" 3037
"C:/Users/desho/OneDrive/Documents/GitHub/Verdant_Ash/Content/Environment/Foliage/Meshes/large_short_grass_low1.uasset" 3038
"C:/Users/desho/OneDrive/Documents/GitHub/Verdant_Ash/Content/Environment/Foliage/Meshes/large_short_grass_low1.uexp" 3039
"C:/Users/desho/OneDrive/Documents/GitHub/Verdant_Ash/Content/Environment/Foliage/Meshes/large_short_grass_low9.ubulk" 3040
"C:/Users/desho/OneDrive/Documents/GitHub/Verdant_Ash/Content/Environment/Foliage/Meshes/large_short_grass_low9.uasset" 3041
"C:/Users/desho/OneDrive/Documents/GitHub/Verdant_Ash/Content/Environment/Foliage/Meshes/large_short_grass_low9.uexp" 3042
"C:/Users/desho/OneDrive/Documents/GitHub/Verdant_Ash/Content/Environment/Foliage/Meshes/large_tall_grass_low1.ubulk" 3043
"C:/Users/desho/OneDrive/Documents/GitHub/Verdant_Ash/Content/Environment/Foliage/Meshes/large_tall_grass_low1.uasset" 3044
"C:/Users/desho/OneDrive/Documents/GitHub/Verdant_Ash/Content/Environment/Foliage/Meshes/large_tall_grass_low1.uexp" 3045
"C:/Users/desho/OneDrive/Documents/GitHub/Verdant_Ash/Content/Environment/Foliage/Meshes/large_tall_grass_low11.ubulk" 3046
"C:/Users/desho/OneDrive/Documents/GitHub/Verdant_Ash/Content/Environment/Foliage/Meshes/large_tall_grass_low11.uasset" 3047
"C:/Users/desho/OneDrive/Documents/GitHub/Verdant_Ash/Content/Environment/Foliage/Meshes/large_tall_grass_low11.uexp" 3048
"C:/Users/desho/OneDrive/Documents/GitHub/Verdant_Ash/Content/Environment/Foliage/Meshes/large_tall_grass_low12.ubulk" 3049
"C:/Users/desho/OneDrive/Documents/GitHub/Verdant_Ash/Content/Environment/Foliage/Meshes/large_tall_grass_low12.uasset" 3050
"C:/Users/desho/OneDrive/Documents/GitHub/Verdant_Ash/Content/Environment/Foliage/Meshes/large_tall_grass_low12.uexp" 3051
"C:/Users/desho/OneDrive/Documents/GitHub/Verdant_Ash/Content/Environment/Foliage/Meshes/large_tall_grass_low13.ubulk" 3052
"C:/Users/desho/OneDrive/Documents/GitHub/Verdant_Ash/Content/Environment/Foliage/Meshes/large_tall_grass_low13.uasset" 3053
"C:/Users/desho/OneDrive/Documents/GitHub/Verdant_Ash/Content/Environment/Foliage/Meshes/large_tall_grass_low13.uexp" 3054
"C:/Users/desho/OneDrive/Documents/GitHub/Verdant_Ash/Content/Environment/Foliage/Meshes/less_dense_large_short_grass_low1.ubulk" 3055
"C:/Users/desho/OneDrive/Documents/GitHub/Verdant_Ash/Content/Environment/Foliage/Meshes/less_dense_large_short_grass_low1.uasset" 3056
"C:/Users/desho/OneDrive/Documents/GitHub/Verdant_Ash/Content/Environment/Foliage/Meshes/less_dense_large_short_grass_low1.uexp" 3057
"C:/Users/desho/OneDrive/Documents/GitHub/Verdant_Ash/Content/Environment/Foliage/Meshes/less_dense_large_short_grass_low5.ubulk" 3058
"C:/Users/desho/OneDrive/Documents/GitHub/Verdant_Ash/Content/Environment/Foliage/Meshes/less_dense_large_short_grass_low5.uasset" 3059
"C:/Users/desho/OneDrive/Documents/GitHub/Verdant_Ash/Content/Environment/Foliage/Meshes/less_dense_large_short_grass_low5.uexp" 3060
"C:/Users/desho/OneDrive/Documents/GitHub/Verdant_Ash/Content/Environment/Foliage/Meshes/less_dense_medium_short_grass_low1.ubulk" 3061
"C:/Users/desho/OneDrive/Documents/GitHub/Verdant_Ash/Content/Environment/Foliage/Meshes/less_dense_medium_short_grass_low1.uasset" 3062
"C:/Users/desho/OneDrive/Documents/GitHub/Verdant_Ash/Content/Environment/Foliage/Meshes/less_dense_medium_short_grass_low1.uexp" 3063
"C:/Users/desho/OneDrive/Documents/GitHub/Verdant_Ash/Content/Environment/Foliage/Meshes/less_dense_medium_short_grass_low5.ubulk" 3064
"C:/Users/desho/OneDrive/Documents/GitHub/Verdant_Ash/Content/Environment/Foliage/Meshes/less_dense_medium_short_grass_low5.uasset" 3065
"C:/Users/desho/OneDrive/Documents/GitHub/Verdant_Ash/Content/Environment/Foliage/Meshes/less_dense_medium_short_grass_low5.uexp" 3066
"C:/Users/desho/OneDrive/Documents/GitHub/Verdant_Ash/Content/Environment/Foliage/Meshes/less_dense_small_short_grass_low1.ubulk" 3067
"C:/Users/desho/OneDrive/Documents/GitHub/Verdant_Ash/Content/Environment/Foliage/Meshes/less_dense_small_short_grass_low1.uasset" 3068
"C:/Users/desho/OneDrive/Documents/GitHub/Verdant_Ash/Content/Environment/Foliage/Meshes/less_dense_small_short_grass_low1.uexp" 3069
"C:/Users/desho/OneDrive/Documents/GitHub/Verdant_Ash/Content/Environment/Foliage/Meshes/less_dense_small_short_grass_low5.ubulk" 3070
"C:/Users/desho/OneDrive/Documents/GitHub/Verdant_Ash/Content/Environment/Foliage/Meshes/less_dense_small_short_grass_low5.uasset" 3071
"C:/Users/desho/OneDrive/Documents/GitHub/Verdant_Ash/Content/Environment/Foliage/Meshes/less_dense_small_short_grass_low5.uexp" 3072
"C:/Users/desho/OneDrive/Documents/GitHub/Verdant_Ash/Content/Environment/Foliage/Meshes/less_dense_tiny_short_grass_low1.ubulk" 3073
"C:/Users/desho/OneDrive/Documents/GitHub/Verdant_Ash/Content/Environment/Foliage/Meshes/less_dense_tiny_short_grass_low1.uasset" 3074
"C:/Users/desho/OneDrive/Documents/GitHub/Verdant_Ash/Content/Environment/Foliage/Meshes/less_dense_tiny_short_grass_low1.uexp" 3075
"C:/Users/desho/OneDrive/Documents/GitHub/Verdant_Ash/Content/Environment/Foliage/Meshes/medium_short_grass_low1.ubulk" 3076
"C:/Users/desho/OneDrive/Documents/GitHub/Verdant_Ash/Content/Environment/Foliage/Meshes/medium_short_grass_low1.uasset" 3077
"C:/Users/desho/OneDrive/Documents/GitHub/Verdant_Ash/Content/Environment/Foliage/Meshes/medium_short_grass_low1.uexp" 3078
"C:/Users/desho/OneDrive/Documents/GitHub/Verdant_Ash/Content/Environment/Foliage/Meshes/medium_short_grass_low10.ubulk" 3079
"C:/Users/desho/OneDrive/Documents/GitHub/Verdant_Ash/Content/Environment/Foliage/Meshes/medium_short_grass_low10.uasset" 3080
"C:/Users/desho/OneDrive/Documents/GitHub/Verdant_Ash/Content/Environment/Foliage/Meshes/medium_short_grass_low10.uexp" 3081
"C:/Users/desho/OneDrive/Documents/GitHub/Verdant_Ash/Content/Environment/Foliage/Meshes/medium_short_grass_low11.ubulk" 3082
"C:/Users/desho/OneDrive/Documents/GitHub/Verdant_Ash/Content/Environment/Foliage/Meshes/medium_short_grass_low11.uasset" 3083
"C:/Users/desho/OneDrive/Documents/GitHub/Verdant_Ash/Content/Environment/Foliage/Meshes/medium_short_grass_low11.uexp" 3084
"C:/Users/desho/OneDrive/Documents/GitHub/Verdant_Ash/Content/Environment/Foliage/Meshes/medium_tall_grass_low1.ubulk" 3085
"C:/Users/desho/OneDrive/Documents/GitHub/Verdant_Ash/Content/Environment/Foliage/Meshes/medium_tall_grass_low1.uasset" 3086
"C:/Users/desho/OneDrive/Documents/GitHub/Verdant_Ash/Content/Environment/Foliage/Meshes/medium_tall_grass_low1.uexp" 3087
"C:/Users/desho/OneDrive/Documents/GitHub/Verdant_Ash/Content/Environment/Foliage/Meshes/medium_tall_grass_low18.ubulk" 3088
"C:/Users/desho/OneDrive/Documents/GitHub/Verdant_Ash/Content/Environment/Foliage/Meshes/medium_tall_grass_low18.uasset" 3089
"C:/Users/desho/OneDrive/Documents/GitHub/Verdant_Ash/Content/Environment/Foliage/Meshes/medium_tall_grass_low18.uexp" 3090
"C:/Users/desho/OneDrive/Documents/GitHub/Verdant_Ash/Content/Environment/Foliage/Meshes/medium_tall_grass_low20.ubulk" 3091
"C:/Users/desho/OneDrive/Documents/GitHub/Verdant_Ash/Content/Environment/Foliage/Meshes/medium_tall_grass_low20.uasset" 3092
"C:/Users/desho/OneDrive/Documents/GitHub/Verdant_Ash/Content/Environment/Foliage/Meshes/medium_tall_grass_low20.uexp" 3093
"C:/Users/desho/OneDrive/Documents/GitHub/Verdant_Ash/Content/Environment/Foliage/Meshes/medium_tall_grass_low22.ubulk" 3094
"C:/Users/desho/OneDrive/Documents/GitHub/Verdant_Ash/Content/Environment/Foliage/Meshes/medium_tall_grass_low22.uasset" 3095
"C:/Users/desho/OneDrive/Documents/GitHub/Verdant_Ash/Content/Environment/Foliage/Meshes/medium_tall_grass_low22.uexp" 3096
"C:/Users/desho/OneDrive/Documents/GitHub/Verdant_Ash/Content/Environment/Foliage/Meshes/small_short_grass_low1.ubulk" 3097
"C:/Users/desho/OneDrive/Documents/GitHub/Verdant_Ash/Content/Environment/Foliage/Meshes/small_short_grass_low1.uasset" 3098
"C:/Users/desho/OneDrive/Documents/GitHub/Verdant_Ash/Content/Environment/Foliage/Meshes/small_short_grass_low1.uexp" 3099
"C:/Users/desho/OneDrive/Documents/GitHub/Verdant_Ash/Content/Environment/Foliage/Meshes/small_tall_grass_low1.ubulk" 3100
"C:/Users/desho/OneDrive/Documents/GitHub/Verdant_Ash/Content/Environment/Foliage/Meshes/small_tall_grass_low1.uasset" 3101
"C:/Users/desho/OneDrive/Documents/GitHub/Verdant_Ash/Content/Environment/Foliage/Meshes/small_tall_grass_low1.uexp" 3102
"C:/Users/desho/OneDrive/Documents/GitHub/Verdant_Ash/Content/Environment/Foliage/Meshes/small_tall_grass_low13.ubulk" 3103
"C:/Users/desho/OneDrive/Documents/GitHub/Verdant_Ash/Content/Environment/Foliage/Meshes/small_tall_grass_low13.uasset" 3104
"C:/Users/desho/OneDrive/Documents/GitHub/Verdant_Ash/Content/Environment/Foliage/Meshes/small_tall_grass_low13.uexp" 3105
"C:/Users/desho/OneDrive/Documents/GitHub/Verdant_Ash/Content/Environment/Foliage/Meshes/spiral_larger_tall_grass_low1.ubulk" 3106
"C:/Users/desho/OneDrive/Documents/GitHub/Verdant_Ash/Content/Environment/Foliage/Meshes/spiral_larger_tall_grass_low1.uasset" 3107
"C:/Users/desho/OneDrive/Documents/GitHub/Verdant_Ash/Content/Environment/Foliage/Meshes/spiral_larger_tall_grass_low1.uexp" 3108
"C:/Users/desho/OneDrive/Documents/GitHub/Verdant_Ash/Content/Environment/Foliage/Meshes/spiral_large_short_grass_low1.ubulk" 3109
"C:/Users/desho/OneDrive/Documents/GitHub/Verdant_Ash/Content/Environment/Foliage/Meshes/spiral_large_short_grass_low1.uasset" 3110
"C:/Users/desho/OneDrive/Documents/GitHub/Verdant_Ash/Content/Environment/Foliage/Meshes/spiral_large_short_grass_low1.uexp" 3111
"C:/Users/desho/OneDrive/Documents/GitHub/Verdant_Ash/Content/Environment/Foliage/Meshes/spiral_medium_short_grass_low1.ubulk" 3112
"C:/Users/desho/OneDrive/Documents/GitHub/Verdant_Ash/Content/Environment/Foliage/Meshes/spiral_medium_short_grass_low1.uasset" 3113
"C:/Users/desho/OneDrive/Documents/GitHub/Verdant_Ash/Content/Environment/Foliage/Meshes/spiral_medium_short_grass_low1.uexp" 3114
"C:/Users/desho/OneDrive/Documents/GitHub/Verdant_Ash/Content/Environment/Foliage/Meshes/spiral_medium_tall_grass_low1.ubulk" 3115
"C:/Users/desho/OneDrive/Documents/GitHub/Verdant_Ash/Content/Environment/Foliage/Meshes/spiral_medium_tall_grass_low1.uasset" 3116
"C:/Users/desho/OneDrive/Documents/GitHub/Verdant_Ash/Content/Environment/Foliage/Meshes/spiral_medium_tall_grass_low1.uexp" 3117
"C:/Users/desho/OneDrive/Documents/GitHub/Verdant_Ash/Content/Environment/Foliage/Meshes/spiral_small_short_grass_low1.ubulk" 3118
"C:/Users/desho/OneDrive/Documents/GitHub/Verdant_Ash/Content/Environment/Foliage/Meshes/spiral_small_short_grass_low1.uasset" 3119
"C:/Users/desho/OneDrive/Documents/GitHub/Verdant_Ash/Content/Environment/Foliage/Meshes/spiral_small_short_grass_low1.uexp" 3120
"C:/Users/desho/OneDrive/Documents/GitHub/Verdant_Ash/Content/SFX_Music/Ambience/eryliaa-forest-wind-with-birds-and-crickets-438060.ubulk" 3121
"C:/Users/desho/OneDrive/Documents/GitHub/Verdant_Ash/Content/SFX_Music/Ambience/eryliaa-forest-wind-with-birds-and-crickets-438060.uasset" 3122
"C:/Users/desho/OneDrive/Documents/GitHub/Verdant_Ash/Content/SFX_Music/Ambience/eryliaa-forest-wind-with-birds-and-crickets-438060.uexp" 3123
"C:/Users/desho/OneDrive/Documents/GitHub/Verdant_Ash/Content/SFX_Music/Music/junseolim-hidden-forest-491795.ubulk" 3124
"C:/Users/desho/OneDrive/Documents/GitHub/Verdant_Ash/Content/SFX_Music/Music/junseolim-hidden-forest-491795.uasset" 3125
"C:/Users/desho/OneDrive/Documents/GitHub/Verdant_Ash/Content/SFX_Music/Music/junseolim-hidden-forest-491795.uexp" 3126
"C:/Users/desho/OneDrive/Documents/GitHub/Verdant_Ash/Content/SFX_Music/Music/music_for_video-forest-fairy-110537.ubulk" 3127
"C:/Users/desho/OneDrive/Documents/GitHub/Verdant_Ash/Content/SFX_Music/Music/music_for_video-forest-fairy-110537.uasset" 3128
"C:/Users/desho/OneDrive/Documents/GitHub/Verdant_Ash/Content/SFX_Music/Music/music_for_video-forest-fairy-110537.uexp" 3129
"C:/Users/desho/OneDrive/Documents/GitHub/Verdant_Ash/Content/Character/NPC/TExtures/npc_texture_ready_NPC_2_clothes_BaseColor.ubulk" 3130
"C:/Users/desho/OneDrive/Documents/GitHub/Verdant_Ash/Content/Character/NPC/TExtures/npc_texture_ready_NPC_2_clothes_BaseColor.uasset" 3131
"C:/Users/desho/OneDrive/Documents/GitHub/Verdant_Ash/Content/Character/NPC/TExtures/npc_texture_ready_NPC_2_clothes_BaseColor.uexp" 3132
"C:/Users/desho/OneDrive/Documents/GitHub/Verdant_Ash/Content/Character/NPC/TExtures/npc_texture_ready_NPC_2_clothes_Metallic.ubulk" 3133
"C:/Users/desho/OneDrive/Documents/GitHub/Verdant_Ash/Content/Character/NPC/TExtures/npc_texture_ready_NPC_2_clothes_Metallic.uasset" 3134
"C:/Users/desho/OneDrive/Documents/GitHub/Verdant_Ash/Content/Character/NPC/TExtures/npc_texture_ready_NPC_2_clothes_Metallic.uexp" 3135
"C:/Users/desho/OneDrive/Documents/GitHub/Verdant_Ash/Content/Character/NPC/TExtures/npc_texture_ready_NPC_2_clothes_Normal.ubulk" 3136
"C:/Users/desho/OneDrive/Documents/GitHub/Verdant_Ash/Content/Character/NPC/TExtures/npc_texture_ready_NPC_2_clothes_Normal.uasset" 3137
"C:/Users/desho/OneDrive/Documents/GitHub/Verdant_Ash/Content/Character/NPC/TExtures/npc_texture_ready_NPC_2_clothes_Normal.uexp" 3138
"C:/Users/desho/OneDrive/Documents/GitHub/Verdant_Ash/Content/Character/NPC/TExtures/npc_texture_ready_NPC_2_clothes_Roughness.ubulk" 3139
"C:/Users/desho/OneDrive/Documents/GitHub/Verdant_Ash/Content/Character/NPC/TExtures/npc_texture_ready_NPC_2_clothes_Roughness.uasset" 3140
"C:/Users/desho/OneDrive/Documents/GitHub/Verdant_Ash/Content/Character/NPC/TExtures/npc_texture_ready_NPC_2_clothes_Roughness.uexp" 3141
"C:/Users/desho/OneDrive/Documents/GitHub/Verdant_Ash/Content/Character/NPC/Materials/NPC2.uasset" 3142
"C:/Users/desho/OneDrive/Documents/GitHub/Verdant_Ash/Content/Character/NPC/Materials/NPC2.uexp" 3143
"C:/Users/desho/OneDrive/Documents/GitHub/Verdant_Ash/Content/Character/NPC/Materials/IN_NPC2_Inst.uasset" 3144
"C:/Users/desho/OneDrive/Documents/GitHub/Verdant_Ash/Content/Character/NPC/Materials/IN_NPC2_Inst.uexp" 3145
"C:/Users/desho/OneDrive/Documents/GitHub/Verdant_Ash/Content/Character/NPC/TExtures/npc_texture_ready_NPC_2_body_BaseColor.ubulk" 3146
"C:/Users/desho/OneDrive/Documents/GitHub/Verdant_Ash/Content/Character/NPC/TExtures/npc_texture_ready_NPC_2_body_BaseColor.uasset" 3147
"C:/Users/desho/OneDrive/Documents/GitHub/Verdant_Ash/Content/Character/NPC/TExtures/npc_texture_ready_NPC_2_body_BaseColor.uexp" 3148
"C:/Users/desho/OneDrive/Documents/GitHub/Verdant_Ash/Content/Character/NPC/TExtures/npc_texture_ready_NPC_2_body_Metallic.ubulk" 3149
"C:/Users/desho/OneDrive/Documents/GitHub/Verdant_Ash/Content/Character/NPC/TExtures/npc_texture_ready_NPC_2_body_Metallic.uasset" 3150
"C:/Users/desho/OneDrive/Documents/GitHub/Verdant_Ash/Content/Character/NPC/TExtures/npc_texture_ready_NPC_2_body_Metallic.uexp" 3151
"C:/Users/desho/OneDrive/Documents/GitHub/Verdant_Ash/Content/Character/NPC/TExtures/npc_texture_ready_NPC_2_body_Normal.ubulk" 3152
"C:/Users/desho/OneDrive/Documents/GitHub/Verdant_Ash/Content/Character/NPC/TExtures/npc_texture_ready_NPC_2_body_Normal.uasset" 3153
"C:/Users/desho/OneDrive/Documents/GitHub/Verdant_Ash/Content/Character/NPC/TExtures/npc_texture_ready_NPC_2_body_Normal.uexp" 3154
"C:/Users/desho/OneDrive/Documents/GitHub/Verdant_Ash/Content/Character/NPC/Materials/NPCBodyL.uasset" 3155
"C:/Users/desho/OneDrive/Documents/GitHub/Verdant_Ash/Content/Character/NPC/Materials/NPCBodyL.uexp" 3156
"C:/Users/desho/OneDrive/Documents/GitHub/Verdant_Ash/Content/Character/NPC/Materials/IN_NPCBodyL_Inst.uasset" 3157
"C:/Users/desho/OneDrive/Documents/GitHub/Verdant_Ash/Content/Character/NPC/Materials/IN_NPCBodyL_Inst.uexp" 3158
"C:/Users/desho/OneDrive/Documents/GitHub/Verdant_Ash/Content/Character/NPC/Animations/Breathing_Idle_Skeleton.uasset" 3159
"C:/Users/desho/OneDrive/Documents/GitHub/Verdant_Ash/Content/Character/NPC/Animations/Breathing_Idle_Skeleton.uexp" 3160
"C:/Users/desho/OneDrive/Documents/GitHub/Verdant_Ash/Content/Character/NPC/Animations/Breathing_Idle.uasset" 3161
"C:/Users/desho/OneDrive/Documents/GitHub/Verdant_Ash/Content/Character/NPC/Animations/Breathing_Idle.uexp" 3162
"C:/Users/desho/OneDrive/Documents/GitHub/Verdant_Ash/Content/Character/NPC/Animations/Catwalk_Idle_01.uasset" 3163
"C:/Users/desho/OneDrive/Documents/GitHub/Verdant_Ash/Content/Character/NPC/Animations/Catwalk_Idle_01.uexp" 3164
"C:/Users/desho/OneDrive/Documents/GitHub/Verdant_Ash/Content/Character/NPC/Animations/Dig_And_Plant_Seeds.uasset" 3165
"C:/Users/desho/OneDrive/Documents/GitHub/Verdant_Ash/Content/Character/NPC/Animations/Dig_And_Plant_Seeds.uexp" 3166
"C:/Users/desho/OneDrive/Documents/GitHub/Verdant_Ash/Content/Character/NPC/Animations/Happy_Idle.uasset" 3167
"C:/Users/desho/OneDrive/Documents/GitHub/Verdant_Ash/Content/Character/NPC/Animations/Happy_Idle.uexp" 3168
"C:/Users/desho/OneDrive/Documents/GitHub/Verdant_Ash/Content/Character/NPC/Animations/Male_Laying_Pose.uasset" 3169
"C:/Users/desho/OneDrive/Documents/GitHub/Verdant_Ash/Content/Character/NPC/Animations/Male_Laying_Pose.uexp" 3170
"C:/Users/desho/OneDrive/Documents/GitHub/Verdant_Ash/Content/Character/NPC/Animations/Male_Sitting_Pose_Anim.uasset" 3171
"C:/Users/desho/OneDrive/Documents/GitHub/Verdant_Ash/Content/Character/NPC/Animations/Male_Sitting_Pose_Anim.uexp" 3172
"C:/Users/desho/OneDrive/Documents/GitHub/Verdant_Ash/Content/Character/NPC/Animations/Neutral_Idle.uasset" 3173
"C:/Users/desho/OneDrive/Documents/GitHub/Verdant_Ash/Content/Character/NPC/Animations/Neutral_Idle.uexp" 3174
"C:/Users/desho/OneDrive/Documents/GitHub/Verdant_Ash/Content/Character/NPC/Animations/Neutral_Idle__1_.uasset" 3175
"C:/Users/desho/OneDrive/Documents/GitHub/Verdant_Ash/Content/Character/NPC/Animations/Neutral_Idle__1_.uexp" 3176
"C:/Users/desho/OneDrive/Documents/GitHub/Verdant_Ash/Content/Character/NPC/Animations/Pull_Plant.uasset" 3177
"C:/Users/desho/OneDrive/Documents/GitHub/Verdant_Ash/Content/Character/NPC/Animations/Pull_Plant.uexp" 3178
"C:/Users/desho/OneDrive/Documents/GitHub/Verdant_Ash/Content/Character/NPC/Animations/Sitting_Clap.uasset" 3179
"C:/Users/desho/OneDrive/Documents/GitHub/Verdant_Ash/Content/Character/NPC/Animations/Sitting_Clap.uexp" 3180
"C:/Users/desho/OneDrive/Documents/GitHub/Verdant_Ash/Content/Character/NPC/Animations/Sitting_Idle__1_.uasset" 3181
"C:/Users/desho/OneDrive/Documents/GitHub/Verdant_Ash/Content/Character/NPC/Animations/Sitting_Idle__1_.uexp" 3182
"C:/Users/desho/OneDrive/Documents/GitHub/Verdant_Ash/Content/Character/NPC/Animations/Standing_Idle__2__Anim.uasset" 3183
"C:/Users/desho/OneDrive/Documents/GitHub/Verdant_Ash/Content/Character/NPC/Animations/Standing_Idle__2__Anim.uexp" 3184
"C:/Users/desho/OneDrive/Documents/GitHub/Verdant_Ash/Content/Character/NPC/Animations/Talking.uasset" 3185
"C:/Users/desho/OneDrive/Documents/GitHub/Verdant_Ash/Content/Character/NPC/Animations/Talking.uexp" 3186
"C:/Users/desho/OneDrive/Documents/GitHub/Verdant_Ash/Content/Character/NPC/Animations/Yelling__1_.uasset" 3187
"C:/Users/desho/OneDrive/Documents/GitHub/Verdant_Ash/Content/Character/NPC/Animations/Yelling__1_.uexp" 3188
"C:/Users/desho/OneDrive/Documents/GitHub/Verdant_Ash/Content/Environment/Environment_Props/Meshes/pCylinder60.ubulk" 3189
"C:/Users/desho/OneDrive/Documents/GitHub/Verdant_Ash/Content/Environment/Environment_Props/Meshes/pCylinder60.uasset" 3190
"C:/Users/desho/OneDrive/Documents/GitHub/Verdant_Ash/Content/Environment/Environment_Props/Meshes/pCylinder60.uexp" 3191
"C:/Users/desho/OneDrive/Documents/GitHub/Verdant_Ash/Content/Environment/Environment_Props/Textures/stylized_bridge_low_poly_texture_0.ubulk" 3192
"C:/Users/desho/OneDrive/Documents/GitHub/Verdant_Ash/Content/Environment/Environment_Props/Textures/stylized_bridge_low_poly_texture_0.uasset" 3193
"C:/Users/desho/OneDrive/Documents/GitHub/Verdant_Ash/Content/Environment/Environment_Props/Textures/stylized_bridge_low_poly_texture_0.uexp" 3194
"C:/Users/desho/OneDrive/Documents/GitHub/Verdant_Ash/Content/Environment/Environment_Props/Textures/stylized_bridge_low_poly_texture_1.ubulk" 3195
"C:/Users/desho/OneDrive/Documents/GitHub/Verdant_Ash/Content/Environment/Environment_Props/Textures/stylized_bridge_low_poly_texture_1.uasset" 3196
"C:/Users/desho/OneDrive/Documents/GitHub/Verdant_Ash/Content/Environment/Environment_Props/Textures/stylized_bridge_low_poly_texture_1.uexp" 3197
"C:/Users/desho/OneDrive/Documents/GitHub/Verdant_Ash/Content/Environment/Environment_Props/Textures/stylized_bridge_low_poly_texture_2.ubulk" 3198
"C:/Users/desho/OneDrive/Documents/GitHub/Verdant_Ash/Content/Environment/Environment_Props/Textures/stylized_bridge_low_poly_texture_2.uasset" 3199
"C:/Users/desho/OneDrive/Documents/GitHub/Verdant_Ash/Content/Environment/Environment_Props/Textures/stylized_bridge_low_poly_texture_2.uexp" 3200
"C:/Users/desho/OneDrive/Documents/GitHub/Verdant_Ash/Content/Environment/Environment_Props/Materials/Bridge.uasset" 3201
"C:/Users/desho/OneDrive/Documents/GitHub/Verdant_Ash/Content/Environment/Environment_Props/Materials/Bridge.uexp" 3202
"C:/Users/desho/OneDrive/Documents/GitHub/Verdant_Ash/Content/Environment/Environment_Props/Meshes/stylized_bridge_low_poly.ubulk" 3203
"C:/Users/desho/OneDrive/Documents/GitHub/Verdant_Ash/Content/Environment/Environment_Props/Meshes/stylized_bridge_low_poly.uasset" 3204
"C:/Users/desho/OneDrive/Documents/GitHub/Verdant_Ash/Content/Environment/Environment_Props/Meshes/stylized_bridge_low_poly.uexp" 3205
"C:/Users/desho/OneDrive/Documents/GitHub/Verdant_Ash/Content/Environment/Foliage/Meshes/Flower10.ubulk" 3206
"C:/Users/desho/OneDrive/Documents/GitHub/Verdant_Ash/Content/Environment/Foliage/Meshes/Flower10.uasset" 3207
"C:/Users/desho/OneDrive/Documents/GitHub/Verdant_Ash/Content/Environment/Foliage/Meshes/Flower10.uexp" 3208
"C:/Users/desho/OneDrive/Documents/GitHub/Verdant_Ash/Content/Environment/Foliage/Meshes/Plant15.ubulk" 3209
"C:/Users/desho/OneDrive/Documents/GitHub/Verdant_Ash/Content/Environment/Foliage/Meshes/Plant15.uasset" 3210
"C:/Users/desho/OneDrive/Documents/GitHub/Verdant_Ash/Content/Environment/Foliage/Meshes/Plant15.uexp" 3211
"C:/Users/desho/OneDrive/Documents/GitHub/Verdant_Ash/Content/Environment/Foliage/Meshes/Plant16.ubulk" 3212
"C:/Users/desho/OneDrive/Documents/GitHub/Verdant_Ash/Content/Environment/Foliage/Meshes/Plant16.uasset" 3213
"C:/Users/desho/OneDrive/Documents/GitHub/Verdant_Ash/Content/Environment/Foliage/Meshes/Plant16.uexp" 3214
"C:/Users/desho/OneDrive/Documents/GitHub/Verdant_Ash/Content/Environment/Trees/Textures/Leaf_Textures/T_Leaf_Texture_Junifer.ubulk" 3215
"C:/Users/desho/OneDrive/Documents/GitHub/Verdant_Ash/Content/Environment/Trees/Textures/Leaf_Textures/T_Leaf_Texture_Junifer.uasset" 3216
"C:/Users/desho/OneDrive/Documents/GitHub/Verdant_Ash/Content/Environment/Trees/Textures/Leaf_Textures/T_Leaf_Texture_Junifer.uexp" 3217
"C:/Users/desho/OneDrive/Documents/GitHub/Verdant_Ash/Content/Environment/Trees/Materials/Instances/Juniper/Leaf/MI_Leaf_Junifer_04.uasset" 3218
"C:/Users/desho/OneDrive/Documents/GitHub/Verdant_Ash/Content/Environment/Trees/Materials/Instances/Juniper/Leaf/MI_Leaf_Junifer_04.uexp" 3219
"C:/Users/desho/OneDrive/Documents/GitHub/Verdant_Ash/Content/Environment/Trees/Mesh/Junifer/SM_Stylized_Tree_Junifer_04.ubulk" 3220
"C:/Users/desho/OneDrive/Documents/GitHub/Verdant_Ash/Content/Environment/Trees/Mesh/Junifer/SM_Stylized_Tree_Junifer_04.uasset" 3221
"C:/Users/desho/OneDrive/Documents/GitHub/Verdant_Ash/Content/Environment/Trees/Mesh/Junifer/SM_Stylized_Tree_Junifer_04.uexp" 3222
"C:/Users/desho/OneDrive/Documents/GitHub/Verdant_Ash/Content/Environment/Trees/Mesh/Junifer/SM_Stylized_Tree_Junifer_10.ubulk" 3223
"C:/Users/desho/OneDrive/Documents/GitHub/Verdant_Ash/Content/Environment/Trees/Mesh/Junifer/SM_Stylized_Tree_Junifer_10.uasset" 3224
"C:/Users/desho/OneDrive/Documents/GitHub/Verdant_Ash/Content/Environment/Trees/Mesh/Junifer/SM_Stylized_Tree_Junifer_10.uexp" 3225
"C:/Users/desho/OneDrive/Documents/GitHub/Verdant_Ash/Content/Levels/Tutorial.uexp" 3226
"C:/Users/desho/OneDrive/Documents/GitHub/Verdant_Ash/Content/Levels/Tutorial.umap" 3227
