"C:/Users/alsha/OneDrive/Documents/GitHub/Verdant_Ash/Verdant_Ash.uproject" 1
"../../../Engine/Plugins/AudioGameplay/AudioGameplay.uplugin" 2
"../../../Engine/Plugins/ChaosClothAsset/ChaosClothAsset.uplugin" 3
"../../../Engine/Plugins/ChaosCloth/ChaosCloth.uplugin" 4
"../../../Engine/Plugins/AudioInsights/AudioInsights.uplugin" 5
"../../../Engine/Plugins/ChaosClothAssetEditor/ChaosClothAssetEditor.uplugin" 6
"../../../Engine/Plugins/Chooser/Chooser.uplugin" 7
"../../../Engine/Plugins/CmdLinkServer/CmdLinkServer.uplugin" 8
"../../../Engine/Plugins/BaseMaterial/BaseMaterial.uplugin" 9
"../../../Engine/Plugins/ChaosVD/ChaosVD.uplugin" 10
"../../../Engine/Plugins/AudioGameplayVolume/AudioGameplayVolume.uplugin" 11
"../../../Engine/Plugins/Fab/Fab.uplugin" 12
"../../../Engine/Plugins/FastBuildController/FastBuildController.uplugin" 13
"../../../Engine/Plugins/MeshPainting/MeshPainting.uplugin" 14
"../../../Engine/Plugins/LightWeightInstancesEditor/LightWeightInstancesEditor.uplugin" 15
"../../../Engine/Plugins/DiscoveryBeaconReceiver/DiscoveryBeaconReceiver.uplugin" 16
"../../../Engine/Plugins/Mutable/Mutable.uplugin" 17
"../../../Engine/Plugins/IoStoreInsights/IoStoreInsights.uplugin" 18
"../../../Engine/Plugins/PCG/PCG.uplugin" 19
"../../../Engine/Plugins/ScriptPlugin/ScriptPlugin.uplugin" 20
"../../../Engine/Plugins/TraceUtilities/TraceUtilities.uplugin" 21
"../../../Engine/Plugins/TextureGraph/TextureGraph.uplugin" 22
"../../../Engine/Plugins/UbaController/UbaController.uplugin" 23
"../../../Engine/Plugins/WorldMetrics/WorldMetrics.uplugin" 24
"../../../Engine/Plugins/Bridge/Bridge.uplugin" 25
"../../../Engine/Plugins/XGEController/XGEController.uplugin" 26
"../../../Engine/Plugins/Compositing/CompositeCore/CompositeCore.uplugin" 27
"../../../Engine/Plugins/Compositing/Composure/Composure.uplugin" 28
"../../../Engine/Plugins/JsonBlueprintUtilities/JsonBlueprintUtilities.uplugin" 29
"../../../Engine/Plugins/BlueprintFileUtils/BlueprintFileUtils.uplugin" 30
"../../../Engine/Plugins/ChaosInsights/ChaosInsights.uplugin" 31
"../../../Engine/Plugins/Experimental/ActorPalette/ActorPalette.uplugin" 32
"../../../Engine/Plugins/Compositing/LensDistortion/LensDistortion.uplugin" 33
"../../../Engine/Plugins/Compositing/OpenCVLensDistortion/OpenCVLensDistortion.uplugin" 34
"../../../Engine/Plugins/RenderGraphInsights/RenderGraphInsights.uplugin" 35
"../../../Engine/Plugins/Compositing/HoldoutComposite/HoldoutComposite.uplugin" 36
"../../../Engine/Plugins/Experimental/AbilitySystemGameFeatureActions/AbilitySystemGameFeatureActions.uplugin" 37
"../../../Engine/Plugins/Experimental/AdvancedRenamer/AdvancedRenamer.uplugin" 38
"../../../Engine/Plugins/Experimental/AIAssistant/AIAssistant.uplugin" 39
"../../../Engine/Plugins/Experimental/AsyncMessageSystem/AsyncMessageSystem.uplugin" 40
"../../../Engine/Plugins/Compositing/OpenColorIO/OpenColorIO.uplugin" 41
"../../../Engine/Plugins/Experimental/AsyncMessageSystemTests/AsyncMessageSystemTests.uplugin" 42
"../../../Engine/Plugins/Experimental/AutomationUtils/AutomationUtils.uplugin" 43
"../../../Engine/Plugins/Experimental/AnimToTexture/AnimToTexture.uplugin" 44
"../../../Engine/Plugins/Experimental/AvalancheDisplayCluster/AvalancheDisplayCluster.uplugin" 45
"../../../Engine/Plugins/Experimental/AvalancheSequenceNavigator/AvalancheSequenceNavigator.uplugin" 46
"../../../Engine/Plugins/Experimental/BackChannel/BackChannel.uplugin" 47
"../../../Engine/Plugins/Compositing/Composite/Composite.uplugin" 48
"../../../Engine/Plugins/Experimental/BlueprintStats/BlueprintStats.uplugin" 49
"../../../Engine/Plugins/Experimental/CelestialVault/CelestialVault.uplugin" 50
"../../../Engine/Plugins/Experimental/BlueprintSnapNodes/BlueprintSnapNodes.uplugin" 51
"../../../Engine/Plugins/Experimental/ChaosCaching/ChaosCaching.uplugin" 52
"../../../Engine/Plugins/Experimental/ChaosEditor/ChaosEditor.uplugin" 53
"../../../Engine/Plugins/Experimental/ChaosClothEditor/ChaosClothEditor.uplugin" 54
"../../../Engine/Plugins/MassInsights/MassInsights.uplugin" 55
"../../../Engine/Plugins/Experimental/ChaosCachingUSD/ChaosCachingUSD.uplugin" 56
"../../../Engine/Plugins/Experimental/ChaosModularVehicle/ChaosModularVehicle.uplugin" 57
"../../../Engine/Plugins/Experimental/Buoyancy/Buoyancy.uplugin" 58
"../../../Engine/Plugins/Experimental/ChaosNiagara/ChaosNiagara.uplugin" 59
"../../../Engine/Plugins/MemoryUsageQueries/MemoryUsageQueries.uplugin" 60
"../../../Engine/Plugins/Experimental/ChaosVehiclesPlugin/ChaosVehiclesPlugin.uplugin" 61
"../../../Engine/Plugins/Experimental/ChaosOutfitAsset/ChaosOutfitAsset.uplugin" 62
"../../../Engine/Plugins/EnhancedInput/EnhancedInput.uplugin" 63
"../../../Engine/Plugins/Experimental/ChaosModularVehicleExamples/ChaosModularVehicleExamples.uplugin" 64
"../../../Engine/Plugins/Experimental/ChaosMover/ChaosMover.uplugin" 65
"../../../Engine/Plugins/Experimental/ChaosFlesh/ChaosFlesh.uplugin" 66
"../../../Engine/Plugins/Experimental/CharacterAI/CharacterAI.uplugin" 67
"../../../Engine/Plugins/Experimental/ChaosRigidAsset/ChaosRigidAsset.uplugin" 68
"../../../Engine/Plugins/Experimental/CineCameraRigs/CineCameraRigs.uplugin" 69
"../../../Engine/Plugins/Experimental/CineCameraSceneCapture/CineCameraSceneCapture.uplugin" 70
"../../../Engine/Plugins/Experimental/CinematicPrestreaming/CinematicPrestreaming.uplugin" 71
"../../../Engine/Plugins/Experimental/ChaosSolverPlugin/ChaosSolverPlugin.uplugin" 72
"../../../Engine/Plugins/Experimental/ColorCorrectRegions/ColorCorrectRegions.uplugin" 73
"../../../Engine/Plugins/Experimental/CinematicSequenceNavigator/CinematicSequenceNavigator.uplugin" 74
"../../../Engine/Plugins/Experimental/CodeEditor/CodeEditor.uplugin" 75
"../../../Engine/Plugins/Experimental/CommonConversation/CommonConversation.uplugin" 76
"../../../Engine/Plugins/Experimental/ControlRigPhysics/ControlRigPhysics.uplugin" 77
"../../../Engine/Plugins/Experimental/DaySequence/DaySequence.uplugin" 78
"../../../Engine/Plugins/Experimental/Dataflow/Dataflow.uplugin" 79
"../../../Engine/Plugins/Experimental/DefaultInstallBundleManager/DefaultInstallBundleManager.uplugin" 80
"../../../Engine/Plugins/Experimental/DrawDebugLibrary/DrawDebugLibrary.uplugin" 81
"../../../Engine/Plugins/Experimental/ControlFlows/ControlFlows.uplugin" 82
"../../../Engine/Plugins/Experimental/DynamicMaterialMediaStreamBridge/DynamicMaterialMediaStreamBridge.uplugin" 83
"../../../Engine/Plugins/Experimental/DynamicWind/DynamicWind.uplugin" 84
"../../../Engine/Plugins/Experimental/EditorDataStorageFeatures/EditorDataStorageFeatures.uplugin" 85
"../../../Engine/Plugins/Experimental/EditorPerformance/EditorPerformance.uplugin" 86
"../../../Engine/Plugins/Experimental/EditorDataStorage/EditorDataStorage.uplugin" 87
"../../../Engine/Plugins/Experimental/EditorTelemetry/EditorTelemetry.uplugin" 88
"../../../Engine/Plugins/Experimental/EvaluationNotifies/EvaluationNotifies.uplugin" 89
"../../../Engine/Plugins/Experimental/CodeView/CodeView.uplugin" 90
"../../../Engine/Plugins/Experimental/FloatingProperties/FloatingProperties.uplugin" 91
"../../../Engine/Plugins/Experimental/ChaosUserDataPT/ChaosUserDataPT.uplugin" 92
"../../../Engine/Plugins/Experimental/FieldSystemPlugin/FieldSystemPlugin.uplugin" 93
"../../../Engine/Plugins/Experimental/Fracture/Fracture.uplugin" 94
"../../../Engine/Plugins/Experimental/FastGeoStreaming/FastGeoStreaming.uplugin" 95
"../../../Engine/Plugins/Experimental/FullBodyIK/FullBodyIK.uplugin" 96
"../../../Engine/Plugins/Experimental/GameplayGraph/GameplayGraph.uplugin" 97
"../../../Engine/Plugins/Experimental/GameInputWindows/GameInputWindows.uplugin" 98
"../../../Engine/Plugins/Experimental/GameplayTargetingSystem/TargetingSystem.uplugin" 99
"../../../Engine/Plugins/Experimental/Gauntlet/Gauntlet.uplugin" 100
"../../../Engine/Plugins/Experimental/GameplayBehaviors/GameplayBehaviors.uplugin" 101
"../../../Engine/Plugins/Experimental/GeometryCacheLevelSequenceBaker/GeometryCacheLevelSequenceBaker.uplugin" 102
"../../../Engine/Plugins/Experimental/GeometryFlow/GeometryFlow.uplugin" 103
"../../../Engine/Plugins/Experimental/GeometryCollectionPlugin/GeometryCollectionPlugin.uplugin" 104
"../../../Engine/Plugins/Experimental/GPULightmass/GPULightmass.uplugin" 105
"../../../Engine/Plugins/Experimental/GizmoFramework/GizmoFramework.uplugin" 106
"../../../Engine/Plugins/Experimental/GizmoEdMode/GizmoEdMode.uplugin" 107
"../../../Engine/Plugins/Experimental/GlobalConfigurationData/GlobalConfigurationData.uplugin" 108
"../../../Engine/Plugins/Experimental/GeometryCacheAbcFile/GeometryCacheAbcFile.uplugin" 109
"../../../Engine/Plugins/Experimental/HairModelingToolset/HairModelingToolset.uplugin" 110
"../../../Engine/Plugins/Experimental/HairStrandsMutable/HairStrandsMutable.uplugin" 111
"../../../Engine/Plugins/Experimental/HairCardGenerator/HairCardGenerator.uplugin" 112
"../../../Engine/Plugins/Experimental/ImagePlate/ImagePlate.uplugin" 113
"../../../Engine/Plugins/Experimental/ImageWidgets/ImageWidgets.uplugin" 114
"../../../Engine/Plugins/Experimental/InEditorDocumentation/InEditorDocumentation.uplugin" 115
"../../../Engine/Plugins/Experimental/ImpostorBaker/ImpostorBaker.uplugin" 116
"../../../Engine/Plugins/Experimental/InteractionInterface/InteractionInterface.uplugin" 117
"../../../Engine/Plugins/Experimental/InstanceDataObjectFixupTool/InstanceDataObjectFixupTool.uplugin" 118
"../../../Engine/Plugins/Experimental/JWT/JWT.uplugin" 119
"../../../Engine/Plugins/Experimental/InlineMaterialInstance/InlineMaterialInstance.uplugin" 120
"../../../Engine/Plugins/Experimental/Landmass/Landmass.uplugin" 121
"../../../Engine/Plugins/Experimental/LearningAgents/LearningAgents.uplugin" 122
"../../../Engine/Plugins/Experimental/Iris/Iris.uplugin" 123
"../../../Engine/Plugins/Experimental/GeometryDataflow/GeometryDataflow.uplugin" 124
"../../../Engine/Plugins/Experimental/LevelSequenceNavigatorBridge/LevelSequenceNavigatorBridge.uplugin" 125
"../../../Engine/Plugins/Experimental/LiveLinkFaceImporter/LiveLinkFaceImporter.uplugin" 126
"../../../Engine/Plugins/Experimental/LiveLinkOpenVR/LiveLinkOpenVR.uplugin" 127
"../../../Engine/Plugins/Experimental/LocalizableMessage/LocalizableMessage.uplugin" 128
"../../../Engine/Plugins/Experimental/LowLevelNetTrace/LowLevelNetTrace.uplugin" 129
"../../../Engine/Plugins/Experimental/MLflow/MLflow.uplugin" 130
"../../../Engine/Plugins/Experimental/MeshResizing/MeshResizing.uplugin" 131
"../../../Engine/Plugins/Experimental/LiveLinkControlRig/LiveLinkControlRig.uplugin" 132
"../../../Engine/Plugins/Experimental/MeshModelingToolsetExp/MeshModelingToolsetExp.uplugin" 133
"../../../Engine/Plugins/Experimental/MotoSynth/MotoSynth.uplugin" 134
"../../../Engine/Plugins/Experimental/MotorSimOutputMotoSynth/MotorSimOutputMotoSynth.uplugin" 135
"../../../Engine/Plugins/Experimental/MoverAnimNext/MoverAnimNext.uplugin" 136
"../../../Engine/Plugins/Experimental/MoverExamples/MoverExamples.uplugin" 137
"../../../Engine/Plugins/Experimental/MoverIntegrations/MoverIntegrations.uplugin" 138
"../../../Engine/Plugins/Experimental/Mover/Mover.uplugin" 139
"../../../Engine/Plugins/Experimental/MovieSceneAnimMixer/MovieSceneAnimMixer.uplugin" 140
"../../../Engine/Plugins/Experimental/MoverTests/MoverTests.uplugin" 141
"../../../Engine/Plugins/Experimental/MutableClothing/MutableClothing.uplugin" 142
"../../../Engine/Plugins/Experimental/MovieScenePoseSearchTracks/MovieScenePoseSearchTracks.uplugin" 143
"../../../Engine/Plugins/Experimental/MutablePopulation/MutablePopulation.uplugin" 144
"../../../Engine/Plugins/Experimental/MutableDataflow/MutableDataflow.uplugin" 145
"../../../Engine/Plugins/Experimental/NaniteDisplacedMesh/NaniteDisplacedMesh.uplugin" 146
"../../../Engine/Plugins/Experimental/NFORDenoise/NFORDenoise.uplugin" 147
"../../../Engine/Plugins/Experimental/NNERuntimeIREE/NNERuntimeIREE.uplugin" 148
"../../../Engine/Plugins/Experimental/NaniteAssemblyEditorUtils/NaniteAssemblyEditorUtils.uplugin" 149
"../../../Engine/Plugins/Experimental/NNERuntimeBasicCpu/NNERuntimeBasicCpu.uplugin" 150
"../../../Engine/Plugins/Experimental/NNERuntimeRDG/NNERuntimeRDG.uplugin" 151
"../../../Engine/Plugins/Experimental/OptiXDenoise/OptiXDenoise.uplugin" 152
"../../../Engine/Plugins/Experimental/PanoramicCapture/PanoramicCapture.uplugin" 153
"../../../Engine/Plugins/Experimental/PCGBiomeSample/PCGBiomeSample.uplugin" 154
"../../../Engine/Plugins/Experimental/PCGBiomeCore/PCGBiomeCore.uplugin" 155
"../../../Engine/Plugins/Experimental/NNERuntimeCoreML/NNERuntimeCoreML.uplugin" 156
"../../../Engine/Plugins/Experimental/PhysicsControl/PhysicsControl.uplugin" 157
"../../../Engine/Plugins/Experimental/PlainProps/PlainProps.uplugin" 158
"../../../Engine/Plugins/Experimental/PlanarCutPlugin/PlanarCut.uplugin" 159
"../../../Engine/Plugins/Experimental/PlainPropsEngine/PlainPropsEngine.uplugin" 160
"../../../Engine/Plugins/Experimental/PixelStreamingPlayer/PixelStreamingPlayer.uplugin" 161
"../../../Engine/Plugins/Experimental/PlatformCrypto/PlatformCrypto.uplugin" 162
"../../../Engine/Plugins/Experimental/MetasoundExperimental/MetasoundExperimental.uplugin" 163
"../../../Engine/Plugins/Experimental/OpenImageDenoise/OpenImageDenoise.uplugin" 164
"../../../Engine/Plugins/Experimental/PostProcessMaterialChainGraph/PostProcessMaterialChainGraph.uplugin" 165
"../../../Engine/Plugins/Experimental/PlainPropsUObject/PlainPropsUObject.uplugin" 166
"../../../Engine/Plugins/Experimental/ProceduralVegetationEditor/ProceduralVegetationEditor.uplugin" 167
"../../../Engine/Plugins/Experimental/PSDImporter/PSDImporter.uplugin" 168
"../../../Engine/Plugins/Experimental/PluginAudit/PluginAudit.uplugin" 169
"../../../Engine/Plugins/Experimental/PluginTemplateTool/PluginTemplateTool.uplugin" 170
"../../../Engine/Plugins/Experimental/PluginReferenceViewer/PluginReferenceViewer.uplugin" 171
"../../../Engine/Plugins/Experimental/PythonMLPackages/PythonMLPackages.uplugin" 172
"../../../Engine/Plugins/Experimental/PythonFoundationPackages/PythonFoundationPackages.uplugin" 173
"../../../Engine/Plugins/Experimental/PythonScriptPlugin/PythonScriptPlugin.uplugin" 174
"../../../Engine/Plugins/Experimental/RazerChromaDevices/RazerChromaDevices.uplugin" 175
"../../../Engine/Plugins/Experimental/RawInput/RawInput.uplugin" 176
"../../../Engine/Plugins/Experimental/RenderGrid/RenderGrid.uplugin" 177
"../../../Engine/Plugins/Experimental/QuicMessaging/QuicMessaging.uplugin" 178
"../../../Engine/Plugins/Experimental/RemoteControlComponents/RemoteControlComponents.uplugin" 179
"../../../Engine/Plugins/Experimental/RuntimeTelemetry/RuntimeTelemetry.uplugin" 180
"../../../Engine/Plugins/Experimental/RigLogicMutable/RigLogicMutable.uplugin" 181
"../../../Engine/Plugins/Experimental/RigLogicUAF/RigLogicUAF.uplugin" 182
"../../../Engine/Plugins/Experimental/ScreenReader/ScreenReader.uplugin" 183
"../../../Engine/Plugins/Experimental/SequenceNavigator/SequenceNavigator.uplugin" 184
"../../../Engine/Plugins/Experimental/SecuritySandbox/SecuritySandbox.uplugin" 185
"../../../Engine/Plugins/Experimental/SerializationUtils/SerializationUtils.uplugin" 186
"../../../Engine/Plugins/Experimental/Shotgrid/Shotgrid.uplugin" 187
"../../../Engine/Plugins/Experimental/SlateIM/SlateIM.uplugin" 188
"../../../Engine/Plugins/Experimental/SlateScreenReader/SlateScreenReader.uplugin" 189
"../../../Engine/Plugins/Experimental/SimpleHMD/SimpleHMD.uplugin" 190
"../../../Engine/Plugins/Experimental/StructUtils/StructUtils.uplugin" 191
"../../../Engine/Plugins/Experimental/StateGraph/StateGraph.uplugin" 192
"../../../Engine/Plugins/Experimental/SubmitToolEditor/SubmitToolEditor.uplugin" 193
"../../../Engine/Plugins/Experimental/SpatialReadiness/SpatialReadiness.uplugin" 194
"../../../Engine/Plugins/Experimental/SubtitlesAndClosedCaptions/SubtitlesAndClosedCaptions.uplugin" 195
"../../../Engine/Plugins/Experimental/SurfaceEffects/SurfaceEffects.uplugin" 196
"../../../Engine/Plugins/Experimental/TechAudioTools/TechAudioTools.uplugin" 197
"../../../Engine/Plugins/Experimental/SlateModelViewViewModel/SlateModelViewViewModel.uplugin" 198
"../../../Engine/Plugins/Experimental/SkeletalReduction/SkeletalReduction.uplugin" 199
"../../../Engine/Plugins/Experimental/TargetDeviceServicesScripting/TargetDeviceServicesScripting.uplugin" 200
"../../../Engine/Plugins/Experimental/TextToSpeech/TextToSpeech.uplugin" 201
"../../../Engine/Plugins/Experimental/RemoteControlActorModifierBridge/RemoteControlActorModifierBridge.uplugin" 202
"../../../Engine/Plugins/Experimental/NeuralRendering/NeuralRendering.uplugin" 203
"../../../Engine/Plugins/Experimental/RemoteSession/RemoteSession.uplugin" 204
"../../../Engine/Plugins/Experimental/UIFramework/UIFramework.uplugin" 205
"../../../Engine/Plugins/Experimental/Tensorboard/Tensorboard.uplugin" 206
"../../../Engine/Plugins/Experimental/UserToolBoxBasicCommand/UserToolBoxBasicCommand.uplugin" 207
"../../../Engine/Plugins/Experimental/TetMeshing/TetMeshing.uplugin" 208
"../../../Engine/Plugins/Experimental/VirtualHeightfieldMesh/VirtualHeightfieldMesh.uplugin" 209
"../../../Engine/Plugins/Experimental/PSDImporterMaterialDesignerBridge/PSDImporterMaterialDesignerBridge.uplugin" 210
"../../../Engine/Plugins/Experimental/ToolPresets/ToolPresets.uplugin" 211
"../../../Engine/Plugins/Experimental/WaterAdvanced/WaterAdvanced.uplugin" 212
"../../../Engine/Plugins/Experimental/UserToolBoxCore/UserToolBoxCore.uplugin" 213
"../../../Engine/Plugins/Experimental/Volumetrics/Volumetrics.uplugin" 214
"../../../Engine/Plugins/Experimental/Water/Water.uplugin" 215
"../../../Engine/Plugins/Experimental/WaveFunctionCollapse/WaveFunctionCollapse.uplugin" 216
"../../../Engine/Plugins/Experimental/Workspace/Workspace.uplugin" 217
"../../../Engine/Plugins/Experimental/WebSocketMessaging/WebSocketMessaging.uplugin" 218
"../../../Engine/Plugins/Experimental/WebSocketNetworking/WebSocketNetworking.uplugin" 219
"../../../Engine/Plugins/Experimental/WidgetEditorToolPalette/WidgetEditorToolPalette.uplugin" 220
"../../../Engine/Plugins/Experimental/XRCreativeFramework/XRCreativeFramework.uplugin" 221
"../../../Engine/Plugins/Experimental/VirtualProductionUtilities/VirtualProductionUtilities.uplugin" 222
"../../../Engine/Plugins/Messaging/TcpMessaging/TcpMessaging.uplugin" 223
"../../../Engine/Plugins/Messaging/MessagingDebugger/MessagingDebugger.uplugin" 224
"../../../Engine/Plugins/NetcodeUnitTest/NetcodeUnitTest/NetcodeUnitTest.uplugin" 225
"../../../Engine/Plugins/Messaging/UdpMessaging/UdpMessaging.uplugin" 226
"../../../Engine/Plugins/Performance/AutomatedPerfTesting/AutomatedPerfTesting.uplugin" 227
"../../../Engine/Plugins/NetcodeUnitTest/NUTUnrealEngine/NUTUnrealEngine.uplugin" 228
"../../../Engine/Plugins/Tests/AudioCQTests/AudioCQTests.uplugin" 229
"../../../Engine/Plugins/Performance/PerformanceMonitor/PerformanceMonitor.uplugin" 230
"../../../Engine/Plugins/Tests/CQTest/CQTest.uplugin" 231
"../../../Engine/Plugins/Tests/CQTestEnhancedInput/CQTestEnhancedInput.uplugin" 232
"../../../Engine/Plugins/Tests/AutomationDriverTests/AutomationDriverTests.uplugin" 233
"../../../Engine/Plugins/Tests/CQTestExperimental/CQTestExperimental.uplugin" 234
"../../../Engine/Plugins/Tests/EditorTests/EditorTests.uplugin" 235
"../../../Engine/Plugins/Tests/FbxAutomationTestBuilder/FbxAutomationTestBuilder.uplugin" 236
"../../../Engine/Plugins/Tests/FunctionalTestingEditor/FunctionalTestingEditor.uplugin" 237
"../../../Engine/Plugins/Tests/PythonAutomationTest/PythonAutomationTest.uplugin" 238
"../../../Engine/Plugins/Tests/RHITests/RHITests.uplugin" 239
"../../../Engine/Plugins/Tests/RuntimeTests/RuntimeTests.uplugin" 240
"../../../Engine/Plugins/Tests/InterchangeTests/InterchangeTests.uplugin" 241
"../../../Engine/Plugins/Tests/TestSamples/TestSamples.uplugin" 242
"../../../Engine/Plugins/Protocols/MQTT/MQTT.uplugin" 243
"../../../Engine/Plugins/VirtualProduction/AvalancheDataLink/AvalancheDataLink.uplugin" 244
"../../../Engine/Plugins/Tests/WidgetAutomationTests/WidgetAutomationTests.uplugin" 245
"../../../Engine/Plugins/VirtualProduction/CameraCalibration/CameraCalibration.uplugin" 246
"../../../Engine/Plugins/VirtualProduction/ActorModifierCore/ActorModifierCore.uplugin" 247
"../../../Engine/Plugins/Tests/TestFramework/TestFramework.uplugin" 248
"../../../Engine/Plugins/VirtualProduction/CinematicAssemblyTools/CinematicAssemblyTools.uplugin" 249
"../../../Engine/Plugins/VirtualProduction/ClonerEffector/ClonerEffector.uplugin" 250
"../../../Engine/Plugins/VirtualProduction/CompositePlane/CompositePlane.uplugin" 251
"../../../Engine/Plugins/VirtualProduction/CameraCalibrationCore/CameraCalibrationCore.uplugin" 252
"../../../Engine/Plugins/VirtualProduction/DataLink/DataLink.uplugin" 253
"../../../Engine/Plugins/VirtualProduction/DataCharts/DataCharts.uplugin" 254
"../../../Engine/Plugins/VirtualProduction/CaptureData/CaptureData.uplugin" 255
"../../../Engine/Plugins/VirtualProduction/AvalancheSceneState/AvalancheSceneState.uplugin" 256
"../../../Engine/Plugins/VirtualProduction/GeometryMask/GeometryMask.uplugin" 257
"../../../Engine/Plugins/VirtualProduction/ActorModifier/ActorModifier.uplugin" 258
"../../../Engine/Plugins/VirtualProduction/DataLinkOAuth/DataLinkOAuth.uplugin" 259
"../../../Engine/Plugins/VirtualProduction/ICVFX/ICVFX.uplugin" 260
"../../../Engine/Plugins/VirtualProduction/CustomDetailsView/CustomDetailsView.uplugin" 261
"../../../Engine/Plugins/VirtualProduction/Avalanche/Avalanche.uplugin" 262
"../../../Engine/Plugins/VirtualProduction/ICVFXTesting/ICVFXTesting.uplugin" 263
"../../../Engine/Plugins/VirtualProduction/DynamicMaterial/DynamicMaterial.uplugin" 264
"../../../Engine/Plugins/VirtualProduction/LevelSnapshots/LevelSnapshots.uplugin" 265
"../../../Engine/Plugins/VirtualProduction/EpicStageApp/EpicStageApp.uplugin" 266
"../../../Engine/Plugins/VirtualProduction/LiveLinkOpenTrackIO/LiveLinkOpenTrackIO.uplugin" 267
"../../../Engine/Plugins/VirtualProduction/LiveLinkCamera/LiveLinkCamera.uplugin" 268
"../../../Engine/Plugins/VirtualProduction/LiveLinkMasterLockit/LiveLinkMasterLockit.uplugin" 269
"../../../Engine/Plugins/VirtualProduction/LiveLinkVRPN/LiveLinkVRPN.uplugin" 270
"../../../Engine/Plugins/VirtualProduction/LiveLinkLens/LiveLinkLens.uplugin" 271
"../../../Engine/Plugins/VirtualProduction/LiveLinkFreeD/LiveLinkFreeD.uplugin" 272
"../../../Engine/Plugins/VirtualProduction/LiveLinkXR/LiveLinkXR.uplugin" 273
"../../../Engine/Plugins/VirtualProduction/LensComponent/LensComponent.uplugin" 274
"../../../Engine/Plugins/VirtualProduction/OperatorStack/OperatorStack.uplugin" 275
"../../../Engine/Plugins/VirtualProduction/PerformanceCaptureWorkflow/PerformanceCaptureWorkflow.uplugin" 276
"../../../Engine/Plugins/VirtualProduction/MultiUserTakes/MultiUserTakes.uplugin" 277
"../../../Engine/Plugins/VirtualProduction/PropertyAnimator/PropertyAnimator.uplugin" 278
"../../../Engine/Plugins/VirtualProduction/LiveLinkPrestonMDR/LiveLinkPrestonMDR.uplugin" 279
"../../../Engine/Plugins/VirtualProduction/PropertyAnimatorCore/PropertyAnimatorCore.uplugin" 280
"../../../Engine/Plugins/Experimental/MediaStream/MediaStream.uplugin" 281
"../../../Engine/Plugins/VirtualProduction/RemoteControlInterception/RemoteControlInterception.uplugin" 282
"../../../Engine/Plugins/VirtualProduction/RemoteControlProtocolMIDI/RemoteControlProtocolMIDI.uplugin" 283
"../../../Engine/Plugins/VirtualProduction/RemoteControlWebInterface/RemoteControlWebInterface.uplugin" 284
"../../../Engine/Plugins/VirtualProduction/RemoteControlProtocolDMX/RemoteControlProtocolDMX.uplugin" 285
"../../../Engine/Plugins/VirtualProduction/SceneState/SceneState.uplugin" 286
"../../../Engine/Plugins/VirtualProduction/RemoteControl/RemoteControl.uplugin" 287
"../../../Engine/Plugins/VirtualProduction/SequencerPlaylists/SequencerPlaylists.uplugin" 288
"../../../Engine/Plugins/VirtualProduction/LiveLinkInputDevice/LiveLinkInputDevice.uplugin" 289
"../../../Engine/Plugins/VirtualProduction/SceneStateDataLink/SceneStateDataLink.uplugin" 290
"../../../Engine/Plugins/VirtualProduction/StageMonitoring/StageMonitoring.uplugin" 291
"../../../Engine/Plugins/VirtualProduction/RemoteControlProtocolOSC/RemoteControlProtocolOSC.uplugin" 292
"../../../Engine/Plugins/VirtualProduction/StormSync/StormSync.uplugin" 293
"../../../Engine/Plugins/VirtualProduction/StormSyncAvalancheBridge/StormSyncAvalancheBridge.uplugin" 294
"../../../Engine/Plugins/VirtualProduction/SVGImporter/SVGImporter.uplugin" 295
"../../../Engine/Plugins/VirtualProduction/Takes/Takes.uplugin" 296
"../../../Engine/Plugins/VirtualProduction/VirtualCamera/VirtualCamera.uplugin" 297
"../../../Engine/Plugins/VirtualProduction/TimedDataMonitor/TimedDataMonitor.uplugin" 298
"../../../Engine/Plugins/VirtualProduction/Switchboard/Switchboard.uplugin" 299
"../../../Engine/Plugins/Interchange/Assets/InterchangeAssets.uplugin" 300
"../../../Engine/Plugins/VirtualProduction/VirtualCameraCore/VirtualCameraCore.uplugin" 301
"../../../Engine/Plugins/Interchange/Editor/InterchangeEditor.uplugin" 302
"../../../Engine/Plugins/VirtualProduction/TextureShare/TextureShare.uplugin" 303
"../../../Engine/Plugins/Media/AndroidCamera/AndroidCamera.uplugin" 304
"../../../Engine/Plugins/Media/AppleProResDecoderElectra/AppleProResDecoderElectra.uplugin" 305
"../../../Engine/Plugins/Media/AjaMedia/AjaMedia.uplugin" 306
"../../../Engine/Plugins/Media/AppleProResMedia/AppleProResMedia.uplugin" 307
"../../../Engine/Plugins/Interchange/Runtime/Interchange.uplugin" 308
"../../../Engine/Plugins/Media/AudioCaptureTimecodeProvider/AudioCaptureTimecodeProvider.uplugin" 309
"../../../Engine/Plugins/Media/AndroidMedia/AndroidMedia.uplugin" 310
"../../../Engine/Plugins/Media/AvfMedia/AvfMedia.uplugin" 311
"../../../Engine/Plugins/Media/AvidDNxHDDecoderElectra/AvidDNxHDDecoderElectra.uplugin" 312
"../../../Engine/Plugins/Media/D3D12VideoDecodersElectra/D3D12VideoDecodersElectra.uplugin" 313
"../../../Engine/Plugins/Media/AvidDNxMedia/AvidDNxMedia.uplugin" 314
"../../../Engine/Plugins/VirtualProduction/Text3D/Text3D.uplugin" 315
"../../../Engine/Plugins/VirtualProduction/VirtualScouting/VirtualScouting.uplugin" 316
"../../../Engine/Plugins/Experimental/WaterExtras/WaterExtras.uplugin" 317
"../../../Engine/Plugins/Media/ElectraCDM/ElectraCDM.uplugin" 318
"../../../Engine/Plugins/Media/BinkMedia/BinkMedia.uplugin" 319
"../../../Engine/Plugins/Media/BlackmagicMedia/BlackmagicMedia.uplugin" 320
"../../../Engine/Plugins/Media/ElectraSubtitles/ElectraSubtitles.uplugin" 321
"../../../Engine/Plugins/Media/ElectraPlayer/ElectraPlayer.uplugin" 322
"../../../Engine/Plugins/Media/ElectraCodecs/ElectraCodecs.uplugin" 323
"../../../Engine/Plugins/Media/ElectraUtil/ElectraUtil.uplugin" 324
"../../../Engine/Plugins/Media/FlacDecoderElectra/FlacDecoderElectra.uplugin" 325
"../../../Engine/Plugins/Media/HAPMedia/HAPMedia.uplugin" 326
"../../../Engine/Plugins/Media/MediaCompositing/MediaCompositing.uplugin" 327
"../../../Engine/Plugins/Media/LinearTimecode/LinearTimecode.uplugin" 328
"../../../Engine/Plugins/Media/HAPDecoderElectra/HAPDecoderElectra.uplugin" 329
"../../../Engine/Plugins/Media/ImgMedia/ImgMedia.uplugin" 330
"../../../Engine/Plugins/Media/MediaFrameworkUtilities/MediaFrameworkUtilities.uplugin" 331
"../../../Engine/Plugins/Media/HardwareEncoders/HardwareEncoders.uplugin" 332
"../../../Engine/Plugins/Media/MediaPlate/MediaPlate.uplugin" 333
"../../../Engine/Plugins/Media/MediaViewer/MediaViewer.uplugin" 334
"../../../Engine/Plugins/Media/PixelCapture/PixelCapture.uplugin" 335
"../../../Engine/Plugins/Media/NDIMedia/NDIMedia.uplugin" 336
"../../../Engine/Plugins/Media/MediaIOFramework/MediaIOFramework.uplugin" 337
"../../../Engine/Plugins/Media/OpusDecoderElectra/OpusDecoderElectra.uplugin" 338
"../../../Engine/Plugins/Media/MJPEGDecoderElectra/MJPEGDecoderElectra.uplugin" 339
"../../../Engine/Plugins/Media/MediaPlayerEditor/MediaPlayerEditor.uplugin" 340
"../../../Engine/Plugins/Media/PixelStreaming/PixelStreaming.uplugin" 341
"../../../Engine/Plugins/Media/MfMedia/MfMedia.uplugin" 342
"../../../Engine/Plugins/Media/PixelStreaming2/PixelStreaming2.uplugin" 343
"../../../Engine/Plugins/Media/TimecodeSynchronizer/TimecodeSynchronizer.uplugin" 344
"../../../Engine/Plugins/Media/WebMMedia/WebMMedia.uplugin" 345
"../../../Engine/Plugins/Media/VPxDecoderElectra/VPxDecoderElectra.uplugin" 346
"../../../Engine/Plugins/Media/WmfMedia/WmfMedia.uplugin" 347
"../../../Engine/Plugins/MovieScene/CustomizableSequencerTracks/CustomizableSequencerTracks.uplugin" 348
"../../../Engine/Plugins/MovieScene/LevelSequenceEditor/LevelSequenceEditor.uplugin" 349
"../../../Engine/Plugins/MovieScene/ReplayTracks/ReplayTracks.uplugin" 350
"../../../Engine/Plugins/MovieScene/MovieRenderPipeline/MovieRenderPipeline.uplugin" 351
"../../../Engine/Plugins/MovieScene/SequencerScripting/SequencerScripting.uplugin" 352
"../../../Engine/Plugins/MovieScene/ActorSequence/ActorSequence.uplugin" 353
"../../../Engine/Plugins/MovieScene/SequenceValidator/SequenceValidator.uplugin" 354
"../../../Engine/Plugins/MovieScene/MovieSceneTextTrack/MovieSceneTextTrack.uplugin" 355
"../../../Engine/Plugins/Online/EOSOverlayInputProvider/EOSOverlayInputProvider.uplugin" 356
"../../../Engine/Plugins/MovieScene/TemplateSequence/TemplateSequence.uplugin" 357
"../../../Engine/Plugins/Online/OnlineServicesNull/OnlineServicesNull.uplugin" 358
"../../../Engine/Plugins/VirtualProduction/CameraCalibrationML/CameraCalibrationML.uplugin" 359
"../../../Engine/Plugins/Online/OnlineSubsystem/OnlineSubsystem.uplugin" 360
"../../../Engine/Plugins/Online/OnlineSubsystemAmazon/OnlineSubsystemAmazon.uplugin" 361
"../../../Engine/Plugins/Online/OnlineServicesEOSGS/OnlineServicesEOSGS.uplugin" 362
"../../../Engine/Plugins/Online/OnlineFramework/OnlineFramework.uplugin" 363
"../../../Engine/Plugins/Online/EOSShared/EOSShared.uplugin" 364
"../../../Engine/Plugins/Online/OnlineSubsystemEOS/OnlineSubsystemEOS.uplugin" 365
"../../../Engine/Plugins/Online/OnlineSubsystemApple/OnlineSubsystemApple.uplugin" 366
"../../../Engine/Plugins/Online/OnlineSubsystemGoogle/OnlineSubsystemGoogle.uplugin" 367
"../../../Engine/Plugins/Online/OnlineBase/OnlineBase.uplugin" 368
"../../../Engine/Plugins/Online/OnlineSubsystemNull/OnlineSubsystemNull.uplugin" 369
"../../../Engine/Plugins/Online/OnlineSubsystemSteam/OnlineSubsystemSteam.uplugin" 370
"../../../Engine/Plugins/Online/OnlineServicesEpicCommon/OnlineServicesEpicCommon.uplugin" 371
"../../../Engine/Plugins/Online/OnlineSubsystemFacebook/OnlineSubsystemFacebook.uplugin" 372
"../../../Engine/Plugins/Online/OnlineSubsystemTencent/OnlineSubsystemTencent.uplugin" 373
"../../../Engine/Plugins/Online/OnlineSubsystemUtils/OnlineSubsystemUtils.uplugin" 374
"../../../Engine/Plugins/Online/SocketSubsystemEOS/SocketSubsystemEOS.uplugin" 375
"../../../Engine/Plugins/Online/WebAuth/WebAuth.uplugin" 376
"../../../Engine/Plugins/Online/SocketSubsystemSteamIP/SocketSubsystemSteamIP.uplugin" 377
"../../../Engine/Plugins/Web/HttpBlueprint/HttpBlueprint.uplugin" 378
"../../../Engine/Plugins/PCGInterops/PCGExternalDataInterop/PCGExternalDataInterop.uplugin" 379
"../../../Engine/Plugins/PCGInterops/PCGPythonInterop/PCGPythonInterop.uplugin" 380
"../../../Engine/Plugins/PCGInterops/PCGGeometryScriptInterop/PCGGeometryScriptInterop.uplugin" 381
"../../../Engine/Plugins/Runtime/ActorLayerUtilities/ActorLayerUtilities.uplugin" 382
"../../../Engine/Plugins/Runtime/ADM/ADM.uplugin" 383
"../../../Engine/Plugins/Runtime/AndroidDeviceProfileSelector/AndroidDeviceProfileSelector.uplugin" 384
"../../../Engine/Plugins/Runtime/AndroidMoviePlayer/AndroidMoviePlayer.uplugin" 385
"../../../Engine/Plugins/Runtime/AndroidFileServer/AndroidFileServer.uplugin" 386
"../../../Engine/Plugins/Runtime/AndroidPermission/AndroidPermission.uplugin" 387
"../../../Engine/Plugins/Runtime/AndroidBackgroundService/AndroidBackgroundService.uplugin" 388
"../../../Engine/Plugins/Runtime/AppleMoviePlayer/AppleMoviePlayer.uplugin" 389
"../../../Engine/Plugins/Runtime/AssetTags/AssetTags.uplugin" 390
"../../../Engine/Plugins/Media/MediaMovieStreamer/MediaMovieStreamer.uplugin" 391
"../../../Engine/Plugins/Online/OnlineServicesEOS/OnlineServicesEOS.uplugin" 392
"../../../Engine/Plugins/Runtime/ArchVisCharacter/ArchVisCharacter.uplugin" 393
"../../../Engine/Plugins/Online/OnlineFrameworkCommon/OnlineFrameworkCommon.uplugin" 394
"../../../Engine/Plugins/Runtime/AudioModulation/AudioModulation.uplugin" 395
"../../../Engine/Plugins/Online/OnlineServicesOSSAdapter/OnlineServicesOSSAdapter.uplugin" 396
"../../../Engine/Plugins/Runtime/AppleImageUtils/AppleImageUtils.uplugin" 397
"../../../Engine/Plugins/Runtime/AudioMotorSim/AudioMotorSim.uplugin" 398
"../../../Engine/Plugins/Runtime/AudioCapture/AudioCapture.uplugin" 399
"../../../Engine/Plugins/Runtime/AudioWidgets/AudioWidgets.uplugin" 400
"../../../Engine/Plugins/Runtime/CommonUI/CommonUI.uplugin" 401
"../../../Engine/Plugins/Runtime/DataRegistry/DataRegistry.uplugin" 402
"../../../Engine/Plugins/Runtime/CustomMeshComponent/CustomMeshComponent.uplugin" 403
"../../../Engine/Plugins/Runtime/ComputeFramework/ComputeFramework.uplugin" 404
"../../../Engine/Plugins/Runtime/ExampleDeviceProfileSelector/ExampleDeviceProfileSelector.uplugin" 405
"../../../Engine/Plugins/Runtime/GameFeatures/GameFeatures.uplugin" 406
"../../../Engine/Plugins/Online/OnlineServices/OnlineServices.uplugin" 407
"../../../Engine/Plugins/Runtime/AnimationBudgetAllocator/AnimationBudgetAllocator.uplugin" 408
"../../../Engine/Plugins/Runtime/ExternalGPUStatistics/ExternalGPUStatistics.uplugin" 409
"../../../Engine/Plugins/Runtime/Firebase/Firebase.uplugin" 410
"../../../Engine/Plugins/Runtime/GameInput/GameInput.uplugin" 411
"../../../Engine/Plugins/Runtime/GameplayInteractions/GameplayInteractions.uplugin" 412
"../../../Engine/Plugins/Runtime/GeometryProcessing/GeometryProcessing.uplugin" 413
"../../../Engine/Plugins/Runtime/GameplayAbilities/GameplayAbilities.uplugin" 414
"../../../Engine/Plugins/Runtime/HDRIBackdrop/HDRIBackdrop.uplugin" 415
"../../../Engine/Plugins/Runtime/GooglePAD/GooglePAD.uplugin" 416
"../../../Engine/Plugins/Runtime/GameplayStateTree/GameplayStateTree.uplugin" 417
"../../../Engine/Plugins/Runtime/GeoReferencing/GeoReferencing.uplugin" 418
"../../../Engine/Plugins/MovieScene/MoviePipelineMaskRenderPass/MoviePipelineMaskRenderPass.uplugin" 419
"../../../Engine/Plugins/Runtime/ChunkDownloader/ChunkDownloader.uplugin" 420
"../../../Engine/Plugins/Runtime/ApexDestruction/ApexDestruction.uplugin" 421
"../../../Engine/Plugins/Runtime/GoogleCloudMessaging/GoogleCloudMessaging.uplugin" 422
"../../../Engine/Plugins/Runtime/InputDebugging/InputDebugging.uplugin" 423
"../../../Engine/Plugins/Runtime/InstancedActors/InstancedActors.uplugin" 424
"../../../Engine/Plugins/Runtime/Harmonix/Harmonix.uplugin" 425
"../../../Engine/Plugins/Runtime/HTTPChunkInstaller/HTTPChunkInstaller.uplugin" 426
"../../../Engine/Plugins/Runtime/HPMotionController/HPMotionController.uplugin" 427
"../../../Engine/Plugins/Runtime/IOSDeviceProfileSelector/IOSDeviceProfileSelector.uplugin" 428
"../../../Engine/Plugins/Runtime/LinuxDeviceProfileSelector/LinuxDeviceProfileSelector.uplugin" 429
"../../../Engine/Plugins/Runtime/MassEntity/MassEntity.uplugin" 430
"../../../Engine/Plugins/Runtime/LocationServicesAndroidImpl/LocationServicesAndroidImpl.uplugin" 431
"../../../Engine/Plugins/Runtime/LevelStreamingPersistence/LevelStreamingPersistence.uplugin" 432
"../../../Engine/Plugins/Runtime/LiveLinkOvernDisplay/LiveLinkOverNDisplay.uplugin" 433
"../../../Engine/Plugins/Runtime/GeometryScripting/GeometryScripting.uplugin" 434
"../../../Engine/Plugins/Runtime/LocationServicesIOSImpl/LocationServicesIOSImpl.uplugin" 435
"../../../Engine/Plugins/Runtime/LocationServicesBPLibrary/LocationServicesBPLibrary.uplugin" 436
"../../../Engine/Plugins/Runtime/IOSReplayKit/IOSReplayKit.uplugin" 437
"../../../Engine/Plugins/Runtime/MassGameplay/MassGameplay.uplugin" 438
"../../../Engine/Plugins/Runtime/Metasound/Metasound.uplugin" 439
"../../../Engine/Plugins/Runtime/MicrosoftSpatialAudio/MicroSoftSpatialSound.uplugin" 440
"../../../Engine/Plugins/Runtime/MeshModelingToolset/MeshModelingToolset.uplugin" 441
"../../../Engine/Plugins/Runtime/ModularGameplay/ModularGameplay.uplugin" 442
"../../../Engine/Plugins/Runtime/ModelViewViewModel/ModelViewViewModel.uplugin" 443
"../../../Engine/Plugins/Runtime/MusicEnvironment/MusicEnvironment.uplugin" 444
"../../../Engine/Plugins/Runtime/MixedRealityCaptureFramework/MixedRealityCaptureFramework.uplugin" 445
"../../../Engine/Plugins/Runtime/MultiServerReplication/MultiServerReplication.uplugin" 446
"../../../Engine/Plugins/Runtime/nDisplay/nDisplay.uplugin" 447
"../../../Engine/Plugins/Runtime/nDisplayModularFeatures/nDisplayModularFeatures.uplugin" 448
"../../../Engine/Plugins/Runtime/HairStrands/HairStrands.uplugin" 449
"../../../Engine/Plugins/Runtime/NetworkPredictionExtras/NetworkPredictionExtras.uplugin" 450
"../../../Engine/Plugins/Runtime/NetworkPrediction/NetworkPrediction.uplugin" 451
"../../../Engine/Plugins/Runtime/MobilePatchingUtils/MobilePatchingUtils.uplugin" 452
"../../../Engine/Plugins/Runtime/OpenCV/OpenCV.uplugin" 453
"../../../Engine/Plugins/Runtime/GeometryCache/GeometryCache.uplugin" 454
"../../../Engine/Plugins/Runtime/OpenXREyeTracker/OpenXREyeTracker.uplugin" 455
"../../../Engine/Plugins/Runtime/MsQuic/MsQuic.uplugin" 456
"../../../Engine/Plugins/Runtime/NavCorridor/NavCorridor.uplugin" 457
"../../../Engine/Plugins/Runtime/OpenXRHandTracking/OpenXRHandTracking.uplugin" 458
"../../../Engine/Plugins/Runtime/OpenXR/OpenXR.uplugin" 459
"../../../Engine/Plugins/Runtime/NetworkPredictionInsights/NetworkPredictionInsights.uplugin" 460
"../../../Engine/Plugins/Runtime/OpenXRMsftHandInteraction/OpenXRMsftHandInteraction.uplugin" 461
"../../../Engine/Plugins/Runtime/OpenXRViveTracker/OpenXRViveTracker.uplugin" 462
"../../../Engine/Plugins/Runtime/OSC/OSC.uplugin" 463
"../../../Engine/Plugins/Runtime/OptionalMobileFeaturesBPLibrary/OptionalMobileFeaturesBPLibrary.uplugin" 464
"../../../Engine/Plugins/Runtime/MIDIDevice/MIDIDevice.uplugin" 465
"../../../Engine/Plugins/Runtime/PreLoadScreenMoviePlayer/PreLoadScreenMoviePlayer.uplugin" 466
"../../../Engine/Plugins/Runtime/ReplicationGraph/ReplicationGraph.uplugin" 467
"../../../Engine/Plugins/Runtime/PropertyAccess/PropertyAccessEditor.uplugin" 468
"../../../Engine/Plugins/Runtime/RenderTrace/RenderTrace.uplugin" 469
"../../../Engine/Plugins/Runtime/CableComponent/CableComponent.uplugin" 470
"../../../Engine/Plugins/Runtime/PropertyBindingUtils/PropertyBindingUtils.uplugin" 471
"../../../Engine/Plugins/Runtime/ResonanceAudio/ResonanceAudio.uplugin" 472
"../../../Engine/Plugins/Runtime/RigVM/RigVM.uplugin" 473
"../../../Engine/Plugins/Runtime/SignificanceManager/SignificanceManager.uplugin" 474
"../../../Engine/Plugins/Runtime/AudioSynesthesia/AudioSynesthesia.uplugin" 475
"../../../Engine/Plugins/Runtime/SoundFields/SoundFields.uplugin" 476
"../../../Engine/Plugins/Runtime/SoundUtilities/SoundUtilities.uplugin" 477
"../../../Engine/Plugins/Runtime/GameplayBehaviorSmartObjects/GameplayBehaviorSmartObjects.uplugin" 478
"../../../Engine/Plugins/Runtime/ReplicationSystemTestPlugin/ReplicationSystemTestPlugin.uplugin" 479
"../../../Engine/Plugins/Runtime/SoundCueTemplates/SoundCueTemplates.uplugin" 480
"../../../Engine/Plugins/Runtime/ScriptableToolsFramework/ScriptableToolsFramework.uplugin" 481
"../../../Engine/Plugins/Runtime/Synthesis/Synthesis.uplugin" 482
"../../../Engine/Plugins/Runtime/SkeletalMerging/SkeletalMerging.uplugin" 483
"../../../Engine/Plugins/Runtime/WaveTable/WaveTable.uplugin" 484
"../../../Engine/Plugins/Runtime/Spatialization/Spatialization.uplugin" 485
"../../../Engine/Plugins/Runtime/ProceduralMeshComponent/ProceduralMeshComponent.uplugin" 486
"../../../Engine/Plugins/Runtime/WorldConditions/WorldConditions.uplugin" 487
"../../../Engine/Plugins/Runtime/XRBase/XRBase.uplugin" 488
"../../../Engine/Plugins/Runtime/ZoneGraph/ZoneGraph.uplugin" 489
"../../../Engine/Plugins/Runtime/WindowsMoviePlayer/WindowsMoviePlayer.uplugin" 490
"../../../Engine/Plugins/Runtime/USDCore/USDCore.uplugin" 491
"../../../Engine/Plugins/Runtime/SoundMod/SoundMod.uplugin" 492
"../../../Engine/Plugins/Runtime/WebBrowserWidget/WebBrowserWidget.uplugin" 493
"../../../Engine/Plugins/Runtime/Soundscape/Soundscape.uplugin" 494
"../../../Engine/Plugins/2D/Paper2D/Paper2D.uplugin" 495
"../../../Engine/Plugins/Runtime/ZoneGraphAnnotations/ZoneGraphAnnotations.uplugin" 496
"../../../Engine/Plugins/AI/AISupport/AISupport.uplugin" 497
"../../../Engine/Plugins/Runtime/WarpUtils/WarpUtils.uplugin" 498
"../../../Engine/Plugins/Animation/AnimationModifierLibrary/AnimationModifierLibrary.uplugin" 499
"../../../Engine/Plugins/AI/MassCrowd/MassCrowd.uplugin" 500
"../../../Engine/Plugins/AI/HTNPlanner/HTNPlanner.uplugin" 501
"../../../Engine/Plugins/Animation/AnimationData/AnimationData.uplugin" 502
"../../../Engine/Plugins/AI/MLAdapter/MLAdapter.uplugin" 503
"../../../Engine/Plugins/Animation/AnimatorKit/AnimatorKit.uplugin" 504
"../../../Engine/Plugins/Animation/BlendStack/BlendStack.uplugin" 505
"../../../Engine/Plugins/Animation/ControlRig/ControlRig.uplugin" 506
"../../../Engine/Plugins/Animation/BlendSpaceMotionAnalysis/BlendSpaceMotionAnalysis.uplugin" 507
"../../../Engine/Plugins/Animation/AnimationWarping/AnimationWarping.uplugin" 508
"../../../Engine/Plugins/Animation/ACLPlugin/ACLPlugin.uplugin" 509
"../../../Engine/Plugins/AI/MassAI/MassAI.uplugin" 510
"../../../Engine/Plugins/Runtime/SmartObjects/SmartObjects.uplugin" 511
"../../../Engine/Plugins/Animation/DeformerGraph/DeformerGraph.uplugin" 512
"../../../Engine/Plugins/Animation/GameplayInsights/GameplayInsights.uplugin" 513
"../../../Engine/Plugins/Animation/GeneSplicer/GeneSplicer.uplugin" 514
"../../../Engine/Plugins/Runtime/WindowsDeviceProfileSelector/WindowsDeviceProfileSelector.uplugin" 515
"../../../Engine/Plugins/AI/EnvironmentQueryEditor/EnvironmentQueryEditor.uplugin" 516
"../../../Engine/Plugins/Runtime/SunPosition/SunPosition.uplugin" 517
"../../../Engine/Plugins/Animation/IKRig/IKRig.uplugin" 518
"../../../Engine/Plugins/Animation/DNACalib/DNACalib.uplugin" 519
"../../../Engine/Plugins/Animation/AnimationLocomotionLibrary/AnimationLocomotionLibrary.uplugin" 520
"../../../Engine/Plugins/Animation/ControlRigModules/ControlRigModules.uplugin" 521
"../../../Engine/Plugins/Runtime/StateTree/StateTree.uplugin" 522
"../../../Engine/Plugins/Animation/LiveLinkCurveDebugUI/LiveLinkCurveDebugUI.uplugin" 523
"../../../Engine/Plugins/Animation/LiveLinkDevice/LiveLinkDevice.uplugin" 524
"../../../Engine/Plugins/Animation/LiveLink/LiveLink.uplugin" 525
"../../../Engine/Plugins/Animation/ControlRigSpline/ControlRigSpline.uplugin" 526
"../../../Engine/Plugins/Animation/LiveLinkExampleDevice/LiveLinkExampleDevice.uplugin" 527
"../../../Engine/Plugins/Animation/LiveLinkHub/LiveLinkHub.uplugin" 528
"../../../Engine/Plugins/Animation/EaseCurveTool/EaseCurveTool.uplugin" 529
"../../../Engine/Plugins/Animation/PoseSearch/PoseSearch.uplugin" 530
"../../../Engine/Plugins/Animation/TweeningUtils/TweeningUtils.uplugin" 531
"../../../Engine/Plugins/Animation/SkeletalMeshModelingTools/SkeletalMeshModelingTools.uplugin" 532
"../../../Engine/Plugins/Cameras/CameraShakePreviewer/CameraShakePreviewer.uplugin" 533
"../../../Engine/Plugins/Animation/LiveLinkUnrealDevice/LiveLinkUnrealDevice.uplugin" 534
"../../../Engine/Plugins/Cameras/EngineCameras/EngineCameras.uplugin" 535
"../../../Engine/Plugins/Animation/PerformanceCaptureCore/PerformanceCaptureCore.uplugin" 536
"../../../Engine/Plugins/Cameras/GameplayCameras/GameplayCameras.uplugin" 537
"../../../Engine/Plugins/Animation/RigLogic/RigLogic.uplugin" 538
"../../../Engine/Plugins/Compression/OodleNetwork/OodleNetwork.uplugin" 539
"../../../Engine/Plugins/Developer/BlankPlugin/BlankPlugin.uplugin" 540
"../../../Engine/Plugins/Developer/CodeLiteSourceCodeAccess/CodeLiteSourceCodeAccess.uplugin" 541
"../../../Engine/Plugins/Animation/MotionWarping/MotionWarping.uplugin" 542
"../../../Engine/Plugins/Developer/CLionSourceCodeAccess/CLionSourceCodeAccess.uplugin" 543
"../../../Engine/Plugins/Developer/GitSourceControl/GitSourceControl.uplugin" 544
"../../../Engine/Plugins/Developer/FieldNotificationTrace/FieldNotificationTrace.uplugin" 545
"../../../Engine/Plugins/Developer/DirectoryPlaceholder/DirectoryPlaceholder.uplugin" 546
"../../../Engine/Plugins/Developer/DumpGPUServices/DumpGPUServices.uplugin" 547
"../../../Engine/Plugins/Developer/KDevelopSourceCodeAccess/KDevelopSourceCodeAccess.uplugin" 548
"../../../Engine/Plugins/Developer/GPUReshape/GPUReshape.uplugin" 549
"../../../Engine/Plugins/Developer/NullSourceCodeAccess/NullSourceCodeAccess.uplugin" 550
"../../../Engine/Plugins/Developer/NamingTokens/NamingTokens.uplugin" 551
"../../../Engine/Plugins/Developer/AnimationSharing/AnimationSharing.uplugin" 552
"../../../Engine/Plugins/Developer/PlasticSourceControl/PlasticSourceControl.uplugin" 553
"../../../Engine/Plugins/Developer/N10XSourceCodeAccess/N10XSourceCodeAccess.uplugin" 554
"../../../Engine/Plugins/Developer/ProjectLauncher/ProjectLauncher.uplugin" 555
"../../../Engine/Plugins/Developer/PerforceSourceControl/PerforceSourceControl.uplugin" 556
"../../../Engine/Plugins/Developer/RiderSourceCodeAccess/RiderSourceCodeAccess.uplugin" 557
"../../../Engine/Plugins/Developer/RenderDocPlugin/RenderDocPlugin.uplugin" 558
"../../../Engine/Plugins/Developer/OneSkyLocalizationService/OneSkyLocalizationService.uplugin" 559
"../../../Engine/Plugins/Developer/PixWinPlugin/PixWinPlugin.uplugin" 560
"../../../Engine/Plugins/Developer/PluginUtils/PluginUtils.uplugin" 561
"../../../Engine/Plugins/Developer/TextureFormatOodle/TextureFormatOodle.uplugin" 562
"../../../Engine/Plugins/Developer/PropertyAccessNode/PropertyAccessNode.uplugin" 563
"../../../Engine/Plugins/Developer/SubversionSourceControl/SubversionSourceControl.uplugin" 564
"../../../Engine/Plugins/Developer/VisualStudioCodeSourceCodeAccess/VisualStudioCodeSourceCodeAccess.uplugin" 565
"../../../Engine/Plugins/Developer/XcodeGPUDebuggerPlugin/XcodeGPUDebuggerPlugin.uplugin" 566
"../../../Engine/Plugins/Developer/XCodeSourceCodeAccess/XCodeSourceCodeAccess.uplugin" 567
"../../../Engine/Plugins/Developer/UObjectPlugin/UObjectPlugin.uplugin" 568
"../../../Engine/Plugins/Editor/AssetManagerEditor/AssetManagerEditor.uplugin" 569
"../../../Engine/Plugins/Editor/AssetReferenceRestrictions/AssetReferenceRestrictions.uplugin" 570
"../../../Engine/Plugins/Editor/AssetRegistryExport/AssetRegistryExport.uplugin" 571
"../../../Engine/Plugins/Developer/VisualStudioSourceCodeAccess/VisualStudioSourceCodeAccess.uplugin" 572
"../../../Engine/Plugins/Editor/BlueprintHeaderView/BlueprintHeaderView.uplugin" 573
"../../../Engine/Plugins/Editor/AssetSearch/AssetSearch.uplugin" 574
"../../../Engine/Plugins/Editor/ColorGrading/ColorGrading.uplugin" 575
"../../../Engine/Plugins/Editor/BlueprintMaterialTextureNodes/BlueprintMaterialTextureNodes.uplugin" 576
"../../../Engine/Plugins/Editor/CryptoKeys/CryptoKeys.uplugin" 577
"../../../Engine/Plugins/Editor/DataValidation/DataValidation.uplugin" 578
"../../../Engine/Plugins/Editor/DisplayClusterLaunch/DisplayClusterLaunch.uplugin" 579
"../../../Engine/Plugins/Editor/EditorScriptingUtilities/EditorScriptingUtilities.uplugin" 580
"../../../Engine/Plugins/Editor/EditorDebugTools/EditorDebugTools.uplugin" 581
"../../../Engine/Plugins/Editor/EditorSysConfigAssistant/EditorSysConfigAssistant.uplugin" 582
"../../../Engine/Plugins/Editor/CurveEditorTools/CurveEditorTools.uplugin" 583
"../../../Engine/Plugins/Editor/FacialAnimation/FacialAnimation.uplugin" 584
"../../../Engine/Plugins/Editor/GeometryMode/GeometryMode.uplugin" 585
"../../../Engine/Plugins/Editor/ChangelistReview/ChangelistReview.uplugin" 586
"../../../Engine/Plugins/Editor/GameplayTagsEditor/GameplayTagsEditor.uplugin" 587
"../../../Engine/Plugins/Editor/LiveUpdateForSlate/LiveUpdateForSlate.uplugin" 588
"../../../Engine/Plugins/Editor/MobileLauncherProfileWizard/MobileLauncherProfileWizard.uplugin" 589
"../../../Engine/Plugins/Editor/ConsoleVariablesEditor/ConsoleVariables.uplugin" 590
"../../../Engine/Plugins/Editor/MeshLODToolset/MeshLODToolset.uplugin" 591
"../../../Engine/Plugins/Editor/EngineAssetDefinitions/EngineAssetDefinitions.uplugin" 592
"../../../Engine/Plugins/Editor/LandscapePatch/LandscapePatch.uplugin" 593
"../../../Engine/Plugins/Editor/ModelViewViewModelPreview/ModelViewViewModelPreview.uplugin" 594
"../../../Engine/Plugins/Editor/PluginBrowser/PluginBrowser.uplugin" 595
"../../../Engine/Plugins/Editor/MacGraphicsSwitching/MacGraphicsSwitching.uplugin" 596
"../../../Engine/Plugins/Runtime/WebBrowserNativeProxy/WebBrowserNativeProxy.uplugin" 597
"../../../Engine/Plugins/Editor/ScriptableToolsEditorMode/ScriptableToolsEditorMode.uplugin" 598
"../../../Engine/Plugins/Editor/SampleToolsEditorMode/SampleToolsEditorMode.uplugin" 599
"../../../Engine/Plugins/Editor/ProxyLODPlugin/ProxyLODPlugin.uplugin" 600
"../../../Engine/Plugins/Editor/SequencerAnimTools/SequencerAnimTools.uplugin" 601
"../../../Engine/Plugins/Editor/StaticMeshEditorModeling/StaticMeshEditorModeling.uplugin" 602
"../../../Engine/Plugins/Editor/StylusInput/StylusInput.uplugin" 603
"../../../Engine/Plugins/Editor/UMGWidgetPreview/UMGWidgetPreview.uplugin" 604
"../../../Engine/Plugins/Editor/WaveformEditor/WaveformEditor.uplugin" 605
"../../../Engine/Plugins/Editor/SpeedTreeImporter/SpeedTreeImporter.uplugin" 606
"../../../Engine/Plugins/Developer/TraceSourceFiltering/TraceSourceFilters.uplugin" 607
"../../../Engine/Plugins/Enterprise/DatasmithCADImporter/DatasmithCADImporter.uplugin" 608
"../../../Engine/Plugins/Editor/UVEditor/UVEditor.uplugin" 609
"../../../Engine/Plugins/Editor/GuidedTutorials/GuidedTutorials.uplugin" 610
"../../../Engine/Plugins/Enterprise/AxFImporter/AxFImporter.uplugin" 611
"../../../Engine/Plugins/Editor/MakeCookedEditorAsDLC/MakeCookedEditorAsDLC.uplugin" 612
"../../../Engine/Plugins/Runtime/WebMMoviePlayer/WebMMoviePlayer.uplugin" 613
"../../../Engine/Plugins/Enterprise/DatasmithContent/DatasmithContent.uplugin" 614
"../../../Engine/Plugins/Enterprise/GLTFExporter/GLTFExporter.uplugin" 615
"../../../Engine/Plugins/Enterprise/DatasmithImporter/DatasmithImporter.uplugin" 616
"../../../Engine/Plugins/Enterprise/MDLImporter/MDLImporter.uplugin" 617
"../../../Engine/Plugins/Enterprise/DataprepEditor/DataprepEditor.uplugin" 618
"../../../Engine/Plugins/Editor/WorldPartitionHLODUtilities/WorldPartitionHLODUtilities.uplugin" 619
"../../../Engine/Plugins/Enterprise/DatasmithFBXImporter/DatasmithFBXImporter.uplugin" 620
"../../../Engine/Plugins/Enterprise/VariantManager/VariantManager.uplugin" 621
"../../../Engine/Plugins/Enterprise/VariantManagerContent/VariantManagerContent.uplugin" 622
"../../../Engine/Plugins/Enterprise/LidarPointCloud/LidarPointCloud.uplugin" 623
"../../../Engine/Plugins/FX/ExampleCustomDataInterface/ExampleCustomDataInterface.uplugin" 624
"../../../Engine/Plugins/FX/CascadeToNiagaraConverter/CascadeToNiagaraConverter.uplugin" 625
"../../../Engine/Plugins/FX/Niagara/Niagara.uplugin" 626
"../../../Engine/Plugins/FX/NiagaraMRQ/NiagaraMRQ.uplugin" 627
"../../../Engine/Plugins/FX/NiagaraFluids/NiagaraFluids.uplugin" 628
"../../../Engine/Plugins/Editor/MaterialAnalyzer/MaterialAnalyzer.uplugin" 629
"../../../Engine/Plugins/FX/Cascade/Cascade.uplugin" 630
"../../../Engine/Plugins/FX/NiagaraNanite/NiagaraNanite.uplugin" 631
"../../../Engine/Plugins/FX/NiagaraPreviewContent/NiagaraPreviewContent.uplugin" 632
"../../../Engine/Plugins/Importers/USDImporterMDL/USDImporterMDL.uplugin" 633
"../../../Engine/Plugins/FX/NiagaraSimCaching/NiagaraSimCaching.uplugin" 634
"../../../Engine/Plugins/Importers/AlembicHairImporter/AlembicHairImporter.uplugin" 635
"../../../Engine/Plugins/MetaHuman/MetaHumanAnimator/MetaHuman.uplugin" 636
"../../../Engine/Plugins/Importers/USDMultiUser/USDMultiUser.uplugin" 637
"../../../Engine/Plugins/Importers/AlembicImporter/AlembicImporter.uplugin" 638
"../../../Engine/Plugins/MetaHuman/MetaHumanCalibrationProcessing/MetaHumanCalibrationProcessing.uplugin" 639
"../../../Engine/Plugins/MetaHuman/MetaHumanLiveLink/MetaHumanLiveLink.uplugin" 640
"../../../Engine/Plugins/Importers/USDImporter/USDImporter.uplugin" 641
"../../../Engine/Plugins/MetaHuman/MetaHumanSDK/MetaHumanSDK.uplugin" 642
"../../../Engine/Plugins/NNE/NNEDenoiser/NNEDenoiser.uplugin" 643
"../../../Engine/Plugins/NNE/NNERuntimeORT/NNERuntimeORT.uplugin" 644
"../../../Engine/Plugins/Enterprise/DatasmithC4DImporter/DatasmithC4DImporter.uplugin" 645
"../../../Engine/Plugins/Slate/SlateScripting/SlateScripting.uplugin" 646
"../../../Engine/Plugins/Slate/SlateInsights/SlateInsights.uplugin" 647
"../../../Engine/Plugins/MetaHuman/MetaHumanCoreTechLib/MetaHumanCoreTech.uplugin" 648
"../../../Engine/Plugins/Portal/LauncherChunkInstaller/LauncherChunkInstaller.uplugin" 649
"../../../Engine/Plugins/Editor/ModelingToolsEditorMode/ModelingToolsEditorMode.uplugin" 650
"../../../Engine/Plugins/Experimental/PCGInterops/PCGFastGeoInterop/PCGFastGeoInterop.uplugin" 651
"../../../Engine/Plugins/Experimental/PCGInterops/PCGNiagaraInterop/PCGNiagaraInterop.uplugin" 652
"../../../Engine/Plugins/Experimental/PCGInterops/PCGNaniteAssembliesInterop/PCGNaniteAssembliesInterop.uplugin" 653
"../../../Engine/Plugins/Experimental/PCGInterops/PCGWaterInterop/PCGWaterInterop.uplugin" 654
"../../../Engine/Plugins/Experimental/PCGInterops/PCGInstancedActorsInterop/PCGInstancedActorsInterop.uplugin" 655
"../../../Engine/Plugins/VirtualProduction/CaptureManager/CaptureManagerApp/CaptureManagerApp.uplugin" 656
"../../../Engine/Plugins/VirtualProduction/CaptureManager/CaptureManagerDevices/CaptureManagerDevices.uplugin" 657
"../../../Engine/Plugins/VirtualProduction/DMX/DatasmithMVR/DatasmithMVR.uplugin" 658
"../../../Engine/Plugins/VirtualProduction/CaptureManager/CaptureManagerCore/CaptureManagerCore.uplugin" 659
"../../../Engine/Plugins/VirtualProduction/DMX/DMXDisplayCluster/DMXDisplayCluster.uplugin" 660
"../../../Engine/Plugins/VirtualProduction/CaptureManager/CaptureManagerEditor/CaptureManagerEditor.uplugin" 661
"../../../Engine/Plugins/VirtualProduction/DMX/DMXEngine/DMXEngine.uplugin" 662
"../../../Engine/Plugins/VirtualProduction/DMX/DMXGDTF/DMXGDTF.uplugin" 663
"../../../Engine/Plugins/VirtualProduction/DMX/DMXModularFeatures/DMXModularFeatures.uplugin" 664
"../../../Engine/Plugins/VirtualProduction/DMX/DMXPixelMapping/DMXPixelMapping.uplugin" 665
"../../../Engine/Plugins/VirtualProduction/DMX/DMXProtocol/DMXProtocol.uplugin" 666
"../../../Engine/Plugins/Runtime/Nvidia/GeForceNOWWrapper/GeForceNOWWrapper.uplugin" 667
"../../../Engine/Plugins/Runtime/Nvidia/Reflex/Reflex.uplugin" 668
"../../../Engine/Plugins/Runtime/Steam/SteamSockets/SteamSockets.uplugin" 669
"../../../Engine/Plugins/VirtualProduction/DMX/DMXFixtures/DMXFixtures.uplugin" 670
"../../../Engine/Plugins/Runtime/Windows/WinDualShock/WinDualShock.uplugin" 671
"../../../Engine/Plugins/Runtime/Windows/XInputDevice/XInputDevice.uplugin" 672
"../../../Engine/Plugins/Editor/ContentBrowser/ContentBrowserAssetDataSource/ContentBrowserAssetDataSource.uplugin" 673
"../../../Engine/Plugins/Editor/ContentBrowser/ContentBrowserAliasDataSource/ContentBrowserAliasDataSource.uplugin" 674
"../../../Engine/Plugins/Runtime/Steam/SteamController/SteamController.uplugin" 675
"../../../Engine/Plugins/Editor/ContentBrowser/ContentBrowserClassDataSource/ContentBrowserClassDataSource.uplugin" 676
"../../../Engine/Plugins/VirtualProduction/DMX/DMXControlConsole/DMXControlConsole.uplugin" 677
"../../../Engine/Plugins/Experimental/AVCodecs/AVCodecsCore/AVCodecsCore.uplugin" 678
"../../../Engine/Plugins/Editor/ContentBrowser/ContentBrowserFileDataSource/ContentBrowserFileDataSource.uplugin" 679
"../../../Engine/Plugins/Experimental/AVCodecs/AMFCodecs/AMFCodecs.uplugin" 680
"../../../Engine/Plugins/Runtime/Steam/SteamAudio/SteamAudio.uplugin" 681
"../../../Engine/Plugins/Experimental/AVCodecs/VTCodecs/VTCodecs.uplugin" 682
"../../../Engine/Plugins/Experimental/Enterprise/DataprepGeometryOperations/DataprepGeometryOperations.uplugin" 683
"../../../Engine/Plugins/Runtime/Database/DatabaseSupport/DatabaseSupport.uplugin" 684
"../../../Engine/Plugins/Experimental/MetaHuman/MetaHumanCharacterUAF/MetaHumanCharacterUAF.uplugin" 685
"../../../Engine/Plugins/Runtime/Windows/WinVirtualKeyboard/WinVirtualKeyboard.uplugin" 686
"../../../Engine/Plugins/Experimental/AVCodecs/WMFCodecs/WMFCodecs.uplugin" 687
"../../../Engine/Plugins/Experimental/Enterprise/DatasmithInterchange/DatasmithInterchange.uplugin" 688
"../../../Engine/Plugins/Runtime/Database/ADOSupport/ADOSupport.uplugin" 689
"../../../Engine/Plugins/Runtime/Database/RemoteDatabaseSupport/RemoteDatabaseSupport.uplugin" 690
"../../../Engine/Plugins/Experimental/AVCodecs/NVCodecs/NVCodecs.uplugin" 691
"../../../Engine/Plugins/Runtime/Steam/SteamShared/SteamShared.uplugin" 692
"../../../Engine/Plugins/Experimental/Animation/ContextualAnimation/ContextualAnimation.uplugin" 693
"../../../Engine/Plugins/Experimental/MetaHuman/MetaHumanRuntime/MetaHumanRuntime.uplugin" 694
"../../../Engine/Plugins/Experimental/Animation/HierarchyTable/HierarchyTable.uplugin" 695
"../../../Engine/Plugins/Runtime/Database/SQLiteCore/SQLiteCore.uplugin" 696
"../../../Engine/Plugins/MetaHuman/MetaHumanCharacter/MetaHumanCharacter.uplugin" 697
"../../../Engine/Plugins/Experimental/Animation/HierarchyTableAnimation/HierarchyTableAnimation.uplugin" 698
"../../../Engine/Plugins/Experimental/Animation/Locomotor/Locomotor.uplugin" 699
"../../../Engine/Plugins/Experimental/AVCodecs/LibVpxCodecs/LibVpxCodecs.uplugin" 700
"../../../Engine/Plugins/Experimental/Animation/PackedAttributes/PackedAttributes.uplugin" 701
"../../../Engine/Plugins/Experimental/Animation/TrajectoryTools/TrajectoryTools.uplugin" 702
"../../../Engine/Plugins/Experimental/Web/WebAPI/WebAPI.uplugin" 703
"../../../Engine/Plugins/Interchange/Extensions/OpenUSD/InterchangeOpenUSD.uplugin" 704
"../../../Engine/Plugins/Experimental/Animation/MotionTrajectory/MotionTrajectory.uplugin" 705
"../../../Engine/Plugins/Editor/Localization/PortableObjectFileDataSource/PortableObjectFileDataSource.uplugin" 706
"../../../Engine/Plugins/Animation/MLDeformer/ChaosClothGenerator/ChaosClothGenerator.uplugin" 707
"../../../Engine/Plugins/Experimental/Animation/CurveExpression/CurveExpression.uplugin" 708
"../../../Engine/Plugins/Animation/MLDeformer/ChaosFleshGenerator/ChaosFleshGenerator.uplugin" 709
"../../../Engine/Plugins/Experimental/Animation/RigMapperOp/RigMapperOp.uplugin" 710
"../../../Engine/Plugins/Animation/MLDeformer/MLDeformerFramework/MLDeformerFramework.uplugin" 711
"../../../Engine/Plugins/Experimental/Enterprise/DatasmithRuntime/DatasmithRuntime.uplugin" 712
"../../../Engine/Plugins/Animation/MLDeformer/NearestNeighborModel/NearestNeighborModel.uplugin" 713
"../../../Engine/Plugins/Interchange/Extensions/OpenVDB/InterchangeOpenVDB.uplugin" 714
"../../../Engine/Plugins/Animation/MLDeformer/VertexDeltaModel/VertexDeltaModel.uplugin" 715
"../../../Engine/Plugins/Experimental/VirtualProduction/VPRoles/VPRoles.uplugin" 716
"../../../Engine/Plugins/Animation/MLDeformer/NeuralMorphModel/NeuralMorphModel.uplugin" 717
"../../../Engine/Plugins/Experimental/CharacterFXEditor/ExampleCharacterFXEditor/ExampleCharacterFXEditor.uplugin" 718
"../../../Engine/Plugins/Runtime/Analytics/AnalyticsMulticast/AnalyticsMulticast.uplugin" 719
"../../../Engine/Plugins/Runtime/Analytics/AnalyticsBlueprintLibrary/AnalyticsBlueprintLibrary.uplugin" 720
"../../../Engine/Plugins/Runtime/AR/ARUtilities/ARUtilities.uplugin" 721
"../../../Engine/Plugins/Runtime/MeshReconstruction/DummyMeshReconstructor/DummyMeshReconstructor.uplugin" 722
"../../../Engine/Plugins/Experimental/UAF/UAF/UAF.uplugin" 723
"../../../Engine/Plugins/Runtime/Analytics/FileLogging/FileLogging.uplugin" 724
"../../../Engine/Plugins/Experimental/Animation/RelativeIKOp/RelativeIKOp.uplugin" 725
"../../../Engine/Plugins/Experimental/UAF/UAFChooser/UAFChooser.uplugin" 726
"../../../Engine/Plugins/Experimental/UAF/UAFPoseSearch/UAFPoseSearch.uplugin" 727
"../../../Engine/Plugins/Experimental/UAF/UAFAnimGraph/UAFAnimGraph.uplugin" 728
"../../../Engine/Plugins/Experimental/UAF/UAFMirroring/UAFMirroring.uplugin" 729
"../../../Engine/Plugins/Experimental/UAF/UAFTests/UAFTests.uplugin" 730
"../../../Engine/Plugins/Experimental/VirtualProduction/LedWallCalibration/LedWallCalibration.uplugin" 731
"../../../Engine/Plugins/Runtime/Database/SQLiteSupport/SQLiteSupport.uplugin" 732
"../../../Engine/Plugins/Experimental/UAF/UAFWarping/UAFWarping.uplugin" 733
"../../../Engine/Plugins/Online/IOS/OnlineSubsystemIOS/OnlineSubsystemIOS.uplugin" 734
"../../../Engine/Plugins/Experimental/VirtualProduction/VPSettings/VPSettings.uplugin" 735
"../../../Engine/Plugins/Runtime/Analytics/Adjust/Adjust.uplugin" 736
"../../../Engine/Plugins/Runtime/XR/XRVisualization/XRVisualization.uplugin" 737
"../../../Engine/Plugins/Experimental/UAF/UAFControlRig/UAFControlRig.uplugin" 738
"../../../Engine/Plugins/VirtualProduction/Rivermax/RivermaxSync/RivermaxSync.uplugin" 739
"../../../Engine/Plugins/VirtualProduction/Rivermax/RivermaxMedia/RivermaxMedia.uplugin" 740
"../../../Engine/Plugins/Online/VoiceChat/EOSVoiceChat/EOSVoiceChat.uplugin" 741
"../../../Engine/Plugins/VirtualProduction/Rivermax/RivermaxCore/RivermaxCore.uplugin" 742
"../../../Engine/Plugins/Online/Android/OnlineSubsystemGooglePlay/OnlineSubsystemGooglePlay.uplugin" 743
"../../../Engine/Plugins/Developer/Concert/ConcertMain/ConcertMain.uplugin" 744
"../../../Engine/Plugins/Editor/ObjectMixer/ObjectMixer/ObjectMixer.uplugin" 745
"../../../Engine/Plugins/Online/Android/AndroidFetchBackgroundDownload/AndroidFetchBackgroundDownload.uplugin" 746
"../../../Engine/Plugins/Experimental/Animation/RigMapper/RigMapper.uplugin" 747
"../../../Engine/Plugins/Experimental/UAF/UAFStateTree/UAFStateTree.uplugin" 748
"../../../Engine/Plugins/Runtime/PacketHandlers/AESGCMHandlerComponent/AESGCMHandlerComponent.uplugin" 749
"../../../Engine/Plugins/Editor/ObjectMixer/LightMixer/LightMixer.uplugin" 750
"../../../Engine/Plugins/Runtime/XR/XRScribe/XRScribe.uplugin" 751
"../../../Engine/Plugins/Runtime/PacketHandlers/DTLSHandlerComponent/DTLSHandlerComponent.uplugin" 752
"../../../Engine/Plugins/Runtime/PacketHandlers/AESHandlerComponent/AESHandlerComponent.uplugin" 753
"../../../Engine/Plugins/Experimental/CharacterFXEditor/BaseCharacterFXEditor/BaseCharacterFXEditor.uplugin" 754
"../../../Engine/Plugins/Experimental/Animation/Optimus/Optimus.uplugin" 755
"../../../Engine/Plugins/Runtime/Advertising/IOSTapJoy/IOSTapJoy.uplugin" 756
"../../../Engine/Plugins/Experimental/Animation/SkeletalMeshMorphTargetEditingTools/SkeletalMeshMorphTargetEditingTools.uplugin" 757
"../../../Engine/Plugins/Runtime/AR/Google/GoogleARCoreServices/GoogleARCoreServices.uplugin" 758
"../../../Engine/Plugins/Developer/Concert/ConcertApp/MultiUserClient/MultiUserClient.uplugin" 759
"../../../Engine/Plugins/Runtime/AR/Google/GoogleARCore/GoogleARCore.uplugin" 760
"../../../Engine/Plugins/Developer/Concert/ConcertApp/DisasterRecoveryClient/DisasterRecoveryClient.uplugin" 761
"../../../Engine/Plugins/Developer/Concert/ConcertSync/ConcertSyncCore/ConcertSyncCore.uplugin" 762
"../../../Engine/Plugins/Developer/Concert/ConcertUI/ConcertSharedSlate/ConcertSharedSlate.uplugin" 763
"../../../Engine/Plugins/Developer/Concert/ConcertSync/ConcertSyncServer/ConcertSyncServer.uplugin" 764
"../../../Engine/Plugins/Developer/Concert/ConcertSync/ConcertSyncClient/ConcertSyncClient.uplugin" 765
"../../../Engine/Plugins/Developer/Concert/ConcertSync/ConcertSyncTest/ConcertSyncTest.uplugin" 766
"../../../Engine/Plugins/Developer/Concert/ConcertUI/ConcertClientSharedSlate/ConcertClientSharedSlate.uplugin" 767
"../../../Engine/Plugins/Developer/Concert/ConcertApp/MultiUserServer/MultiUserServer.uplugin" 768
"../../../Engine/Plugins/Experimental/Animation/MLDeformer/DetailPoseModel/DetailPoseModel.uplugin" 769
"../../../Engine/Plugins/Developer/Concert/ConcertInsights/ConcertInsightsServer/ConcertInsightsServer.uplugin" 770
"../../../Engine/Plugins/Developer/Concert/ConcertInsights/ConcertInsightsCore/ConcertInsightsCore.uplugin" 771
"../../../Engine/Plugins/Runtime/AR/AppleAR/AppleARKit/AppleARKit.uplugin" 772
"../../../Engine/Plugins/Developer/Concert/ConcertInsights/ConcertInsightsClient/ConcertInsightsClient.uplugin" 773
"../../../Engine/Plugins/Developer/Concert/ConcertInsights/ConcertInsightsVisualizer/ConcertInsightsVisualizer.uplugin" 774
"../../../Engine/Plugins/Runtime/AR/AppleAR/AppleARKitFaceSupport/AppleARKitFaceSupport.uplugin" 775
"../../../Engine/Plugins/Experimental/MetaHuman/MetaHumanCalibrationDiagnostics/MetaHumanCalibrationDiagnostics.uplugin" 776
"../../../Engine/Plugins/Online/VoiceChat/VoiceChat/VoiceChat.uplugin" 777
"../../../Engine/Plugins/Developer/Concert/ConcertScripting/ConcertReplicationScripting/ConcertReplicationScripting.uplugin" 778
"../../../Engine/Platforms/Android/Plugins/Animation/RigLogic/RigLogic_Android.uplugin" 779
"../../../Engine/Platforms/Android/Plugins/Animation/ACLPlugin/ACLPlugin_Android.uplugin" 780
"../../../Engine/Platforms/IOS/Plugins/Animation/RigLogic/RigLogic_IOS.uplugin" 781
"../../../Engine/Content/Internationalization/icudt64l/cnvalias.icu" 782
"../../../Engine/Content/Internationalization/icudt64l/res_index.res" 783
"../../../Engine/Content/Internationalization/icudt64l/plurals.res" 784
"../../../Engine/Content/Internationalization/icudt64l/lang/en.res" 785
"../../../Engine/Content/Internationalization/icudt64l/lang/pool.res" 786
"../../../Engine/Content/Internationalization/icudt64l/lang/root.res" 787
"../../../Engine/Content/Internationalization/icudt64l/region/en.res" 788
"../../../Engine/Content/Internationalization/icudt64l/region/pool.res" 789
"../../../Engine/Content/Internationalization/icudt64l/region/root.res" 790
"../../../Engine/Content/Internationalization/icudt64l/windowsZones.res" 791
"../../../Engine/Content/Internationalization/icudt64l/zoneinfo64.res" 792
"../../../Engine/Content/Internationalization/icudt64l/keyTypeData.res" 793
"../../../Engine/Content/Internationalization/icudt64l/timezoneTypes.res" 794
"../../../Engine/Content/Internationalization/icudt64l/likelySubtags.res" 795
"../../../Engine/Content/Internationalization/icudt64l/en_US.res" 796
"../../../Engine/Content/Internationalization/icudt64l/pool.res" 797
"../../../Engine/Content/Internationalization/icudt64l/en.res" 798
"../../../Engine/Content/Internationalization/icudt64l/root.res" 799
"../../../Engine/Content/Internationalization/icudt64l/supplementalData.res" 800
"../../../Engine/Config/ConfigRedirects.ini" 801
"C:/Users/alsha/AppData/Local/UnrealEngine/5.7/Saved/Config/WindowsEditor/Manifest.ini" 802
"../../../Engine/Config/BaseEngine.ini" 803
"../../../Engine/Config/Windows/BaseWindowsEngine.ini" 804
"../../../../../Documents/GitHub/Verdant_Ash/Config/DefaultEngine.ini" 805
"../../../Engine/Config/BaseGame.ini" 806
"../../../../../Documents/GitHub/Verdant_Ash/Config/DefaultGame.ini" 807
"../../../Engine/Config/Windows/WindowsGame.ini" 808
"C:/Users/alsha/OneDrive/Documents/GitHub/Verdant_Ash/Saved/Config/WindowsEditor/Game.ini" 809
"../../../Engine/Config/BaseInput.ini" 810
"../../../Engine/Config/Windows/BaseWindowsInput.ini" 811
"../../../../../Documents/GitHub/Verdant_Ash/Config/DefaultInput.ini" 812
"../../../Engine/Config/Windows/WindowsInput.ini" 813
"../../../Engine/Config/BaseDeviceProfiles.ini" 814
"../../../Engine/Config/BaseGameUserSettings.ini" 815
"C:/Users/alsha/OneDrive/Documents/GitHub/Verdant_Ash/Saved/Config/WindowsEditor/GameUserSettings.ini" 816
"../../../Engine/Config/BaseScalability.ini" 817
"../../../Engine/Config/BaseRuntimeOptions.ini" 818
"../../../Engine/Config/BaseInstallBundle.ini" 819
"../../../Engine/Config/BaseHardware.ini" 820
"../../../../../Documents/GitHub/Verdant_Ash/Config/DefaultGameplayTags.ini" 821
"../../../Engine/Config/BaseCompat.ini" 822
"../../../Engine/Config/BaseLightmass.ini" 823
"../../../Engine/Config/BaseEditor.ini" 824
"../../../../../Documents/GitHub/Verdant_Ash/Config/DefaultEditor.ini" 825
"C:/Users/alsha/OneDrive/Documents/GitHub/Verdant_Ash/Saved/Config/WindowsEditor/Editor.ini" 826
"../../../Engine/Config/BaseMaterialExpressions.ini" 827
"../../../Engine/Config/BaseEditorPerProjectUserSettings.ini" 828
"../../../Engine/Config/Windows/WindowsEditorPerProjectUserSettings.ini" 829
"C:/Users/alsha/OneDrive/Documents/GitHub/Verdant_Ash/Saved/Config/WindowsEditor/EditorPerProjectUserSettings.ini" 830
"../../../Engine/Config/BaseEditorSettings.ini" 831
"../../../Engine/Config/Windows/WindowsEditorSettings.ini" 832
"C:/Users/alsha/AppData/Local/UnrealEngine/5.7/Saved/Config/WindowsEditor/EditorSettings.ini" 833
"../../../Engine/Config/BaseEditorKeyBindings.ini" 834
"C:/Users/alsha/AppData/Local/UnrealEngine/5.7/Saved/Config/WindowsEditor/EditorLayout.ini" 835
"../../../../../Documents/GitHub/Verdant_Ash/Intermediate/CachedAssetRegistryDiscovery.bin" 836
"../../../Engine/Binaries/Win64/BootstrapPackagedGame-Win64-Shipping.target" 837
"../../../Engine/Binaries/Win64/BuildPatchTool-Win64-Shipping.target" 838
"../../../Engine/Binaries/Win64/CrashReportClient-Win64-Shipping.target" 839
"../../../Engine/Binaries/Win64/CrashReportClientEditor-Win64-Shipping.target" 840
"../../../Engine/Binaries/Win64/DatasmithCADWorker.target" 841
"../../../Engine/Config/Android/BaseAndroidEngine.ini" 842
"../../../Engine/Config/Mac/BaseMacEngine.ini" 843
"../../../Engine/Binaries/Win64/EpicWebHelper-Win64-Shipping.target" 844
"../../../Engine/Config/Linux/BaseLinuxEngine.ini" 845
"../../../Engine/Binaries/Win64/InterchangeWorker.target" 846
"../../../Engine/Binaries/Win64/LiveCodingConsole.target" 847
"../../../Engine/Config/Android/AndroidEngine.ini" 848
"../../../Engine/Config/IOS/BaseIOSEngine.ini" 849
"../../../Engine/Config/Unix/UnixEngine.ini" 850
"../../../Engine/Platforms/VisionOS/Config/BaseVisionOSEngine.ini" 851
"../../../Engine/Binaries/Win64/LiveLinkHub.target" 852
"../../../Engine/Platforms/VisionOS/Config/VisionOSEngine.ini" 853
"../../../Engine/Config/Linux/LinuxEngine.ini" 854
"../../../Engine/Config/TVOS/TVOSEngine.ini" 855
"../../../Engine/Config/Android/BaseAndroidGame.ini" 856
"../../../Engine/Config/Mac/MacGame.ini" 857
"../../../Engine/Config/IOS/BaseIOSGame.ini" 858
"../../../Engine/Config/IOS/IOSGame.ini" 859
"../../../Engine/Config/Linux/LinuxGame.ini" 860
"../../../Engine/Config/Mac/BaseMacInput.ini" 861
"../../../Engine/Config/Android/BaseAndroidInput.ini" 862
"../../../Engine/Config/IOS/BaseIOSInput.ini" 863
"../../../Engine/Config/Android/AndroidScalability.ini" 864
"../../../Engine/Config/IOS/IOSScalability.ini" 865
"../../../Engine/Config/Android/BaseAndroidInstallBundle.ini" 866
"../../../Engine/Config/IOS/BaseIOSInstallBundle.ini" 867
"../../../Engine/Binaries/Win64/ShaderCompileWorker.target" 868
"../../../Engine/Binaries/Win64/SwitchboardListener.target" 869
"../../../Engine/Binaries/Win64/SwitchboardListenerHelper.target" 870
"../../../Engine/Binaries/Win64/UnrealEditor-Win64-DebugGame.target" 871
"../../../Engine/Binaries/Win64/UnrealEditor.target" 872
"../../../Engine/Config/PluginBase.ini" 873
"../../../Engine/Plugins/ChaosVD/Config/DefaultChaosVD.ini" 874
"../../../Engine/Plugins/EnhancedInput/Config/BaseEnhancedInput.ini" 875
"../../../Engine/Plugins/Fab/Config/BaseFab.ini" 876
"../../../Engine/Plugins/TraceUtilities/Config/BaseTraceUtilities.ini" 877
"../../../Engine/Plugins/Compositing/CompositeCore/Config/BaseCompositeCore.ini" 878
"../../../Engine/Plugins/Experimental/FullBodyIK/Config/BaseFullBodyIK.ini" 879
"../../../Engine/Plugins/Experimental/ToolPresets/Config/BaseToolPresets.ini" 880
"../../../Engine/Plugins/VirtualProduction/Takes/Config/BaseTakes.ini" 881
"../../../Engine/Plugins/Interchange/Assets/Config/BaseInterchangeAssets.ini" 882
"../../../Engine/Plugins/Interchange/Runtime/Config/BaseInterchange.ini" 883
"../../../Engine/Plugins/Runtime/Metasound/Config/BaseMetasound.ini" 884
"../../../Engine/Plugins/Runtime/Metasound/Config/DefaultMetasound.ini" 885
"../../../Engine/Plugins/Runtime/HairStrands/Config/BaseHairStrands.ini" 886
"../../../Engine/Plugins/Runtime/PropertyBindingUtils/Config/BasePropertyBindingUtils.ini" 887
"../../../Engine/Plugins/Runtime/RigVM/Config/BaseRigVM.ini" 888
"../../../Engine/Plugins/Runtime/StateTree/Config/BaseStateTree.ini" 889
"../../../Engine/Plugins/Runtime/Synthesis/Config/BaseSynthesis.ini" 890
"../../../Engine/Plugins/2D/Paper2D/Config/BasePaper2D.ini" 891
"../../../Engine/Plugins/Animation/ControlRig/Config/BaseControlRig.ini" 892
"../../../Engine/Plugins/Animation/DeformerGraph/Config/BaseDeformerGraph.ini" 893
"../../../Engine/Plugins/Animation/IKRig/Config/BaseIKRig.ini" 894
"../../../Engine/Plugins/Cameras/GameplayCameras/Config/BaseGameplayCameras.ini" 895
"../../../Engine/Plugins/Editor/EditorScriptingUtilities/Config/BaseEditorScriptingUtilities.ini" 896
"../../../Engine/Plugins/Enterprise/DatasmithContent/Config/BaseDatasmithContent.ini" 897
"../../../Engine/Plugins/Enterprise/GLTFExporter/Config/BaseGLTFExporter.ini" 898
"../../../Engine/Plugins/Enterprise/GLTFExporter/Config/DefaultGLTFExporter.ini" 899
"../../../Engine/Plugins/Enterprise/VariantManagerContent/Config/BaseVariantManagerContent.ini" 900
"../../../Engine/Plugins/FX/Niagara/Config/BaseNiagara.ini" 901
"C:/Users/alsha/OneDrive/Documents/GitHub/Verdant_Ash/Saved/Config/WindowsEditor/Niagara.ini" 902
"../../../Engine/Plugins/MetaHuman/MetaHumanSDK/Config/BaseMetaHumanSDK.ini" 903
"../../../Engine/Plugins/ChaosVD/Config/Engine.ini" 904
"../../../Engine/Plugins/EnhancedInput/Config/Input.ini" 905
"../../../Engine/Plugins/Runtime/InputDebugging/Config/Input.ini" 906
"../../../Engine/Plugins/Runtime/Windows/XInputDevice/Config/Input.ini" 907
"../../../Engine/Plugins/Online/OnlineSubsystemUtils/Config/Editor.ini" 908
"../../../Engine/Plugins/Runtime/RigVM/Config/Editor.ini" 909
"../../../Engine/Plugins/NNE/NNEDenoiser/Config/Game.ini" 910
"../../../Engine/Plugins/Editor/ModelingToolsEditorMode/Binaries/Win64/UnrealEditor.modules" 911
"../../../Engine/Plugins/Runtime/MeshModelingToolset/Binaries/Win64/UnrealEditor.modules" 912
"../../../Engine/Plugins/Experimental/MeshModelingToolsetExp/Binaries/Win64/UnrealEditor.modules" 913
"../../../Engine/Plugins/Editor/MeshLODToolset/Binaries/Win64/UnrealEditor.modules" 914
"../../../Engine/Plugins/Experimental/ToolPresets/Binaries/Win64/UnrealEditor.modules" 915
"../../../Engine/Plugins/Editor/StylusInput/Binaries/Win64/UnrealEditor.modules" 916
"../../../Engine/Plugins/Runtime/GeometryProcessing/Binaries/Win64/UnrealEditor.modules" 917
"../../../Engine/Plugins/Editor/ProxyLODPlugin/Binaries/Win64/UnrealEditor.modules" 918
"../../../Engine/Plugins/Experimental/PlanarCutPlugin/Binaries/Win64/UnrealEditor.modules" 919
"../../../Engine/Plugins/Runtime/GeometryCache/Binaries/Win64/UnrealEditor.modules" 920
"../../../Engine/Plugins/Experimental/GeometryFlow/Binaries/Win64/UnrealEditor.modules" 921
"../../../Engine/Plugins/Editor/EditorScriptingUtilities/Binaries/Win64/UnrealEditor.modules" 922
"../../../Engine/Plugins/FX/Niagara/Binaries/Win64/UnrealEditor.modules" 923
"../../../Engine/Plugins/Experimental/PythonScriptPlugin/Binaries/Win64/UnrealEditor.modules" 924
"../../../Engine/Plugins/Editor/ContentBrowser/ContentBrowserFileDataSource/Binaries/Win64/UnrealEditor.modules" 925
"../../../Engine/Plugins/AudioInsights/Binaries/Win64/UnrealEditor.modules" 926
"../../../Engine/Plugins/Runtime/AudioWidgets/Binaries/Win64/UnrealEditor.modules" 927
"../../../Engine/Plugins/Runtime/AudioSynesthesia/Binaries/Win64/UnrealEditor.modules" 928
"../../../Engine/Plugins/Bridge/Binaries/Win64/UnrealEditor.modules" 929
"../../../Engine/Plugins/MetaHuman/MetaHumanSDK/Binaries/Win64/UnrealEditor.modules" 930
"../../../Engine/Plugins/Animation/ControlRig/Binaries/Win64/UnrealEditor.modules" 931
"../../../Engine/Plugins/Runtime/HairStrands/Binaries/Win64/UnrealEditor.modules" 932
"../../../Engine/Plugins/Animation/RigLogic/Binaries/Win64/UnrealEditor.modules" 933
"../../../Engine/Plugins/Interchange/Runtime/Binaries/Win64/UnrealEditor.modules" 934
"../../../Engine/Plugins/Online/EOSShared/Binaries/Win64/UnrealEditor.modules" 935
"../../../Engine/Plugins/Runtime/RigVM/Binaries/Win64/UnrealEditor.modules" 936
"../../../Engine/Plugins/MovieScene/LevelSequenceEditor/Binaries/Win64/UnrealEditor.modules" 937
"../../../Engine/Plugins/Runtime/PropertyAccess/Binaries/Win64/UnrealEditor.modules" 938
"../../../Engine/Plugins/MovieScene/SequencerScripting/Binaries/Win64/UnrealEditor.modules" 939
"../../../Engine/Plugins/Animation/TweeningUtils/Binaries/Win64/UnrealEditor.modules" 940
"../../../Engine/Plugins/Animation/DeformerGraph/Binaries/Win64/UnrealEditor.modules" 941
"../../../Engine/Plugins/Experimental/Dataflow/Binaries/Win64/UnrealEditor.modules" 942
"../../../Engine/Plugins/Runtime/ComputeFramework/Binaries/Win64/UnrealEditor.modules" 943
"../../../Engine/Plugins/Enterprise/VariantManagerContent/Binaries/Win64/UnrealEditor.modules" 944
"../../../Engine/Plugins/Enterprise/VariantManager/Binaries/Win64/UnrealEditor.modules" 945
"../../../Engine/Plugins/Interchange/Assets/Binaries/Win64/UnrealEditor.modules" 946
"../../../Engine/Plugins/Experimental/CharacterFXEditor/BaseCharacterFXEditor/Binaries/Win64/UnrealEditor.modules" 947
"../../../Engine/Plugins/Runtime/ProceduralMeshComponent/Binaries/Win64/UnrealEditor.modules" 948
"../../../Engine/Plugins/Experimental/ChaosCaching/Binaries/Win64/UnrealEditor.modules" 949
"../../../Engine/Plugins/Experimental/EditorDataStorage/Binaries/Win64/UnrealEditor.modules" 950
"../../../Engine/Plugins/Experimental/EditorDataStorageFeatures/Binaries/Win64/UnrealEditor.modules" 951
"../../../Engine/Plugins/Animation/SkeletalMeshModelingTools/Binaries/Win64/UnrealEditor.modules" 952
"../../../Engine/Plugins/VirtualProduction/Takes/Binaries/Win64/UnrealEditor.modules" 953
"../../../Engine/Plugins/Runtime/AudioCapture/Binaries/Win64/UnrealEditor.modules" 954
"../../../Engine/Plugins/Developer/NamingTokens/Binaries/Win64/UnrealEditor.modules" 955
"../../../Engine/Plugins/Editor/EngineAssetDefinitions/Binaries/Win64/UnrealEditor.modules" 956
"../../../Engine/Plugins/ChaosCloth/Binaries/Win64/UnrealEditor.modules" 957
"../../../Engine/Plugins/ChaosInsights/Binaries/Win64/UnrealEditor.modules" 958
"../../../Engine/Plugins/ChaosVD/Binaries/Win64/UnrealEditor.modules" 959
"../../../Engine/Plugins/CmdLinkServer/Binaries/Win64/UnrealEditor.modules" 960
"../../../Engine/Plugins/EnhancedInput/Binaries/Win64/UnrealEditor.modules" 961
"../../../Engine/Plugins/Editor/DataValidation/Binaries/Win64/UnrealEditor.modules" 962
"../../../Engine/Plugins/Fab/Binaries/Win64/UnrealEditor.modules" 963
"../../../Engine/Plugins/IoStoreInsights/Binaries/Win64/UnrealEditor.modules" 964
"../../../Engine/Plugins/MassInsights/Binaries/Win64/UnrealEditor.modules" 965
"../../../Engine/Plugins/MeshPainting/Binaries/Win64/UnrealEditor.modules" 966
"../../../Engine/Plugins/Interchange/Editor/Binaries/Win64/UnrealEditor.modules" 967
"../../../Engine/Plugins/RenderGraphInsights/Binaries/Win64/UnrealEditor.modules" 968
"../../../Engine/Plugins/TraceUtilities/Binaries/Win64/UnrealEditor.modules" 969
"../../../Engine/Plugins/UbaController/Binaries/Win64/UnrealEditor.modules" 970
"../../../Engine/Plugins/WorldMetrics/Binaries/Win64/UnrealEditor.modules" 971
"../../../Engine/Plugins/XGEController/Binaries/Win64/UnrealEditor.modules" 972
"../../../Engine/Plugins/Experimental/AdvancedRenamer/Binaries/Win64/UnrealEditor.modules" 973
"../../../Engine/Plugins/Experimental/AutomationUtils/Binaries/Win64/UnrealEditor.modules" 974
"../../../Engine/Plugins/Experimental/BackChannel/Binaries/Win64/UnrealEditor.modules" 975
"../../../Engine/Plugins/Experimental/ChaosEditor/Binaries/Win64/UnrealEditor.modules" 976
"../../../Engine/Plugins/Experimental/GeometryCollectionPlugin/Binaries/Win64/UnrealEditor.modules" 977
"../../../Engine/Plugins/Experimental/Fracture/Binaries/Win64/UnrealEditor.modules" 978
"../../../Engine/Plugins/Experimental/ChaosSolverPlugin/Binaries/Win64/UnrealEditor.modules" 979
"../../../Engine/Plugins/Experimental/GeometryDataflow/Binaries/Win64/UnrealEditor.modules" 980
"../../../Engine/Plugins/Experimental/ChaosUserDataPT/Binaries/Win64/UnrealEditor.modules" 981
"../../../Engine/Plugins/Experimental/ChaosNiagara/Binaries/Win64/UnrealEditor.modules" 982
"../../../Engine/Plugins/Experimental/CharacterAI/Binaries/Win64/UnrealEditor.modules" 983
"../../../Engine/Plugins/Experimental/EditorPerformance/Binaries/Win64/UnrealEditor.modules" 984
"../../../Engine/Plugins/Experimental/EditorTelemetry/Binaries/Win64/UnrealEditor.modules" 985
"../../../Engine/Plugins/Experimental/GlobalConfigurationData/Binaries/Win64/UnrealEditor.modules" 986
"../../../Engine/Plugins/Experimental/LevelSequenceNavigatorBridge/Binaries/Win64/UnrealEditor.modules" 987
"../../../Engine/Plugins/Experimental/SequenceNavigator/Binaries/Win64/UnrealEditor.modules" 988
"../../../Engine/Plugins/Experimental/LocalizableMessage/Binaries/Win64/UnrealEditor.modules" 989
"../../../Engine/Plugins/Experimental/NFORDenoise/Binaries/Win64/UnrealEditor.modules" 990
"../../../Engine/Plugins/Experimental/PlatformCrypto/Binaries/Win64/UnrealEditor.modules" 991
"../../../Engine/Plugins/Experimental/RuntimeTelemetry/Binaries/Win64/UnrealEditor.modules" 992
"../../../Engine/Plugins/Experimental/SkeletalReduction/Binaries/Win64/UnrealEditor.modules" 993
"../../../Engine/Plugins/Messaging/TcpMessaging/Binaries/Win64/UnrealEditor.modules" 994
"../../../Engine/Plugins/Messaging/UdpMessaging/Binaries/Win64/UnrealEditor.modules" 995
"../../../Engine/Plugins/Tests/InterchangeTests/Binaries/Win64/UnrealEditor.modules" 996
"../../../Engine/Plugins/Media/AndroidMedia/Binaries/Win64/UnrealEditor.modules" 997
"../../../Engine/Plugins/Media/AvfMedia/Binaries/Win64/UnrealEditor.modules" 998
"../../../Engine/Plugins/Media/MediaCompositing/Binaries/Win64/UnrealEditor.modules" 999
"../../../Engine/Plugins/Media/ImgMedia/Binaries/Win64/UnrealEditor.modules" 1000
"../../../Engine/Plugins/Media/MediaPlayerEditor/Binaries/Win64/UnrealEditor.modules" 1001
"../../../Engine/Plugins/Media/MediaPlate/Binaries/Win64/UnrealEditor.modules" 1002
"../../../Engine/Plugins/Compositing/CompositeCore/Binaries/Win64/UnrealEditor.modules" 1003
"../../../Engine/Plugins/Media/WmfMedia/Binaries/Win64/UnrealEditor.modules" 1004
"../../../Engine/Plugins/MovieScene/SequenceValidator/Binaries/Win64/UnrealEditor.modules" 1005
"../../../Engine/Plugins/MovieScene/ActorSequence/Binaries/Win64/UnrealEditor.modules" 1006
"../../../Engine/Plugins/Online/OnlineBase/Binaries/Win64/UnrealEditor.modules" 1007
"../../../Engine/Plugins/Online/OnlineSubsystem/Binaries/Win64/UnrealEditor.modules" 1008
"../../../Engine/Plugins/Online/OnlineSubsystemNull/Binaries/Win64/UnrealEditor.modules" 1009
"../../../Engine/Plugins/Online/OnlineSubsystemUtils/Binaries/Win64/UnrealEditor.modules" 1010
"../../../Engine/Plugins/Online/OnlineServices/Binaries/Win64/UnrealEditor.modules" 1011
"../../../Engine/Plugins/Runtime/ActorLayerUtilities/Binaries/Win64/UnrealEditor.modules" 1012
"../../../Engine/Plugins/Runtime/AndroidDeviceProfileSelector/Binaries/Win64/UnrealEditor.modules" 1013
"../../../Engine/Plugins/Runtime/AndroidFileServer/Binaries/Win64/UnrealEditor.modules" 1014
"../../../Engine/Plugins/Runtime/AndroidPermission/Binaries/Win64/UnrealEditor.modules" 1015
"../../../Engine/Plugins/Runtime/AssetTags/Binaries/Win64/UnrealEditor.modules" 1016
"../../../Engine/Plugins/Runtime/ArchVisCharacter/Binaries/Win64/UnrealEditor.modules" 1017
"../../../Engine/Plugins/Runtime/AppleImageUtils/Binaries/Win64/UnrealEditor.modules" 1018
"../../../Engine/Plugins/Runtime/CableComponent/Binaries/Win64/UnrealEditor.modules" 1019
"../../../Engine/Plugins/Runtime/ChunkDownloader/Binaries/Win64/UnrealEditor.modules" 1020
"../../../Engine/Plugins/Runtime/CustomMeshComponent/Binaries/Win64/UnrealEditor.modules" 1021
"../../../Engine/Plugins/Runtime/ExampleDeviceProfileSelector/Binaries/Win64/UnrealEditor.modules" 1022
"../../../Engine/Plugins/Runtime/GooglePAD/Binaries/Win64/UnrealEditor.modules" 1023
"../../../Engine/Plugins/Runtime/InputDebugging/Binaries/Win64/UnrealEditor.modules" 1024
"../../../Engine/Plugins/Runtime/LocationServicesBPLibrary/Binaries/Win64/UnrealEditor.modules" 1025
"../../../Engine/Plugins/Runtime/Metasound/Binaries/Win64/UnrealEditor.modules" 1026
"../../../Engine/Plugins/Editor/ContentBrowser/ContentBrowserAssetDataSource/Binaries/Win64/UnrealEditor.modules" 1027
"../../../Engine/Plugins/Runtime/WaveTable/Binaries/Win64/UnrealEditor.modules" 1028
"../../../Engine/Plugins/Runtime/MobilePatchingUtils/Binaries/Win64/UnrealEditor.modules" 1029
"../../../Engine/Plugins/Runtime/MsQuic/Binaries/Win64/UnrealEditor.modules" 1030
"../../../Engine/Plugins/Runtime/ResonanceAudio/Binaries/Win64/UnrealEditor.modules" 1031
"../../../Engine/Plugins/Runtime/SoundFields/Binaries/Win64/UnrealEditor.modules" 1032
"../../../Engine/Plugins/Runtime/Synthesis/Binaries/Win64/UnrealEditor.modules" 1033
"../../../Engine/Plugins/Runtime/WindowsMoviePlayer/Binaries/Win64/UnrealEditor.modules" 1034
"../../../Engine/Plugins/2D/Paper2D/Binaries/Win64/UnrealEditor.modules" 1035
"../../../Engine/Plugins/AI/AISupport/Binaries/Win64/UnrealEditor.modules" 1036
"../../../Engine/Plugins/Runtime/WindowsDeviceProfileSelector/Binaries/Win64/UnrealEditor.modules" 1037
"../../../Engine/Plugins/AI/EnvironmentQueryEditor/Binaries/Win64/UnrealEditor.modules" 1038
"../../../Engine/Plugins/Runtime/WebMMoviePlayer/Binaries/Win64/UnrealEditor.modules" 1039
"../../../Engine/Plugins/Media/WebMMedia/Binaries/Win64/UnrealEditor.modules" 1040
"../../../Engine/Plugins/Animation/ACLPlugin/Binaries/Win64/UnrealEditor.modules" 1041
"../../../Engine/Plugins/Animation/AnimationData/Binaries/Win64/UnrealEditor.modules" 1042
"../../../Engine/Plugins/Animation/AnimationModifierLibrary/Binaries/Win64/UnrealEditor.modules" 1043
"../../../Engine/Plugins/Animation/BlendSpaceMotionAnalysis/Binaries/Win64/UnrealEditor.modules" 1044
"../../../Engine/Plugins/Animation/ControlRigSpline/Binaries/Win64/UnrealEditor.modules" 1045
"../../../Engine/Plugins/Animation/EaseCurveTool/Binaries/Win64/UnrealEditor.modules" 1046
"../../../Engine/Plugins/Animation/IKRig/Binaries/Win64/UnrealEditor.modules" 1047
"../../../Engine/Plugins/Experimental/FullBodyIK/Binaries/Win64/UnrealEditor.modules" 1048
"../../../Engine/Plugins/Cameras/CameraShakePreviewer/Binaries/Win64/UnrealEditor.modules" 1049
"../../../Engine/Plugins/Cameras/GameplayCameras/Binaries/Win64/UnrealEditor.modules" 1050
"../../../Engine/Plugins/Runtime/StateTree/Binaries/Win64/UnrealEditor.modules" 1051
"../../../Engine/Plugins/MovieScene/TemplateSequence/Binaries/Win64/UnrealEditor.modules" 1052
"../../../Engine/Plugins/Animation/GameplayInsights/Binaries/Win64/UnrealEditor.modules" 1053
"../../../Engine/Plugins/Runtime/PropertyBindingUtils/Binaries/Win64/UnrealEditor.modules" 1054
"../../../Engine/Plugins/Cameras/EngineCameras/Binaries/Win64/UnrealEditor.modules" 1055
"../../../Engine/Plugins/Compression/OodleNetwork/Binaries/Win64/UnrealEditor.modules" 1056
"../../../Engine/Plugins/Developer/AnimationSharing/Binaries/Win64/UnrealEditor.modules" 1057
"../../../Engine/Plugins/Runtime/SignificanceManager/Binaries/Win64/UnrealEditor.modules" 1058
"../../../Engine/Plugins/Developer/CLionSourceCodeAccess/Binaries/Win64/UnrealEditor.modules" 1059
"../../../Engine/Plugins/Developer/DumpGPUServices/Binaries/Win64/UnrealEditor.modules" 1060
"../../../Engine/Plugins/Developer/GitSourceControl/Binaries/Win64/UnrealEditor.modules" 1061
"../../../Engine/Plugins/Developer/GPUReshape/Binaries/Win64/UnrealEditor.modules" 1062
"../../../Engine/Plugins/Developer/N10XSourceCodeAccess/Binaries/Win64/UnrealEditor.modules" 1063
"../../../Engine/Plugins/Developer/PerforceSourceControl/Binaries/Win64/UnrealEditor.modules" 1064
"../../../Engine/Plugins/Developer/PlasticSourceControl/Binaries/Win64/UnrealEditor.modules" 1065
"../../../Engine/Plugins/Developer/PixWinPlugin/Binaries/Win64/UnrealEditor.modules" 1066
"../../../Engine/Plugins/Developer/PluginUtils/Binaries/Win64/UnrealEditor.modules" 1067
"../../../Engine/Plugins/Developer/ProjectLauncher/Binaries/Win64/UnrealEditor.modules" 1068
"../../../Engine/Plugins/Developer/PropertyAccessNode/Binaries/Win64/UnrealEditor.modules" 1069
"../../../Engine/Plugins/Developer/RenderDocPlugin/Binaries/Win64/UnrealEditor.modules" 1070
"../../../Engine/Plugins/Developer/RiderSourceCodeAccess/Binaries/Win64/UnrealEditor.modules" 1071
"../../../Engine/Plugins/Developer/SubversionSourceControl/Binaries/Win64/UnrealEditor.modules" 1072
"../../../Engine/Plugins/Developer/TextureFormatOodle/Binaries/Win64/UnrealEditor.modules" 1073
"../../../Engine/Plugins/Developer/VisualStudioCodeSourceCodeAccess/Binaries/Win64/UnrealEditor.modules" 1074
"../../../Engine/Plugins/Developer/UObjectPlugin/Binaries/Win64/UnrealEditor.modules" 1075
"../../../Engine/Plugins/Editor/AssetManagerEditor/Binaries/Win64/UnrealEditor.modules" 1076
"../../../Engine/Plugins/Developer/VisualStudioSourceCodeAccess/Binaries/Win64/UnrealEditor.modules" 1077
"../../../Engine/Plugins/Editor/BlueprintHeaderView/Binaries/Win64/UnrealEditor.modules" 1078
"../../../Engine/Plugins/Editor/ColorGrading/Binaries/Win64/UnrealEditor.modules" 1079
"../../../Engine/Plugins/Editor/ObjectMixer/ObjectMixer/Binaries/Win64/UnrealEditor.modules" 1080
"../../../Engine/Plugins/Editor/CryptoKeys/Binaries/Win64/UnrealEditor.modules" 1081
"../../../Engine/Plugins/Editor/EditorDebugTools/Binaries/Win64/UnrealEditor.modules" 1082
"../../../Engine/Plugins/Editor/FacialAnimation/Binaries/Win64/UnrealEditor.modules" 1083
"../../../Engine/Plugins/Editor/GameplayTagsEditor/Binaries/Win64/UnrealEditor.modules" 1084
"../../../Engine/Plugins/Editor/CurveEditorTools/Binaries/Win64/UnrealEditor.modules" 1085
"../../../Engine/Plugins/Editor/ChangelistReview/Binaries/Win64/UnrealEditor.modules" 1086
"../../../Engine/Plugins/Editor/GeometryMode/Binaries/Win64/UnrealEditor.modules" 1087
"../../../Engine/Plugins/Editor/MobileLauncherProfileWizard/Binaries/Win64/UnrealEditor.modules" 1088
"../../../Engine/Plugins/Editor/PluginBrowser/Binaries/Win64/UnrealEditor.modules" 1089
"../../../Engine/Plugins/Editor/SequencerAnimTools/Binaries/Win64/UnrealEditor.modules" 1090
"../../../Engine/Plugins/Editor/UMGWidgetPreview/Binaries/Win64/UnrealEditor.modules" 1091
"../../../Engine/Plugins/Editor/SpeedTreeImporter/Binaries/Win64/UnrealEditor.modules" 1092
"../../../Engine/Plugins/Editor/WorldPartitionHLODUtilities/Binaries/Win64/UnrealEditor.modules" 1093
"../../../Engine/Plugins/Editor/UVEditor/Binaries/Win64/UnrealEditor.modules" 1094
"../../../Engine/Plugins/Enterprise/DatasmithContent/Binaries/Win64/UnrealEditor.modules" 1095
"../../../Engine/Plugins/Enterprise/GLTFExporter/Binaries/Win64/UnrealEditor.modules" 1096
"../../../Engine/Plugins/FX/Cascade/Binaries/Win64/UnrealEditor.modules" 1097
"../../../Engine/Plugins/Editor/MaterialAnalyzer/Binaries/Win64/UnrealEditor.modules" 1098
"../../../Engine/Plugins/FX/NiagaraPreviewContent/Binaries/Win64/UnrealEditor.modules" 1099
"../../../Engine/Plugins/FX/NiagaraSimCaching/Binaries/Win64/UnrealEditor.modules" 1100
"../../../Engine/Plugins/Importers/AlembicImporter/Binaries/Win64/UnrealEditor.modules" 1101
"../../../Engine/Plugins/NNE/NNEDenoiser/Binaries/Win64/UnrealEditor.modules" 1102
"../../../Engine/Plugins/NNE/NNERuntimeORT/Binaries/Win64/UnrealEditor.modules" 1103
"../../../Engine/Plugins/Portal/LauncherChunkInstaller/Binaries/Win64/UnrealEditor.modules" 1104
"../../../Engine/Plugins/Runtime/Windows/XInputDevice/Binaries/Win64/UnrealEditor.modules" 1105
"../../../Engine/Plugins/Editor/ContentBrowser/ContentBrowserClassDataSource/Binaries/Win64/UnrealEditor.modules" 1106
"../../../Engine/Plugins/Editor/Localization/PortableObjectFileDataSource/Binaries/Win64/UnrealEditor.modules" 1107
"../../../Engine/Plugins/Editor/ObjectMixer/LightMixer/Binaries/Win64/UnrealEditor.modules" 1108
"../../../Engine/Config/BaseSourceControlSettings.ini" 1109
"../../../Engine/Content/Internationalization/icudt64l/coll/ucadata.icu" 1110
"../../../Engine/Content/Internationalization/icudt64l/coll/en_US.res" 1111
"../../../Engine/Content/Internationalization/icudt64l/coll/en.res" 1112
"../../../Engine/Content/Internationalization/icudt64l/coll/root.res" 1113
"../../../Engine/Content/Certificates/ThirdParty/cacert.pem" 1114
"../../../Engine/Config/ConsoleVariables.ini" 1115
"../../../Engine/Binaries/Win64/Android/UnrealEditor.modules" 1116
"../../../Engine/Binaries/Win64/IOS/UnrealEditor.modules" 1117
"../../../Engine/Binaries/Win64/Linux/UnrealEditor.modules" 1118
"../../../Engine/Content/Localization/Editor/en/Editor.locres" 1119
"../../../Engine/Content/Localization/Keywords/en/Keywords.locres" 1120
"../../../Engine/Content/Localization/Category/en/Category.locres" 1121
"../../../Engine/Content/Localization/ToolTips/en/ToolTips.locres" 1122
"../../../Engine/Content/Localization/PropertyNames/en/PropertyNames.locres" 1123
"../../../Engine/Content/Localization/Engine/en/Engine.locres" 1124
"../../../Engine/Plugins/Online/OnlineSubsystem/Content/Localization/OnlineSubsystem/en/OnlineSubsystem.locres" 1125
"../../../Engine/Plugins/Online/OnlineSubsystemUtils/Content/Localization/OnlineSubsystemUtils/en/OnlineSubsystemUtils.locres" 1126
"../../../Engine/Plugins/MetaHuman/MetaHumanSDK/Content/Localization/MetaHumanSDK/en/MetaHumanSDK.locres" 1127
"../../../Engine/Plugins/MetaHuman/MetaHumanSDK/Content/Localization/MetaHumanSDK_Properties/en/MetaHumanSDK_Properties.locres" 1128
"../../../Engine/Plugins/MetaHuman/MetaHumanSDK/Content/Localization/MetaHumanSDK_Tooltips/en/MetaHumanSDK_Tooltips.locres" 1129
"../../../Engine/Plugins/Online/IOS/OnlineSubsystemIOS/Content/Localization/OnlineSubsystemIOS/en/OnlineSubsystemIOS.locres" 1130
"../../../Engine/Plugins/Online/Android/OnlineSubsystemGooglePlay/Content/Localization/OnlineSubsystemGooglePlay/en/OnlineSubsystemGooglePlay.locres" 1131
"../../../Engine/Content/Internationalization/icudt64l/numberingSystems.res" 1132
"../../../Engine/Content/Internationalization/icudt64l/curr/supplementalData.res" 1133
"../../../Engine/Content/Internationalization/icudt64l/curr/en.res" 1134
"../../../Engine/Content/Internationalization/icudt64l/curr/pool.res" 1135
"../../../Engine/Content/Internationalization/icudt64l/curr/root.res" 1136
"../../../Engine/Content/Internationalization/icudt64l/lang/af.res" 1137
"../../../Engine/Content/Internationalization/icudt64l/region/af.res" 1138
"../../../Engine/Content/Internationalization/icudt64l/lang/agq.res" 1139
"../../../Engine/Content/Internationalization/icudt64l/region/agq.res" 1140
"../../../Engine/Content/Internationalization/icudt64l/lang/ak.res" 1141
"../../../Engine/Content/Internationalization/icudt64l/region/ak.res" 1142
"../../../Engine/Content/Internationalization/icudt64l/lang/am.res" 1143
"../../../Engine/Content/Internationalization/icudt64l/region/am.res" 1144
"../../../Engine/Content/Internationalization/icudt64l/lang/ar.res" 1145
"../../../Engine/Content/Internationalization/icudt64l/region/ar.res" 1146
"../../../Engine/Content/Internationalization/icudt64l/region/ar_AE.res" 1147
"../../../Engine/Content/Internationalization/icudt64l/lang/ar_EG.res" 1148
"../../../Engine/Content/Internationalization/icudt64l/lang/ar_LY.res" 1149
"../../../Engine/Content/Internationalization/icudt64l/region/ar_LY.res" 1150
"../../../Engine/Content/Internationalization/icudt64l/lang/ar_SA.res" 1151
"../../../Engine/Content/Internationalization/icudt64l/region/ar_SA.res" 1152
"../../../Engine/Content/Internationalization/icudt64l/lang/as.res" 1153
"../../../Engine/Content/Internationalization/icudt64l/region/as.res" 1154
"../../../Engine/Content/Internationalization/icudt64l/lang/asa.res" 1155
"../../../Engine/Content/Internationalization/icudt64l/region/asa.res" 1156
"../../../Engine/Content/Internationalization/icudt64l/lang/ast.res" 1157
"../../../Engine/Content/Internationalization/icudt64l/region/ast.res" 1158
"../../../Engine/Content/Internationalization/icudt64l/lang/az.res" 1159
"../../../Engine/Content/Internationalization/icudt64l/lang/az_Cyrl.res" 1160
"../../../Engine/Content/Internationalization/icudt64l/lang/az_AZ.res" 1161
"../../../Engine/Content/Internationalization/icudt64l/lang/az_Latn_AZ.res" 1162
"../../../Engine/Content/Internationalization/icudt64l/lang/az_Latn.res" 1163
"../../../Engine/Content/Internationalization/icudt64l/region/az_AZ.res" 1164
"../../../Engine/Content/Internationalization/icudt64l/region/az_Latn_AZ.res" 1165
"../../../Engine/Content/Internationalization/icudt64l/region/az_Latn.res" 1166
"../../../Engine/Content/Internationalization/icudt64l/region/az.res" 1167
"../../../Engine/Content/Internationalization/icudt64l/region/az_Cyrl.res" 1168
"../../../Engine/Content/Internationalization/icudt64l/lang/bas.res" 1169
"../../../Engine/Content/Internationalization/icudt64l/region/bas.res" 1170
"../../../Engine/Content/Internationalization/icudt64l/lang/be.res" 1171
"../../../Engine/Content/Internationalization/icudt64l/region/be.res" 1172
"../../../Engine/Content/Internationalization/icudt64l/lang/bem.res" 1173
"../../../Engine/Content/Internationalization/icudt64l/region/bem.res" 1174
"../../../Engine/Content/Internationalization/icudt64l/lang/bez.res" 1175
"../../../Engine/Content/Internationalization/icudt64l/region/bez.res" 1176
"../../../Engine/Content/Internationalization/icudt64l/lang/bg.res" 1177
"../../../Engine/Content/Internationalization/icudt64l/region/bg.res" 1178
"../../../Engine/Content/Internationalization/icudt64l/lang/bm.res" 1179
"../../../Engine/Content/Internationalization/icudt64l/region/bm.res" 1180
"../../../Engine/Content/Internationalization/icudt64l/lang/bn.res" 1181
"../../../Engine/Content/Internationalization/icudt64l/region/bn.res" 1182
"../../../Engine/Content/Internationalization/icudt64l/lang/bn_IN.res" 1183
"../../../Engine/Content/Internationalization/icudt64l/region/bn_IN.res" 1184
"../../../Engine/Content/Internationalization/icudt64l/lang/bo.res" 1185
"../../../Engine/Content/Internationalization/icudt64l/region/bo.res" 1186
"../../../Engine/Content/Internationalization/icudt64l/region/bo_IN.res" 1187
"../../../Engine/Content/Internationalization/icudt64l/lang/br.res" 1188
"../../../Engine/Content/Internationalization/icudt64l/region/br.res" 1189
"../../../Engine/Content/Internationalization/icudt64l/lang/brx.res" 1190
"../../../Engine/Content/Internationalization/icudt64l/region/brx.res" 1191
"../../../Engine/Content/Internationalization/icudt64l/lang/bs.res" 1192
"../../../Engine/Content/Internationalization/icudt64l/lang/bs_Cyrl.res" 1193
"../../../Engine/Content/Internationalization/icudt64l/lang/bs_BA.res" 1194
"../../../Engine/Content/Internationalization/icudt64l/lang/bs_Latn_BA.res" 1195
"../../../Engine/Content/Internationalization/icudt64l/lang/bs_Latn.res" 1196
"../../../Engine/Content/Internationalization/icudt64l/region/bs_BA.res" 1197
"../../../Engine/Content/Internationalization/icudt64l/region/bs_Latn_BA.res" 1198
"../../../Engine/Content/Internationalization/icudt64l/region/bs_Latn.res" 1199
"../../../Engine/Content/Internationalization/icudt64l/region/bs.res" 1200
"../../../Engine/Content/Internationalization/icudt64l/region/bs_Cyrl.res" 1201
"../../../Engine/Content/Internationalization/icudt64l/lang/ca.res" 1202
"../../../Engine/Content/Internationalization/icudt64l/region/ca.res" 1203
"../../../Engine/Content/Internationalization/icudt64l/lang/ccp.res" 1204
"../../../Engine/Content/Internationalization/icudt64l/region/ccp.res" 1205
"../../../Engine/Content/Internationalization/icudt64l/lang/ce.res" 1206
"../../../Engine/Content/Internationalization/icudt64l/region/ce.res" 1207
"../../../Engine/Content/Internationalization/icudt64l/lang/ceb.res" 1208
"../../../Engine/Content/Internationalization/icudt64l/region/ceb.res" 1209
"../../../Engine/Content/Internationalization/icudt64l/lang/cgg.res" 1210
"../../../Engine/Content/Internationalization/icudt64l/region/cgg.res" 1211
"../../../Engine/Content/Internationalization/icudt64l/lang/chr.res" 1212
"../../../Engine/Content/Internationalization/icudt64l/region/chr.res" 1213
"../../../Engine/Content/Internationalization/icudt64l/lang/ckb.res" 1214
"../../../Engine/Content/Internationalization/icudt64l/region/ckb.res" 1215
"../../../Engine/Content/Internationalization/icudt64l/lang/cs.res" 1216
"../../../Engine/Content/Internationalization/icudt64l/region/cs.res" 1217
"../../../Engine/Content/Internationalization/icudt64l/lang/cy.res" 1218
"../../../Engine/Content/Internationalization/icudt64l/region/cy.res" 1219
"../../../Engine/Content/Internationalization/icudt64l/lang/da.res" 1220
"../../../Engine/Content/Internationalization/icudt64l/region/da.res" 1221
"../../../Engine/Content/Internationalization/icudt64l/lang/dav.res" 1222
"../../../Engine/Content/Internationalization/icudt64l/region/dav.res" 1223
"../../../Engine/Content/Internationalization/icudt64l/lang/de.res" 1224
"../../../Engine/Content/Internationalization/icudt64l/lang/de_AT.res" 1225
"../../../Engine/Content/Internationalization/icudt64l/region/de_AT.res" 1226
"../../../Engine/Content/Internationalization/icudt64l/region/de.res" 1227
"../../../Engine/Content/Internationalization/icudt64l/lang/de_CH.res" 1228
"../../../Engine/Content/Internationalization/icudt64l/region/de_CH.res" 1229
"../../../Engine/Content/Internationalization/icudt64l/lang/de_LU.res" 1230
"../../../Engine/Content/Internationalization/icudt64l/lang/dje.res" 1231
"../../../Engine/Content/Internationalization/icudt64l/region/dje.res" 1232
"../../../Engine/Content/Internationalization/icudt64l/lang/dsb.res" 1233
"../../../Engine/Content/Internationalization/icudt64l/region/dsb.res" 1234
"../../../Engine/Content/Internationalization/icudt64l/lang/dua.res" 1235
"../../../Engine/Content/Internationalization/icudt64l/region/dua.res" 1236
"../../../Engine/Content/Internationalization/icudt64l/lang/dyo.res" 1237
"../../../Engine/Content/Internationalization/icudt64l/region/dyo.res" 1238
"../../../Engine/Content/Internationalization/icudt64l/lang/dz.res" 1239
"../../../Engine/Content/Internationalization/icudt64l/region/dz.res" 1240
"../../../Engine/Content/Internationalization/icudt64l/lang/ebu.res" 1241
"../../../Engine/Content/Internationalization/icudt64l/region/ebu.res" 1242
"../../../Engine/Content/Internationalization/icudt64l/lang/ee.res" 1243
"../../../Engine/Content/Internationalization/icudt64l/region/ee.res" 1244
"../../../Engine/Content/Internationalization/icudt64l/lang/el.res" 1245
"../../../Engine/Content/Internationalization/icudt64l/region/el.res" 1246
"../../../Engine/Content/Internationalization/icudt64l/lang/en_001.res" 1247
"../../../Engine/Content/Internationalization/icudt64l/lang/en_150.res" 1248
"../../../Engine/Content/Internationalization/icudt64l/region/en_150.res" 1249
"../../../Engine/Content/Internationalization/icudt64l/lang/en_AG.res" 1250
"../../../Engine/Content/Internationalization/icudt64l/region/en_AG.res" 1251
"../../../Engine/Content/Internationalization/icudt64l/lang/en_AI.res" 1252
"../../../Engine/Content/Internationalization/icudt64l/region/en_AI.res" 1253
"../../../Engine/Content/Internationalization/icudt64l/lang/en_AT.res" 1254
"../../../Engine/Content/Internationalization/icudt64l/region/en_AT.res" 1255
"../../../Engine/Content/Internationalization/icudt64l/lang/en_AU.res" 1256
"../../../Engine/Content/Internationalization/icudt64l/region/en_AU.res" 1257
"../../../Engine/Content/Internationalization/icudt64l/lang/en_BB.res" 1258
"../../../Engine/Content/Internationalization/icudt64l/region/en_BB.res" 1259
"../../../Engine/Content/Internationalization/icudt64l/lang/en_BE.res" 1260
"../../../Engine/Content/Internationalization/icudt64l/region/en_BE.res" 1261
"../../../Engine/Content/Internationalization/icudt64l/lang/en_BM.res" 1262
"../../../Engine/Content/Internationalization/icudt64l/region/en_BM.res" 1263
"../../../Engine/Content/Internationalization/icudt64l/lang/en_BS.res" 1264
"../../../Engine/Content/Internationalization/icudt64l/region/en_BS.res" 1265
"../../../Engine/Content/Internationalization/icudt64l/lang/en_BW.res" 1266
"../../../Engine/Content/Internationalization/icudt64l/region/en_BW.res" 1267
"../../../Engine/Content/Internationalization/icudt64l/lang/en_BZ.res" 1268
"../../../Engine/Content/Internationalization/icudt64l/region/en_BZ.res" 1269
"../../../Engine/Content/Internationalization/icudt64l/lang/en_CA.res" 1270
"../../../Engine/Content/Internationalization/icudt64l/region/en_CA.res" 1271
"../../../Engine/Content/Internationalization/icudt64l/lang/en_CC.res" 1272
"../../../Engine/Content/Internationalization/icudt64l/region/en_CC.res" 1273
"../../../Engine/Content/Internationalization/icudt64l/lang/en_CH.res" 1274
"../../../Engine/Content/Internationalization/icudt64l/region/en_CH.res" 1275
"../../../Engine/Content/Internationalization/icudt64l/lang/en_CK.res" 1276
"../../../Engine/Content/Internationalization/icudt64l/region/en_CK.res" 1277
"../../../Engine/Content/Internationalization/icudt64l/lang/en_CM.res" 1278
"../../../Engine/Content/Internationalization/icudt64l/region/en_CM.res" 1279
"../../../Engine/Content/Internationalization/icudt64l/lang/en_CX.res" 1280
"../../../Engine/Content/Internationalization/icudt64l/region/en_CX.res" 1281
"../../../Engine/Content/Internationalization/icudt64l/lang/en_CY.res" 1282
"../../../Engine/Content/Internationalization/icudt64l/region/en_CY.res" 1283
"../../../Engine/Content/Internationalization/icudt64l/lang/en_DE.res" 1284
"../../../Engine/Content/Internationalization/icudt64l/region/en_DE.res" 1285
"../../../Engine/Content/Internationalization/icudt64l/lang/en_DG.res" 1286
"../../../Engine/Content/Internationalization/icudt64l/region/en_DG.res" 1287
"../../../Engine/Content/Internationalization/icudt64l/lang/en_DK.res" 1288
"../../../Engine/Content/Internationalization/icudt64l/region/en_DK.res" 1289
"../../../Engine/Content/Internationalization/icudt64l/lang/en_DM.res" 1290
"../../../Engine/Content/Internationalization/icudt64l/region/en_DM.res" 1291
"../../../Engine/Content/Internationalization/icudt64l/lang/en_ER.res" 1292
"../../../Engine/Content/Internationalization/icudt64l/region/en_ER.res" 1293
"../../../Engine/Content/Internationalization/icudt64l/lang/en_FI.res" 1294
"../../../Engine/Content/Internationalization/icudt64l/region/en_FI.res" 1295
"../../../Engine/Content/Internationalization/icudt64l/lang/en_FJ.res" 1296
"../../../Engine/Content/Internationalization/icudt64l/region/en_FJ.res" 1297
"../../../Engine/Content/Internationalization/icudt64l/lang/en_FK.res" 1298
"../../../Engine/Content/Internationalization/icudt64l/region/en_FK.res" 1299
"../../../Engine/Content/Internationalization/icudt64l/lang/en_FM.res" 1300
"../../../Engine/Content/Internationalization/icudt64l/region/en_FM.res" 1301
"../../../Engine/Content/Internationalization/icudt64l/lang/en_GB.res" 1302
"../../../Engine/Content/Internationalization/icudt64l/region/en_GB.res" 1303
"../../../Engine/Content/Internationalization/icudt64l/lang/en_GD.res" 1304
"../../../Engine/Content/Internationalization/icudt64l/region/en_GD.res" 1305
"../../../Engine/Content/Internationalization/icudt64l/lang/en_GG.res" 1306
"../../../Engine/Content/Internationalization/icudt64l/region/en_GG.res" 1307
"../../../Engine/Content/Internationalization/icudt64l/lang/en_GH.res" 1308
"../../../Engine/Content/Internationalization/icudt64l/region/en_GH.res" 1309
"../../../Engine/Content/Internationalization/icudt64l/lang/en_GI.res" 1310
"../../../Engine/Content/Internationalization/icudt64l/region/en_GI.res" 1311
"../../../Engine/Content/Internationalization/icudt64l/lang/en_GM.res" 1312
"../../../Engine/Content/Internationalization/icudt64l/region/en_GM.res" 1313
"../../../Engine/Content/Internationalization/icudt64l/lang/en_GY.res" 1314
"../../../Engine/Content/Internationalization/icudt64l/region/en_GY.res" 1315
"../../../Engine/Content/Internationalization/icudt64l/lang/en_HK.res" 1316
"../../../Engine/Content/Internationalization/icudt64l/region/en_HK.res" 1317
"../../../Engine/Content/Internationalization/icudt64l/lang/en_IE.res" 1318
"../../../Engine/Content/Internationalization/icudt64l/region/en_IE.res" 1319
"../../../Engine/Content/Internationalization/icudt64l/lang/en_IL.res" 1320
"../../../Engine/Content/Internationalization/icudt64l/region/en_IL.res" 1321
"../../../Engine/Content/Internationalization/icudt64l/lang/en_IM.res" 1322
"../../../Engine/Content/Internationalization/icudt64l/region/en_IM.res" 1323
"../../../Engine/Content/Internationalization/icudt64l/lang/en_IN.res" 1324
"../../../Engine/Content/Internationalization/icudt64l/region/en_IN.res" 1325
"../../../Engine/Content/Internationalization/icudt64l/lang/en_IO.res" 1326
"../../../Engine/Content/Internationalization/icudt64l/region/en_IO.res" 1327
"../../../Engine/Content/Internationalization/icudt64l/lang/en_JE.res" 1328
"../../../Engine/Content/Internationalization/icudt64l/region/en_JE.res" 1329
"../../../Engine/Content/Internationalization/icudt64l/lang/en_JM.res" 1330
"../../../Engine/Content/Internationalization/icudt64l/region/en_JM.res" 1331
"../../../Engine/Content/Internationalization/icudt64l/lang/en_KE.res" 1332
"../../../Engine/Content/Internationalization/icudt64l/region/en_KE.res" 1333
"../../../Engine/Content/Internationalization/icudt64l/lang/en_KI.res" 1334
"../../../Engine/Content/Internationalization/icudt64l/region/en_KI.res" 1335
"../../../Engine/Content/Internationalization/icudt64l/lang/en_KN.res" 1336
"../../../Engine/Content/Internationalization/icudt64l/region/en_KN.res" 1337
"../../../Engine/Content/Internationalization/icudt64l/lang/en_KY.res" 1338
"../../../Engine/Content/Internationalization/icudt64l/region/en_KY.res" 1339
"../../../Engine/Content/Internationalization/icudt64l/lang/en_LC.res" 1340
"../../../Engine/Content/Internationalization/icudt64l/region/en_LC.res" 1341
"../../../Engine/Content/Internationalization/icudt64l/lang/en_LR.res" 1342
"../../../Engine/Content/Internationalization/icudt64l/region/en_LR.res" 1343
"../../../Engine/Content/Internationalization/icudt64l/lang/en_LS.res" 1344
"../../../Engine/Content/Internationalization/icudt64l/region/en_LS.res" 1345
"../../../Engine/Content/Internationalization/icudt64l/lang/en_MG.res" 1346
"../../../Engine/Content/Internationalization/icudt64l/region/en_MG.res" 1347
"../../../Engine/Content/Internationalization/icudt64l/lang/en_MO.res" 1348
"../../../Engine/Content/Internationalization/icudt64l/region/en_MO.res" 1349
"../../../Engine/Content/Internationalization/icudt64l/lang/en_MS.res" 1350
"../../../Engine/Content/Internationalization/icudt64l/region/en_MS.res" 1351
"../../../Engine/Content/Internationalization/icudt64l/lang/en_MT.res" 1352
"../../../Engine/Content/Internationalization/icudt64l/region/en_MT.res" 1353
"../../../Engine/Content/Internationalization/icudt64l/lang/en_MU.res" 1354
"../../../Engine/Content/Internationalization/icudt64l/region/en_MU.res" 1355
"../../../Engine/Content/Internationalization/icudt64l/lang/en_MW.res" 1356
"../../../Engine/Content/Internationalization/icudt64l/region/en_MW.res" 1357
"../../../Engine/Content/Internationalization/icudt64l/lang/en_MY.res" 1358
"../../../Engine/Content/Internationalization/icudt64l/region/en_MY.res" 1359
"../../../Engine/Content/Internationalization/icudt64l/lang/en_NA.res" 1360
"../../../Engine/Content/Internationalization/icudt64l/region/en_NA.res" 1361
"../../../Engine/Content/Internationalization/icudt64l/lang/en_NF.res" 1362
"../../../Engine/Content/Internationalization/icudt64l/region/en_NF.res" 1363
"../../../Engine/Content/Internationalization/icudt64l/lang/en_NG.res" 1364
"../../../Engine/Content/Internationalization/icudt64l/region/en_NG.res" 1365
"../../../Engine/Content/Internationalization/icudt64l/lang/en_NL.res" 1366
"../../../Engine/Content/Internationalization/icudt64l/region/en_NL.res" 1367
"../../../Engine/Content/Internationalization/icudt64l/lang/en_NR.res" 1368
"../../../Engine/Content/Internationalization/icudt64l/region/en_NR.res" 1369
"../../../Engine/Content/Internationalization/icudt64l/lang/en_NU.res" 1370
"../../../Engine/Content/Internationalization/icudt64l/region/en_NU.res" 1371
"../../../Engine/Content/Internationalization/icudt64l/lang/en_NZ.res" 1372
"../../../Engine/Content/Internationalization/icudt64l/region/en_NZ.res" 1373
"../../../Engine/Content/Internationalization/icudt64l/lang/en_PG.res" 1374
"../../../Engine/Content/Internationalization/icudt64l/region/en_PG.res" 1375
"../../../Engine/Content/Internationalization/icudt64l/lang/en_PH.res" 1376
"../../../Engine/Content/Internationalization/icudt64l/region/en_PH.res" 1377
"../../../Engine/Content/Internationalization/icudt64l/lang/en_PK.res" 1378
"../../../Engine/Content/Internationalization/icudt64l/region/en_PK.res" 1379
"../../../Engine/Content/Internationalization/icudt64l/lang/en_PN.res" 1380
"../../../Engine/Content/Internationalization/icudt64l/region/en_PN.res" 1381
"../../../Engine/Content/Internationalization/icudt64l/lang/en_PW.res" 1382
"../../../Engine/Content/Internationalization/icudt64l/region/en_PW.res" 1383
"../../../Engine/Content/Internationalization/icudt64l/lang/en_RW.res" 1384
"../../../Engine/Content/Internationalization/icudt64l/region/en_RW.res" 1385
"../../../Engine/Content/Internationalization/icudt64l/lang/en_SB.res" 1386
"../../../Engine/Content/Internationalization/icudt64l/region/en_SB.res" 1387
"../../../Engine/Content/Internationalization/icudt64l/lang/en_SC.res" 1388
"../../../Engine/Content/Internationalization/icudt64l/region/en_SC.res" 1389
"../../../Engine/Content/Internationalization/icudt64l/lang/en_SD.res" 1390
"../../../Engine/Content/Internationalization/icudt64l/region/en_SD.res" 1391
"../../../Engine/Content/Internationalization/icudt64l/lang/en_SE.res" 1392
"../../../Engine/Content/Internationalization/icudt64l/region/en_SE.res" 1393
"../../../Engine/Content/Internationalization/icudt64l/lang/en_SG.res" 1394
"../../../Engine/Content/Internationalization/icudt64l/region/en_SG.res" 1395
"../../../Engine/Content/Internationalization/icudt64l/lang/en_SH.res" 1396
"../../../Engine/Content/Internationalization/icudt64l/region/en_SH.res" 1397
"../../../Engine/Content/Internationalization/icudt64l/lang/en_SI.res" 1398
"../../../Engine/Content/Internationalization/icudt64l/region/en_SI.res" 1399
"../../../Engine/Content/Internationalization/icudt64l/lang/en_SL.res" 1400
"../../../Engine/Content/Internationalization/icudt64l/region/en_SL.res" 1401
"../../../Engine/Content/Internationalization/icudt64l/lang/en_SS.res" 1402
"../../../Engine/Content/Internationalization/icudt64l/region/en_SS.res" 1403
"../../../Engine/Content/Internationalization/icudt64l/lang/en_SX.res" 1404
"../../../Engine/Content/Internationalization/icudt64l/region/en_SX.res" 1405
"../../../Engine/Content/Internationalization/icudt64l/lang/en_SZ.res" 1406
"../../../Engine/Content/Internationalization/icudt64l/region/en_SZ.res" 1407
"../../../Engine/Content/Internationalization/icudt64l/lang/en_TC.res" 1408
"../../../Engine/Content/Internationalization/icudt64l/region/en_TC.res" 1409
"../../../Engine/Content/Internationalization/icudt64l/lang/en_TK.res" 1410
"../../../Engine/Content/Internationalization/icudt64l/region/en_TK.res" 1411
"../../../Engine/Content/Internationalization/icudt64l/lang/en_TO.res" 1412
"../../../Engine/Content/Internationalization/icudt64l/region/en_TO.res" 1413
"../../../Engine/Content/Internationalization/icudt64l/lang/en_TT.res" 1414
"../../../Engine/Content/Internationalization/icudt64l/region/en_TT.res" 1415
"../../../Engine/Content/Internationalization/icudt64l/lang/en_TV.res" 1416
"../../../Engine/Content/Internationalization/icudt64l/region/en_TV.res" 1417
"../../../Engine/Content/Internationalization/icudt64l/lang/en_TZ.res" 1418
"../../../Engine/Content/Internationalization/icudt64l/region/en_TZ.res" 1419
"../../../Engine/Content/Internationalization/icudt64l/lang/en_UG.res" 1420
"../../../Engine/Content/Internationalization/icudt64l/region/en_UG.res" 1421
"../../../Engine/Content/Internationalization/icudt64l/lang/en_VC.res" 1422
"../../../Engine/Content/Internationalization/icudt64l/region/en_VC.res" 1423
"../../../Engine/Content/Internationalization/icudt64l/lang/en_VG.res" 1424
"../../../Engine/Content/Internationalization/icudt64l/region/en_VG.res" 1425
"../../../Engine/Content/Internationalization/icudt64l/lang/en_VU.res" 1426
"../../../Engine/Content/Internationalization/icudt64l/region/en_VU.res" 1427
"../../../Engine/Content/Internationalization/icudt64l/lang/en_WS.res" 1428
"../../../Engine/Content/Internationalization/icudt64l/region/en_WS.res" 1429
"../../../Engine/Content/Internationalization/icudt64l/lang/en_ZA.res" 1430
"../../../Engine/Content/Internationalization/icudt64l/region/en_ZA.res" 1431
"../../../Engine/Content/Internationalization/icudt64l/lang/en_ZM.res" 1432
"../../../Engine/Content/Internationalization/icudt64l/region/en_ZM.res" 1433
"../../../Engine/Content/Internationalization/icudt64l/lang/en_ZW.res" 1434
"../../../Engine/Content/Internationalization/icudt64l/region/en_ZW.res" 1435
"../../../Engine/Content/Internationalization/icudt64l/lang/eo.res" 1436
"../../../Engine/Content/Internationalization/icudt64l/region/eo.res" 1437
"../../../Engine/Content/Internationalization/icudt64l/lang/es.res" 1438
"../../../Engine/Content/Internationalization/icudt64l/lang/es_419.res" 1439
"../../../Engine/Content/Internationalization/icudt64l/region/es_419.res" 1440
"../../../Engine/Content/Internationalization/icudt64l/region/es.res" 1441
"../../../Engine/Content/Internationalization/icudt64l/lang/es_AR.res" 1442
"../../../Engine/Content/Internationalization/icudt64l/region/es_AR.res" 1443
"../../../Engine/Content/Internationalization/icudt64l/lang/es_BO.res" 1444
"../../../Engine/Content/Internationalization/icudt64l/region/es_BO.res" 1445
"../../../Engine/Content/Internationalization/icudt64l/lang/es_BR.res" 1446
"../../../Engine/Content/Internationalization/icudt64l/region/es_BR.res" 1447
"../../../Engine/Content/Internationalization/icudt64l/lang/es_BZ.res" 1448
"../../../Engine/Content/Internationalization/icudt64l/region/es_BZ.res" 1449
"../../../Engine/Content/Internationalization/icudt64l/lang/es_CL.res" 1450
"../../../Engine/Content/Internationalization/icudt64l/region/es_CL.res" 1451
"../../../Engine/Content/Internationalization/icudt64l/lang/es_CO.res" 1452
"../../../Engine/Content/Internationalization/icudt64l/region/es_CO.res" 1453
"../../../Engine/Content/Internationalization/icudt64l/lang/es_CR.res" 1454
"../../../Engine/Content/Internationalization/icudt64l/region/es_CR.res" 1455
"../../../Engine/Content/Internationalization/icudt64l/lang/es_CU.res" 1456
"../../../Engine/Content/Internationalization/icudt64l/region/es_CU.res" 1457
"../../../Engine/Content/Internationalization/icudt64l/lang/es_DO.res" 1458
"../../../Engine/Content/Internationalization/icudt64l/region/es_DO.res" 1459
"../../../Engine/Content/Internationalization/icudt64l/lang/es_EC.res" 1460
"../../../Engine/Content/Internationalization/icudt64l/region/es_EC.res" 1461
"../../../Engine/Content/Internationalization/icudt64l/lang/es_GT.res" 1462
"../../../Engine/Content/Internationalization/icudt64l/region/es_GT.res" 1463
"../../../Engine/Content/Internationalization/icudt64l/lang/es_HN.res" 1464
"../../../Engine/Content/Internationalization/icudt64l/region/es_HN.res" 1465
"../../../Engine/Content/Internationalization/icudt64l/lang/es_MX.res" 1466
"../../../Engine/Content/Internationalization/icudt64l/region/es_MX.res" 1467
"../../../Engine/Content/Internationalization/icudt64l/lang/es_NI.res" 1468
"../../../Engine/Content/Internationalization/icudt64l/region/es_NI.res" 1469
"../../../Engine/Content/Internationalization/icudt64l/lang/es_PA.res" 1470
"../../../Engine/Content/Internationalization/icudt64l/region/es_PA.res" 1471
"../../../Engine/Content/Internationalization/icudt64l/lang/es_PE.res" 1472
"../../../Engine/Content/Internationalization/icudt64l/region/es_PE.res" 1473
"../../../Engine/Content/Internationalization/icudt64l/lang/es_PR.res" 1474
"../../../Engine/Content/Internationalization/icudt64l/region/es_PR.res" 1475
"../../../Engine/Content/Internationalization/icudt64l/lang/es_PY.res" 1476
"../../../Engine/Content/Internationalization/icudt64l/region/es_PY.res" 1477
"../../../Engine/Content/Internationalization/icudt64l/lang/es_SV.res" 1478
"../../../Engine/Content/Internationalization/icudt64l/region/es_SV.res" 1479
"../../../Engine/Content/Internationalization/icudt64l/lang/es_US.res" 1480
"../../../Engine/Content/Internationalization/icudt64l/region/es_US.res" 1481
"../../../Engine/Content/Internationalization/icudt64l/lang/es_UY.res" 1482
"../../../Engine/Content/Internationalization/icudt64l/region/es_UY.res" 1483
"../../../Engine/Content/Internationalization/icudt64l/lang/es_VE.res" 1484
"../../../Engine/Content/Internationalization/icudt64l/region/es_VE.res" 1485
"../../../Engine/Content/Internationalization/icudt64l/lang/et.res" 1486
"../../../Engine/Content/Internationalization/icudt64l/region/et.res" 1487
"../../../Engine/Content/Internationalization/icudt64l/lang/eu.res" 1488
"../../../Engine/Content/Internationalization/icudt64l/region/eu.res" 1489
"../../../Engine/Content/Internationalization/icudt64l/lang/ewo.res" 1490
"../../../Engine/Content/Internationalization/icudt64l/region/ewo.res" 1491
"../../../Engine/Content/Internationalization/icudt64l/lang/fa.res" 1492
"../../../Engine/Content/Internationalization/icudt64l/lang/fa_AF.res" 1493
"../../../Engine/Content/Internationalization/icudt64l/region/fa_AF.res" 1494
"../../../Engine/Content/Internationalization/icudt64l/region/fa.res" 1495
"../../../Engine/Content/Internationalization/icudt64l/lang/ff.res" 1496
"../../../Engine/Content/Internationalization/icudt64l/lang/ff_Latn.res" 1497
"../../../Engine/Content/Internationalization/icudt64l/region/ff.res" 1498
"../../../Engine/Content/Internationalization/icudt64l/region/ff_Latn.res" 1499
"../../../Engine/Content/Internationalization/icudt64l/lang/ff_CM.res" 1500
"../../../Engine/Content/Internationalization/icudt64l/lang/ff_Latn_CM.res" 1501
"../../../Engine/Content/Internationalization/icudt64l/region/ff_CM.res" 1502
"../../../Engine/Content/Internationalization/icudt64l/region/ff_Latn_CM.res" 1503
"../../../Engine/Content/Internationalization/icudt64l/lang/ff_GN.res" 1504
"../../../Engine/Content/Internationalization/icudt64l/lang/ff_Latn_GN.res" 1505
"../../../Engine/Content/Internationalization/icudt64l/region/ff_GN.res" 1506
"../../../Engine/Content/Internationalization/icudt64l/region/ff_Latn_GN.res" 1507
"../../../Engine/Content/Internationalization/icudt64l/lang/ff_MR.res" 1508
"../../../Engine/Content/Internationalization/icudt64l/lang/ff_Latn_MR.res" 1509
"../../../Engine/Content/Internationalization/icudt64l/region/ff_MR.res" 1510
"../../../Engine/Content/Internationalization/icudt64l/region/ff_Latn_MR.res" 1511
"../../../Engine/Content/Internationalization/icudt64l/lang/ff_SN.res" 1512
"../../../Engine/Content/Internationalization/icudt64l/lang/ff_Latn_SN.res" 1513
"../../../Engine/Content/Internationalization/icudt64l/region/ff_SN.res" 1514
"../../../Engine/Content/Internationalization/icudt64l/region/ff_Latn_SN.res" 1515
"../../../Engine/Content/Internationalization/icudt64l/lang/fi.res" 1516
"../../../Engine/Content/Internationalization/icudt64l/region/fi.res" 1517
"../../../Engine/Content/Internationalization/icudt64l/lang/fil.res" 1518
"../../../Engine/Content/Internationalization/icudt64l/lang/fil_PH.res" 1519
"../../../Engine/Content/Internationalization/icudt64l/region/fil_PH.res" 1520
"../../../Engine/Content/Internationalization/icudt64l/region/fil.res" 1521
"../../../Engine/Content/Internationalization/icudt64l/lang/fo.res" 1522
"../../../Engine/Content/Internationalization/icudt64l/region/fo.res" 1523
"../../../Engine/Content/Internationalization/icudt64l/lang/fr.res" 1524
"../../../Engine/Content/Internationalization/icudt64l/lang/fr_BE.res" 1525
"../../../Engine/Content/Internationalization/icudt64l/region/fr_BE.res" 1526
"../../../Engine/Content/Internationalization/icudt64l/region/fr.res" 1527
"../../../Engine/Content/Internationalization/icudt64l/lang/fr_CA.res" 1528
"../../../Engine/Content/Internationalization/icudt64l/region/fr_CA.res" 1529
"../../../Engine/Content/Internationalization/icudt64l/lang/fr_CH.res" 1530
"../../../Engine/Content/Internationalization/icudt64l/lang/fur.res" 1531
"../../../Engine/Content/Internationalization/icudt64l/region/fur.res" 1532
"../../../Engine/Content/Internationalization/icudt64l/lang/fy.res" 1533
"../../../Engine/Content/Internationalization/icudt64l/region/fy.res" 1534
"../../../Engine/Content/Internationalization/icudt64l/lang/ga.res" 1535
"../../../Engine/Content/Internationalization/icudt64l/region/ga.res" 1536
"../../../Engine/Content/Internationalization/icudt64l/lang/gd.res" 1537
"../../../Engine/Content/Internationalization/icudt64l/region/gd.res" 1538
"../../../Engine/Content/Internationalization/icudt64l/lang/gl.res" 1539
"../../../Engine/Content/Internationalization/icudt64l/region/gl.res" 1540
"../../../Engine/Content/Internationalization/icudt64l/lang/gsw.res" 1541
"../../../Engine/Content/Internationalization/icudt64l/region/gsw.res" 1542
"../../../Engine/Content/Internationalization/icudt64l/lang/gu.res" 1543
"../../../Engine/Content/Internationalization/icudt64l/region/gu.res" 1544
"../../../Engine/Content/Internationalization/icudt64l/lang/guz.res" 1545
"../../../Engine/Content/Internationalization/icudt64l/region/guz.res" 1546
"../../../Engine/Content/Internationalization/icudt64l/lang/gv.res" 1547
"../../../Engine/Content/Internationalization/icudt64l/region/gv.res" 1548
"../../../Engine/Content/Internationalization/icudt64l/lang/ha.res" 1549
"../../../Engine/Content/Internationalization/icudt64l/region/ha.res" 1550
"../../../Engine/Content/Internationalization/icudt64l/lang/ha_NE.res" 1551
"../../../Engine/Content/Internationalization/icudt64l/region/ha_NE.res" 1552
"../../../Engine/Content/Internationalization/icudt64l/lang/haw.res" 1553
"../../../Engine/Content/Internationalization/icudt64l/region/haw.res" 1554
"../../../Engine/Content/Internationalization/icudt64l/lang/he.res" 1555
"../../../Engine/Content/Internationalization/icudt64l/lang/he_IL.res" 1556
"../../../Engine/Content/Internationalization/icudt64l/region/he_IL.res" 1557
"../../../Engine/Content/Internationalization/icudt64l/region/he.res" 1558
"../../../Engine/Content/Internationalization/icudt64l/lang/hi.res" 1559
"../../../Engine/Content/Internationalization/icudt64l/region/hi.res" 1560
"../../../Engine/Content/Internationalization/icudt64l/lang/hr.res" 1561
"../../../Engine/Content/Internationalization/icudt64l/region/hr.res" 1562
"../../../Engine/Content/Internationalization/icudt64l/lang/hsb.res" 1563
"../../../Engine/Content/Internationalization/icudt64l/region/hsb.res" 1564
"../../../Engine/Content/Internationalization/icudt64l/lang/hu.res" 1565
"../../../Engine/Content/Internationalization/icudt64l/region/hu.res" 1566
"../../../Engine/Content/Internationalization/icudt64l/lang/hy.res" 1567
"../../../Engine/Content/Internationalization/icudt64l/region/hy.res" 1568
"../../../Engine/Content/Internationalization/icudt64l/lang/ia.res" 1569
"../../../Engine/Content/Internationalization/icudt64l/region/ia.res" 1570
"../../../Engine/Content/Internationalization/icudt64l/lang/id.res" 1571
"../../../Engine/Content/Internationalization/icudt64l/lang/id_ID.res" 1572
"../../../Engine/Content/Internationalization/icudt64l/region/id_ID.res" 1573
"../../../Engine/Content/Internationalization/icudt64l/region/id.res" 1574
"../../../Engine/Content/Internationalization/icudt64l/lang/ig.res" 1575
"../../../Engine/Content/Internationalization/icudt64l/region/ig.res" 1576
"../../../Engine/Content/Internationalization/icudt64l/lang/ii.res" 1577
"../../../Engine/Content/Internationalization/icudt64l/region/ii.res" 1578
"../../../Engine/Content/Internationalization/icudt64l/lang/is.res" 1579
"../../../Engine/Content/Internationalization/icudt64l/region/is.res" 1580
"../../../Engine/Content/Internationalization/icudt64l/lang/it.res" 1581
"../../../Engine/Content/Internationalization/icudt64l/region/it.res" 1582
"../../../Engine/Content/Internationalization/icudt64l/lang/ja.res" 1583
"../../../Engine/Content/Internationalization/icudt64l/lang/ja_JP.res" 1584
"../../../Engine/Content/Internationalization/icudt64l/region/ja_JP.res" 1585
"../../../Engine/Content/Internationalization/icudt64l/region/ja.res" 1586
"../../../Engine/Content/Internationalization/icudt64l/lang/jgo.res" 1587
"../../../Engine/Content/Internationalization/icudt64l/region/jgo.res" 1588
"../../../Engine/Content/Internationalization/icudt64l/lang/jmc.res" 1589
"../../../Engine/Content/Internationalization/icudt64l/region/jmc.res" 1590
"../../../Engine/Content/Internationalization/icudt64l/lang/jv.res" 1591
"../../../Engine/Content/Internationalization/icudt64l/region/jv.res" 1592
"../../../Engine/Content/Internationalization/icudt64l/lang/ka.res" 1593
"../../../Engine/Content/Internationalization/icudt64l/region/ka.res" 1594
"../../../Engine/Content/Internationalization/icudt64l/lang/kab.res" 1595
"../../../Engine/Content/Internationalization/icudt64l/region/kab.res" 1596
"../../../Engine/Content/Internationalization/icudt64l/lang/kam.res" 1597
"../../../Engine/Content/Internationalization/icudt64l/region/kam.res" 1598
"../../../Engine/Content/Internationalization/icudt64l/lang/kde.res" 1599
"../../../Engine/Content/Internationalization/icudt64l/region/kde.res" 1600
"../../../Engine/Content/Internationalization/icudt64l/lang/kea.res" 1601
"../../../Engine/Content/Internationalization/icudt64l/region/kea.res" 1602
"../../../Engine/Content/Internationalization/icudt64l/lang/khq.res" 1603
"../../../Engine/Content/Internationalization/icudt64l/region/khq.res" 1604
"../../../Engine/Content/Internationalization/icudt64l/lang/ki.res" 1605
"../../../Engine/Content/Internationalization/icudt64l/region/ki.res" 1606
"../../../Engine/Content/Internationalization/icudt64l/lang/kk.res" 1607
"../../../Engine/Content/Internationalization/icudt64l/region/kk.res" 1608
"../../../Engine/Content/Internationalization/icudt64l/lang/kkj.res" 1609
"../../../Engine/Content/Internationalization/icudt64l/region/kkj.res" 1610
"../../../Engine/Content/Internationalization/icudt64l/lang/kl.res" 1611
"../../../Engine/Content/Internationalization/icudt64l/region/kl.res" 1612
"../../../Engine/Content/Internationalization/icudt64l/lang/kln.res" 1613
"../../../Engine/Content/Internationalization/icudt64l/region/kln.res" 1614
"../../../Engine/Content/Internationalization/icudt64l/lang/km.res" 1615
"../../../Engine/Content/Internationalization/icudt64l/region/km.res" 1616
"../../../Engine/Content/Internationalization/icudt64l/lang/kn.res" 1617
"../../../Engine/Content/Internationalization/icudt64l/region/kn.res" 1618
"../../../Engine/Content/Internationalization/icudt64l/lang/ko.res" 1619
"../../../Engine/Content/Internationalization/icudt64l/region/ko_KP.res" 1620
"../../../Engine/Content/Internationalization/icudt64l/region/ko.res" 1621
"../../../Engine/Content/Internationalization/icudt64l/lang/kok.res" 1622
"../../../Engine/Content/Internationalization/icudt64l/region/kok.res" 1623
"../../../Engine/Content/Internationalization/icudt64l/lang/ks.res" 1624
"../../../Engine/Content/Internationalization/icudt64l/region/ks.res" 1625
"../../../Engine/Content/Internationalization/icudt64l/lang/ksb.res" 1626
"../../../Engine/Content/Internationalization/icudt64l/region/ksb.res" 1627
"../../../Engine/Content/Internationalization/icudt64l/lang/ksf.res" 1628
"../../../Engine/Content/Internationalization/icudt64l/region/ksf.res" 1629
"../../../Engine/Content/Internationalization/icudt64l/lang/ksh.res" 1630
"../../../Engine/Content/Internationalization/icudt64l/region/ksh.res" 1631
"../../../Engine/Content/Internationalization/icudt64l/lang/ku.res" 1632
"../../../Engine/Content/Internationalization/icudt64l/region/ku.res" 1633
"../../../Engine/Content/Internationalization/icudt64l/lang/kw.res" 1634
"../../../Engine/Content/Internationalization/icudt64l/region/kw.res" 1635
"../../../Engine/Content/Internationalization/icudt64l/lang/ky.res" 1636
"../../../Engine/Content/Internationalization/icudt64l/region/ky.res" 1637
"../../../Engine/Content/Internationalization/icudt64l/lang/lag.res" 1638
"../../../Engine/Content/Internationalization/icudt64l/region/lag.res" 1639
"../../../Engine/Content/Internationalization/icudt64l/lang/lb.res" 1640
"../../../Engine/Content/Internationalization/icudt64l/region/lb.res" 1641
"../../../Engine/Content/Internationalization/icudt64l/lang/lg.res" 1642
"../../../Engine/Content/Internationalization/icudt64l/region/lg.res" 1643
"../../../Engine/Content/Internationalization/icudt64l/lang/lkt.res" 1644
"../../../Engine/Content/Internationalization/icudt64l/region/lkt.res" 1645
"../../../Engine/Content/Internationalization/icudt64l/lang/ln.res" 1646
"../../../Engine/Content/Internationalization/icudt64l/region/ln.res" 1647
"../../../Engine/Content/Internationalization/icudt64l/lang/lo.res" 1648
"../../../Engine/Content/Internationalization/icudt64l/region/lo.res" 1649
"../../../Engine/Content/Internationalization/icudt64l/lang/lrc.res" 1650
"../../../Engine/Content/Internationalization/icudt64l/region/lrc.res" 1651
"../../../Engine/Content/Internationalization/icudt64l/lang/lt.res" 1652
"../../../Engine/Content/Internationalization/icudt64l/region/lt.res" 1653
"../../../Engine/Content/Internationalization/icudt64l/lang/lu.res" 1654
"../../../Engine/Content/Internationalization/icudt64l/region/lu.res" 1655
"../../../Engine/Content/Internationalization/icudt64l/lang/luo.res" 1656
"../../../Engine/Content/Internationalization/icudt64l/region/luo.res" 1657
"../../../Engine/Content/Internationalization/icudt64l/lang/luy.res" 1658
"../../../Engine/Content/Internationalization/icudt64l/region/luy.res" 1659
"../../../Engine/Content/Internationalization/icudt64l/lang/lv.res" 1660
"../../../Engine/Content/Internationalization/icudt64l/region/lv.res" 1661
"../../../Engine/Content/Internationalization/icudt64l/lang/mas.res" 1662
"../../../Engine/Content/Internationalization/icudt64l/region/mas.res" 1663
"../../../Engine/Content/Internationalization/icudt64l/lang/mer.res" 1664
"../../../Engine/Content/Internationalization/icudt64l/region/mer.res" 1665
"../../../Engine/Content/Internationalization/icudt64l/lang/mfe.res" 1666
"../../../Engine/Content/Internationalization/icudt64l/region/mfe.res" 1667
"../../../Engine/Content/Internationalization/icudt64l/lang/mg.res" 1668
"../../../Engine/Content/Internationalization/icudt64l/region/mg.res" 1669
"../../../Engine/Content/Internationalization/icudt64l/lang/mgh.res" 1670
"../../../Engine/Content/Internationalization/icudt64l/region/mgh.res" 1671
"../../../Engine/Content/Internationalization/icudt64l/lang/mgo.res" 1672
"../../../Engine/Content/Internationalization/icudt64l/region/mgo.res" 1673
"../../../Engine/Content/Internationalization/icudt64l/lang/mi.res" 1674
"../../../Engine/Content/Internationalization/icudt64l/region/mi.res" 1675
"../../../Engine/Content/Internationalization/icudt64l/lang/mk.res" 1676
"../../../Engine/Content/Internationalization/icudt64l/region/mk.res" 1677
"../../../Engine/Content/Internationalization/icudt64l/lang/ml.res" 1678
"../../../Engine/Content/Internationalization/icudt64l/region/ml.res" 1679
"../../../Engine/Content/Internationalization/icudt64l/lang/mn.res" 1680
"../../../Engine/Content/Internationalization/icudt64l/region/mn.res" 1681
"../../../Engine/Content/Internationalization/icudt64l/lang/mr.res" 1682
"../../../Engine/Content/Internationalization/icudt64l/region/mr.res" 1683
"../../../Engine/Content/Internationalization/icudt64l/lang/ms.res" 1684
"../../../Engine/Content/Internationalization/icudt64l/region/ms.res" 1685
"../../../Engine/Content/Internationalization/icudt64l/lang/mt.res" 1686
"../../../Engine/Content/Internationalization/icudt64l/region/mt.res" 1687
"../../../Engine/Content/Internationalization/icudt64l/lang/mua.res" 1688
"../../../Engine/Content/Internationalization/icudt64l/region/mua.res" 1689
"../../../Engine/Content/Internationalization/icudt64l/lang/my.res" 1690
"../../../Engine/Content/Internationalization/icudt64l/region/my.res" 1691
"../../../Engine/Content/Internationalization/icudt64l/lang/mzn.res" 1692
"../../../Engine/Content/Internationalization/icudt64l/region/mzn.res" 1693
"../../../Engine/Content/Internationalization/icudt64l/lang/naq.res" 1694
"../../../Engine/Content/Internationalization/icudt64l/region/naq.res" 1695
"../../../Engine/Content/Internationalization/icudt64l/lang/nb.res" 1696
"../../../Engine/Content/Internationalization/icudt64l/lang/nb_NO.res" 1697
"../../../Engine/Content/Internationalization/icudt64l/region/nb_NO.res" 1698
"../../../Engine/Content/Internationalization/icudt64l/region/nb.res" 1699
"../../../Engine/Content/Internationalization/icudt64l/lang/nd.res" 1700
"../../../Engine/Content/Internationalization/icudt64l/region/nd.res" 1701
"../../../Engine/Content/Internationalization/icudt64l/lang/nds.res" 1702
"../../../Engine/Content/Internationalization/icudt64l/region/nds.res" 1703
"../../../Engine/Content/Internationalization/icudt64l/lang/ne.res" 1704
"../../../Engine/Content/Internationalization/icudt64l/region/ne.res" 1705
"../../../Engine/Content/Internationalization/icudt64l/lang/nl.res" 1706
"../../../Engine/Content/Internationalization/icudt64l/region/nl.res" 1707
"../../../Engine/Content/Internationalization/icudt64l/lang/nmg.res" 1708
"../../../Engine/Content/Internationalization/icudt64l/region/nmg.res" 1709
"../../../Engine/Content/Internationalization/icudt64l/lang/nn.res" 1710
"../../../Engine/Content/Internationalization/icudt64l/lang/nn_NO.res" 1711
"../../../Engine/Content/Internationalization/icudt64l/region/nn_NO.res" 1712
"../../../Engine/Content/Internationalization/icudt64l/region/nn.res" 1713
"../../../Engine/Content/Internationalization/icudt64l/lang/nnh.res" 1714
"../../../Engine/Content/Internationalization/icudt64l/region/nnh.res" 1715
"../../../Engine/Content/Internationalization/icudt64l/lang/nus.res" 1716
"../../../Engine/Content/Internationalization/icudt64l/region/nus.res" 1717
"../../../Engine/Content/Internationalization/icudt64l/lang/nyn.res" 1718
"../../../Engine/Content/Internationalization/icudt64l/region/nyn.res" 1719
"../../../Engine/Content/Internationalization/icudt64l/lang/om.res" 1720
"../../../Engine/Content/Internationalization/icudt64l/region/om.res" 1721
"../../../Engine/Content/Internationalization/icudt64l/lang/or.res" 1722
"../../../Engine/Content/Internationalization/icudt64l/region/or.res" 1723
"../../../Engine/Content/Internationalization/icudt64l/lang/os.res" 1724
"../../../Engine/Content/Internationalization/icudt64l/region/os.res" 1725
"../../../Engine/Content/Internationalization/icudt64l/lang/pa.res" 1726
"../../../Engine/Content/Internationalization/icudt64l/lang/pa_Arab.res" 1727
"../../../Engine/Content/Internationalization/icudt64l/lang/pa_PK.res" 1728
"../../../Engine/Content/Internationalization/icudt64l/lang/pa_Arab_PK.res" 1729
"../../../Engine/Content/Internationalization/icudt64l/region/pa_PK.res" 1730
"../../../Engine/Content/Internationalization/icudt64l/region/pa_Arab_PK.res" 1731
"../../../Engine/Content/Internationalization/icudt64l/region/pa_Arab.res" 1732
"../../../Engine/Content/Internationalization/icudt64l/lang/pa_Guru.res" 1733
"../../../Engine/Content/Internationalization/icudt64l/lang/pa_IN.res" 1734
"../../../Engine/Content/Internationalization/icudt64l/lang/pa_Guru_IN.res" 1735
"../../../Engine/Content/Internationalization/icudt64l/region/pa_IN.res" 1736
"../../../Engine/Content/Internationalization/icudt64l/region/pa_Guru_IN.res" 1737
"../../../Engine/Content/Internationalization/icudt64l/region/pa_Guru.res" 1738
"../../../Engine/Content/Internationalization/icudt64l/region/pa.res" 1739
"../../../Engine/Content/Internationalization/icudt64l/lang/pl.res" 1740
"../../../Engine/Content/Internationalization/icudt64l/region/pl.res" 1741
"../../../Engine/Content/Internationalization/icudt64l/lang/ps.res" 1742
"../../../Engine/Content/Internationalization/icudt64l/region/ps.res" 1743
"../../../Engine/Content/Internationalization/icudt64l/lang/ps_PK.res" 1744
"../../../Engine/Content/Internationalization/icudt64l/region/ps_PK.res" 1745
"../../../Engine/Content/Internationalization/icudt64l/lang/pt.res" 1746
"../../../Engine/Content/Internationalization/icudt64l/lang/pt_AO.res" 1747
"../../../Engine/Content/Internationalization/icudt64l/lang/pt_PT.res" 1748
"../../../Engine/Content/Internationalization/icudt64l/region/pt_AO.res" 1749
"../../../Engine/Content/Internationalization/icudt64l/region/pt_PT.res" 1750
"../../../Engine/Content/Internationalization/icudt64l/region/pt.res" 1751
"../../../Engine/Content/Internationalization/icudt64l/lang/pt_CH.res" 1752
"../../../Engine/Content/Internationalization/icudt64l/region/pt_CH.res" 1753
"../../../Engine/Content/Internationalization/icudt64l/lang/pt_CV.res" 1754
"../../../Engine/Content/Internationalization/icudt64l/region/pt_CV.res" 1755
"../../../Engine/Content/Internationalization/icudt64l/lang/pt_GQ.res" 1756
"../../../Engine/Content/Internationalization/icudt64l/region/pt_GQ.res" 1757
"../../../Engine/Content/Internationalization/icudt64l/lang/pt_GW.res" 1758
"../../../Engine/Content/Internationalization/icudt64l/region/pt_GW.res" 1759
"../../../Engine/Content/Internationalization/icudt64l/lang/pt_LU.res" 1760
"../../../Engine/Content/Internationalization/icudt64l/region/pt_LU.res" 1761
"../../../Engine/Content/Internationalization/icudt64l/lang/pt_MO.res" 1762
"../../../Engine/Content/Internationalization/icudt64l/region/pt_MO.res" 1763
"../../../Engine/Content/Internationalization/icudt64l/lang/pt_MZ.res" 1764
"../../../Engine/Content/Internationalization/icudt64l/region/pt_MZ.res" 1765
"../../../Engine/Content/Internationalization/icudt64l/lang/pt_ST.res" 1766
"../../../Engine/Content/Internationalization/icudt64l/region/pt_ST.res" 1767
"../../../Engine/Content/Internationalization/icudt64l/lang/pt_TL.res" 1768
"../../../Engine/Content/Internationalization/icudt64l/region/pt_TL.res" 1769
"../../../Engine/Content/Internationalization/icudt64l/lang/qu.res" 1770
"../../../Engine/Content/Internationalization/icudt64l/region/qu.res" 1771
"../../../Engine/Content/Internationalization/icudt64l/lang/rm.res" 1772
"../../../Engine/Content/Internationalization/icudt64l/region/rm.res" 1773
"../../../Engine/Content/Internationalization/icudt64l/lang/rn.res" 1774
"../../../Engine/Content/Internationalization/icudt64l/region/rn.res" 1775
"../../../Engine/Content/Internationalization/icudt64l/lang/ro.res" 1776
"../../../Engine/Content/Internationalization/icudt64l/lang/ro_MD.res" 1777
"../../../Engine/Content/Internationalization/icudt64l/region/ro_MD.res" 1778
"../../../Engine/Content/Internationalization/icudt64l/region/ro.res" 1779
"../../../Engine/Content/Internationalization/icudt64l/lang/rof.res" 1780
"../../../Engine/Content/Internationalization/icudt64l/region/rof.res" 1781
"../../../Engine/Content/Internationalization/icudt64l/lang/ru.res" 1782
"../../../Engine/Content/Internationalization/icudt64l/region/ru.res" 1783
"../../../Engine/Content/Internationalization/icudt64l/region/ru_UA.res" 1784
"../../../Engine/Content/Internationalization/icudt64l/lang/rw.res" 1785
"../../../Engine/Content/Internationalization/icudt64l/region/rw.res" 1786
"../../../Engine/Content/Internationalization/icudt64l/lang/rwk.res" 1787
"../../../Engine/Content/Internationalization/icudt64l/region/rwk.res" 1788
"../../../Engine/Content/Internationalization/icudt64l/lang/sah.res" 1789
"../../../Engine/Content/Internationalization/icudt64l/region/sah.res" 1790
"../../../Engine/Content/Internationalization/icudt64l/lang/saq.res" 1791
"../../../Engine/Content/Internationalization/icudt64l/region/saq.res" 1792
"../../../Engine/Content/Internationalization/icudt64l/lang/sbp.res" 1793
"../../../Engine/Content/Internationalization/icudt64l/region/sbp.res" 1794
"../../../Engine/Content/Internationalization/icudt64l/lang/sd.res" 1795
"../../../Engine/Content/Internationalization/icudt64l/region/sd.res" 1796
"../../../Engine/Content/Internationalization/icudt64l/lang/se.res" 1797
"../../../Engine/Content/Internationalization/icudt64l/lang/se_FI.res" 1798
"../../../Engine/Content/Internationalization/icudt64l/region/se_FI.res" 1799
"../../../Engine/Content/Internationalization/icudt64l/region/se.res" 1800
"../../../Engine/Content/Internationalization/icudt64l/lang/seh.res" 1801
"../../../Engine/Content/Internationalization/icudt64l/region/seh.res" 1802
"../../../Engine/Content/Internationalization/icudt64l/lang/ses.res" 1803
"../../../Engine/Content/Internationalization/icudt64l/region/ses.res" 1804
"../../../Engine/Content/Internationalization/icudt64l/lang/sg.res" 1805
"../../../Engine/Content/Internationalization/icudt64l/region/sg.res" 1806
"../../../Engine/Content/Internationalization/icudt64l/lang/shi.res" 1807
"../../../Engine/Content/Internationalization/icudt64l/lang/shi_Latn.res" 1808
"../../../Engine/Content/Internationalization/icudt64l/lang/shi_MA.res" 1809
"../../../Engine/Content/Internationalization/icudt64l/lang/shi_Tfng_MA.res" 1810
"../../../Engine/Content/Internationalization/icudt64l/lang/shi_Tfng.res" 1811
"../../../Engine/Content/Internationalization/icudt64l/region/shi_MA.res" 1812
"../../../Engine/Content/Internationalization/icudt64l/region/shi_Tfng_MA.res" 1813
"../../../Engine/Content/Internationalization/icudt64l/region/shi_Tfng.res" 1814
"../../../Engine/Content/Internationalization/icudt64l/region/shi.res" 1815
"../../../Engine/Content/Internationalization/icudt64l/region/shi_Latn.res" 1816
"../../../Engine/Content/Internationalization/icudt64l/lang/si.res" 1817
"../../../Engine/Content/Internationalization/icudt64l/region/si.res" 1818
"../../../Engine/Content/Internationalization/icudt64l/lang/sk.res" 1819
"../../../Engine/Content/Internationalization/icudt64l/region/sk.res" 1820
"../../../Engine/Content/Internationalization/icudt64l/lang/sl.res" 1821
"../../../Engine/Content/Internationalization/icudt64l/region/sl.res" 1822
"../../../Engine/Content/Internationalization/icudt64l/lang/smn.res" 1823
"../../../Engine/Content/Internationalization/icudt64l/region/smn.res" 1824
"../../../Engine/Content/Internationalization/icudt64l/lang/sn.res" 1825
"../../../Engine/Content/Internationalization/icudt64l/region/sn.res" 1826
"../../../Engine/Content/Internationalization/icudt64l/lang/so.res" 1827
"../../../Engine/Content/Internationalization/icudt64l/region/so.res" 1828
"../../../Engine/Content/Internationalization/icudt64l/lang/sq.res" 1829
"../../../Engine/Content/Internationalization/icudt64l/region/sq.res" 1830
"../../../Engine/Content/Internationalization/icudt64l/lang/sr.res" 1831
"../../../Engine/Content/Internationalization/icudt64l/lang/sr_Cyrl.res" 1832
"../../../Engine/Content/Internationalization/icudt64l/lang/sr_BA.res" 1833
"../../../Engine/Content/Internationalization/icudt64l/lang/sr_Cyrl_BA.res" 1834
"../../../Engine/Content/Internationalization/icudt64l/region/sr_BA.res" 1835
"../../../Engine/Content/Internationalization/icudt64l/region/sr_Cyrl_BA.res" 1836
"../../../Engine/Content/Internationalization/icudt64l/region/sr_Cyrl.res" 1837
"../../../Engine/Content/Internationalization/icudt64l/region/sr.res" 1838
"../../../Engine/Content/Internationalization/icudt64l/lang/sr_ME.res" 1839
"../../../Engine/Content/Internationalization/icudt64l/lang/sr_Latn_ME.res" 1840
"../../../Engine/Content/Internationalization/icudt64l/lang/sr_Latn.res" 1841
"../../../Engine/Content/Internationalization/icudt64l/region/sr_ME.res" 1842
"../../../Engine/Content/Internationalization/icudt64l/region/sr_Latn_ME.res" 1843
"../../../Engine/Content/Internationalization/icudt64l/region/sr_Latn.res" 1844
"../../../Engine/Content/Internationalization/icudt64l/lang/sr_Cyrl_ME.res" 1845
"../../../Engine/Content/Internationalization/icudt64l/region/sr_Cyrl_ME.res" 1846
"../../../Engine/Content/Internationalization/icudt64l/lang/sr_RS.res" 1847
"../../../Engine/Content/Internationalization/icudt64l/lang/sr_Cyrl_RS.res" 1848
"../../../Engine/Content/Internationalization/icudt64l/region/sr_RS.res" 1849
"../../../Engine/Content/Internationalization/icudt64l/region/sr_Cyrl_RS.res" 1850
"../../../Engine/Content/Internationalization/icudt64l/lang/sr_XK.res" 1851
"../../../Engine/Content/Internationalization/icudt64l/lang/sr_Cyrl_XK.res" 1852
"../../../Engine/Content/Internationalization/icudt64l/region/sr_XK.res" 1853
"../../../Engine/Content/Internationalization/icudt64l/region/sr_Cyrl_XK.res" 1854
"../../../Engine/Content/Internationalization/icudt64l/lang/sr_Latn_BA.res" 1855
"../../../Engine/Content/Internationalization/icudt64l/region/sr_Latn_BA.res" 1856
"../../../Engine/Content/Internationalization/icudt64l/lang/sr_Latn_RS.res" 1857
"../../../Engine/Content/Internationalization/icudt64l/region/sr_Latn_RS.res" 1858
"../../../Engine/Content/Internationalization/icudt64l/lang/sr_Latn_XK.res" 1859
"../../../Engine/Content/Internationalization/icudt64l/region/sr_Latn_XK.res" 1860
"../../../Engine/Content/Internationalization/icudt64l/lang/sv.res" 1861
"../../../Engine/Content/Internationalization/icudt64l/region/sv.res" 1862
"../../../Engine/Content/Internationalization/icudt64l/lang/sv_FI.res" 1863
"../../../Engine/Content/Internationalization/icudt64l/lang/sw.res" 1864
"../../../Engine/Content/Internationalization/icudt64l/lang/sw_CD.res" 1865
"../../../Engine/Content/Internationalization/icudt64l/region/sw_CD.res" 1866
"../../../Engine/Content/Internationalization/icudt64l/region/sw.res" 1867
"../../../Engine/Content/Internationalization/icudt64l/lang/sw_KE.res" 1868
"../../../Engine/Content/Internationalization/icudt64l/region/sw_KE.res" 1869
"../../../Engine/Content/Internationalization/icudt64l/lang/ta.res" 1870
"../../../Engine/Content/Internationalization/icudt64l/region/ta.res" 1871
"../../../Engine/Content/Internationalization/icudt64l/lang/te.res" 1872
"../../../Engine/Content/Internationalization/icudt64l/region/te.res" 1873
"../../../Engine/Content/Internationalization/icudt64l/lang/teo.res" 1874
"../../../Engine/Content/Internationalization/icudt64l/region/teo.res" 1875
"../../../Engine/Content/Internationalization/icudt64l/lang/tg.res" 1876
"../../../Engine/Content/Internationalization/icudt64l/region/tg.res" 1877
"../../../Engine/Content/Internationalization/icudt64l/lang/th.res" 1878
"../../../Engine/Content/Internationalization/icudt64l/lang/th_TH.res" 1879
"../../../Engine/Content/Internationalization/icudt64l/region/th_TH.res" 1880
"../../../Engine/Content/Internationalization/icudt64l/region/th.res" 1881
"../../../Engine/Content/Internationalization/icudt64l/lang/ti.res" 1882
"../../../Engine/Content/Internationalization/icudt64l/region/ti.res" 1883
"../../../Engine/Content/Internationalization/icudt64l/lang/tk.res" 1884
"../../../Engine/Content/Internationalization/icudt64l/region/tk.res" 1885
"../../../Engine/Content/Internationalization/icudt64l/lang/to.res" 1886
"../../../Engine/Content/Internationalization/icudt64l/region/to.res" 1887
"../../../Engine/Content/Internationalization/icudt64l/lang/tr.res" 1888
"../../../Engine/Content/Internationalization/icudt64l/region/tr.res" 1889
"../../../Engine/Content/Internationalization/icudt64l/lang/tt.res" 1890
"../../../Engine/Content/Internationalization/icudt64l/region/tt.res" 1891
"../../../Engine/Content/Internationalization/icudt64l/lang/twq.res" 1892
"../../../Engine/Content/Internationalization/icudt64l/region/twq.res" 1893
"../../../Engine/Content/Internationalization/icudt64l/lang/tzm.res" 1894
"../../../Engine/Content/Internationalization/icudt64l/region/tzm.res" 1895
"../../../Engine/Content/Internationalization/icudt64l/lang/ug.res" 1896
"../../../Engine/Content/Internationalization/icudt64l/region/ug.res" 1897
"../../../Engine/Content/Internationalization/icudt64l/lang/uk.res" 1898
"../../../Engine/Content/Internationalization/icudt64l/region/uk.res" 1899
"../../../Engine/Content/Internationalization/icudt64l/lang/ur.res" 1900
"../../../Engine/Content/Internationalization/icudt64l/lang/ur_IN.res" 1901
"../../../Engine/Content/Internationalization/icudt64l/region/ur_IN.res" 1902
"../../../Engine/Content/Internationalization/icudt64l/region/ur.res" 1903
"../../../Engine/Content/Internationalization/icudt64l/lang/uz.res" 1904
"../../../Engine/Content/Internationalization/icudt64l/lang/uz_Arab.res" 1905
"../../../Engine/Content/Internationalization/icudt64l/lang/uz_AF.res" 1906
"../../../Engine/Content/Internationalization/icudt64l/lang/uz_Arab_AF.res" 1907
"../../../Engine/Content/Internationalization/icudt64l/region/uz_AF.res" 1908
"../../../Engine/Content/Internationalization/icudt64l/region/uz_Arab_AF.res" 1909
"../../../Engine/Content/Internationalization/icudt64l/region/uz_Arab.res" 1910
"../../../Engine/Content/Internationalization/icudt64l/lang/uz_Cyrl.res" 1911
"../../../Engine/Content/Internationalization/icudt64l/lang/uz_UZ.res" 1912
"../../../Engine/Content/Internationalization/icudt64l/lang/uz_Latn_UZ.res" 1913
"../../../Engine/Content/Internationalization/icudt64l/lang/uz_Latn.res" 1914
"../../../Engine/Content/Internationalization/icudt64l/region/uz_UZ.res" 1915
"../../../Engine/Content/Internationalization/icudt64l/region/uz_Latn_UZ.res" 1916
"../../../Engine/Content/Internationalization/icudt64l/region/uz_Latn.res" 1917
"../../../Engine/Content/Internationalization/icudt64l/region/uz.res" 1918
"../../../Engine/Content/Internationalization/icudt64l/region/uz_Cyrl.res" 1919
"../../../Engine/Content/Internationalization/icudt64l/lang/vai.res" 1920
"../../../Engine/Content/Internationalization/icudt64l/lang/vai_Latn.res" 1921
"../../../Engine/Content/Internationalization/icudt64l/lang/vai_LR.res" 1922
"../../../Engine/Content/Internationalization/icudt64l/lang/vai_Vaii_LR.res" 1923
"../../../Engine/Content/Internationalization/icudt64l/lang/vai_Vaii.res" 1924
"../../../Engine/Content/Internationalization/icudt64l/region/vai_LR.res" 1925
"../../../Engine/Content/Internationalization/icudt64l/region/vai_Vaii_LR.res" 1926
"../../../Engine/Content/Internationalization/icudt64l/region/vai_Vaii.res" 1927
"../../../Engine/Content/Internationalization/icudt64l/region/vai.res" 1928
"../../../Engine/Content/Internationalization/icudt64l/region/vai_Latn.res" 1929
"../../../Engine/Content/Internationalization/icudt64l/lang/vi.res" 1930
"../../../Engine/Content/Internationalization/icudt64l/region/vi.res" 1931
"../../../Engine/Content/Internationalization/icudt64l/lang/vun.res" 1932
"../../../Engine/Content/Internationalization/icudt64l/region/vun.res" 1933
"../../../Engine/Content/Internationalization/icudt64l/lang/wae.res" 1934
"../../../Engine/Content/Internationalization/icudt64l/region/wae.res" 1935
"../../../Engine/Content/Internationalization/icudt64l/lang/wo.res" 1936
"../../../Engine/Content/Internationalization/icudt64l/region/wo.res" 1937
"../../../Engine/Content/Internationalization/icudt64l/lang/xh.res" 1938
"../../../Engine/Content/Internationalization/icudt64l/region/xh.res" 1939
"../../../Engine/Content/Internationalization/icudt64l/lang/xog.res" 1940
"../../../Engine/Content/Internationalization/icudt64l/region/xog.res" 1941
"../../../Engine/Content/Internationalization/icudt64l/lang/yav.res" 1942
"../../../Engine/Content/Internationalization/icudt64l/region/yav.res" 1943
"../../../Engine/Content/Internationalization/icudt64l/lang/yi.res" 1944
"../../../Engine/Content/Internationalization/icudt64l/region/yi.res" 1945
"../../../Engine/Content/Internationalization/icudt64l/lang/yo.res" 1946
"../../../Engine/Content/Internationalization/icudt64l/lang/yo_BJ.res" 1947
"../../../Engine/Content/Internationalization/icudt64l/region/yo_BJ.res" 1948
"../../../Engine/Content/Internationalization/icudt64l/region/yo.res" 1949
"../../../Engine/Content/Internationalization/icudt64l/lang/yue.res" 1950
"../../../Engine/Content/Internationalization/icudt64l/lang/yue_Hans.res" 1951
"../../../Engine/Content/Internationalization/icudt64l/lang/yue_CN.res" 1952
"../../../Engine/Content/Internationalization/icudt64l/lang/yue_Hans_CN.res" 1953
"../../../Engine/Content/Internationalization/icudt64l/region/yue_CN.res" 1954
"../../../Engine/Content/Internationalization/icudt64l/region/yue_Hans_CN.res" 1955
"../../../Engine/Content/Internationalization/icudt64l/region/yue_Hans.res" 1956
"../../../Engine/Content/Internationalization/icudt64l/lang/yue_Hant.res" 1957
"../../../Engine/Content/Internationalization/icudt64l/lang/yue_HK.res" 1958
"../../../Engine/Content/Internationalization/icudt64l/lang/yue_Hant_HK.res" 1959
"../../../Engine/Content/Internationalization/icudt64l/region/yue_HK.res" 1960
"../../../Engine/Content/Internationalization/icudt64l/region/yue_Hant_HK.res" 1961
"../../../Engine/Content/Internationalization/icudt64l/region/yue_Hant.res" 1962
"../../../Engine/Content/Internationalization/icudt64l/region/yue.res" 1963
"../../../Engine/Content/Internationalization/icudt64l/lang/zgh.res" 1964
"../../../Engine/Content/Internationalization/icudt64l/region/zgh.res" 1965
"../../../Engine/Content/Internationalization/icudt64l/lang/zh.res" 1966
"../../../Engine/Content/Internationalization/icudt64l/lang/zh_Hans.res" 1967
"../../../Engine/Content/Internationalization/icudt64l/lang/zh_CN.res" 1968
"../../../Engine/Content/Internationalization/icudt64l/lang/zh_Hans_CN.res" 1969
"../../../Engine/Content/Internationalization/icudt64l/region/zh_CN.res" 1970
"../../../Engine/Content/Internationalization/icudt64l/region/zh_Hans_CN.res" 1971
"../../../Engine/Content/Internationalization/icudt64l/region/zh_Hans.res" 1972
"../../../Engine/Content/Internationalization/icudt64l/region/zh.res" 1973
"../../../Engine/Content/Internationalization/icudt64l/lang/zh_HK.res" 1974
"../../../Engine/Content/Internationalization/icudt64l/lang/zh_Hant_HK.res" 1975
"../../../Engine/Content/Internationalization/icudt64l/lang/zh_Hant.res" 1976
"../../../Engine/Content/Internationalization/icudt64l/region/zh_HK.res" 1977
"../../../Engine/Content/Internationalization/icudt64l/region/zh_Hant_HK.res" 1978
"../../../Engine/Content/Internationalization/icudt64l/region/zh_Hant.res" 1979
"../../../Engine/Content/Internationalization/icudt64l/lang/zh_MO.res" 1980
"../../../Engine/Content/Internationalization/icudt64l/lang/zh_Hant_MO.res" 1981
"../../../Engine/Content/Internationalization/icudt64l/region/zh_MO.res" 1982
"../../../Engine/Content/Internationalization/icudt64l/region/zh_Hant_MO.res" 1983
"../../../Engine/Content/Internationalization/icudt64l/lang/zh_SG.res" 1984
"../../../Engine/Content/Internationalization/icudt64l/lang/zh_Hans_SG.res" 1985
"../../../Engine/Content/Internationalization/icudt64l/region/zh_SG.res" 1986
"../../../Engine/Content/Internationalization/icudt64l/region/zh_Hans_SG.res" 1987
"../../../Engine/Content/Internationalization/icudt64l/lang/zh_TW.res" 1988
"../../../Engine/Content/Internationalization/icudt64l/lang/zh_Hant_TW.res" 1989
"../../../Engine/Content/Internationalization/icudt64l/region/zh_TW.res" 1990
"../../../Engine/Content/Internationalization/icudt64l/region/zh_Hant_TW.res" 1991
"../../../Engine/Content/Internationalization/icudt64l/lang/zu.res" 1992
"../../../Engine/Content/Internationalization/icudt64l/region/zu.res" 1993
"../../../Engine/Content/Internationalization/icudt64l/lang/no.res" 1994
"../../../Engine/Content/Internationalization/icudt64l/lang/tl.res" 1995
"../../../Engine/Config/Android/DataDrivenPlatformInfo.ini" 1996
"../../../Engine/Config/IOS/DataDrivenPlatformInfo.ini" 1997
"../../../Engine/Config/Linux/DataDrivenPlatformInfo.ini" 1998
"../../../Engine/Config/Mac/DataDrivenPlatformInfo.ini" 1999
"../../../Engine/Config/TVOS/DataDrivenPlatformInfo.ini" 2000
"../../../Engine/Config/Unix/DataDrivenPlatformInfo.ini" 2001
"../../../Engine/Config/VulkanPC/DataDrivenPlatformInfo.ini" 2002
"../../../Engine/Config/Windows/DataDrivenPlatformInfo.ini" 2003
"../../../Engine/Platforms/VisionOS/Config/DataDrivenPlatformInfo.ini" 2004
"../../../Engine/Content/Renderer/TessellationTable.bin" 2005
"../../../Engine/DerivedDataCache/Compressed.ddp" 2006
"C:/Users/alsha/AppData/Local/UnrealEngine/5.7/Saved/Zen/zen.version" 2007
"C:/Users/alsha/AppData/Local/UnrealEngine/Common/Zen/Install/zen.version" 2008
"C:/Users/alsha/AppData/Local/UnrealEngine/Common/Zen/Install/zenserver.runcontext" 2009
"C:/Users/alsha/AppData/Local/UnrealEngine/Common/DerivedDataCache/TestData/0/TestData_4kb.dat" 2010
"C:/Users/alsha/AppData/Local/UnrealEngine/Common/DerivedDataCache/TestData/1/TestData_4kb.dat" 2011
"C:/Users/alsha/AppData/Local/UnrealEngine/Common/DerivedDataCache/TestData/0/TestData_8kb.dat" 2012
"C:/Users/alsha/AppData/Local/UnrealEngine/Common/DerivedDataCache/TestData/1/TestData_8kb.dat" 2013
"C:/Users/alsha/AppData/Local/UnrealEngine/Common/DerivedDataCache/TestData/0/TestData_16kb.dat" 2014
"C:/Users/alsha/AppData/Local/UnrealEngine/Common/DerivedDataCache/TestData/1/TestData_16kb.dat" 2015
"C:/Users/alsha/AppData/Local/UnrealEngine/Common/DerivedDataCache/TestData/0/TestData_64kb.dat" 2016
"C:/Users/alsha/AppData/Local/UnrealEngine/Common/DerivedDataCache/TestData/1/TestData_64kb.dat" 2017
"C:/Users/alsha/AppData/Local/UnrealEngine/Common/DerivedDataCache/TestData/0/TestData_128kb.dat" 2018
"C:/Users/alsha/AppData/Local/UnrealEngine/Common/DerivedDataCache/TestData/1/TestData_128kb.dat" 2019
"C:/Users/alsha/AppData/Local/UnrealEngine/Common/DerivedDataCache/TestData/0/TestData_256kb.dat" 2020
"C:/Users/alsha/AppData/Local/UnrealEngine/Common/DerivedDataCache/TestData/1/TestData_256kb.dat" 2021
"C:/Users/alsha/AppData/Roaming/Unreal Engine/UnrealBuildTool/BuildConfiguration.xml" 2022
"../../../../../Documents/GitHub/Verdant_Ash/Intermediate/ShaderAutogen/PCD3D_SM6/AutogenShaderHeaders.ush" 2023
"../../../Engine/Shaders/Private/HairStrands/HairStrandsVertexFactory.ush" 2024
"../../../Engine/Shaders/Private/VertexFactoryCommon.ush" 2025
"../../../Engine/Shaders/Private/Common.ush" 2026
"../../../Engine/Shaders/Public/Platform.ush" 2027
"../../../Engine/Shaders/Public/FP16Math.ush" 2028
"../../../Engine/Shaders/Public/Platform/D3D/D3DCommon.ush" 2029
"../../../Engine/Shaders/Shared/HLSLReservedSpaces.h" 2030
"../../../Engine/Shaders/Public/BindlessResources.ush" 2031
"../../../Engine/Shaders/Public/Platform/D3D/PlatformBindlessResources.ush" 2032
"../../../Engine/Shaders/Shared/RayTracingBuiltInResources.h" 2033
"../../../Engine/Shaders/Shared/RayTracingDefinitions.h" 2034
"../../../Engine/Shaders/Shared/MaterialCacheDefinitions.h" 2035
"../../../Engine/Shaders/Shared/HLSLTypeAliases.h" 2036
"../../../Engine/Shaders/Public/IndirectVirtualTexture.ush" 2037
"../../../Engine/Shaders/Shared/IndirectVirtualTextureDefinitions.h" 2038
"../../../Engine/Shaders/Public/OverloadMacros.ush" 2039
"../../../Engine/Shaders/Public/ShaderVersion.ush" 2040
"../../../Engine/Shaders/Shared/ThirdParty/NVIDIA/nvHLSLExtns.h" 2041
"../../../Engine/Shaders/Shared/ThirdParty/NVIDIA/nvHLSLExtnsInternal.h" 2042
"../../../Engine/Shaders/Shared/ThirdParty/NVIDIA/nvShaderExtnEnums.h" 2043
"../../../Engine/Shaders/Private/PackUnpack.ush" 2044
"../../../Engine/Shaders/Private/GeneratedUniformBufferTypes.ush" 2045
"../../../Engine/Shaders/Private/Nanite/NanitePackedNaniteView.ush" 2046
"../../../Engine/Shaders/Private/HairStrands/HairStrandsVisibilityCommonStruct.ush" 2047
"../../../Engine/Shaders/Private/HairStrands/HairStrandsVoxelPageCommonStruct.ush" 2048
"../../../Engine/Shaders/Private/HairStrands/HairStrandsDeepShadowCommonStruct.ush" 2049
"../../../Engine/Shaders/Shared/LightSceneData.h" 2050
"../../../Engine/Shaders/Private/LargeWorldCoordinates.ush" 2051
"../../../Engine/Shaders/Private/DoubleFloat.ush" 2052
"../../../Engine/Shaders/Private/RandomPCG.ush" 2053
"../../../Engine/Shaders/Private/DoubleFloatOperations.ush" 2054
"../../../Engine/Shaders/Private/DoubleFloatVectorDefinition.ush" 2055
"../../../Engine/Shaders/Private/LWCOperations.ush" 2056
"../../../Engine/Shaders/Shared/LightViewData.h" 2057
"../../../Engine/Shaders/Shared/RayTracingTypes.h" 2058
"../../../Engine/Shaders/Shared/HLSLStaticAssert.h" 2059
"../../../Engine/Shaders/Private/CommonViewUniformBuffer.ush" 2060
"../../../Engine/Shaders/Private/InstancedStereo.ush" 2061
"../../../Engine/Shaders/Private/Definitions.usf" 2062
"../../../Engine/Shaders/Private/AssertionMacros.ush" 2063
"../../../Engine/Shaders/Private/FastMath.ush" 2064
"../../../Engine/Shaders/Private/FastMathThirdParty.ush" 2065
"../../../Engine/Shaders/Private/Random.ush" 2066
"../../../Engine/Shaders/Private/RandomInterleavedGradientNoise.ush" 2067
"../../../Engine/Shaders/Private/SceneData.ush" 2068
"../../../Engine/Shaders/Private/OctahedralCommon.ush" 2069
"../../../Engine/Shaders/Private/WaveOpUtil.ush" 2070
"../../../Engine/Shaders/Private/ByteBuffer.ush" 2071
"../../../Engine/Shaders/Shared/SceneDefinitions.h" 2072
"../../../Engine/Shaders/Private/SceneDataMobileLoader.ush" 2073
"../../../Engine/Shaders/Private/LocalVertexFactoryCommon.ush" 2074
"../../../Engine/Shaders/Private/HairStrands/HairStrandsVisibilityCommon.ush" 2075
"../../../Engine/Shaders/Shared/HairStrandsDefinitions.h" 2076
"../../../Engine/Shaders/Private/HairStrands/HairStrandsVertexFactoryCommon.ush" 2077
"../../../Engine/Shaders/Private/HairStrands/HairStrandsPack.ush" 2078
"../../../Engine/Shaders/Private/HairStrands/HairStrandsAttributeCommon.ush" 2079
"../../../Engine/Shaders/Private/HairStrands/HairStrandsAttributeTemplate.ush" 2080
"../../../Engine/Shaders/Private/VertexFactoryDefaultInterface.ush" 2081
"../../../Engine/Shaders/Private/HairStrands/HairCardsVertexFactory.ush" 2082
"../../../Engine/Shaders/Private/HairStrands/HairCardsAttributeCommon.ush" 2083
"../../../Engine/Shaders/Private/RayTracing/RayTracingCommon.ush" 2084
"../../../Engine/Shaders/Private/ShadingCommon.ush" 2085
"../../../Engine/Shaders/Shared/RayTracingPayloadType.h" 2086
"../../../Engine/Shaders/Private/RayTracing/RayTracingRayCone.ush" 2087
"../../../Engine/Shaders/Private/Substrate/Substrate.ush" 2088
"../../../Engine/Shaders/Private/ShadingEnergyConservation.ush" 2089
"../../../Engine/Shaders/Private/ShadingEnergyConservationTemplate.ush" 2090
"../../../Engine/Shaders/Private/BRDF.ush" 2091
"../../../Engine/Shaders/Private/ColorSpace.ush" 2092
"../../../Engine/Shaders/Private/DeferredShadingCommon.ush" 2093
"../../../Engine/Shaders/Private/LightAccumulator.ush" 2094
"../../../Engine/Shaders/Private/SceneTexturesCommon.ush" 2095
"../../../Engine/Shaders/Private/MonteCarlo.ush" 2096
"../../../Engine/Shaders/Private/GBufferHelpers.ush" 2097
"../../../Engine/Shaders/Private/SceneTextureParameters.ush" 2098
"C:/Users/alsha/OneDrive/Documents/GitHub/Verdant_Ash/Intermediate/ShaderAutogen/PCD3D_SM6/AutogenShaderHeaders.ush" 2099
"../../../Engine/Shaders/Private/ParticipatingMediaCommon.ush" 2100
"../../../Engine/Shaders/Private/ThinFilmBSDF.ush" 2101
"../../../Engine/Shaders/Private/MortonCode.ush" 2102
"../../../Engine/Shaders/Private/SubsurfaceProfileCommon.ush" 2103
"../../../Engine/Shaders/Private/BurleyNormalizedSSSCommon.ush" 2104
"../../../Engine/Shaders/Private/GammaCorrectionCommon.ush" 2105
"../../../Engine/Shaders/Shared/SubstrateDefinitions.h" 2106
"../../../Engine/Shaders/Private/Substrate/SubstrateStatisticalOperators.ush" 2107
"../../../Engine/Shaders/Private/Substrate/SubstrateSubsurface.ush" 2108
"../../../Engine/Shaders/Private/TransmissionCommon.ush" 2109
"../../../Engine/Shaders/Private/Substrate/SubstrateExportCommon.ush" 2110
"../../../Engine/Shaders/Private/SpecularProfileCommon.ush" 2111
"../../../Engine/Shaders/Private/RayTracing/RayTracingCommonMetal.ush" 2112
"../../../Engine/Shaders/Private/PositionReconstructionCommon.ush" 2113
"../../../Engine/Shaders/Private/RayTracing/TraceRayInline.ush" 2114
"../../../Engine/Shaders/Private/RayTracing/TraceRayInlineCommon.ush" 2115
"../../../Engine/Shaders/Private/RayTracing/TraceRayInlineVulkan.ush" 2116
"../../../Engine/Shaders/Private/RayTracing/TraceRayInlineMetal.ush" 2117
"../../../Engine/Shaders/Private/RayTracing/RayTracingHitGroupCommon.ush" 2118
"../../../Engine/Shaders/Private/Nanite/NaniteRayTrace.ush" 2119
"../../../Engine/Shaders/Private/Nanite/NaniteDataDecode.ush" 2120
"../../../Engine/Shaders/Private/BitPacking.ush" 2121
"../../../Engine/Shaders/Private/BitStreamReaderImplementation.ush" 2122
"../../../Engine/Shaders/Private/BoneTransform.ush" 2123
"../../../Engine/Shaders/Private/Quaternion.ush" 2124
"../../../Engine/Shaders/Private/Skinning/SkinningDataDecode.ush" 2125
"../../../Engine/Shaders/Private/GpuSkinCommon.ush" 2126
"../../../Engine/Shaders/Shared/SkinningDefinitions.h" 2127
"../../../Engine/Shaders/Shared/NaniteDefinitions.h" 2128
"../../../Engine/Shaders/Private/Nanite/NaniteAttributeDecode.ush" 2129
"../../../Engine/Shaders/Private/Barycentrics.ush" 2130
"../../../Engine/Shaders/Private/DualNumber.ush" 2131
"../../../Engine/Shaders/Shared/ThirdParty/RayTriangleIntersection.h" 2132
"../../../Engine/Shaders/Private/Nanite/NaniteVertexFetch.ush" 2133
"../../../Engine/Shaders/Private/ViewData.ush" 2134
"../../../Engine/Shaders/Shared/ViewDefinitions.h" 2135
"../../../Engine/Shaders/Private/Nanite/NaniteSceneCommon.ush" 2136
"../../../Engine/Shaders/Private/RayTracing/TraceRayInlineD3D12.ush" 2137
"../../../Engine/Plugins/FX/Niagara/Shaders/Private/NiagaraSpriteVertexFactory.ush" 2138
"../../../Engine/Shaders/Private/ParticleVertexFactoryCommon.ush" 2139
"../../../Engine/Plugins/FX/Niagara/Shaders/Private/NiagaraVFCommon.usf" 2140
"../../../Engine/Plugins/FX/Niagara/Shaders/Private/NiagaraVFParticleAccess.usf" 2141
"../../../Engine/Plugins/FX/Niagara/Shaders/Private/NiagaraParticleAccess.ush" 2142
"../../../Engine/Plugins/FX/Niagara/Shaders/Private/NiagaraRibbonVertexFactory.ush" 2143
"../../../Engine/Plugins/FX/Niagara/Shaders/Private/NiagaraMeshVertexFactory.ush" 2144
"../../../Engine/Plugins/FX/Niagara/Shaders/Private/NiagaraCommon.ush" 2145
"../../../Engine/Plugins/FX/Niagara/Shaders/Private/NiagaraMeshParticleUtils.ush" 2146
"../../../Engine/Shaders/Private/VectorFieldVisualizationVertexFactory.ush" 2147
"../../../Engine/Shaders/Private/Nanite/NaniteVertexFactory.ush" 2148
"../../../Engine/Shaders/Private/LightmapData.ush" 2149
"../../../Engine/Shaders/Private/SplineMeshCommon.ush" 2150
"../../../Engine/Shaders/Shared/SplineMeshShaderParams.h" 2151
"../../../Engine/Shaders/Private/ShaderPrint.ush" 2152
"../../../Engine/Shaders/Private/ShaderPrintCommon.ush" 2153
"../../../Engine/Shaders/Private/MiniFontCommon.ush" 2154
"../../../Engine/Shaders/Private/SGGX.ush" 2155
"../../../Engine/Shaders/Private/MaterialCache/MaterialCacheCommon.ush" 2156
"../../../Engine/Shaders/Private/Nanite/NaniteVertexDeformation.ush" 2157
"../../../Engine/Shaders/Private/Matrices.ush" 2158
"../../../Engine/Shaders/Private/ParticleSpriteVertexFactory.ush" 2159
"../../../Engine/Shaders/Private/ParticleGPUSpriteVertexFactory.ush" 2160
"../../../Engine/Shaders/Private/ParticleSimulationCommon.ush" 2161
"../../../Engine/Shaders/Private/ParticleBeamTrailVertexFactory.ush" 2162
"../../../Engine/Shaders/Private/MeshParticleVertexFactory.ush" 2163
"../../../Engine/Shaders/Private/LocalVertexFactory.ush" 2164
"../../../Engine/Shaders/Private/GpuSkinVertexFactory.ush" 2165
"../../../Engine/Shaders/Private/GeometryCollectionVertexFactory.ush" 2166
"../../../Engine/Shaders/Private/GeometryCacheVertexFactory.ush" 2167
"../../../Engine/Shaders/Private/LandscapeVertexFactory.ush" 2168
"../../../Engine/Plugins/NNE/NNEDenoiser/Shaders/NNEDenoiserShadersTransferFunctionOidn.usf" 2169
"../../../Engine/Plugins/NNE/NNEDenoiser/Shaders/NNEDenoiserShadersMappedCopy.usf" 2170
"../../../Engine/Plugins/NNE/NNEDenoiser/Shaders/NNEDenoiserShadersDefaultIOProcess.usf" 2171
"../../../Engine/Plugins/NNE/NNEDenoiser/Shaders/NNEDenoiserShadersAutoExposureReduceFinal.usf" 2172
"../../../Engine/Plugins/NNE/NNEDenoiser/Shaders/NNEDenoiserShadersAutoExposureReduce.usf" 2173
"../../../Engine/Plugins/NNE/NNEDenoiser/Shaders/NNEDenoiserShadersAutoExposureDownsample.usf" 2174
"../../../Engine/Plugins/Enterprise/GLTFExporter/Shaders/Private/SimpleTexture2DPS.usf" 2175
"../../../Engine/Shaders/Private/SimpleElementNormalMapPixelShader.usf" 2176
"../../../Engine/Plugins/Runtime/HairStrands/Shaders/Private/NiagaraCopyVelocityGrid.usf" 2177
"../../../Engine/Plugins/Runtime/HairStrands/Shaders/Private/NiagaraClearVelocityGrid.usf" 2178
"../../../Engine/Plugins/Runtime/HairStrands/Shaders/Private/NiagaraClearPressureGrid.usf" 2179
"../../../Engine/Plugins/Runtime/HairStrands/Shaders/Private/NiagaraInterpolateGroomGuides.usf" 2180
"../../../Engine/Plugins/Runtime/HairStrands/Shaders/Private/NiagaraGroomInterpolationUtils.ush" 2181
"../../../Engine/Plugins/FX/Niagara/Shaders/Private/NiagaraQuaternionUtils.ush" 2182
"../../../Engine/Shaders/Private/HairStrands/HairStrandsMesh.usf" 2183
"../../../Engine/Shaders/Private/HairStrands/HairStrandsBindingCommon.ush" 2184
"../../../Engine/Shaders/Private/HairStrands/HairStrandsFollicleMask.usf" 2185
"../../../Engine/Shaders/Private/HairStrands/HairStrandsSkinUpdate.usf" 2186
"../../../Engine/Shaders/Private/HairStrands/HairStrandsClusterCulling.usf" 2187
"../../../Engine/Shaders/Private/ColorMap.ush" 2188
"../../../Engine/Shaders/Private/HairStrands/HairStrandsAABBCommon.ush" 2189
"../../../Engine/Shaders/Private/HairStrands/HairStrandsClusterCommon.ush" 2190
"../../../Engine/Shaders/Private/ThreadGroupPrefixSum.ush" 2191
"../../../Engine/Shaders/Private/HairStrands/HairStrandsRaytracingGeometry.usf" 2192
"../../../Engine/Shaders/Private/HairStrands/HairStrandsTangent.usf" 2193
"../../../Engine/Shaders/Private/HairStrands/HairCardsDeformation.usf" 2194
"../../../Engine/Shaders/Private/HairStrands/HairStrandsInterpolation.usf" 2195
"../../../Engine/Shaders/Private/HairStrands/HairStrandsGuideDeform.usf" 2196
"../../../Engine/Shaders/Private/HairStrands/HairStrandsTexturesGeneration.usf" 2197
"../../../Engine/Shaders/Private/HairStrands/HairCardsTextureCommon.ush" 2198
"../../../Engine/Shaders/Private/HairStrands/HairStrandsTranscode.usf" 2199
"../../../Engine/Shaders/Private/HairStrands/HairStrandsDebug.usf" 2200
"../../../Engine/Shaders/Private/HairShadingCommon.ush" 2201
"../../../Engine/Shaders/Private/PostProcessCommon.ush" 2202
"../../../Engine/Shaders/Private/ShadingModels.ush" 2203
"../../../Engine/Shaders/Private/CapsuleLight.ush" 2204
"../../../Engine/Shaders/Private/RectLight.ush" 2205
"../../../Engine/Shaders/Private/LightData.ush" 2206
"../../../Engine/Shaders/Shared/LightDefinitions.h" 2207
"../../../Engine/Shaders/Private/AreaLightCommon.ush" 2208
"../../../Engine/Shaders/Private/HairBsdf.ush" 2209
"../../../Engine/Shaders/Private/PathTracing/Utilities/PathTracingRandomSequence.ush" 2210
"../../../Engine/Shaders/Private/MobileGGX.ush" 2211
"../../../Engine/Shaders/Private/HairStrands/HairStrandsCommon.ush" 2212
"../../../Engine/Shaders/Private/HairStrands/HairStrandsEnvironmentLightingCommon.ush" 2213
"../../../Engine/Shaders/Private/HairStrands/HairStrandsDeepTransmittanceCommon.ush" 2214
"../../../Engine/Shaders/Private/HairStrands/HairStrandsDeepTransmittanceDualScattering.ush" 2215
"../../../Engine/Shaders/Private/HairStrands/HairStrandsDeepShadowCommon.ush" 2216
"../../../Engine/Shaders/Private/HairStrands/HairStrandsDebugCommonStruct.ush" 2217
"../../../Engine/Plugins/FX/Niagara/Shaders/Private/NiagaraVertexFactoryExport.usf" 2218
"../../../Engine/Shaders/Private/ComputeShaderUtils.ush" 2219
"../../../Engine/Shaders/Private/MaterialTemplate.ush" 2220
"../../../Engine/Shaders/Private/WorldSpaceMath.ush" 2221
"../../../Engine/Shaders/Private/EyeAdaptationCommon.ush" 2222
"../../../Engine/Shaders/Private/SobolRandom.ush" 2223
"../../../Engine/Shaders/Private/DepthOfFieldCommon.ush" 2224
"../../../Engine/Shaders/Private/CircleDOFCommon.ush" 2225
"../../../Engine/Shaders/Private/DistanceField/GlobalDistanceFieldShared.ush" 2226
"../../../Engine/Shaders/Private/PhysicsFieldSampler.ush" 2227
"../../../Engine/Shaders/Private/PhysicsFieldShared.ush" 2228
"../../../Engine/Shaders/Private/SparseVolumeTexture/SparseVolumeTextureCommon.ush" 2229
"../../../Engine/Shaders/Shared/EnvironmentComponentsFlags.h" 2230
"../../../Engine/Shaders/Private/MeshPaintTextureCommon.ush" 2231
"../../../Engine/Shaders/Private/VirtualTextureMaterial.ush" 2232
"../../../Engine/Shaders/Private/MaterialCache/MaterialCacheMaterialCommon.ush" 2233
"../../../Engine/Shaders/Private/Quantization.ush" 2234
"../../../Engine/Shaders/Private/SpeedTreeCommon.ush" 2235
"../../../Engine/Shaders/Private/VirtualTextureCommon.ush" 2236
"../../../Engine/Shaders/Public/IndirectVirtualTextureCommon.ush" 2237
"../../../Engine/Shaders/Private/MaterialTexture.ush" 2238
"../../../Engine/Shaders/Private/MinMaterialTexCoords.ush" 2239
"../../../Engine/Shaders/Private/SkyAtmosphereCommon.ush" 2240
"../../../Engine/Shaders/Private/SingleLayerWaterCommon.ush" 2241
"../../../Engine/Shaders/Private/TextureSampling.ush" 2242
"../../../Engine/Shaders/Private/PaniniProjection.ush" 2243
"../../../Engine/Shaders/Private/DBufferNormalReprojection.ush" 2244
"../../../Engine/Shaders/Public/SubstratePublic.ush" 2245
"../../../Engine/Shaders/Private/Substrate/SubstrateRead.ush" 2246
"../../../Engine/Shaders/Private/Substrate/SubstrateTree.ush" 2247
"../../../Engine/Shaders/Private/Substrate/SubstrateEvaluation.ush" 2248
"../../../Engine/Shaders/Private/Substrate/Glint/GlintThirdParty.ush" 2249
"../../../Engine/Shaders/Private/BlueNoise.ush" 2250
"../../../Engine/Shaders/Private/SHCommon.ush" 2251
"../../../Engine/Shaders/Private/ShadingModelsSampling.ush" 2252
"../../../Engine/Shaders/Private/HairStrands/HairBsdfSample.ush" 2253
"../../../Engine/Shaders/Private/Substrate/SubstrateLegacyConversion.ush" 2254
"../../../Engine/Shaders/Private/DBufferDecalShared.ush" 2255
"../../../Engine/Plugins/FX/Niagara/Shaders/Private/NiagaraSortKeyGen.usf" 2256
"../../../Engine/Plugins/FX/Niagara/Shaders/Private/NiagaraGPURayTracingTransforms.usf" 2257
"../../../Engine/Plugins/FX/Niagara/Shaders/Private/NiagaraDrawIndirectArgsGen.usf" 2258
"../../../Engine/Plugins/FX/Niagara/Shaders/Private/NiagaraDispatchIndirectArgsGen.usf" 2259
"../../../Engine/Plugins/FX/Niagara/Shaders/Private/Stateless/NiagaraStatelessSimulationDefault.usf" 2260
"../../../Engine/Plugins/FX/Niagara/Shaders/Private/Stateless/NiagaraStatelessCommon.ush" 2261
"../../../Engine/Plugins/FX/Niagara/Shaders/Shared/NiagaraStatelessDefinitions.h" 2262
"../../../Engine/Plugins/FX/Niagara/Shaders/Shared/NiagaraStatelessBuiltDistribution.h" 2263
"../../../Engine/Plugins/FX/Niagara/Shaders/Private/Stateless/NiagaraStatelessDistribution.ush" 2264
"../../../Engine/Plugins/FX/Niagara/Shaders/Private/Stateless/Template/GenerateCS_PreModules.ush" 2265
"../../../Engine/Plugins/FX/Niagara/Shaders/Private/Stateless/Modules/NiagaraStatelessModule_CalculateAccurateVelocity.ush" 2266
"../../../Engine/Plugins/FX/Niagara/Shaders/Private/Stateless/Modules/NiagaraStatelessModule_CameraOffset.ush" 2267
"../../../Engine/Plugins/FX/Niagara/Shaders/Private/Stateless/Modules/NiagaraStatelessModule_DynamicMaterialParameters.ush" 2268
"../../../Engine/Plugins/FX/Niagara/Shaders/Private/Stateless/Modules/NiagaraStatelessModule_InitializeParticle.ush" 2269
"../../../Engine/Plugins/FX/Niagara/Shaders/Private/Stateless/Modules/NiagaraStatelessModule_InitialMeshOrientation.ush" 2270
"../../../Engine/Plugins/FX/Niagara/Shaders/Private/Stateless/Modules/NiagaraStatelessModule_MeshIndex.ush" 2271
"../../../Engine/Plugins/FX/Niagara/Shaders/Private/Stateless/Modules/NiagaraStatelessModule_MeshRotationRate.ush" 2272
"../../../Engine/Plugins/FX/Niagara/Shaders/Private/Stateless/Modules/NiagaraStatelessModule_RotateAroundPoint.ush" 2273
"../../../Engine/Plugins/FX/Niagara/Shaders/Private/Stateless/Modules/NiagaraStatelessModule_ShapeLocation.ush" 2274
"../../../Engine/Plugins/FX/Niagara/Shaders/Private/Stateless/Modules/NiagaraStatelessModule_ScaleColor.ush" 2275
"../../../Engine/Plugins/FX/Niagara/Shaders/Private/Stateless/Modules/NiagaraStatelessModule_ScaleRibbonWidth.ush" 2276
"../../../Engine/Plugins/FX/Niagara/Shaders/Private/Stateless/Modules/NiagaraStatelessModule_ScaleSpriteSize.ush" 2277
"../../../Engine/Plugins/FX/Niagara/Shaders/Private/Stateless/Modules/NiagaraStatelessModule_ScaleSpriteSizeBySpeed.ush" 2278
"../../../Engine/Plugins/FX/Niagara/Shaders/Private/Stateless/Modules/NiagaraStatelessModule_ScaleMeshSize.ush" 2279
"../../../Engine/Plugins/FX/Niagara/Shaders/Private/Stateless/Modules/NiagaraStatelessModule_ScaleMeshSizebySpeed.ush" 2280
"../../../Engine/Plugins/FX/Niagara/Shaders/Private/Stateless/Modules/NiagaraStatelessModule_SolveVelocitiesAndForces.ush" 2281
"../../../Engine/Plugins/FX/Niagara/Shaders/Private/Stateless/Modules/NiagaraStatelessModule_SpriteFacingAndAlignment.ush" 2282
"../../../Engine/Plugins/FX/Niagara/Shaders/Private/Stateless/Modules/NiagaraStatelessModule_SpriteRotationRate.ush" 2283
"../../../Engine/Plugins/FX/Niagara/Shaders/Private/Stateless/Modules/NiagaraStatelessModule_SubUVAnimation.ush" 2284
"../../../Engine/Plugins/FX/Niagara/Shaders/Private/Stateless/Template/GenerateCS_PostModules.ush" 2285
"../../../Engine/Plugins/FX/Niagara/Shaders/Private/NiagaraBlendSVTsToDenseBuffer.usf" 2286
"../../../Engine/Plugins/FX/Niagara/Shaders/Private/NiagaraSVTToDenseBuffer.usf" 2287
"../../../Engine/Plugins/FX/Niagara/Shaders/Private/NiagaraFillIntBuffer.usf" 2288
"../../../Engine/Plugins/FX/Niagara/Shaders/Private/NiagaraComputeFreeIDs.usf" 2289
"../../../Engine/Plugins/FX/Niagara/Shaders/Private/NiagaraInitFreeIDBuffer.usf" 2290
"../../../Engine/Plugins/FX/Niagara/Shaders/Private/NiagaraEmitterInstanceShader.usf" 2291
"../../../Engine/Plugins/FX/Niagara/Shaders/Private/NiagaraShaderVersion.ush" 2292
"../../../Engine/Plugins/FX/Niagara/Shaders/Private/NiagaraPhysicsCommon.ush" 2293
"../../../Engine/Plugins/FX/Niagara/Shaders/Private/Ribbons/NiagaraRibbonAggregationApply.usf" 2294
"../../../Engine/Plugins/FX/Niagara/Shaders/Private/Ribbons/NiagaraRibbonCommon.ush" 2295
"../../../Engine/Plugins/FX/Niagara/Shaders/Shared/NiagaraRibbonShared.h" 2296
"../../../Engine/Plugins/FX/Niagara/Shaders/Private/Ribbons/NiagaraRibbonAggregationStep.usf" 2297
"../../../Engine/Plugins/FX/Niagara/Shaders/Private/Ribbons/NiagaraRibbonGenerateIndices.usf" 2298
"../../../Engine/Plugins/FX/Niagara/Shaders/Private/Ribbons/NiagaraRibbonInitializeIndices.usf" 2299
"../../../Engine/Plugins/FX/Niagara/Shaders/Private/Ribbons/NiagaraRibbonRibbonUVParamCalculation.usf" 2300
"../../../Engine/Plugins/FX/Niagara/Shaders/Private/Ribbons/NiagaraRibbonVertexReductionFinalization.usf" 2301
"../../../Engine/Plugins/FX/Niagara/Shaders/Private/Ribbons/NiagaraRibbonVertexReductionInitialization.usf" 2302
"../../../Engine/Plugins/FX/Niagara/Shaders/Private/Ribbons/NiagaraRibbonSortParticles.usf" 2303
"../../../Engine/Plugins/FX/Niagara/Shaders/Private/NiagaraLWCHelper.usf" 2304
"../../../Engine/Plugins/FX/Niagara/Shaders/Private/NiagaraUpdateMeshGPUSceneInstances.usf" 2305
"../../../Engine/Shaders/Private/GPUScene/GPUSceneWriter.ush" 2306
"../../../Engine/Plugins/FX/Niagara/Shaders/Private/NiagaraGenerateMips.usf" 2307
"../../../Engine/Plugins/FX/Niagara/Shaders/Private/NiagaraDebugDraw.usf" 2308
"../../../Engine/Plugins/FX/Niagara/Shaders/Private/NiagaraDebugDraw.ush" 2309
"../../../Engine/Plugins/FX/Niagara/Shaders/Private/NiagaraVisualizeTexture.usf" 2310
"../../../Engine/Plugins/FX/Niagara/Shaders/Private/NiagaraClearCounts.usf" 2311
"../../../Engine/Plugins/FX/Niagara/Shaders/Private/NiagaraBatchedElements.usf" 2312
"../../../Engine/Plugins/FX/Niagara/Shaders/Private/NiagaraRayTracingShaders.usf" 2313
"../../../Engine/Plugins/FX/Niagara/Shaders/Private/NiagaraAsyncGpuTraceCommon.ush" 2314
"../../../Engine/Shaders/Private/HashTable.ush" 2315
"../../../Engine/Shaders/Private/Hash.ush" 2316
"../../../Engine/Shaders/Private/RayTracing/VFXTraceRay.ush" 2317
"../../../Engine/Plugins/FX/Niagara/Shaders/Private/NiagaraRayMarchingShaders.usf" 2318
"../../../Engine/Plugins/FX/Niagara/Shaders/Private/NiagaraRayTraceCollisionGroupShaders.usf" 2319
"../../../Engine/Plugins/FX/Niagara/Shaders/Private/NiagaraAsyncGpuTraceUtils.usf" 2320
"../../../Engine/Plugins/Runtime/ComputeFramework/Shaders/Private/ComputeKernel.usf" 2321
"../../../Engine/Plugins/Runtime/ComputeFramework/Shaders/Private/ComputeKernelCommon.ush" 2322
"../../../Engine/Plugins/Media/WmfMedia/Shaders/Private/MediaHardwareVideoDecoding.usf" 2323
"../../../Engine/Shaders/Private/ColorUtils.ush" 2324
"../../../Engine/Plugins/Media/ImgMedia/Shaders/Private/ExrSwizzler.usf" 2325
"../../../Engine/Plugins/Experimental/NFORDenoise/Shaders/NFORDenoise.usf" 2326
"../../../Engine/Shaders/Private/ScreenPass.ush" 2327
"../../../Engine/Plugins/Experimental/NFORDenoise/Shaders/NFORRegressionCommon.ush" 2328
"../../../Engine/Plugins/Experimental/NFORDenoise/Shaders/NFORRegression.ush" 2329
"../../../Engine/Plugins/Compositing/CompositeCore/Shaders/Private/CompositeCoreMerge.usf" 2330
"../../../Engine/Shaders/Private/LensDistortion.ush" 2331
"../../../Engine/Plugins/Compositing/CompositeCore/Shaders/Private/CompositeCoreBlending.ush" 2332
"../../../Engine/Plugins/Compositing/CompositeCore/Shaders/Private/CompositeCoreDisplayTransform.usf" 2333
"../../../Engine/Plugins/Compositing/CompositeCore/Shaders/Private/CompositeCoreDilate.usf" 2334
"../../../Engine/Shaders/Private/VirtualTextureAdapter.usf" 2335
"../../../Engine/Shaders/Private/BlockCompressionCommon.ush" 2336
"../../../Engine/Shaders/Private/BCCompressionCommon.ush" 2337
"../../../Engine/Shaders/Private/TranslucentLightingShaders.usf" 2338
"../../../Engine/Shaders/Private/TranslucencyVolumeInjectionCommon.ush" 2339
"../../../Engine/Shaders/Private/CubemapCommon.ush" 2340
"../../../Engine/Shaders/Private/VectorFieldCompositeShaders.usf" 2341
"../../../Engine/Shaders/Private/UpdateTextureShaders.usf" 2342
"../../../Engine/Shaders/Private/StereoLayerShader.usf" 2343
"../../../Engine/Shaders/Private/SparseVolumeTexture/UpdateSparseVolumeTexture.usf" 2344
"../../../Engine/Shaders/Private/MorphTargets.usf" 2345
"../../../Engine/Shaders/Private/SimpleElementColorChannelMaskPixelShader.usf" 2346
"../../../Engine/Shaders/Private/SimpleElementHitProxyPixelShader.usf" 2347
"../../../Engine/Shaders/Private/SimpleElementPixelShader.usf" 2348
"../../../Engine/Shaders/Private/IESLightProfilesCommon.ush" 2349
"../../../Engine/Shaders/Private/SimpleElementVertexShader.usf" 2350
"../../../Engine/Shaders/Private/ScreenPixelShaderOES.usf" 2351
"../../../Engine/Shaders/Private/ScreenVertexShader.usf" 2352
"../../../Engine/Shaders/Private/ScreenPixelShader.usf" 2353
"../../../Engine/Shaders/Private/SSProfilePreIntegratedMobile.usf" 2354
"../../../Engine/Shaders/Private/SpecularProfile.usf" 2355
"../../../Engine/Shaders/Private/Nanite/NaniteStreaming.usf" 2356
"../../../Engine/Shaders/Private/Nanite/NaniteStreaming.ush" 2357
"../../../Engine/Shaders/Private/VolumetricLightmapStreaming.usf" 2358
"../../../Engine/Shaders/Private/PhysicsFieldReset.usf" 2359
"../../../Engine/Shaders/Private/PhysicsFieldBuilder.usf" 2360
"../../../Engine/Shaders/Private/PhysicsFieldEval.ush" 2361
"../../../Engine/Shaders/Private/ParticleSortKeyGen.usf" 2362
"../../../Engine/Shaders/Private/ParticleBoundsShader.usf" 2363
"../../../Engine/Shaders/Private/ParticleSimVisualizeShader.usf" 2364
"../../../Engine/Shaders/Private/ParticleInjectionShader.usf" 2365
"../../../Engine/Shaders/Private/ParticleSimulationShader.usf" 2366
"../../../Engine/Shaders/Private/ParticleCurveInjectionShader.usf" 2367
"../../../Engine/Shaders/Private/Nanite/NaniteTranscode.usf" 2368
"../../../Engine/Shaders/Private/Nanite/NaniteScatterUpdates.usf" 2369
"../../../Engine/Shaders/Private/CopyUIntBuffer.usf" 2370
"../../../Engine/Shaders/Private/RadixSortShaders.usf" 2371
"../../../Engine/Shaders/Private/RecomputeTangentsPerVertexPass.usf" 2372
"../../../Engine/Shaders/Private/RecomputeTangentsCommon.ush" 2373
"../../../Engine/Shaders/Private/RecomputeTangentsPerTrianglePass.usf" 2374
"../../../Engine/Shaders/Private/DynamicMeshBounds.usf" 2375
"../../../Engine/Shaders/Private/GpuSkinCacheComputeShader.usf" 2376
"../../../Engine/Shaders/Private/DynamicMeshBounds.ush" 2377
"../../../Engine/Shaders/Private/HeightFieldAtlasManagement.usf" 2378
"../../../Engine/Shaders/Private/Landscape/LandscapeEditLayersUtils.usf" 2379
"../../../Engine/Shaders/Private/Landscape/LandscapeCommon.ush" 2380
"../../../Engine/Shaders/Private/Landscape/LandscapeEditLayersWeightmaps.usf" 2381
"../../../Engine/Shaders/Private/Landscape/LandscapeEditLayersHeightmaps.usf" 2382
"../../../Engine/Shaders/Private/LandscapeLayersPS.usf" 2383
"../../../Engine/Shaders/Private/LandscapePhysicalMaterial.usf" 2384
"../../../Engine/Shaders/Private/LandscapeGrassWeight.usf" 2385
"../../../Engine/Shaders/Private/Landscape/LandscapeCulling.usf" 2386
"../../../Engine/Shaders/Private/Nanite/NaniteHZBCull.ush" 2387
"../../../Engine/Shaders/Private/HZB.ush" 2388
"../../../Engine/Shaders/Private/Landscape/LandscapeMergeTexturesPS.usf" 2389
"../../../Engine/Shaders/Private/WideCustomResolveShaders.usf" 2390
"../../../Engine/Shaders/Private/WideCustomResolve_Wide.ush" 2391
"../../../Engine/Shaders/Private/WideCustomResolve_Wider.ush" 2392
"../../../Engine/Shaders/Private/WideCustomResolve_Widest.ush" 2393
"../../../Engine/Shaders/Private/WaterInfoTextureBlur.usf" 2394
"../../../Engine/Shaders/Private/WaterInfoTextureMerge.usf" 2395
"../../../Engine/Shaders/Private/PageTableUpdate.usf" 2396
"../../../Engine/Shaders/Private/VirtualTextureCompress.usf" 2397
"../../../Engine/Shaders/Private/ASTCCompressionCommon.ush" 2398
"../../../Engine/Shaders/Private/IntegerSequenceEncoding.ush" 2399
"../../../Engine/Shaders/Private/ETCCompressionCommon.ush" 2400
"../../../Engine/Shaders/Private/VirtualTextureMaterial.usf" 2401
"../../../Engine/Shaders/Private/PixelShaderOutputCommon.ush" 2402
"../../../Engine/Shaders/Private/ShaderOutputCommon.ush" 2403
"../../../Engine/Shaders/Private/VolumetricRenderTarget.usf" 2404
"../../../Engine/Shaders/Private/HeightFogCommon.ush" 2405
"../../../Engine/Shaders/Private/LocalFogVolumes/LocalFogVolumeCommon.ush" 2406
"../../../Engine/Shaders/Private/ReflectionEnvironmentShared.ush" 2407
"../../../Engine/Shaders/Private/VolumetricFogVoxelization.usf" 2408
"../../../Engine/Shaders/Private/VolumetricCloudMaterialPixelCommon.ush" 2409
"../../../Engine/Shaders/Private/VolumetricFogLightFunction.usf" 2410
"../../../Engine/Shaders/Private/LightFunctionCommon.ush" 2411
"../../../Engine/Shaders/Private/VolumetricFog.usf" 2412
"../../../Engine/Shaders/Private/DeferredLightingCommon.ush" 2413
"../../../Engine/Shaders/Private/DynamicLightingCommon.ush" 2414
"../../../Engine/Shaders/Private/CapsuleLightIntegrate.ush" 2415
"../../../Engine/Shaders/Private/CapsuleLightSampling.ush" 2416
"../../../Engine/Shaders/Private/RectLightIntegrate.ush" 2417
"../../../Engine/Shaders/Private/ScreenSpaceShadowRayCast.ush" 2418
"../../../Engine/Shaders/Private/LightFunctionAtlas/LightFunctionAtlasCommon.usf" 2419
"../../../Engine/Shaders/Private/LightGridCommon.ush" 2420
"../../../Engine/Shaders/Private/DistanceFieldAOShared.ush" 2421
"../../../Engine/Shaders/Private/IntersectionUtils.ush" 2422
"../../../Engine/Shaders/Private/VolumeLightingCommon.ush" 2423
"../../../Engine/Shaders/Private/ShadowProjectionCommon.ush" 2424
"../../../Engine/Shaders/Private/ShadowFilteringCommon.ush" 2425
"../../../Engine/Shaders/Private/PixelQuadMessagePassing.ush" 2426
"../../../Engine/Shaders/Private/VolumeLightingCommonSampling.ush" 2427
"../../../Engine/Shaders/Private/VolumetricLightmapShared.ush" 2428
"../../../Engine/Shaders/Private/ForwardShadowingCommon.ush" 2429
"../../../Engine/Shaders/Private/LightDataUniforms.ush" 2430
"../../../Engine/Shaders/Private/Lumen/LumenTranslucencyVolumeShared.ush" 2431
"../../../Engine/Shaders/Private/Lumen/LumenRadianceCacheInterpolation.ush" 2432
"../../../Engine/Shaders/Private/VirtualShadowMaps/VirtualShadowMapProjectionCommon.ush" 2433
"../../../Engine/Shaders/Private/VirtualShadowMaps/VirtualShadowMapPageAccessCommon.ush" 2434
"../../../Engine/Shaders/Shared/VirtualShadowMapDefinitions.h" 2435
"../../../Engine/Shaders/Shared/HLSLMathAliases.h" 2436
"../../../Engine/Shaders/Private/VirtualShadowMaps/VirtualShadowMapHandle.ush" 2437
"../../../Engine/Shaders/Private/VirtualShadowMaps/VirtualShadowMapProjectionStructs.ush" 2438
"../../../Engine/Shaders/Private/DiaphragmDOF/DOFCommon.ush" 2439
"../../../Engine/Shaders/Private/VolumetricCloudCommon.ush" 2440
"../../../Engine/Shaders/Private/VolumetricCloud.usf" 2441
"../../../Engine/Shaders/Private/VisualizeVolumetricLightmap.usf" 2442
"../../../Engine/Shaders/Private/VirtualShadowMaps/VirtualShadowMapProjectionComposite.usf" 2443
"../../../Engine/Shaders/Private/LightShaderParameters.ush" 2444
"../../../Engine/Shaders/Private/VirtualShadowMaps/VirtualShadowMapMaskBitsCommon.ush" 2445
"../../../Engine/Shaders/Private/VirtualShadowMaps/VirtualShadowMapLightGrid.ush" 2446
"../../../Engine/Shaders/Private/VirtualShadowMaps/VirtualShadowMapProjection.usf" 2447
"../../../Engine/Shaders/Private/Visualization.ush" 2448
"../../../Engine/Shaders/Private/VirtualShadowMaps/VirtualShadowMapProjectionFilter.ush" 2449
"../../../Engine/Shaders/Private/VirtualShadowMaps/VirtualShadowMapProjectionDirectional.ush" 2450
"../../../Engine/Shaders/Private/VirtualShadowMaps/VirtualShadowMapSMRTCommon.ush" 2451
"../../../Engine/Shaders/Private/VirtualShadowMaps/VirtualShadowMapSMRTTemplate.ush" 2452
"../../../Engine/Shaders/Private/VirtualShadowMaps/VirtualShadowMapProjectionSpot.ush" 2453
"../../../Engine/Shaders/Private/VirtualShadowMaps/VirtualShadowMapTransmissionCommon.ush" 2454
"../../../Engine/Shaders/Private/VirtualShadowMaps/VirtualShadowMapScreenRayTrace.ush" 2455
"../../../Engine/Shaders/Private/VirtualShadowMaps/VirtualShadowMapStats.ush" 2456
"../../../Engine/Shaders/Private/HairStrands/HairStrandsVoxelPageCommon.ush" 2457
"../../../Engine/Shaders/Private/HairStrands/HairStrandsVoxelPageTraversal.ush" 2458
"../../../Engine/Shaders/Private/VirtualShadowMaps/VirtualShadowMapCacheGPUInvalidation.usf" 2459
"../../../Engine/Shaders/Private/VirtualShadowMaps/VirtualShadowMapPageCacheCommon.ush" 2460
"../../../Engine/Shaders/Private/VirtualShadowMaps/VirtualShadowMapCacheInvalidation.ush" 2461
"../../../Engine/Shaders/Private/VirtualShadowMaps/VirtualShadowMapPageOverlap.ush" 2462
"../../../Engine/Shaders/Private/ScreenSpaceDenoise/SSDDefinitions.ush" 2463
"../../../Engine/Shaders/Private/InstanceCulling/InstanceCullingLoadBalancer.ush" 2464
"../../../Engine/Shaders/Private/VirtualShadowMaps/VirtualShadowMapCacheLoadBalancer.usf" 2465
"../../../Engine/Shaders/Private/VirtualShadowMaps/VirtualShadowMapCopyStats.usf" 2466
"../../../Engine/Shaders/Private/VirtualShadowMaps/VirtualShadowMapShadowCasterBounds.usf" 2467
"../../../Engine/Shaders/Private/VirtualShadowMaps/VirtualShadowMapVisualize.ush" 2468
"../../../Engine/Shaders/Private/VirtualShadowMaps/VirtualShadowMapShadowCasterColor.usf" 2469
"../../../Engine/Shaders/Private/VirtualShadowMaps/VirtualShadowMapDebug.usf" 2470
"../../../Engine/Shaders/Private/VirtualShadowMaps/Desaturate.usf" 2471
"../../../Engine/Shaders/Private/VirtualShadowMaps/VirtualShadowMapPhysicalPageManagement.usf" 2472
"../../../Engine/Shaders/Private/ReductionCommon.ush" 2473
"../../../Engine/Shaders/Private/GPUMessaging.ush" 2474
"../../../Engine/Shaders/Private/VirtualShadowMaps/VirtualShadowMapPerPageDispatch.ush" 2475
"../../../Engine/Shaders/Private/VirtualShadowMaps/VirtualShadowMapComputeExplicitChunkDrawsViewMask.usf" 2476
"../../../Engine/Shaders/Shared/SceneCullingDefinitions.h" 2477
"../../../Engine/Shaders/Private/VirtualShadowMaps/VirtualShadowMapCompactViews.usf" 2478
"../../../Engine/Shaders/Private/VirtualShadowMaps/VirtualShadowMapBuildPerPageDrawCommands.usf" 2479
"../../../Engine/Shaders/Private/Nanite/NaniteCullingCommon.ush" 2480
"../../../Engine/Shaders/Private/Nanite/NaniteCulling.ush" 2481
"../../../Engine/Shaders/Private/Nanite/NaniteHierarchyTraversalCommon.ush" 2482
"../../../Engine/Shaders/Private/InstanceCulling/InstanceCullingCommon.ush" 2483
"../../../Engine/Shaders/Shared/InstanceCullingDefinitions.h" 2484
"../../../Engine/Shaders/Private/VirtualShadowMaps/VirtualShadowMapPrintStats.usf" 2485
"../../../Engine/Shaders/Private/VirtualShadowMaps/VirtualShadowMapPageManagement.usf" 2486
"../../../Engine/Shaders/Private/VirtualShadowMaps/VirtualShadowMapPageMarking.usf" 2487
"../../../Engine/Shaders/Private/VirtualShadowMaps/VirtualShadowMapPageMarking.ush" 2488
"../../../Engine/Shaders/Shared/SingleLayerWaterDefinitions.h" 2489
"../../../Engine/Shaders/Private/HairStrands/HairStrandsTileCommon.ush" 2490
"../../../Engine/Shaders/Private/Froxel/Froxel.ush" 2491
"../../../Engine/Shaders/Shared/FroxelDefinitions.h" 2492
"../../../Engine/Shaders/Private/VirtualShadowMaps/VirtualShadowMapThrottle.usf" 2493
"../../../Engine/Shaders/Private/VelocityUpdate.usf" 2494
"../../../Engine/Shaders/Private/VelocityCommon.ush" 2495
"../../../Engine/Shaders/Private/VelocityShader.usf" 2496
"../../../Engine/Shaders/Private/VariableRateShading/VRSShadingRatePreview.usf" 2497
"../../../Engine/Shaders/Private/VariableRateShading/VRSShadingRateCommon.ush" 2498
"../../../Engine/Shaders/Private/VariableRateShading/VRSShadingRateCombine.usf" 2499
"../../../Engine/Shaders/Private/VariableRateShading/VRSShadingRateFoveated.usf" 2500
"../../../Engine/Shaders/Private/VariableRateShading/VRSShadingRateReproject.usf" 2501
"../../../Engine/Shaders/Private/VariableRateShading/VRSShadingRateCalculate.usf" 2502
"../../../Engine/Shaders/Private/TranslucencyUpsampling.usf" 2503
"../../../Engine/Shaders/Private/ComposeSeparateTranslucency.usf" 2504
"../../../Engine/Shaders/Private/SeparateTranslucency.ush" 2505
"../../../Engine/Shaders/Private/TranslucencyVolumeVisualize.usf" 2506
"../../../Engine/Shaders/Private/TranslucencyVolumeCommon.ush" 2507
"../../../Engine/Shaders/Private/TranslucentLightInjectionShaders.usf" 2508
"../../../Engine/Shaders/Private/HeterogeneousVolumes/HeterogeneousVolumesAdaptiveVolumetricShadowMapSampling.ush" 2509
"../../../Engine/Shaders/Private/HeterogeneousVolumes/HeterogeneousVolumesAdaptiveVolumetricShadowMapUtils.ush" 2510
"../../../Engine/Shaders/Private/HeterogeneousVolumes/HeterogeneousVolumesBeerShadowMapUtils.ush" 2511
"../../../Engine/Shaders/Private/TranslucentShadowDepthShaders.usf" 2512
"../../../Engine/Shaders/Private/ShadowDepthCommon.ush" 2513
"../../../Engine/Shaders/Private/RayTracing/RayTracingTest.usf" 2514
"../../../Engine/Shaders/Private/PostprocessSubsurfaceTile.usf" 2515
"../../../Engine/Shaders/Private/PostProcessSubsurfaceCommon.ush" 2516
"../../../Engine/Shaders/Private/Substrate/SubstrateVisualize.usf" 2517
"../../../Engine/Shaders/Private/Substrate/SubstrateTile.ush" 2518
"../../../Engine/Shaders/Shared/SubstrateVisualizeDefinitions.h" 2519
"../../../Engine/Shaders/Private/Substrate/SubstrateVisualizeCommon.ush" 2520
"../../../Engine/Shaders/Private/SkyLightingDiffuseShared.ush" 2521
"../../../Engine/Shaders/Private/SkyLightingShared.ush" 2522
"../../../Engine/Shaders/Private/ClearCoatCommon.ush" 2523
"../../../Engine/Shaders/Private/ReflectionEnvironmentComposite.ush" 2524
"../../../Engine/Shaders/Private/Substrate/SubstrateLightingCommon.ush" 2525
"../../../Engine/Shaders/Private/Substrate/SubstrateRoughRefraction.usf" 2526
"../../../Engine/Shaders/Private/PathTracing/Material/PathTracingFresnel.ush" 2527
"../../../Engine/Shaders/Private/PathTracing/Material/PathTracingGlossy.ush" 2528
"../../../Engine/Shaders/Private/Substrate/SubstrateMaterialSampling.usf" 2529
"../../../Engine/Shaders/Private/Substrate/SubstrateMaterialSampling.ush" 2530
"../../../Engine/Shaders/Private/Lumen/LumenPosition.ush" 2531
"../../../Engine/Shaders/Private/Substrate/SubstrateTile.usf" 2532
"../../../Engine/Shaders/Private/Substrate/SubstrateMaterialClassification.usf" 2533
"../../../Engine/Shaders/Private/Substrate/SubstrateDBuffer.usf" 2534
"../../../Engine/Shaders/Private/StochasticLighting/StochasticLightingTileClassification.usf" 2535
"../../../Engine/Shaders/Private/Lumen/LumenMaterial.ush" 2536
"../../../Engine/Shaders/Private/HairStrands/HairStrandsVisibilityUtils.ush" 2537
"../../../Engine/Shaders/Private/Lumen/LumenReflectionCommon.ush" 2538
"../../../Engine/Shaders/Private/Lumen/LumenReflectionsCombine.ush" 2539
"../../../Engine/Shaders/Private/Lumen/LumenScreenProbeTileClassication.ush" 2540
"../../../Engine/Shaders/Private/MegaLights/MegaLightsTileClassification.ush" 2541
"../../../Engine/Shaders/Private/StochasticLighting/StochasticLightingUpsample.ush" 2542
"../../../Engine/Shaders/Private/StochasticLighting/StochasticLightingCommon.ush" 2543
"../../../Engine/Shaders/Private/SplineMeshSceneTexture.usf" 2544
"../../../Engine/Shaders/Private/SparseVolumeTexture/VisualizeSparseVolumeTexture.usf" 2545
"../../../Engine/Shaders/Private/SkyAtmosphere.usf" 2546
"../../../Engine/Shaders/Private/Nanite/NaniteSkinningUpdateViewData.usf" 2547
"../../../Engine/Shaders/Private/SceneCulling/SceneCulling.ush" 2548
"../../../Engine/Shaders/Private/Skinning/TransformProviders.usf" 2549
"../../../Engine/Shaders/Private/Skinning/SkinnedMeshDebug.usf" 2550
"../../../Engine/Shaders/Private/Skinning/AnimBankEval.usf" 2551
"../../../Engine/Shaders/Private/SingleLayerWaterComposite.usf" 2552
"../../../Engine/Shaders/Private/Froxel/FroxelBuild.ush" 2553
"../../../Engine/Shaders/Private/SingleLayerWaterRefractionCulling.usf" 2554
"../../../Engine/Shaders/Private/ScreenSpaceShadows.usf" 2555
"../../../Engine/Shaders/Private/bend_sss_gpu.ush" 2556
"../../../Engine/Shaders/Private/ShadowFactorsUpsampleCommon.ush" 2557
"../../../Engine/Shaders/Private/FirstPersonSelfShadow.usf" 2558
"../../../Engine/Shaders/Private/HZBTracing.ush" 2559
"../../../Engine/Shaders/Private/LateZDummyPS.usf" 2560
"../../../Engine/Shaders/Private/ShadowProjectionVertexShader.usf" 2561
"../../../Engine/Shaders/Private/ShadowProjectionPixelShader.usf" 2562
"../../../Engine/Shaders/Private/MobileLightingCommon.ush" 2563
"../../../Engine/Shaders/Private/PlanarReflectionShared.ush" 2564
"../../../Engine/Shaders/Private/MobileSSR.ush" 2565
"../../../Engine/Shaders/Private/SSRT/SSRTRayCast.ush" 2566
"../../../Engine/Shaders/Private/ShadowPercentageCloserFiltering.ush" 2567
"../../../Engine/Shaders/Private/TransmissionThickness.ush" 2568
"../../../Engine/Shaders/Private/CopyShadowMaps.usf" 2569
"../../../Engine/Shaders/Private/ShadowDepthPixelShader.usf" 2570
"../../../Engine/Shaders/Private/ShadowDepthVertexShader.usf" 2571
"../../../Engine/Shaders/Private/ShadingEnergyConservationTable.usf" 2572
"../../../Engine/Shaders/Shared/PathTracingDefinitions.h" 2573
"../../../Engine/Shaders/Private/ShadingFurnaceTest.usf" 2574
"../../../Engine/Shaders/Private/Substrate/SubstrateDeferredLighting.ush" 2575
"../../../Engine/Shaders/Private/ShaderPrintDraw.usf" 2576
"../../../Engine/Shaders/Private/ShaderPrintDrawPrimitive.usf" 2577
"../../../Engine/Shaders/Private/DefaultSSRTiles.usf" 2578
"../../../Engine/Shaders/Private/ScreenSpaceReflectionTileCommons.ush" 2579
"../../../Engine/Shaders/Private/SSRT/SSRTDiffuseIndirect.usf" 2580
"../../../Engine/Shaders/Private/SSRT/SSRTTileClassificationBuffer.ush" 2581
"../../../Engine/Shaders/Private/SSRT/SSRTReflections.usf" 2582
"../../../Engine/Shaders/Private/ScreenSpaceDenoise/SSDPublic.ush" 2583
"../../../Engine/Shaders/Private/SSRT/SSRTTileClassification.usf" 2584
"../../../Engine/Shaders/Private/SSRT/SSRTPrevFrameReduction.usf" 2585
"../../../Engine/Shaders/Private/ScreenSpaceDenoise/SSDComposeHarmonics.usf" 2586
"../../../Engine/Shaders/Private/ScreenSpaceDenoise/SSDPublicHarmonics.ush" 2587
"../../../Engine/Shaders/Private/ScreenSpaceDenoise/SSDSignalFramework.ush" 2588
"../../../Engine/Shaders/Private/ScreenSpaceDenoise/SSDCommon.ush" 2589
"../../../Engine/Shaders/Private/SphericalGaussian.ush" 2590
"../../../Engine/Shaders/Public/WaveBroadcastIntrinsics.ush" 2591
"../../../Engine/Shaders/Private/ScreenSpaceDenoise/SSDMetadata.ush" 2592
"../../../Engine/Shaders/Private/ScreenSpaceDenoise/SSDSignalCore.ush" 2593
"../../../Engine/Shaders/Private/ScreenSpaceDenoise/DenoisingCommon.ush" 2594
"../../../Engine/Shaders/Private/ScreenSpaceDenoise/SSDSignalArray.ush" 2595
"../../../Engine/Shaders/Private/ScreenSpaceDenoise/SSDSignalBufferEncoding.ush" 2596
"../../../Engine/Shaders/Private/ScreenSpaceDenoise/SSDPublicBufferEncoding.ush" 2597
"../../../Engine/Shaders/Private/Lumen/LumenBufferEncoding.ush" 2598
"../../../Engine/Shaders/Private/ScreenSpaceDenoise/SSDTemporalAccumulation.usf" 2599
"../../../Engine/Shaders/Private/ScreenSpaceDenoise/SSDSpatialKernel.ush" 2600
"../../../Engine/Shaders/Private/ScreenSpaceDenoise/SSDSignalAccumulatorArray.ush" 2601
"../../../Engine/Shaders/Private/ScreenSpaceDenoise/SSDSignalAccumulator.ush" 2602
"../../../Engine/Shaders/Private/ScreenSpaceDenoise/SSDSignalCompression.ush" 2603
"../../../Engine/Shaders/Private/ScreenSpaceDenoise/SSDSpatialAccumulation.usf" 2604
"../../../Engine/Shaders/Private/ScreenSpaceDenoise/SSDInjest.usf" 2605
"../../../Engine/Shaders/Private/ScreenSpaceDenoise/SSDCompressMetadata.usf" 2606
"../../../Engine/Shaders/Private/DownsampleDepthPixelShader.usf" 2607
"../../../Engine/Shaders/Private/ScreenPass.usf" 2608
"../../../Engine/Shaders/Private/HZB.usf" 2609
"../../../Engine/Shaders/Private/OcclusionFeedbackShaders.usf" 2610
"../../../Engine/Shaders/Private/HZBOcclusion.usf" 2611
"../../../Engine/Shaders/Private/OcclusionQueryPixelShader.usf" 2612
"../../../Engine/Shaders/Private/OcclusionQueryVertexShader.usf" 2613
"../../../Engine/Shaders/Private/HitProxyCopy.usf" 2614
"../../../Engine/Shaders/Private/HitProxyPixelShader.usf" 2615
"../../../Engine/Shaders/Private/HitProxyVertexShader.usf" 2616
"../../../Engine/Shaders/Private/SceneCulling/SceneCullingDebugRender.usf" 2617
"../../../Engine/Shaders/Private/SceneCulling/SceneCullingBuildExplicitBounds.usf" 2618
"../../../Engine/Shaders/Private/SceneCapturePixelShader.usf" 2619
"../../../Engine/Shaders/Private/RendererUtils.usf" 2620
"../../../Engine/Shaders/Private/RTWriteMaskDecode.usf" 2621
"../../../Engine/Shaders/Private/ReflectionEnvironmentShaders.usf" 2622
"../../../Engine/Shaders/Private/RectLightAtlas.usf" 2623
"../../../Engine/Shaders/Private/RayTracing/TraceRayInlineStatistics.usf" 2624
"../../../Engine/Shaders/Private/RayTracing/CompositeSkyLightPS.usf" 2625
"../../../Engine/Shaders/Private/RayTracing/GenerateSkyLightVisibilityRaysCS.usf" 2626
"../../../Engine/Shaders/Private/RayTracing/RayTracingSkyLightCommon.ush" 2627
"../../../Engine/Shaders/Private/RayTracing/SkyLightVisibilityRaysData.ush" 2628
"../../../Engine/Shaders/Private/Raytracing/RaytracingSkylightRGS.usf" 2629
"../../../Engine/Shaders/Private/HairStrands/HairStrandsRaytracing.ush" 2630
"../../../Engine/Shaders/Private/Raytracing/RayTracingSkyLightEvaluation.ush" 2631
"../../../Engine/Shaders/Private/Raytracing/RayTracingDeferredShadingCommon.ush" 2632
"../../../Engine/Shaders/Private/RayTracing/RayTracingOcclusionRGS.usf" 2633
"../../../Engine/Shaders/Private/RayTracing/RayTracingDirectionalLight.ush" 2634
"../../../Engine/Shaders/Private/RayTracing/RayTracingRectLight.ush" 2635
"../../../Engine/Shaders/Private/RayTracing/RayTracingSphereLight.ush" 2636
"../../../Engine/Shaders/Private/RayTracing/RayTracingCapsuleLight.ush" 2637
"../../../Engine/Shaders/Private/Raytracing/RayTracingFeedback.usf" 2638
"../../../Engine/Shaders/Shared/RayTracingDebugTypes.h" 2639
"../../../Engine/Shaders/Private/RayTracing/RayTracingPrimaryRays.usf" 2640
"../../../Engine/Shaders/Private/RayTracing/RayTracingLightingCommon.ush" 2641
"../../../Engine/Shaders/Private/RayTracing/RayTracingLightCullingCommon.ush" 2642
"../../../Engine/Shaders/Private/RayTracing/RayTracingMaterialDefaultHitShaders.usf" 2643
"../../../Engine/Shaders/Private/RayTracing/RayTracingMaterialHitShaders.usf" 2644
"../../../Engine/Shaders/Private/RayTracing/RayTracingShaderUtils.ush" 2645
"../../../Engine/Shaders/Private/RayTracing/RayTracingCalcInterpolants.ush" 2646
"../../../Engine/Shaders/Private/LightmapCommon.ush" 2647
"../../../Engine/Shaders/Private/Lumen/LumenHardwareRayTracingPayloadCommon.ush" 2648
"../../../Engine/Shaders/Shared/LumenDefinitions.h" 2649
"../../../Engine/Shaders/Private/Substrate/SubstrateExport.ush" 2650
"../../../Engine/Shaders/Private/RayTracing/RayTracingLightingMS.usf" 2651
"../../../Engine/Shaders/Private/Lumen/LumenDiffuseColorBoost.ush" 2652
"../../../Engine/Shaders/Private/RayTracing/RayTracingLightFunctionCommon.ush" 2653
"../../../Engine/Shaders/Private/RayTracing/RayTracingBuildLightGrid.usf" 2654
"../../../Engine/Shaders/Private/Raytracing/RayTracingInstanceBufferUtil.usf" 2655
"../../../Engine/Shaders/Private/RayTracing/RayTracingDynamicMesh.usf" 2656
"../../../Engine/Shaders/Private/RayTracing/RayTracingDefaultDecalHitShader.usf" 2657
"../../../Engine/Shaders/Private/RayTracing/RayTracingDecalMaterialShader.usf" 2658
"../../../Engine/Shaders/Private/PathTracing/PathTracingShaderUtils.ush" 2659
"../../../Engine/Shaders/Private/PathTracing/PathTracingCommon.ush" 2660
"../../../Engine/Shaders/Private/PathTracing/Material/PathTracingMaterialCommon.ush" 2661
"../../../Engine/Shaders/Private/PathTracing/Utilities/PathTracingRIS.ush" 2662
"../../../Engine/Shaders/Private/RayTracing/RayTracingBuildDecalGrid.usf" 2663
"../../../Engine/Shaders/Private/RayTracing/RayTracingDebugHitStatsUtils.usf" 2664
"../../../Engine/Shaders/Private/RayTracing/RayTracingDebugInstanceOverlap.usf" 2665
"../../../Engine/Shaders/Private/RayTracing/RayTracingDebugPicking.usf" 2666
"../../../Engine/Shaders/Private/RayTracing/RayTracingDebugUtils.ush" 2667
"../../../Engine/Shaders/Private/RayTracing/RayTracingDebugTraversal.usf" 2668
"../../../Engine/Shaders/Private/RayTracing/RayTracingDeferredMaterials.ush" 2669
"../../../Engine/Shaders/Shared/ThirdParty/AMD/ags_shader_intrinsics_dx12.h" 2670
"../../../Engine/Shaders/Shared/RayTracingDebugDefinitions.h" 2671
"../../../Engine/Shaders/Private/RayTracing/RayTracingDebugHitStatsCHS.usf" 2672
"../../../Engine/Shaders/Private/RayTracing/RayTracingDebugHitStats.usf" 2673
"../../../Engine/Shaders/Private/RayTracing/RayTracingDebugMS.usf" 2674
"../../../Engine/Shaders/Private/RayTracing/RayTracingDebugCHS.usf" 2675
"../../../Engine/Shaders/Private/RayTracing/RayTracingDebug.usf" 2676
"../../../Engine/Shaders/Private/RayTracing/RayTracingBuiltInShaders.usf" 2677
"../../../Engine/Shaders/Private/RayTracing/RayTracingBarycentrics.usf" 2678
"../../../Engine/Shaders/Private/RayTracing/RayTracingAmbientOcclusionRGS.usf" 2679
"../../../Engine/Shaders/Private/VisualizeShadingModels.usf" 2680
"../../../Engine/Shaders/Private/MotionBlur/VisualizeMotionVectors.usf" 2681
"../../../Engine/Shaders/Private/TemporalSuperResolution/TSRVisualize.usf" 2682
"../../../Engine/Shaders/Private/TemporalSuperResolution/TSRColorSpace.ush" 2683
"../../../Engine/Shaders/Private/TemporalSuperResolution/TSRCommon.ush" 2684
"../../../Engine/Shaders/Public/DualPixelVectorization.ush" 2685
"../../../Engine/Shaders/Private/TemporalSuperResolution/TSRReprojectionField.ush" 2686
"../../../Engine/Shaders/Private/TemporalSuperResolution/TSRResolveHistory.usf" 2687
"../../../Engine/Shaders/Private/TemporalSuperResolution/TSRConvolutionNetwork.ush" 2688
"../../../Engine/Shaders/Private/TemporalSuperResolution/TSRKernels.ush" 2689
"../../../Engine/Shaders/Public/LaneVectorization.ush" 2690
"../../../Engine/Shaders/Private/TemporalSuperResolution/TSRUpdateHistory.usf" 2691
"../../../Engine/Shaders/Private/TemporalSuperResolution/TSRSpatialAntiAliasing.ush" 2692
"../../../Engine/Shaders/Private/TemporalSuperResolution/TSRSpatialAntiAliasing.usf" 2693
"../../../Engine/Shaders/Private/TemporalSuperResolution/TSRRejectShading.usf" 2694
"../../../Engine/Shaders/Private/TemporalSuperResolution/TSRShadingAnalysis.ush" 2695
"../../../Engine/Shaders/Private/TemporalSuperResolution/TSRConvolutionNetworkPass.ush" 2696
"../../../Engine/Shaders/Private/TemporalSuperResolution/TSRDecimateHistory.usf" 2697
"../../../Engine/Shaders/Private/TemporalSuperResolution/TSRDepthVelocityAnalysis.ush" 2698
"../../../Engine/Shaders/Private/TemporalSuperResolution/TSRClosestOccluder.ush" 2699
"../../../Engine/Shaders/Private/TemporalSuperResolution/TSRWeightRelaxation.usf" 2700
"../../../Engine/Shaders/Private/TemporalSuperResolution/TSRThinGeometryCommon.ush" 2701
"../../../Engine/Shaders/Private/TemporalSuperResolution/TSRDetectThinGeometry.usf" 2702
"../../../Engine/Shaders/Private/TemporalSuperResolution/TSRDilateVelocity.usf" 2703
"../../../Engine/Shaders/Private/MotionBlur/MotionBlurVelocityFlatten.ush" 2704
"../../../Engine/Shaders/Private/MotionBlur/MotionBlurCommon.ush" 2705
"../../../Engine/Shaders/Private/TemporalSuperResolution/TSRClearPrevTextures.usf" 2706
"../../../Engine/Shaders/Private/TemporalSuperResolution/TSRMeasureCoverage.usf" 2707
"../../../Engine/Shaders/Private/TemporalSuperResolution/TSRMeasureFlickeringLuma.usf" 2708
"../../../Engine/Shaders/Private/TemporalAA.usf" 2709
"../../../Engine/Shaders/Private/SMAA/SMAADebugVisualization.usf" 2710
"../../../Engine/Shaders/Private/SMAA/SMAACommon.ush" 2711
"../../../Engine/Shaders/Private/SMAA/SMAA.ush" 2712
"../../../Engine/Shaders/Private/SMAA/SMAANeighborhoodBlendingShader.usf" 2713
"../../../Engine/Shaders/Private/SMAA/SMAABlendingWeightCalculationShader.usf" 2714
"../../../Engine/Shaders/Private/SMAA/SMAAEdgeDetectionShader.usf" 2715
"../../../Engine/Shaders/Private/FilterPixelShader.usf" 2716
"../../../Engine/Shaders/Private/FilterVertexShader.usf" 2717
"../../../Engine/Shaders/Private/VisualizeVirtualTexture.usf" 2718
"../../../Engine/Shaders/Private/PostProcessVisualizeBuffer.usf" 2719
"../../../Engine/Shaders/Private/PostProcessVisualizeLocalExposure.usf" 2720
"../../../Engine/Shaders/Private/PostProcessHistogramCommon.ush" 2721
"../../../Engine/Shaders/Private/TonemapCommon.ush" 2722
"../../../Engine/Shaders/Private/ACES/ACESCommon.ush" 2723
"../../../Engine/Shaders/Private/ACES/ACESOutputTransform.ush" 2724
"../../../Engine/Shaders/Private/ACES/ACESUtilities.ush" 2725
"../../../Engine/Shaders/Private/ACES/ACESTonescale.ush" 2726
"../../../Engine/Shaders/Private/ACES/ACESDisplayEncoding.ush" 2727
"../../../Engine/Shaders/Private/ACES/ACES_v1.3.ush" 2728
"../../../Engine/Shaders/Private/PostProcessVisualizeLevelInstance.usf" 2729
"../../../Engine/Shaders/Private/PostProcessVisualizeHDR.usf" 2730
"../../../Engine/Shaders/Private/ShaderComplexityApplyPixelShader.usf" 2731
"../../../Engine/Shaders/Private/QuadOverdraw.ush" 2732
"../../../Engine/Shaders/Private/PostProcessUpscale.usf" 2733
"../../../Engine/Shaders/Private/PostProcessTonemap.usf" 2734
"../../../Engine/Shaders/Private/PostProcessing/FilmGrainPackConstants.usf" 2735
"../../../Engine/Shaders/Private/PostProcessing/FilmGrainReduce.usf" 2736
"../../../Engine/Shaders/Private/PostProcessTestImage.usf" 2737
"../../../Engine/Shaders/Private/PostProcessSubsurface.usf" 2738
"../../../Engine/Shaders/Private/SeparableSSS.ush" 2739
"../../../Engine/Shaders/Private/SubsurfaceBurleyNormalized.ush" 2740
"../../../Engine/Shaders/Private/PostProcessSelectionOutline.usf" 2741
"../../../Engine/Shaders/Private/MotionBlur/MotionBlurVisualize.usf" 2742
"../../../Engine/Shaders/Private/MotionBlur/MotionBlurApply.usf" 2743
"../../../Engine/Shaders/Private/MotionBlur/MotionBlurFilterTileClassify.usf" 2744
"../../../Engine/Shaders/Private/MotionBlur/MotionBlurTileScatter.usf" 2745
"../../../Engine/Shaders/Private/MotionBlur/MotionBlurTileGather.usf" 2746
"../../../Engine/Shaders/Private/MotionBlur/MotionBlurVelocityFlatten.usf" 2747
"../../../Engine/Shaders/Private/PostProcessMobile.usf" 2748
"../../../Engine/Shaders/Private/PostProcessMitchellNetravali.usf" 2749
"../../../Engine/Shaders/Private/PostProcessMaterialShaders.usf" 2750
"../../../Engine/Shaders/Private/NeuralPostProcessCommon.usf" 2751
"../../../Engine/Shaders/Private/PostProcessLocalExposure.usf" 2752
"../../../Engine/Shaders/Private/PostProcessLensFlares.usf" 2753
"../../../Engine/Shaders/Private/PostProcessGBufferHints.usf" 2754
"../../../Engine/Shaders/Private/PostProcessHMD.usf" 2755
"../../../Engine/Shaders/Private/Histogram.usf" 2756
"../../../Engine/Shaders/Private/PostProcessExposureMaterial.ush" 2757
"../../../Engine/Shaders/Private/PostProcessHistogramReduce.usf" 2758
"../../../Engine/Shaders/Private/PostProcessHistogram.usf" 2759
"../../../Engine/Shaders/Private/Bloom/BloomFinalizeApplyConstants.usf" 2760
"../../../Engine/Shaders/Private/Bloom/BloomCommon.ush" 2761
"../../../Engine/Shaders/Private/Bloom/BloomResizeKernel.usf" 2762
"../../../Engine/Shaders/Private/Bloom/BloomDownsampleKernel.usf" 2763
"../../../Engine/Shaders/Private/Bloom/BloomClampKernel.usf" 2764
"../../../Engine/Shaders/Private/Bloom/BloomPackKernelConstants.usf" 2765
"../../../Engine/Shaders/Private/Bloom/BloomSumScatterDispersionEnergy.usf" 2766
"../../../Engine/Shaders/Private/Bloom/BloomReduceKernelSurvey.usf" 2767
"../../../Engine/Shaders/Private/Bloom/BloomSurveyKernelCenterEnergy.usf" 2768
"../../../Engine/Shaders/Private/Bloom/BloomSurveyMaxScatterDispersion.usf" 2769
"../../../Engine/Shaders/Private/Bloom/BloomFindKernelCenter.usf" 2770
"../../../Engine/Shaders/Private/PostProcessEyeAdaptation.usf" 2771
"../../../Engine/Shaders/Private/PostProcessEyeAdaptationUtils.usf" 2772
"../../../Engine/Shaders/Private/PostProcessDownsample.usf" 2773
"../../../Engine/Shaders/Private/PostProcessDOF.usf" 2774
"../../../Engine/Shaders/Private/PostProcessDeviceEncodingOnly.usf" 2775
"../../../Engine/Shaders/Private/PostProcessCompositePrimitives.usf" 2776
"../../../Engine/Shaders/Private/PostProcessCombineLUTs.usf" 2777
"../../../Engine/Shaders/Private/PostProcessVisualizeDOF.usf" 2778
"../../../Engine/Shaders/Private/PostProcessBloom.usf" 2779
"../../../Engine/Shaders/Private/PostProcessAmbientOcclusionMobile.usf" 2780
"../../../Engine/Shaders/Private/PostProcessAmbientOcclusionCommon.ush" 2781
"../../../Engine/Shaders/Private/FXAAShader.usf" 2782
"../../../Engine/Shaders/Private/Fxaa3_11.ush" 2783
"../../../Engine/Shaders/Private/PaniniProjection.usf" 2784
"../../../Engine/Shaders/Private/DiaphragmDOF/DOFRecombine.usf" 2785
"../../../Engine/Shaders/Private/DiaphragmDOF/DOFHybridScatterPixelShader.usf" 2786
"../../../Engine/Shaders/Private/DiaphragmDOF/DOFHybridScatterCommon.ush" 2787
"../../../Engine/Shaders/Private/DiaphragmDOF/DOFVignetteCommon.ush" 2788
"../../../Engine/Shaders/Private/DiaphragmDOF/DOFHybridScatterVertexShader.usf" 2789
"../../../Engine/Shaders/Private/DiaphragmDOF/DOFPostfiltering.usf" 2790
"../../../Engine/Shaders/Private/DiaphragmDOF/DOFGatherTileSuggest.ush" 2791
"../../../Engine/Shaders/Private/DiaphragmDOF/DOFCocTileCommon.ush" 2792
"../../../Engine/Shaders/Private/DiaphragmDOF/DOFGatherPass.usf" 2793
"../../../Engine/Shaders/Private/DiaphragmDOF/DOFGatherCommon.ush" 2794
"../../../Engine/Shaders/Private/DiaphragmDOF/DOFGatherAccumulator.ush" 2795
"../../../Engine/Shaders/Private/DiaphragmDOF/DOFGatherKernel.ush" 2796
"../../../Engine/Shaders/Private/DiaphragmDOF/DOFBokehLUT.usf" 2797
"../../../Engine/Shaders/Private/DiaphragmDOF/DOFHybridScatterCompilation.usf" 2798
"../../../Engine/Shaders/Private/DiaphragmDOF/DOFReduce.usf" 2799
"../../../Engine/Shaders/Private/DiaphragmDOF/DOFDownsample.ush" 2800
"../../../Engine/Shaders/Private/DiaphragmDOF/DOFHybridScatterCompilation.ush" 2801
"../../../Engine/Shaders/Private/DiaphragmDOF/DOFDownsample.usf" 2802
"../../../Engine/Shaders/Private/DiaphragmDOF/DOFCocTileDilate.usf" 2803
"../../../Engine/Shaders/Private/DiaphragmDOF/DOFCocTileFlatten.usf" 2804
"../../../Engine/Shaders/Private/DiaphragmDOF/DOFSetup.usf" 2805
"../../../Engine/Shaders/Private/Tools/DebugAlphaChannel.usf" 2806
"../../../Engine/Shaders/Private/PostProcessAlphaInvert.usf" 2807
"../../../Engine/Shaders/Private/PlanarReflectionShaders.usf" 2808
"../../../Engine/Shaders/Private/PhysicsFieldVisualizer.usf" 2809
"../../../Engine/Shaders/Private/PathTracing/PathTracingSpatialTemporalDenoising.usf" 2810
"../../../Engine/Shaders/Private/ColorDifference.ush" 2811
"../../../Engine/Shaders/Private/PathTracing/PathTracingCompositingPixelShader.usf" 2812
"../../../Engine/Shaders/Private/PathTracing/PathTracingAdaptiveUtils.ush" 2813
"../../../Engine/Shaders/Private/PathTracing/PathTracingDefaultHitShader.usf" 2814
"../../../Engine/Shaders/Private/PathTracing/PathTracingGPULightmassMaterialHitShader.usf" 2815
"../../../Engine/Shaders/Private/PathTracing/PathTracingMaterialHitShader.usf" 2816
"../../../Engine/Shaders/Private/PathTracing/Material/PathTracingSubstrateCommon.ush" 2817
"../../../Engine/Shaders/Private/PathTracing/PathTracingLightingMissShader.usf" 2818
"../../../Engine/Shaders/Private/PathTracing/PathTracingMissShader.usf" 2819
"../../../Engine/Shaders/Private/PathTracing/PathTracingAdaptiveStart.usf" 2820
"../../../Engine/Shaders/Private/PathTracing/PathTracingBuildAdaptiveError.usf" 2821
"../../../Engine/Shaders/Private/PathTracing/PathTracingVolumetricCloudMaterialShader.usf" 2822
"../../../Engine/Shaders/Private/PathTracing/Volume/PathTracingCloudsMaterialCommon.ush" 2823
"../../../Engine/Shaders/Private/PathTracing/Volume/PathTracingVolumeCommon.ush" 2824
"../../../Engine/Shaders/Private/PathTracing/Volume/PathTracingCloudsCommon.ush" 2825
"../../../Engine/Shaders/Private/PathTracing/Volume/PathTracingFog.ush" 2826
"../../../Engine/Shaders/Private/PathTracing/Volume/PathTracingAtmosphere.ush" 2827
"../../../Engine/Shaders/Private/PathTracing/Volume/PathTracingAtmosphereCommon.ush" 2828
"../../../Engine/Shaders/Private/PathTracing/Volume/PathTracingVolumeSampling.ush" 2829
"../../../Engine/Shaders/Private/PathTracing/PathTracingBuildCloudAccelerationMap.usf" 2830
"../../../Engine/Shaders/Private/PathTracing/PathTracingBuildAtmosphereLUT.usf" 2831
"../../../Engine/Shaders/Private/PathTracing/PathTracingSwizzleScanlines.usf" 2832
"../../../Engine/Shaders/Private/PathTracing/PathTracingInitExtinctionCoefficient.usf" 2833
"../../../Engine/Shaders/Private/PathTracing/PathTracingCopyDepth.usf" 2834
"../../../Engine/Shaders/Private/PathTracing/PathTracingDebug.usf" 2835
"../../../Engine/Shaders/Private/RayTracing/RayTracingDecalGrid.ush" 2836
"../../../Engine/Shaders/Private/PathTracing/Material/PathTracingMaterialSampling.ush" 2837
"../../../Engine/Shaders/Private/PathTracing/Material/PathTracingLambert.ush" 2838
"../../../Engine/Shaders/Private/PathTracing/Material/PathTracingSubstrate.ush" 2839
"../../../Engine/Shaders/Private/PathTracing/Material/PathTracingSubstrateFoliage.ush" 2840
"../../../Engine/Shaders/Private/PathTracing/Material/PathTracingSubstrateSolidGlass.ush" 2841
"../../../Engine/Shaders/Private/PathTracing/Material/PathTracingSubstrateThinGlass.ush" 2842
"../../../Engine/Shaders/Private/PathTracing/Material/PathTracingSolidGlass.ush" 2843
"../../../Engine/Shaders/Private/PathTracing/Material/PathTracingEnergyConservation.ush" 2844
"../../../Engine/Shaders/Private/PathTracing/Material/PathTracingThinGlass.ush" 2845
"../../../Engine/Shaders/Private/PathTracing/Material/PathTracingDefaultLit.ush" 2846
"../../../Engine/Shaders/Private/PathTracing/Material/PathTracingClearCoat.ush" 2847
"../../../Engine/Shaders/Private/PathTracing/Material/PathTracingTwoSidedFoliage.ush" 2848
"../../../Engine/Shaders/Private/PathTracing/Material/PathTracingCloth.ush" 2849
"../../../Engine/Shaders/Private/PathTracing/Material/PathTracingSubsurfaceProfile.ush" 2850
"../../../Engine/Shaders/Private/PathTracing/Material/PathTracingEye.ush" 2851
"../../../Engine/Shaders/Private/PathTracing/Material/PathTracingHair.ush" 2852
"../../../Engine/Shaders/Private/PathTracing/Material/PathTracingMedium.ush" 2853
"../../../Engine/Shaders/Private/PathTracing/Light/PathTracingLightSampling.ush" 2854
"../../../Engine/Shaders/Private/PathTracing/Light/PathTracingLightCommon.ush" 2855
"../../../Engine/Shaders/Private/PathTracing/Light/PathTracingDirectionalLight.ush" 2856
"../../../Engine/Shaders/Private/PathTracing/Light/PathTracingPointLight.ush" 2857
"../../../Engine/Shaders/Private/PathTracing/Light/PathTracingCapsuleLight.ush" 2858
"../../../Engine/Shaders/Private/PathTracing/Light/PathTracingRectLight.ush" 2859
"../../../Engine/Shaders/Private/PathTracing/Light/PathTracingSkyLight.ush" 2860
"../../../Engine/Shaders/Private/PathTracing/Light/PathTracingLightGrid.ush" 2861
"../../../Engine/Shaders/Private/PathTracing/PathTracing.usf" 2862
"../../../Engine/Shaders/Private/PathTracing/PathTracingCore.ush" 2863
"../../../Engine/Shaders/Private/HeterogeneousVolumes/HeterogeneousVolumesVoxelGridTypes.ush" 2864
"../../../Engine/Shaders/Private/PathTracing/Volume/PathTracingVolume.ush" 2865
"../../../Engine/Shaders/Private/PathTracing/Volume/PathTracingClouds.ush" 2866
"../../../Engine/Shaders/Private/PathTracing/Volume/PathTracingHeterogeneousVolumes.ush" 2867
"../../../Engine/Shaders/Private/HeterogeneousVolumes/HeterogeneousVolumesTracingUtils.ush" 2868
"../../../Engine/Shaders/Private/HeterogeneousVolumes/HeterogeneousVolumesVoxelGridTraversal.ush" 2869
"../../../Engine/Shaders/Private/HeterogeneousVolumes/HeterogeneousVolumesVoxelGridUtils.ush" 2870
"../../../Engine/Shaders/Private/HeterogeneousVolumes/HeterogeneousVolumesFrustumVoxelGridUtils.ush" 2871
"../../../Engine/Shaders/Private/PathTracing/PathTracingBuildLightGrid.usf" 2872
"../../../Engine/Shaders/Private/PathTracing/PathTracingSkylightMISCompensation.usf" 2873
"../../../Engine/Shaders/Private/PathTracing/PathTracingSkylightPrepare.usf" 2874
"../../../Engine/Shaders/Private/OIT/OITSorting.usf" 2875
"../../../Engine/Shaders/Private/OITCombine.usf" 2876
"../../../Engine/Shaders/Private/OITCommon.ush" 2877
"../../../Engine/Shaders/Private/Nanite/Voxel/RasterizeBricks.usf" 2878
"../../../Engine/Shaders/Private/Nanite/Voxel/Brick.ush" 2879
"../../../Engine/Shaders/Private/Nanite/Voxel/Voxel.ush" 2880
"../../../Engine/Shaders/Private/Nanite/Voxel/ScatterBricks.usf" 2881
"../../../Engine/Shaders/Private/Nanite/Voxel/TileBricks.usf" 2882
"../../../Engine/Shaders/Private/Nanite/Voxel/AutoVoxel.usf" 2883
"../../../Engine/Shaders/Private/Nanite/NaniteDebugViews.usf" 2884
"../../../Engine/Shaders/Private/Nanite/NaniteEditorCommon.ush" 2885
"../../../Engine/Shaders/Private/BinarySearch.ush" 2886
"../../../Engine/Shaders/Private/Nanite/NaniteDepthDecode.usf" 2887
"../../../Engine/Shaders/Private/HTileEncoding.ush" 2888
"../../../Engine/Shaders/Private/Nanite/NaniteVisualize.usf" 2889
"../../../Engine/Shaders/Private/Nanite/NaniteStreamOut.usf" 2890
"../../../Engine/Shaders/Private/Nanite/NaniteHierarchyTraversal.ush" 2891
"../../../Engine/Shaders/Private/Nanite/NaniteShadeBinning.usf" 2892
"../../../Engine/Shaders/Private/Nanite/NaniteShadeCommon.ush" 2893
"../../../Engine/Shaders/Private/Nanite/NaniteFastClear.usf" 2894
"../../../Engine/Shaders/Private/Nanite/NaniteRayTracing.usf" 2895
"../../../Engine/Shaders/Private/Nanite/NaniteExportGBuffer.usf" 2896
"../../../Engine/Shaders/Private/Nanite/NaniteClusterCulling.usf" 2897
"../../../Engine/Shaders/Private/Nanite/NanitePrintStats.usf" 2898
"../../../Engine/Shaders/Private/Nanite/NaniteRasterizer.usf" 2899
"../../../Engine/Shaders/Private/Nanite/NaniteRasterizationCommon.ush" 2900
"../../../Engine/Shaders/Private/Nanite/NaniteRasterizer.ush" 2901
"../../../Engine/Shaders/Private/Nanite/NaniteWritePixel.ush" 2902
"../../../Engine/Shaders/Private/Nanite/NaniteTessellation.ush" 2903
"../../../Engine/Shaders/Private/WorkDistribution.ush" 2904
"../../../Engine/Shaders/Private/Nanite/NaniteDice.ush" 2905
"../../../Engine/Shaders/Private/ShaderBundleWorkGraphCommon.ush" 2906
"../../../Engine/Shaders/Public/RootConstants.ush" 2907
"../../../Engine/Shaders/Public/Platform/D3D/D3DRootConstants.ush" 2908
"../../../Engine/Shaders/Private/Nanite/NaniteSplit.usf" 2909
"../../../Engine/Shaders/Private/Nanite/NaniteRasterBinning.usf" 2910
"../../../Engine/Shaders/Private/Nanite/NaniteInstanceCulling.usf" 2911
"../../../Engine/Shaders/Private/Nanite/NaniteImposter.ush" 2912
"../../../Engine/Shaders/Private/Nanite/NaniteInstanceHierarchyCulling.usf" 2913
"../../../Engine/Shaders/Private/WorkGroupLoadBalancer.ush" 2914
"../../../Engine/Shaders/Private/Nanite/NanitePrimitiveFilter.usf" 2915
"../../../Engine/Shaders/Private/Nanite/NaniteRasterClear.usf" 2916
"../../../Engine/Shaders/Private/Nanite/NaniteDepthExport.usf" 2917
"../../../Engine/Shaders/Private/Nanite/NaniteEmitShadow.usf" 2918
"../../../Engine/Shaders/Private/MobileDeferredUtils.usf" 2919
"../../../Engine/Shaders/Private/MobileLocalLightsBuffer.usf" 2920
"../../../Engine/Shaders/Private/MobileFog.usf" 2921
"../../../Engine/Shaders/Private/DistortApplyScreenPS.usf" 2922
"../../../Engine/Shaders/Private/MobileDeferredShading.usf" 2923
"../../../Engine/Shaders/Private/MobileBasePassPixelShader.usf" 2924
"../../../Engine/Shaders/Private/MobileBasePassCommon.ush" 2925
"../../../Engine/Shaders/Private/BasePassCommon.ush" 2926
"../../../Engine/Shaders/Private/ShadingModelsMaterial.ush" 2927
"../../../Engine/Shaders/Private/ThinTranslucentCommon.ush" 2928
"../../../Engine/Shaders/Private/SingleLayerWaterShading.ush" 2929
"../../../Engine/Shaders/Private/DistortionCommon.ush" 2930
"../../../Engine/Shaders/Private/Substrate/SubstrateMobileForwardLighting.ush" 2931
"../../../Engine/Shaders/Private/MobileBasePassVertexShader.usf" 2932
"../../../Engine/Shaders/Private/MeshEdges.usf" 2933
"../../../Engine/Shaders/Private/MegaLights/MegaLightsSampling.usf" 2934
"../../../Engine/Shaders/Shared/MegaLightsDefinitions.h" 2935
"../../../Engine/Shaders/Private/MegaLights/MegaLightsShading.ush" 2936
"../../../Engine/Shaders/Private/MegaLights/MegaLights.ush" 2937
"../../../Engine/Shaders/Private/MegaLights/MegaLightsMaterial.ush" 2938
"../../../Engine/Shaders/Private/MegaLights/MegaLightsRayTracing.ush" 2939
"../../../Engine/Shaders/Private/MegaLights/MegaLightsSampling.ush" 2940
"../../../Engine/Shaders/Private/MegaLights/MegaLightsVolumeSampling.usf" 2941
"../../../Engine/Shaders/Private/MegaLights/MegaLightsVolume.ush" 2942
"../../../Engine/Shaders/Private/MegaLights/MegaLights.usf" 2943
"../../../Engine/Shaders/Private/HairStrands/HairStrandsScreenTracing.ush" 2944
"../../../Engine/Shaders/Private/MegaLights/MegaLightsFilterVisibleLightHash.usf" 2945
"../../../Engine/Shaders/Private/MegaLights/MegaLightsShading.usf" 2946
"../../../Engine/Shaders/Private/Lumen/LumenReflectionDenoiserCommon.ush" 2947
"../../../Engine/Shaders/Private/MegaLights/MegaLightsVisibleLightHash.usf" 2948
"../../../Engine/Shaders/Private/MegaLights/MegaLightsVolumeShading.usf" 2949
"../../../Engine/Shaders/Private/MegaLights/MegaLightsVSMMarking.usf" 2950
"../../../Engine/Shaders/Private/MegaLights/MegaLightsVSMTracing.usf" 2951
"../../../Engine/Shaders/Private/MegaLights/MegaLightsRayTracing.usf" 2952
"../../../Engine/Shaders/Private/DistanceField/GlobalDistanceFieldUtils.ush" 2953
"../../../Engine/Shaders/Private/Lumen/LumenScreenTracing.ush" 2954
"../../../Engine/Shaders/Private/MegaLights/MegaLightsVolumeRayTracing.usf" 2955
"../../../Engine/Shaders/Private/MegaLights/MegaLightsVolumeHardwareRayTracing.usf" 2956
"../../../Engine/Shaders/Private/Lumen/LumenHardwareRayTracingCommon.ush" 2957
"../../../Engine/Shaders/Private/RayTracing/RayTracingReflectionEnvironment.ush" 2958
"../../../Engine/Shaders/Private/Lumen/LumenHardwareRayTracingPlatformCommon.ush" 2959
"../../../Engine/Shaders/Private/Lumen/LumenTracingCommon.ush" 2960
"../../../Engine/Shaders/Private/Lumen/SurfaceCache/LumenSurfaceCacheSampling.ush" 2961
"../../../Engine/Shaders/Private/Lumen/SurfaceCache/LumenSurfaceCache.ush" 2962
"../../../Engine/Shaders/Private/Lumen/LumenCardCommon.ush" 2963
"../../../Engine/Shaders/Private/Lumen/LumenCardTileShadowDownsampleFactor.ush" 2964
"../../../Engine/Shaders/Private/MegaLights/MegaLightsHardwareRayTracing.usf" 2965
"../../../Engine/Shaders/Private/MegaLights/MegaLightsDebug.usf" 2966
"../../../Engine/Shaders/Private/MegaLights/MegaLightsDenoiserSpatial.usf" 2967
"../../../Engine/Shaders/Private/MegaLights/MegaLightsDenoiserTemporal.usf" 2968
"../../../Engine/Shaders/Private/MaterialCache/MaterialCacheABufferPages.usf" 2969
"../../../Engine/Shaders/Private/MaterialCache/MaterialCacheShade.usf" 2970
"../../../Engine/Shaders/Private/MaterialCache/MaterialCacheShadeCommon.ush" 2971
"../../../Engine/Shaders/Private/MaterialCache/MaterialCacheUnwrapNaniteShade.usf" 2972
"../../../Engine/Shaders/Private/MaterialCache/MaterialCacheUnwrapPixelShader.usf" 2973
"../../../Engine/Shaders/Private/MaterialCache/MaterialCacheUnwrapVertexShader.usf" 2974
"../../../Engine/Shaders/Private/Lumen/LumenVisualizeRadianceCache.usf" 2975
"../../../Engine/Shaders/Private/Lumen/LumenRadianceCacheCommon.ush" 2976
"../../../Engine/Shaders/Private/Lumen/LumenVisualizeHardwareRayTracing.usf" 2977
"../../../Engine/Shaders/Private/Lumen/LumenVisualize.ush" 2978
"../../../Engine/Shaders/Private/Lumen/LumenHairTracing.ush" 2979
"../../../Engine/Shaders/Private/Lumen/LumenVisualize.usf" 2980
"../../../Engine/Shaders/Private/Lumen/LumenSoftwareRayTracing.ush" 2981
"../../../Engine/Shaders/Private/DistanceField/GlobalDistanceFieldObjectGrid.ush" 2982
"../../../Engine/Shaders/Private/DistanceFieldLightingShared.ush" 2983
"../../../Engine/Shaders/Private/Lumen/LumenVisualizeTraces.ush" 2984
"../../../Engine/Shaders/Private/Lumen/LumenTranslucencyVolumeLighting.usf" 2985
"../../../Engine/Shaders/Private/Lumen/LumenRadianceCacheMarkCommon.ush" 2986
"../../../Engine/Shaders/Private/Lumen/LumenTranslucencyVolumeLightingShared.ush" 2987
"../../../Engine/Shaders/Private/Lumen/LumenScreenProbeCommon.ush" 2988
"../../../Engine/Shaders/Private/RayTracing/RayGenUtils.ush" 2989
"../../../Engine/Shaders/Private/Lumen/LumenRadianceCacheTracingCommon.ush" 2990
"../../../Engine/Shaders/Private/Lumen/LumenTranslucencyVolumeHardwareRayTracing.usf" 2991
"../../../Engine/Shaders/Private/Lumen/LumenTranslucencyRadianceCacheMarkShaders.usf" 2992
"../../../Engine/Shaders/Private/Lumen/SurfaceCache/LumenSurfaceCache.usf" 2993
"../../../Engine/Shaders/Private/Lumen/LumenVirtualTextureCommon.ush" 2994
"../../../Engine/Shaders/Private/Lumen/LumenShortRangeAOHardwareRayTracing.usf" 2995
"../../../Engine/Shaders/Private/Lumen/LumenScreenSpaceBentNormal.ush" 2996
"../../../Engine/Shaders/Private/Lumen/LumenScreenSpaceBentNormal.usf" 2997
"../../../Engine/Shaders/Private/Lumen/LumenScreenProbeTracing.usf" 2998
"../../../Engine/Shaders/Private/Lumen/LumenScreenProbeTracingCommon.ush" 2999
"../../../Engine/Shaders/Private/Lumen/LumenFloatQuantization.ush" 3000
"../../../Engine/Shaders/Private/Lumen/LumenScreenProbeImportanceSampling.usf" 3001
"../../../Engine/Shaders/Private/Lumen/LumenScreenProbeImportanceSamplingShared.ush" 3002
"../../../Engine/Shaders/Private/Lumen/LumenScreenProbeHardwareRayTracing.usf" 3003
"../../../Engine/Shaders/Private/Lumen/LumenScreenProbeDebug.usf" 3004
"../../../Engine/Shaders/Private/Lumen/LumenScreenProbeGather.usf" 3005
"../../../Engine/Shaders/Private/Lumen/LumenScreenProbeGatherTemporal.usf" 3006
"../../../Engine/Shaders/Private/Lumen/LumenScreenProbeFiltering.usf" 3007
"../../../Engine/Shaders/Private/Lumen/LumenSceneLighting.usf" 3008
"../../../Engine/Shaders/Private/Lumen/LumenCardTile.ush" 3009
"../../../Engine/Shaders/Private/Lumen/LumenSceneLighting.ush" 3010
"../../../Engine/Shaders/Private/Lumen/Radiosity/LumenRadiosity.ush" 3011
"../../../Engine/Shaders/Private/Lumen/LumenSceneLightingDebug.usf" 3012
"../../../Engine/Shaders/Private/Lumen/LumenScene.usf" 3013
"../../../Engine/Shaders/Private/Lumen/LumenSceneDirectLightingHardwareRayTracing.usf" 3014
"../../../Engine/Shaders/Private/Lumen/LumenSceneDirectLightingStochastic.ush" 3015
"../../../Engine/Shaders/Private/Lumen/LumenSceneDirectLighting.ush" 3016
"../../../Engine/Shaders/Private/Lumen/LumenSceneDebugHardwareRayTracing.usf" 3017
"../../../Engine/Shaders/Private/Lumen/LumenSceneDirectLightingStochastic.usf" 3018
"../../../Engine/Shaders/Private/Lumen/LumenSceneDirectLightingSoftwareRayTracing.usf" 3019
"../../../Engine/Shaders/Private/DistanceFieldShadowingShared.ush" 3020
"../../../Engine/Shaders/Private/Lumen/LumenSceneDirectLightingPerLightShadowCommon.ush" 3021
"../../../Engine/Shaders/Private/Lumen/LumenSceneDirectLightingShadowMask.usf" 3022
"../../../Engine/Shaders/Private/Lumen/LumenSceneDirectLighting.usf" 3023
"../../../Engine/Shaders/Private/Lumen/LumenSceneDirectLightingCulling.usf" 3024
"../../../Engine/Shaders/Private/Lumen/LumenCardComputeShader.usf" 3025
"../../../Engine/Shaders/Private/Lumen/LumenCardBasePass.ush" 3026
"../../../Engine/Shaders/Private/Lumen/LumenCardPixelShader.usf" 3027
"../../../Engine/Shaders/Private/Lumen/LumenCardVertexShader.usf" 3028
"../../../Engine/Shaders/Private/Lumen/LumenReSTIRGather.usf" 3029
"../../../Engine/Shaders/Private/Lumen/LumenReflectionTracing.usf" 3030
"../../../Engine/Shaders/Private/Lumen/LumenReflectionDenoiserSpatial.usf" 3031
"../../../Engine/Shaders/Private/Lumen/LumenReflectionDenoiserClear.usf" 3032
"../../../Engine/Shaders/Private/Lumen/LumenReflectionDenoiserTemporal.usf" 3033
"../../../Engine/Shaders/Private/Lumen/LumenReflectionResolve.usf" 3034
"../../../Engine/Shaders/Private/Lumen/LumenReflections.usf" 3035
"../../../Engine/Shaders/Private/Lumen/RayTracedTranslucency.usf" 3036
"../../../Engine/Shaders/Private/Lumen/LumenReflectionHardwareRayTracing.usf" 3037
"../../../Engine/Shaders/Private/Lumen/Radiosity/LumenVisualizeRadiosityProbes.usf" 3038
"../../../Engine/Shaders/Private/Lumen/Radiosity/LumenRadiosity.usf" 3039
"../../../Engine/Shaders/Private/Lumen/Radiosity/LumenRadiosityHardwareRayTracing.usf" 3040
"../../../Engine/Shaders/Private/Lumen/Radiosity/LumenRadiosityCulling.usf" 3041
"../../../Engine/Shaders/Private/Lumen/LumenRadianceCacheHardwareRayTracing.usf" 3042
"../../../Engine/Shaders/Private/Lumen/LumenRadianceCache.usf" 3043
"../../../Engine/Shaders/Private/Lumen/LumenRadianceCacheUpdate.ush" 3044
"../../../Engine/Shaders/Private/Lumen/LumenRadianceCacheDebug.usf" 3045
"../../../Engine/Shaders/Private/Lumen/LumenRadianceCacheUpdate.usf" 3046
"../../../Engine/Shaders/Private/Lumen/LumenMeshSDFCulling.usf" 3047
"../../../Engine/Shaders/Private/HybridIndirectLighting.ush" 3048
"../../../Engine/Shaders/Private/MeshDistanceFieldCommon.ush" 3049
"../../../Engine/Shaders/Private/Lumen/LumenIrradianceFieldGather.usf" 3050
"../../../Engine/Shaders/Private/Lumen/LumenHardwareRayTracingMaterials.usf" 3051
"../../../Engine/Shaders/Private/Lumen/LumenFrontLayerTranslucency.usf" 3052
"../../../Engine/Shaders/Private/LocalFogVolumes/LocalFogVolumeSplat.usf" 3053
"../../../Engine/Shaders/Private/LocalFogVolumes/LocalFogVolumeTiledCulling.usf" 3054
"../../../Engine/Shaders/Private/LightShaftShader.usf" 3055
"../../../Engine/Shaders/Private/StationaryLightOverlapShaders.usf" 3056
"../../../Engine/Shaders/Private/DeferredLightPixelShaders.usf" 3057
"../../../Engine/Shaders/Private/DeferredLightVertexShaders.usf" 3058
"../../../Engine/Shaders/Private/LightMapDensityShader.usf" 3059
"../../../Engine/Shaders/Private/LightGridInjection.usf" 3060
"../../../Engine/Shaders/Shared/LightGridDefinitions.h" 3061
"../../../Engine/Shaders/Private/LightFunctionPixelShader.usf" 3062
"../../../Engine/Shaders/Private/LightFunctionVertexShader.usf" 3063
"../../../Engine/Shaders/Private/LightFunctionAtlas/LightFunctionAtlasRender.usf" 3064
"../../../Engine/Shaders/Private/InstanceCulling/InstanceCullingOcclusionQuery.usf" 3065
"../../../Engine/Shaders/Private/InstanceCulling/InstanceCullingSetup.ush" 3066
"../../../Engine/Shaders/Private/InstanceCulling/BuildInstanceDrawCommands.usf" 3067
"../../../Engine/Shaders/Private/InstanceCulling/InstanceCompactionCommon.ush" 3068
"../../../Engine/Shaders/Private/SceneDataMobileWriter.ush" 3069
"../../../Engine/Shaders/Private/InstanceCulling/CompactVisibleInstances.usf" 3070
"../../../Engine/Shaders/Private/ReflectionEnvironmentPixelShader.usf" 3071
"../../../Engine/Shaders/Private/AmbientCubemapComposite.usf" 3072
"../../../Engine/Shaders/Private/DiffuseIndirectComposite.usf" 3073
"../../../Engine/Shaders/Private/IESAtlas.usf" 3074
"../../../Engine/Shaders/Private/HeterogeneousVolumes/HeterogeneousVolumesVisualizeCascades.usf" 3075
"../../../Engine/Shaders/Private/HeterogeneousVolumes/HeterogeneousVolumesVoxelGridShadows.usf" 3076
"../../../Engine/Shaders/Private/HeterogeneousVolumes/HeterogeneousVolumesStochasticFiltering.ush" 3077
"../../../Engine/Shaders/Private/HeterogeneousVolumes/HeterogeneousVolumesVoxelGridRenderingUtils.ush" 3078
"../../../Engine/Shaders/Private/HeterogeneousVolumes/HeterogeneousVolumesLightingUtils.ush" 3079
"../../../Engine/Shaders/Private/HeterogeneousVolumes/HeterogeneousVolumesRayMarchingUtils.ush" 3080
"../../../Engine/Shaders/Private/HeterogeneousVolumes/HeterogeneousVolumesRayMarchingTypes.ush" 3081
"../../../Engine/Shaders/Private/HeterogeneousVolumes/HeterogeneousVolumesTransmittanceVolumeUtils.ush" 3082
"../../../Engine/Shaders/Private/HeterogeneousVolumes/HeterogeneousVolumesAdaptiveVolumetricShadowMapSampler.ush" 3083
"../../../Engine/Shaders/Private/HeterogeneousVolumes/HeterogeneousVolumesVoxelGridRendering.usf" 3084
"../../../Engine/Shaders/Private/HeterogeneousVolumes/HeterogeneousVolumesVoxelGridPipeline.usf" 3085
"../../../Engine/Shaders/Private/HeterogeneousVolumes/HeterogeneousVolumesMaterialBakingPipeline.usf" 3086
"../../../Engine/Shaders/Private/HeterogeneousVolumes/HeterogeneousVolumesLiveShadingUtils.ush" 3087
"../../../Engine/Shaders/Private/HeterogeneousVolumes/HeterogeneousVolumesFrustumVoxelGrid.usf" 3088
"../../../Engine/Shaders/Private/HeterogeneousVolumes/HeterogeneousVolumesSparseVoxelPipeline.usf" 3089
"../../../Engine/Shaders/Private/HeterogeneousVolumes/HeterogeneousVolumesSparseVoxelUtils.ush" 3090
"../../../Engine/Shaders/Private/HeterogeneousVolumes/HeterogeneousVolumesSparseVoxelUniformBufferUtils.ush" 3091
"../../../Engine/Shaders/Private/HeterogeneousVolumes/HeterogeneousVolumesPreshadingPipeline.usf" 3092
"../../../Engine/Shaders/Private/HeterogeneousVolumes/HeterogeneousVolumesShadowMask.usf" 3093
"../../../Engine/Shaders/Private/HeterogeneousVolumes/HeterogeneousVolumesLiveShadingShadows.usf" 3094
"../../../Engine/Shaders/Private/HeterogeneousVolumes/HeterogeneousVolumesLiveShadingGlobalPipeline.usf" 3095
"../../../Engine/Shaders/Private/HeterogeneousVolumes/HeterogeneousVolumesLiveShadingPipeline.usf" 3096
"../../../Engine/Shaders/Private/HeterogeneousVolumes/HeterogeneousVolumesHardwareRayTracing.usf" 3097
"../../../Engine/Shaders/Private/HeterogeneousVolumes/HeterogeneousVolumesAmbientOcclusionPipeline.usf" 3098
"../../../Engine/Shaders/Private/HeterogeneousVolumes/HeterogeneousVolumesComposite.usf" 3099
"../../../Engine/Shaders/Private/HdrCustomResolveShaders.usf" 3100
"../../../Engine/Shaders/Private/HairStrands/RenderCurveRaster.usf" 3101
"../../../Engine/Shaders/Shared/RenderCurveDefinitions.h" 3102
"../../../Engine/Shaders/Private/HairStrands/HairStrandsVoxelRasterCompute.usf" 3103
"../../../Engine/Shaders/Private/HairStrands/HairStrandsHitProxy.usf" 3104
"../../../Engine/Shaders/Private/HairStrands/HairStrandsVisibilityRasterComputeNaive.usf" 3105
"../../../Engine/Shaders/Private/HairStrands/HairStrandsVisibilityRasterHW.usf" 3106
"../../../Engine/Shaders/Private/HairStrands/HairStrandsVisibilityRasterCompute.usf" 3107
"../../../Engine/Shaders/Private/HairStrands/HairStrandsVisibilityRasterClassification.usf" 3108
"../../../Engine/Shaders/Private/HairStrands/HairStrandsCoverage.usf" 3109
"../../../Engine/Shaders/Private/HairStrands/HairStrandsVisibilityDepthPS.usf" 3110
"../../../Engine/Shaders/Private/HairStrands/HairStrandsVisibilityTransmittanceDepthPS.usf" 3111
"../../../Engine/Shaders/Private/HairStrands/HairStrandsVisibilityFillOpaqueDepthPS.usf" 3112
"../../../Engine/Shaders/Private/HairStrands/HairStrandsVisibilityCompactionComputeRaster.usf" 3113
"../../../Engine/Shaders/Private/HairStrands/HairStrandsVisibilityCompaction.usf" 3114
"../../../Engine/Shaders/Private/HairStrands/HairStrandsVisibilityCopyIndirectArg.usf" 3115
"../../../Engine/Shaders/Private/HairStrands/HairStrandsVisibilityClearPS.usf" 3116
"../../../Engine/Shaders/Private/HairStrands/HairStrandsVisibilityPS.usf" 3117
"../../../Engine/Shaders/Private/HairStrands/HairStrandsVisibilityVS.usf" 3118
"../../../Engine/Shaders/Private/HairStrands/HairStrandsVelocity.usf" 3119
"../../../Engine/Shaders/Private/HairStrands/HairStrandsVisibilityComputeSampleCoverage.usf" 3120
"../../../Engine/Shaders/Private/HairStrands/HairStrandsMaterialPS.usf" 3121
"../../../Engine/Shaders/Private/HairStrands/HairStrandsMaterialCommon.ush" 3122
"../../../Engine/Shaders/Private/HairStrands/HairStrandsMaterialVS.usf" 3123
"../../../Engine/Shaders/Private/HairStrands/HairStrandsLightSample.usf" 3124
"../../../Engine/Shaders/Private/HairStrands/HairStrandsDeepShadowMask.usf" 3125
"../../../Engine/Shaders/Private/HairStrands/HairStrandsDeepTransmittanceMask.usf" 3126
"../../../Engine/Shaders/Private/HairStrands/HairStrandsVisibilityTile.usf" 3127
"../../../Engine/Shaders/Private/HairStrands/HairStrandsDeepShadowPS.usf" 3128
"../../../Engine/Shaders/Private/HairStrands/HairStrandsDeepShadowVS.usf" 3129
"../../../Engine/Shaders/Private/HairStrands/HairStrandsAABB.usf" 3130
"../../../Engine/Shaders/Private/HairStrands/HairStrandsLUT.usf" 3131
"../../../Engine/Shaders/Private/HairStrands/HairStrandsForwardRaster.usf" 3132
"../../../Engine/Shaders/Private/HairStrands/HairStrandsForwardCulling.usf" 3133
"../../../Engine/Shaders/Private/HairStrands/HairStrandsEnvironmentLighting.usf" 3134
"../../../Engine/Shaders/Private/HairStrands/HairStrandsEnvironmentAO.usf" 3135
"../../../Engine/Shaders/Private/HairStrands/HairStrandsDeepShadowAllocation.usf" 3136
"../../../Engine/Shaders/Private/HairStrands/HairStrandsVoxelDebug.usf" 3137
"../../../Engine/Shaders/Private/HairStrands/HairStrandsComposition.usf" 3138
"../../../Engine/Shaders/Private/HairStrands/HairStrandsGBufferCommon.ush" 3139
"../../../Engine/Shaders/Private/GPUScene/GPUSceneDataManagement.usf" 3140
"../../../Engine/Shaders/Private/GPUSceneDebugRender.usf" 3141
"../../../Engine/Shaders/Private/GPUFeedbackCompaction.usf" 3142
"../../../Engine/Shaders/Private/GPUFastFourierTransform.usf" 3143
"../../../Engine/Shaders/Private/GPUFastFourierTransform2DCore.ush" 3144
"../../../Engine/Shaders/Private/GPUFastFourierTransformCore.ush" 3145
"../../../Engine/Shaders/Private/GPUBenchmark.usf" 3146
"../../../Engine/Shaders/Private/DistanceField/GlobalDistanceFieldDebug.usf" 3147
"../../../Engine/Shaders/Private/DistanceField/GlobalDistanceFieldUpdate.ush" 3148
"../../../Engine/Shaders/Private/DistanceField/GlobalDistanceFieldMip.usf" 3149
"../../../Engine/Shaders/Private/DistanceField/GlobalDistanceField.usf" 3150
"../../../Engine/Shaders/Private/DistanceField/GlobalDistanceFieldCompositeObjects.usf" 3151
"../../../Engine/Shaders/Private/DistanceField/GlobalDistanceFieldHeightfields.usf" 3152
"../../../Engine/Shaders/Private/HeightfieldLightingShared.ush" 3153
"../../../Engine/Shaders/Private/GenerateConservativeDepth.usf" 3154
"../../../Engine/Shaders/Private/HeightFogPixelShader.usf" 3155
"../../../Engine/Shaders/Private/HeightFogVertexShader.usf" 3156
"../../../Engine/Shaders/Private/DistortFiltering.usf" 3157
"../../../Engine/Shaders/Private/DistortAccumulatePS.usf" 3158
"../../../Engine/Shaders/Private/DistortAccumulateVS.usf" 3159
"../../../Engine/Shaders/Private/DistanceFieldVisualization.usf" 3160
"../../../Engine/Shaders/Private/DistanceFieldStreaming.usf" 3161
"../../../Engine/Shaders/Private/DistanceFieldShadowing.usf" 3162
"../../../Engine/Shaders/Private/DistanceFieldScreenGridLighting.usf" 3163
"../../../Engine/Shaders/Private/DistanceFieldObjectCulling.usf" 3164
"../../../Engine/Shaders/Private/DistanceFieldLightingPost.usf" 3165
"../../../Engine/Shaders/Private/DitheredTransitionStencil.usf" 3166
"../../../Engine/Shaders/Private/CopyDepthTexture.usf" 3167
"../../../Engine/Shaders/Private/CopyDepthTextureCS.usf" 3168
"../../../Engine/Shaders/Private/DeferredDecal.usf" 3169
"../../../Engine/Shaders/Private/DecalCommon.ush" 3170
"../../../Engine/Shaders/Private/DebugViewModeVertexShader.usf" 3171
"../../../Engine/Shaders/Private/DebugViewModeCommon.ush" 3172
"../../../Engine/Shaders/Private/DebugViewModePixelShader.usf" 3173
"../../../Engine/Shaders/Private/DebugProbes.usf" 3174
"../../../Engine/Shaders/Private/MeshDecals.usf" 3175
"../../../Engine/Shaders/Private/PostProcessAmbientOcclusion.usf" 3176
"../../../Engine/Shaders/Private/ClusteredDeferredShadingPixelShader.usf" 3177
"../../../Engine/Shaders/Private/ClusteredDeferredShadingVertexShader.usf" 3178
"../../../Engine/Shaders/Private/CapsuleShadowShaders.usf" 3179
"../../../Engine/Shaders/Private/BasePassPixelShader.usf" 3180
"../../../Engine/Shaders/Private/ForwardLightingCommon.ush" 3181
"../../../Engine/Shaders/Private/Substrate/SubstrateForwardLighting.ush" 3182
"../../../Engine/Shaders/Private/ComputeShaderOutputCommon.ush" 3183
"../../../Engine/Shaders/Private/BasePassVertexShader.usf" 3184
"../../../Engine/Shaders/Private/BasePassVertexCommon.ush" 3185
"../../../Engine/Shaders/Private/SimpleElementVolumeTexturePreviewPixelShader.usf" 3186
"../../../Engine/Shaders/Private/SimpleElementTexture2DPreviewPixelShader.usf" 3187
"../../../Engine/Shaders/Private/meshpaintdilatepixelshader.usf" 3188
"../../../Engine/Shaders/Private/meshpaintdilatevertexshader.usf" 3189
"../../../Engine/Shaders/Private/MeshPaintPixelShader.usf" 3190
"../../../Engine/Shaders/Private/MeshPaintVertexShader.usf" 3191
"../../../Engine/Shaders/Private/SlateElementPixelShader.usf" 3192
"../../../Engine/Shaders/Private/SlateShaderCommon.ush" 3193
"../../../Engine/Shaders/Private/SlateMaskingShader.usf" 3194
"../../../Engine/Shaders/Private/SlateVertexShader.usf" 3195
"../../../Engine/Shaders/Private/CompositeUIPixelShader.usf" 3196
"../../../Engine/Shaders/Private/ColorDeficiency.ush" 3197
"../../../Engine/Shaders/Private/SlatePostProcessColorDeficiencyPixelShader.usf" 3198
"../../../Engine/Shaders/Private/SlatePostProcessPixelShader.usf" 3199
"../../../Engine/Shaders/Private/Tools/VisualizeTexture.usf" 3200
"../../../Engine/Shaders/Private/UpdateDescriptorHandle.usf" 3201
"../../../Engine/Shaders/Private/ByteBuffer.usf" 3202
"../../../Engine/Shaders/Private/ShaderBundleWorkGraphDispatch.usf" 3203
"../../../Engine/Shaders/Private/ShaderBundleDispatch.usf" 3204
"../../../Engine/Shaders/Private/ResolveVertexShader.usf" 3205
"../../../Engine/Shaders/Private/ResolvePixelShader.usf" 3206
"../../../Engine/Shaders/Private/Tools/SetupIndirectArgs.usf" 3207
"../../../Engine/Shaders/Private/ClearReplacementShaders.usf" 3208
"../../../Engine/Shaders/Private/Tools/DrawTexture.usf" 3209
"../../../Engine/Shaders/Private/RayTracing/RayTracingValidation.usf" 3210
"../../../Engine/Shaders/Private/RenderGraphUtilities.usf" 3211
"../../../Engine/Shaders/Private/OneColorShader.usf" 3212
"../../../Engine/Shaders/Private/OculusShaders.usf" 3213
"../../../Engine/Shaders/Private/MediaShaders.usf" 3214
"../../../Engine/Shaders/Private/GPUMessaging.usf" 3215
"../../../Engine/Shaders/Private/Tools/GPUDebugCrashUtils.usf" 3216
"../../../Engine/Shaders/Private/NullPixelShader.usf" 3217
"../../../Engine/Shaders/Private/ComputeGenerateMips.usf" 3218
"../../../Engine/Shaders/Private/Tools/DumpTexture.usf" 3219
"../../../Engine/Shaders/Private/CopyTextureShaders.usf" 3220
"../../../Engine/Shaders/Private/Tools/FullscreenVertexShader.usf" 3221
"../../../Engine/Shaders/Private/RayTracing/RayTracingDispatchDesc.usf" 3222
"../../../Engine/Shaders/Private/Bink.usf" 3223
"../../../Engine/Shaders/Private/DepthOnlyPixelShader.usf" 3224
"../../../Engine/Shaders/Private/PositionOnlyDepthVertexShader.usf" 3225
"../../../Engine/Shaders/Private/DepthOnlyVertexShader.usf" 3226
"../../../Engine/Shaders/Private/AnisotropyPassShader.usf" 3227
"/Engine/EngineResources/WhiteSquareTexture" 3228
"../../../Engine/Content/EngineResources/WhiteSquareTexture.uasset" 3229
"/Engine/EngineResources/GradientTexture0" 3230
"../../../Engine/Content/EngineResources/GradientTexture0.uasset" 3231
"/Engine/EngineResources/Black" 3232
"../../../Engine/Content/EngineResources/Black.uasset" 3233
"/Engine/EditorResources/S_Actor" 3234
"../../../Engine/Content/EditorResources/S_Actor.uasset" 3235
"/Engine/EngineFonts/RobotoDistanceField" 3236
"../../../Engine/Content/EngineFonts/RobotoDistanceField.uasset" 3237
"/Engine/EngineMaterials/DefaultTextMaterialOpaque" 3238
"../../../Engine/Content/EngineMaterials/DefaultTextMaterialOpaque.uasset" 3239
"/Engine/Functions/Engine_MaterialFunctions01/Shading/PowerToRoughness" 3240
"../../../Engine/Content/Functions/Engine_MaterialFunctions01/Shading/PowerToRoughness.uasset" 3241
"/Engine/Functions/Engine_MaterialFunctions01/Shading/ConvertFromDiffSpec" 3242
"../../../Engine/Content/Functions/Engine_MaterialFunctions01/Shading/ConvertFromDiffSpec.uasset" 3243
"/Engine/EngineMaterials/WorldGridMaterial" 3244
"../../../Engine/Content/EngineMaterials/WorldGridMaterial.uasset" 3245
"../../../Engine/Content/Functions/Engine_MaterialFunctions01/Opacity/CameraDepthFade.uasset" 3246
"../../../Engine/Content/EngineMaterials/T_Default_Material_Grid_M.uasset" 3247
"../../../Engine/Content/EngineMaterials/T_Default_Material_Grid_N.uasset" 3248
"/Engine/EngineMaterials/DefaultDeferredDecalMaterial" 3249
"../../../Engine/Content/EngineMaterials/DefaultDeferredDecalMaterial.uasset" 3250
"../../../Engine/Content/EngineMaterials/DefaultDiffuse.uasset" 3251
"/Engine/EngineMaterials/DefaultLightFunctionMaterial" 3252
"../../../Engine/Content/EngineMaterials/DefaultLightFunctionMaterial.uasset" 3253
"/Engine/EngineMaterials/DefaultPostProcessMaterial" 3254
"../../../Engine/Content/EngineMaterials/DefaultPostProcessMaterial.uasset" 3255
"../../../Engine/Content/Functions/Engine_MaterialFunctions02/Utility/BreakOutFloat2Components.uasset" 3256
"/Engine/EditorResources/S_Trigger" 3257
"../../../Engine/Content/EditorResources/S_Trigger.uasset" 3258
"/Engine/EditorResources/S_BoxReflectionCapture" 3259
"../../../Engine/Content/EditorResources/S_BoxReflectionCapture.uasset" 3260
"/Engine/EngineResources/DefaultTexture" 3261
"../../../Engine/Content/EngineResources/DefaultTexture.uasset" 3262
"/Engine/EditorResources/S_TriggerBox" 3263
"../../../Engine/Content/EditorResources/S_TriggerBox.uasset" 3264
"/Engine/EditorResources/S_TriggerCapsule" 3265
"../../../Engine/Content/EditorResources/S_TriggerCapsule.uasset" 3266
"/Engine/EditorResources/S_TriggerSphere" 3267
"../../../Engine/Content/EditorResources/S_TriggerSphere.uasset" 3268
"/Engine/EngineMeshes/Sphere" 3269
"../../../Engine/Content/EngineMeshes/Sphere.uasset" 3270
"/Engine/EngineDamageTypes/DmgTypeBP_Environmental" 3271
"../../../Engine/Content/EngineDamageTypes/DmgTypeBP_Environmental.uasset" 3272
"/Engine/EngineResources/DefaultTextureCube" 3273
"../../../Engine/Content/EngineResources/DefaultTextureCube.uasset" 3274
"/Engine/EngineResources/DefaultVolumeTexture" 3275
"../../../Engine/Content/EngineResources/DefaultVolumeTexture.uasset" 3276
"../../../Engine/Content/EngineResources/DefaultVolumeTexture2D.uasset" 3277
"/Engine/EditorResources/S_Solver" 3278
"../../../Engine/Content/EditorResources/S_Solver.uasset" 3279
"/Engine/EngineDebugMaterials/VolumeToRender" 3280
"../../../Engine/Content/EngineDebugMaterials/VolumeToRender.uasset" 3281
"/Engine/EngineDebugMaterials/M_VolumeRenderSphereTracePP" 3282
"../../../Engine/Content/EngineDebugMaterials/M_VolumeRenderSphereTracePP.uasset" 3283
"../../../Engine/Content/Functions/Engine_MaterialFunctions02/Utility/CameraDirectionVector.uasset" 3284
"/Engine/EditorMeshes/Camera/SM_CraneRig_Base" 3285
"../../../Engine/Content/EditorMeshes/Camera/SM_CraneRig_Base.uasset" 3286
"../../../Engine/Content/EditorMaterials/Camera/MI_CineMat_Rig.uasset" 3287
"../../../Engine/Content/EditorMaterials/Camera/CineMat.uasset" 3288
"/Engine/EditorMeshes/Camera/SM_CraneRig_Arm" 3289
"../../../Engine/Content/EditorMeshes/Camera/SM_CraneRig_Arm.uasset" 3290
"/Engine/EditorMeshes/Camera/SM_CraneRig_Mount" 3291
"../../../Engine/Content/EditorMeshes/Camera/SM_CraneRig_Mount.uasset" 3292
"/Engine/EditorMeshes/Camera/SM_CraneRig_Body" 3293
"../../../Engine/Content/EditorMeshes/Camera/SM_CraneRig_Body.uasset" 3294
"/Engine/EditorMeshes/Camera/SM_RailRig_Track" 3295
"../../../Engine/Content/EditorMeshes/Camera/SM_RailRig_Track.uasset" 3296
"/Engine/EditorMeshes/Camera/SM_RailRig_Mount" 3297
"../../../Engine/Content/EditorMeshes/Camera/SM_RailRig_Mount.uasset" 3298
"/Engine/EditorLandscapeResources/SplineEditorMesh" 3299
"../../../Engine/Content/EditorLandscapeResources/SplineEditorMesh.uasset" 3300
"../../../Engine/Content/EditorLandscapeResources/SplineEditorMeshMat.uasset" 3301
"/HairStrands/Materials/HairDebugMaterial" 3302
"../../Plugins/Runtime/HairStrands/Content/Materials/HairDebugMaterial.uasset" 3303
"../../../Engine/Content/Functions/Engine_MaterialFunctions02/Utility/MakeFloat2.uasset" 3304
"../../../Engine/Content/Functions/Engine_MaterialFunctions02/Utility/MakeFloat3.uasset" 3305
"../../../Engine/Content/EngineMaterials/HairColorMap.uasset" 3306
"../../../Engine/Content/EngineMaterials/HairDebugColor.uasset" 3307
"../../Plugins/Runtime/HairStrands/Content/Materials/HairGroupColors.uasset" 3308
"/HairStrands/Materials/HairDefaultMaterial" 3309
"../../Plugins/Runtime/HairStrands/Content/Materials/HairDefaultMaterial.uasset" 3310
"/HairStrands/Materials/HairCardsDefaultMaterial" 3311
"../../Plugins/Runtime/HairStrands/Content/Materials/HairCardsDefaultMaterial.uasset" 3312
"/HairStrands/Materials/HairMeshesDefaultMaterial" 3313
"../../Plugins/Runtime/HairStrands/Content/Materials/HairMeshesDefaultMaterial.uasset" 3314
"/Engine/EngineMaterials/Widget3DPassThrough_Translucent" 3315
"../../../Engine/Content/EngineMaterials/Widget3DPassThrough_Translucent.uasset" 3316
"../../../Engine/Content/EngineMaterials/Widget3DPassThrough.uasset" 3317
"/Engine/EngineMaterials/Widget3DPassThrough_Translucent_OneSided" 3318
"../../../Engine/Content/EngineMaterials/Widget3DPassThrough_Translucent_OneSided.uasset" 3319
"/Engine/EngineMaterials/Widget3DPassThrough_Opaque" 3320
"../../../Engine/Content/EngineMaterials/Widget3DPassThrough_Opaque.uasset" 3321
"/Engine/EngineMaterials/Widget3DPassThrough_Opaque_OneSided" 3322
"../../../Engine/Content/EngineMaterials/Widget3DPassThrough_Opaque_OneSided.uasset" 3323
"/Engine/EngineMaterials/Widget3DPassThrough_Masked" 3324
"../../../Engine/Content/EngineMaterials/Widget3DPassThrough_Masked.uasset" 3325
"/Engine/EngineMaterials/Widget3DPassThrough_Masked_OneSided" 3326
"../../../Engine/Content/EngineMaterials/Widget3DPassThrough_Masked_OneSided.uasset" 3327
"/Engine/VREditor/ViewportInteractionAssetContainerData" 3328
"../../../Engine/Content/VREditor/ViewportInteractionAssetContainerData.uasset" 3329
"../../../Engine/Content/VREditor/SnapGrid/SnapGridMaterial.uasset" 3330
"../../../Engine/Content/VREditor/TransformGizmo/TransformGizmoMaterial_Inst.uasset" 3331
"../../../Engine/Content/VREditor/TransformGizmo/TranslucentTransformGizmoMaterial_Inst.uasset" 3332
"../../../Engine/Content/VREditor/SnapGrid/SnapGridPlaneMesh.uasset" 3333
"../../../Engine/Content/VREditor/Sounds/UI/Drop_Item_From_ContentBrowser.uasset" 3334
"../../../Engine/Content/VREditor/Sounds/UI/Gizmo_Handle_Clicked.uasset" 3335
"../../../Engine/Content/VREditor/Sounds/UI/Object_PickUp.uasset" 3336
"../../../Engine/Content/VREditor/Sounds/UI/Object_Snaps_To_Another_Actor.uasset" 3337
"../../../Engine/Content/VREditor/Sounds/UI/Object_Snaps_To_Grid.uasset" 3338
"../../../Engine/Content/VREditor/Sounds/UI/Scaling_Down.uasset" 3339
"../../../Engine/Content/VREditor/Sounds/UI/Scaling_Up.uasset" 3340
"../../../Engine/Content/VREditor/Sounds/UI/Selection_Changes.uasset" 3341
"../../../Engine/Content/VREditor/TransformGizmo/PlaneTranslationHandle.uasset" 3342
"../../../Engine/Content/VREditor/TransformGizmo/RotationHandleFull.uasset" 3343
"../../../Engine/Content/VREditor/TransformGizmo/RotationHandleIndicator.uasset" 3344
"../../../Engine/Content/VREditor/TransformGizmo/RotationHandleQuarter.uasset" 3345
"../../../Engine/Content/VREditor/TransformGizmo/StartRotationHandleIndicator.uasset" 3346
"../../../Engine/Content/VREditor/TransformGizmo/TransformGizmoFreeRotation.uasset" 3347
"../../../Engine/Content/VREditor/TransformGizmo/TranslateArrowHandle.uasset" 3348
"../../../Engine/Content/VREditor/TransformGizmo/UniformScaleHandle.uasset" 3349
"../../../Engine/Content/Functions/Engine_MaterialFunctions02/Math/Transform3x3Matrix.uasset" 3350
"../../../Engine/Content/Functions/Engine_MaterialFunctions02/SplitComponents.uasset" 3351
"../../../Engine/Content/VREditor/TransformGizmo/TransformGizmoMaterial.uasset" 3352
"../../../Engine/Content/VREditor/TransformGizmo/TranslucentTransformGizmoMaterial.uasset" 3353
"../../../Engine/Content/Functions/Engine_MaterialFunctions02/Utility/BreakOutFloat3Components.uasset" 3354
"../../../Engine/Content/VREditor/LaserPointer/VR_LaserPower_01.uasset" 3355
"/Engine/VREditor/TransformGizmo/BoundingBoxCorner" 3356
"../../../Engine/Content/VREditor/TransformGizmo/BoundingBoxCorner.uasset" 3357
"/Engine/VREditor/TransformGizmo/BoundingBoxEdge" 3358
"../../../Engine/Content/VREditor/TransformGizmo/BoundingBoxEdge.uasset" 3359
"/Engine/ArtTools/RenderToTexture/Meshes/S_1_Unit_Plane" 3360
"../../../Engine/Content/ArtTools/RenderToTexture/Meshes/S_1_Unit_Plane.uasset" 3361
"/Engine/EngineDebugMaterials/M_SimpleUnlitTranslucent" 3362
"../../../Engine/Content/EngineDebugMaterials/M_SimpleUnlitTranslucent.uasset" 3363
"/Engine/EngineFonts/Roboto" 3364
"../../../Engine/Content/EngineFonts/Roboto.uasset" 3365
"../../../Engine/Content/EngineFonts/Faces/DroidSansFallback.uasset" 3366
"../../../Engine/Content/EngineFonts/Faces/RobotoBold.uasset" 3367
"../../../Engine/Content/EngineFonts/Faces/RobotoBoldItalic.uasset" 3368
"../../../Engine/Content/EngineFonts/Faces/RobotoItalic.uasset" 3369
"../../../Engine/Content/EngineFonts/Faces/RobotoLight.uasset" 3370
"../../../Engine/Content/EngineFonts/Faces/RobotoRegular.uasset" 3371
"/Engine/EditorMaterials/ParticleSystems/PSysThumbnail_NoImage" 3372
"../../../Engine/Content/EditorMaterials/ParticleSystems/PSysThumbnail_NoImage.uasset" 3373
"/Engine/EditorMaterials/ParticleSystems/PSysThumbnail_OOD" 3374
"../../../Engine/Content/EditorMaterials/ParticleSystems/PSysThumbnail_OOD.uasset" 3375
"/Engine/EngineResources/LandscapeVisibilityLayerInfo" 3376
"../../../Engine/Content/EngineResources/LandscapeVisibilityLayerInfo.uasset" 3377
"../../../../../Documents/GitHub/Verdant_Ash/Intermediate/ShaderAutogen/PCD3D_SM5/AutogenShaderHeaders.ush" 3378
"/ACLPlugin/ACLAnimBoneCompressionSettings" 3379
"../../Plugins/Animation/ACLPlugin/Content/ACLAnimBoneCompressionSettings.uasset" 3380
"/Engine/Animation/DefaultRecorderBoneCompression" 3381
"../../../Engine/Content/Animation/DefaultRecorderBoneCompression.uasset" 3382
"/ACLPlugin/ACLAnimCurveCompressionSettings" 3383
"../../Plugins/Animation/ACLPlugin/Content/ACLAnimCurveCompressionSettings.uasset" 3384
"/Engine/Animation/DefaultVariableFrameStrippingSettings" 3385
"../../../Engine/Content/Animation/DefaultVariableFrameStrippingSettings.uasset" 3386
"/Game/Blueprint/Health/DT_GameplayTags_Health" 3387
"../../../../../Documents/GitHub/Verdant_Ash/Content/Blueprint/Health/DT_GameplayTags_Health.uasset" 3388
"/ControlRig/Controls/ControlRigXRayMaterial" 3389
"../../Plugins/Animation/ControlRig/Content/Controls/ControlRigXRayMaterial.uasset" 3390
"/ControlRig/Controls/DefaultGizmoLibraryNormalized" 3391
"../../Plugins/Animation/ControlRig/Content/Controls/DefaultGizmoLibraryNormalized.uasset" 3392
"/AudioWidgets/Resources/ScrubHandleDown_Clamped" 3393
"../../Plugins/Runtime/AudioWidgets/Content/Resources/ScrubHandleDown_Clamped.uasset" 3394
"/Paper2D/MaskedUnlitSpriteMaterial" 3395
"../../Plugins/2D/Paper2D/Content/MaskedUnlitSpriteMaterial.uasset" 3396
"../../Plugins/2D/Paper2D/Content/DefaultSpriteMaterial.uasset" 3397
"../../Plugins/2D/Paper2D/Content/PlaceholderTextures/DummySpriteTexture.uasset" 3398
"/Paper2D/OpaqueUnlitSpriteMaterial" 3399
"../../Plugins/2D/Paper2D/Content/OpaqueUnlitSpriteMaterial.uasset" 3400
"/Paper2D/DefaultPaperTerrainMaterial" 3401
"../../Plugins/2D/Paper2D/Content/DefaultPaperTerrainMaterial.uasset" 3402
"../../Plugins/2D/Paper2D/Content/DummySprite.uasset" 3403
"/ControlRig/M_Manip" 3404
"../../Plugins/Animation/ControlRig/Content/M_Manip.uasset" 3405
"../../../Engine/Content/Functions/Engine_MaterialFunctions02/WorldPositionOffset/CameraOffset.uasset" 3406
"../../../Engine/Config/BaseUnrealInsightsSettings.ini" 3407
"/MediaPlate/SM_MediaPlateScreen" 3408
"../../Plugins/Media/MediaPlate/Content/SM_MediaPlateScreen.uasset" 3409
"/SpeedTreeImporter/SpeedTree9/SpeedTreeMaster" 3410
"../../Plugins/Editor/SpeedTreeImporter/Content/SpeedTree9/SpeedTreeMaster.uasset" 3411
"../../../Engine/Content/Functions/Engine_MaterialFunctions02/ObjectLocalBounds.uasset" 3412
"../../../Engine/Content/Functions/Engine_MaterialFunctions02/SafeNormalize.uasset" 3413
"../../../Engine/Content/Functions/Engine_MaterialFunctions02/Utility/VectorLength.uasset" 3414
"../../../Engine/Content/Functions/Engine_MaterialFunctions02/UVs/BoundingBoxBased_0-1_UVW.uasset" 3415
"../../../Engine/Content/Functions/Engine_MaterialFunctions02/WorldPositionOffset/ObjectScale.uasset" 3416
"../../Plugins/Editor/SpeedTreeImporter/Content/SpeedTree9/SpeedTreeBranchMotion.uasset" 3417
"../../Plugins/Editor/SpeedTreeImporter/Content/SpeedTree9/SpeedTreeCameraFacing.uasset" 3418
"../../Plugins/Editor/SpeedTreeImporter/Content/SpeedTree9/SpeedTreeWind.uasset" 3419
"../../Plugins/Editor/SpeedTreeImporter/Content/SpeedTree9/SpeedTreeWindMotion.uasset" 3420
"../../Plugins/Editor/SpeedTreeImporter/Content/SpeedTree9/UnpackDirection.uasset" 3421
"../../Plugins/Editor/SpeedTreeImporter/Content/SpeedTree9/UnpackInteger3.uasset" 3422
"../../Plugins/Editor/SpeedTreeImporter/Content/SpeedTree9/Empty.uasset" 3423
"../../Plugins/Editor/SpeedTreeImporter/Content/SpeedTree9/EmptyNormal.uasset" 3424
"../../Plugins/Editor/SpeedTreeImporter/Content/SpeedTree9/game_wind_noise.uasset" 3425
"/SpeedTreeImporter/SpeedTree9/SpeedTreeBillboardMaster" 3426
"../../Plugins/Editor/SpeedTreeImporter/Content/SpeedTree9/SpeedTreeBillboardMaster.uasset" 3427
"../../Plugins/Editor/SpeedTreeImporter/Content/SpeedTree9/SpeedTreeBillboard.uasset" 3428
"/Engine/BasicShapes/BasicShapeMaterial" 3429
"../../../Engine/Content/BasicShapes/BasicShapeMaterial.uasset" 3430
"/Engine/EditorMaterials/Dataflow/DataflowVertexMaterial" 3431
"../../../Engine/Content/EditorMaterials/Dataflow/DataflowVertexMaterial.uasset" 3432
"/Engine/EditorMaterials/Dataflow/DataflowTwoSidedVertexMaterial" 3433
"../../../Engine/Content/EditorMaterials/Dataflow/DataflowTwoSidedVertexMaterial.uasset" 3434
"/MeshModelingToolsetExp/Materials/PointSetOverlaidComponentMaterial" 3435
"../../Plugins/Experimental/MeshModelingToolsetExp/Content/Materials/PointSetOverlaidComponentMaterial.uasset" 3436
"../../../Engine/Content/Functions/Engine_MaterialFunctions02/Utility/FOV.uasset" 3437
"../../../Engine/Content/Functions/Engine_MaterialFunctions02/WorldPositionOffset/V2/ObjectScale.uasset" 3438
"../../../Engine/Content/Functions/Engine_MaterialFunctions03/Viewport/MF_OrthoWidth.uasset" 3439
"../../Plugins/Experimental/MeshModelingToolsetExp/Content/Materials/GetDisplacementVectorForDepthBias.uasset" 3440
"/Engine/EditorLandscapeResources/LayerVisMaterial" 3441
"../../../Engine/Content/EditorLandscapeResources/LayerVisMaterial.uasset" 3442
"../../../Engine/Content/EditorLandscapeResources/WhiteSquareTexture.uasset" 3443
"/Engine/EditorLandscapeResources/SelectBrushMaterial_Selected" 3444
"../../../Engine/Content/EditorLandscapeResources/SelectBrushMaterial_Selected.uasset" 3445
"../../../Engine/Content/EditorLandscapeResources/SelectBrushMaterial.uasset" 3446
"../../../Engine/Content/Functions/Engine_MaterialFunctions03/Math/WithinRangeFloat2.uasset" 3447
"../../../Engine/Content/EditorLandscapeResources/DefaultAlphaTexture.uasset" 3448
"/Engine/EditorLandscapeResources/SelectBrushMaterial_SelectedRegion" 3449
"../../../Engine/Content/EditorLandscapeResources/SelectBrushMaterial_SelectedRegion.uasset" 3450
"/Engine/EditorLandscapeResources/MaskBrushMaterial_MaskedRegion" 3451
"../../../Engine/Content/EditorLandscapeResources/MaskBrushMaterial_MaskedRegion.uasset" 3452
"../../../Engine/Content/EditorLandscapeResources/MaskBrushMaterial.uasset" 3453
"/Engine/EditorLandscapeResources/ColorMaskBrushMaterial_MaskedRegion" 3454
"../../../Engine/Content/EditorLandscapeResources/ColorMaskBrushMaterial_MaskedRegion.uasset" 3455
"../../../Engine/Content/EditorLandscapeResources/ColorMaskBrushMaterial.uasset" 3456
"/Engine/EditorLandscapeResources/LandscapeDirtyMaterial" 3457
"../../../Engine/Content/EditorLandscapeResources/LandscapeDirtyMaterial.uasset" 3458
"/Engine/EditorLandscapeResources/LandscapeLayerUsageMaterial" 3459
"../../../Engine/Content/EditorLandscapeResources/LandscapeLayerUsageMaterial.uasset" 3460
"../../../Engine/Content/Functions/Engine_MaterialFunctions01/Debug/DebugIntValues.uasset" 3461
"../../../Engine/Content/Functions/Engine_MaterialFunctions01/Texturing/ScaleUVsByCenter.uasset" 3462
"../../../Engine/Content/Functions/Engine_MaterialFunctions02/WorldPositionOffset/LocalPosition.uasset" 3463
"../../../Engine/Content/Functions/Engine_MaterialFunctions01/Texturing/TextureCropping.uasset" 3464
"../../../Engine/Content/Functions/Engine_MaterialFunctions02/ExampleContent/DebugNumberStrip.uasset" 3465
"C:/Users/alsha/AppData/Local/UnrealEngine/Editor/UInteractiveToolsPresetCollectionAsset_DefaultCollection.json" 3466
"/Engine/EngineMaterials/NaniteHiddenSectionMaterial" 3467
"../../../Engine/Content/EngineMaterials/NaniteHiddenSectionMaterial.uasset" 3468
"/Engine/EngineMaterials/RemoveSurfaceMaterial" 3469
"../../../Engine/Content/EngineMaterials/RemoveSurfaceMaterial.uasset" 3470
"/Engine/EngineDebugMaterials/DebugMeshMaterial" 3471
"../../../Engine/Content/EngineDebugMaterials/DebugMeshMaterial.uasset" 3472
"/Engine/EngineMaterials/EmissiveMeshMaterial" 3473
"../../../Engine/Content/EngineMaterials/EmissiveMeshMaterial.uasset" 3474
"../../../Engine/Content/EngineMaterials/DefaultWhiteGrid_Low.uasset" 3475
"/Engine/EngineMaterials/M_InvalidLightmapSettings" 3476
"../../../Engine/Content/EngineMaterials/M_InvalidLightmapSettings.uasset" 3477
"../../../Engine/Content/EngineMaterials/InvalidLightmapSettings.uasset" 3478
"/Engine/EngineMaterials/GizmoMaterial" 3479
"../../../Engine/Content/EngineMaterials/GizmoMaterial.uasset" 3480
"/Engine/EngineMaterials/PhAT_JointLimitMaterial" 3481
"../../../Engine/Content/EngineMaterials/PhAT_JointLimitMaterial.uasset" 3482
"/Engine/EngineMaterials/FlattenMaterial" 3483
"../../../Engine/Content/EngineMaterials/FlattenMaterial.uasset" 3484
"../../../Engine/Content/EngineMaterials/BaseFlattenDiffuseMap.uasset" 3485
"../../../Engine/Content/EngineMaterials/BaseFlattenEmissiveMap.uasset" 3486
"../../../Engine/Content/EngineMaterials/BaseFlattenGrayscaleMap.uasset" 3487
"../../../Engine/Content/EngineMaterials/BaseFlattenLinearColor.uasset" 3488
"../../../Engine/Content/EngineMaterials/BaseFlattenNormalMap.uasset" 3489
"../../../Engine/Content/Functions/Engine_MaterialFunctions02/PivotPainter2/Black_1x1_EXR_Texture.uasset" 3490
"/Engine/EngineMaterials/FlattenMaterial_VT" 3491
"../../../Engine/Content/EngineMaterials/FlattenMaterial_VT.uasset" 3492
"../../../Engine/Content/EngineMaterials/BaseFlattenDiffuseMap_VT.uasset" 3493
"../../../Engine/Content/EngineMaterials/BaseFlattenEmissiveMap_VT.uasset" 3494
"../../../Engine/Content/EngineMaterials/BaseFlattenGrayscaleMap_VT.uasset" 3495
"../../../Engine/Content/EngineMaterials/BaseFlattenLinearColor_VT.uasset" 3496
"../../../Engine/Content/EngineMaterials/BaseFlattenNormalMap_VT.uasset" 3497
"../../../Engine/Content/EngineMaterials/Black_1x1_EXR_Texture_VT.uasset" 3498
"/Engine/EngineMaterials/FlattenMaterial_WS_Normal_VT" 3499
"../../../Engine/Content/EngineMaterials/FlattenMaterial_WS_Normal_VT.uasset" 3500
"/Engine/EngineMaterials/Good64x64TilingNoiseHighFreq" 3501
"../../../Engine/Content/EngineMaterials/Good64x64TilingNoiseHighFreq.uasset" 3502
"/Engine/EngineMaterials/DefaultBokeh" 3503
"../../../Engine/Content/EngineMaterials/DefaultBokeh.uasset" 3504
"/Engine/EngineMaterials/MiniFont" 3505
"../../../Engine/Content/EngineMaterials/MiniFont.uasset" 3506
"/Engine/EngineMaterials/WeightMapPlaceholderTexture" 3507
"../../../Engine/Content/EngineMaterials/WeightMapPlaceholderTexture.uasset" 3508
"/Engine/EngineMaterials/WeightMapArrayPlaceholderTexture" 3509
"../../../Engine/Content/EngineMaterials/WeightMapArrayPlaceholderTexture.uasset" 3510
"/Engine/EngineMaterials/DefaultWhiteGrid" 3511
"../../../Engine/Content/EngineMaterials/DefaultWhiteGrid.uasset" 3512
"/Engine/EngineMaterials/PreintegratedSkinBRDF" 3513
"../../../Engine/Content/EngineMaterials/PreintegratedSkinBRDF.uasset" 3514
"/Engine/EngineMaterials/LTC/GGX_LTCAmp" 3515
"../../../Engine/Content/EngineMaterials/LTC/GGX_LTCAmp.uasset" 3516
"/Engine/EngineMaterials/LTC/GGX_LTCMat" 3517
"../../../Engine/Content/EngineMaterials/LTC/GGX_LTCMat.uasset" 3518
"/Engine/EngineMaterials/LTC/Sheen_LTC" 3519
"../../../Engine/Content/EngineMaterials/LTC/Sheen_LTC.uasset" 3520
"/Engine/EngineMaterials/EnergyConservation/GGX_ReflectionEnergy" 3521
"../../../Engine/Content/EngineMaterials/EnergyConservation/GGX_ReflectionEnergy.uasset" 3522
"/Engine/EngineMaterials/EnergyConservation/GGX_TransmissionEnergyArray" 3523
"../../../Engine/Content/EngineMaterials/EnergyConservation/GGX_TransmissionEnergyArray.uasset" 3524
"/Engine/EngineMaterials/EnergyConservation/Sheen_Energy" 3525
"../../../Engine/Content/EngineMaterials/EnergyConservation/Sheen_Energy.uasset" 3526
"/Engine/EngineMaterials/EnergyConservation/Diffuse_Energy" 3527
"../../../Engine/Content/EngineMaterials/EnergyConservation/Diffuse_Energy.uasset" 3528
"/Engine/EngineMaterials/DefaultPhysicalMaterial" 3529
"../../../Engine/Content/EngineMaterials/DefaultPhysicalMaterial.uasset" 3530
"/Engine/EngineMaterials/DefaultDestructiblePhysicalMaterial" 3531
"../../../Engine/Content/EngineMaterials/DefaultDestructiblePhysicalMaterial.uasset" 3532
"/Niagara/ParameterDefinitions/CoreParameters" 3533
"../../Plugins/FX/Niagara/Content/ParameterDefinitions/CoreParameters.uasset" 3534
"/Niagara/ParameterDefinitions/DecalRenderer" 3535
"../../Plugins/FX/Niagara/Content/ParameterDefinitions/DecalRenderer.uasset" 3536
"/Niagara/ParameterDefinitions/LightRenderer" 3537
"../../Plugins/FX/Niagara/Content/ParameterDefinitions/LightRenderer.uasset" 3538
"/Niagara/ParameterDefinitions/MeshRenderer" 3539
"../../Plugins/FX/Niagara/Content/ParameterDefinitions/MeshRenderer.uasset" 3540
"/Niagara/ParameterDefinitions/RibbonRenderer" 3541
"../../Plugins/FX/Niagara/Content/ParameterDefinitions/RibbonRenderer.uasset" 3542
"/Niagara/ParameterDefinitions/SpriteRenderer" 3543
"../../Plugins/FX/Niagara/Content/ParameterDefinitions/SpriteRenderer.uasset" 3544
"/DeformerGraph/Deformers/DG_LinearBlendSkin_Morph_Cloth" 3545
"../../Plugins/Animation/DeformerGraph/Content/Deformers/DG_LinearBlendSkin_Morph_Cloth.uasset" 3546
"../../Plugins/Animation/DeformerGraph/Content/DeformerFunctions/DG_Function_LinearBlendSkin_Morph_Cloth.uasset" 3547
"/DeformerGraph/Deformers/DG_LinearBlendSkin_Morph_Cloth_RecomputeNormals" 3548
"../../Plugins/Animation/DeformerGraph/Content/Deformers/DG_LinearBlendSkin_Morph_Cloth_RecomputeNormals.uasset" 3549
"../../Plugins/Animation/DeformerGraph/Content/DeformerFunctions/DG_Function_ComputeNormalsTangents.uasset" 3550
"../../Plugins/Animation/DeformerGraph/Content/DeformerFunctions/DG_Function_LinearBlendSkin_Morph_Cloth_PositionOnly.uasset" 3551
"/Engine/EditorResources/SequenceRecorder/Countdown" 3552
"../../../Engine/Content/EditorResources/SequenceRecorder/Countdown.uasset" 3553
"/Engine/EditorResources/SequenceRecorder/RecordingIndicator" 3554
"../../../Engine/Content/EditorResources/SequenceRecorder/RecordingIndicator.uasset" 3555
"/Engine/EditorMaterials/PhAT_UnselectedMaterial" 3556
"../../../Engine/Content/EditorMaterials/PhAT_UnselectedMaterial.uasset" 3557
"/Engine/EditorMaterials/PhAT_NoCollisionMaterial" 3558
"../../../Engine/Content/EditorMaterials/PhAT_NoCollisionMaterial.uasset" 3559
"/Engine/BasicShapes/Cube" 3560
"../../../Engine/Content/BasicShapes/Cube.uasset" 3561
"/Engine/BasicShapes/Sphere" 3562
"../../../Engine/Content/BasicShapes/Sphere.uasset" 3563
"../../../Engine/Content/EngineMaterials/DefaultMaterial.uasset" 3564
"/Engine/BasicShapes/Cylinder" 3565
"../../../Engine/Content/BasicShapes/Cylinder.uasset" 3566
"/Engine/BasicShapes/Cone" 3567
"../../../Engine/Content/BasicShapes/Cone.uasset" 3568
"/Engine/BasicShapes/Plane" 3569
"../../../Engine/Content/BasicShapes/Plane.uasset" 3570
"../../../Engine/Documentation/Source/Shared/Types/ABrush/ABrush.INT.udn" 3571
"../../../Engine/Content/Internationalization/icudt64l/brkitr/en_US.res" 3572
"../../../Engine/Content/Internationalization/icudt64l/brkitr/en.res" 3573
"../../../Engine/Content/Internationalization/icudt64l/brkitr/root.res" 3574
"../../../Engine/Content/Internationalization/icudt64l/brkitr/char.brk" 3575
"../../../Engine/Content/Internationalization/icudt64l/brkitr/word.brk" 3576
"/Engine/EditorResources/S_Terrain" 3577
"../../../Engine/Content/EditorResources/S_Terrain.uasset" 3578
"../../../Engine/Plugins/FX/Niagara/Shaders/Private/NiagaraDataInterfaceTexture2DArrayTemplate.ush" 3579
"../../../Engine/Plugins/FX/Niagara/Shaders/Private/NiagaraDataInterfaceActorComponentTemplate.ush" 3580
"../../../Engine/Plugins/FX/Niagara/Shaders/Private/NiagaraDataInterfaceArrayTemplate.ush" 3581
"../../../Engine/Plugins/FX/Niagara/Shaders/Private/NiagaraDataInterfaceArrayRWTemplate.ush" 3582
"../../../Engine/Plugins/FX/Niagara/Shaders/Private/NiagaraDataInterfaceArrayDistributionIntTemplate.ush" 3583
"../../../Engine/Plugins/FX/Niagara/Shaders/Private/NiagaraDataInterfaceAsyncGpuTrace.ush" 3584
"../../../Engine/Plugins/FX/Niagara/Shaders/Private/NiagaraDataInterfaceAsyncGpuTraceTemplate.ush" 3585
"../../../Engine/Plugins/FX/Niagara/Shaders/Private/NiagaraDataInterfaceCamera.ush" 3586
"../../../Engine/Plugins/Experimental/ChaosNiagara/Shaders/NiagaraDataInterfaceChaosDestruction.ush" 3587
"../../../Engine/Plugins/FX/Niagara/Shaders/Private/NiagaraDataInterfaceCollisionQuery.ush" 3588
"C:/Users/alsha/OneDrive/Documents/GitHub/Verdant_Ash/Intermediate/ShaderAutogen/PCD3D_SM5/AutogenShaderHeaders.ush" 3589
"../../../Engine/Plugins/FX/Niagara/Shaders/Private/NiagaraDataInterfaceCollisionQueryTemplate.ush" 3590
"../../../Engine/Plugins/FX/Niagara/Shaders/Private/NiagaraDataInterfaceCurveTemplate.ush" 3591
"../../../Engine/Plugins/FX/Niagara/Shaders/Private/NiagaraDataInterfaceCubeTextureTemplate.ush" 3592
"../../../Engine/Plugins/FX/Niagara/Shaders/Private/DataChannel/NiagaraDataInterfaceDataChannelCommon.ush" 3593
"../../../Engine/Plugins/FX/Niagara/Shaders/Private/DataChannel/NiagaraDataInterfaceDataChannelTemplateCommon.ush" 3594
"../../../Engine/Plugins/FX/Niagara/Shaders/Private/DataChannel/NiagaraDataInterfaceDataChannelTemplateReadCommon.ush" 3595
"../../../Engine/Plugins/FX/Niagara/Shaders/Private/DataChannel/NiagaraDataInterfaceDataChannelTemplate_Read.ush" 3596
"../../../Engine/Plugins/FX/Niagara/Shaders/Private/DataChannel/NiagaraDataInterfaceDataChannelTemplate_Consume.ush" 3597
"../../../Engine/Plugins/FX/Niagara/Shaders/Private/DataChannel/NiagaraDataInterfaceDataChannelTemplateWriteCommon.ush" 3598
"../../../Engine/Plugins/FX/Niagara/Shaders/Private/DataChannel/NiagaraDataInterfaceDataChannelTemplate_Append.ush" 3599
"../../../Engine/Plugins/FX/Niagara/Shaders/Private/NiagaraDataInterfaceDataTableTemplate.ush" 3600
"../../../Engine/Plugins/FX/Niagara/Shaders/Private/NiagaraDataInterfaceDebugDraw.ush" 3601
"../../../Engine/Plugins/FX/Niagara/Shaders/Private/NiagaraDataInterfaceDebugDrawTemplate.ush" 3602
"../../../Engine/Plugins/FX/Niagara/Shaders/Private/NiagaraDataInterfaceDynamicMeshTemplate.ush" 3603
"../../../Engine/Plugins/FX/Niagara/Shaders/Private/NiagaraDataInterfaceEmitterPropertiesTemplate.ush" 3604
"../../../Engine/Plugins/FX/Niagara/Shaders/Private/NiagaraDataInterfaceExportTemplate.ush" 3605
"../../../Engine/Plugins/FX/Niagara/Shaders/Private/NiagaraDataInterfaceGBufferTemplate.ush" 3606
"../../../Engine/Plugins/Experimental/ChaosNiagara/Shaders/NiagaraDataInterfaceGeometryCollection.ush" 3607
"../../../Engine/Plugins/FX/Niagara/Shaders/Private/NiagaraTransformUtils.ush" 3608
"../../../Engine/Plugins/Runtime/HairStrands/Shaders/Private/NiagaraStrandsExternalForce.ush" 3609
"../../../Engine/Plugins/Runtime/HairStrands/Shaders/Private/NiagaraHookeSpringMaterial.ush" 3610
"../../../Engine/Plugins/Runtime/HairStrands/Shaders/Private/NiagaraAngularSpringMaterial.ush" 3611
"../../../Engine/Plugins/Runtime/HairStrands/Shaders/Private/NiagaraConstantVolumeMaterial.ush" 3612
"../../../Engine/Plugins/Runtime/HairStrands/Shaders/Private/NiagaraCosseratRodMaterial.ush" 3613
"../../../Engine/Plugins/Runtime/HairStrands/Shaders/Private/NiagaraStaticCollisionConstraint.ush" 3614
"../../../Engine/Plugins/Runtime/HairStrands/Shaders/Private/NiagaraDataInterfaceHairStrands.ush" 3615
"../../../Engine/Plugins/Runtime/HairStrands/Shaders/Private/NiagaraDataInterfaceHairStrandsTemplate.ush" 3616
"../../../Engine/Plugins/FX/Niagara/Shaders/Private/NiagaraDataInterfaceIntRenderTarget2D.ush" 3617
"../../../Engine/Plugins/FX/Niagara/Shaders/Private/NiagaraDataInterfaceLandscape.ush" 3618
"../../../Engine/Plugins/FX/Niagara/Shaders/Private/NiagaraDataInterfaceMemoryBufferTemplate.ush" 3619
"../../../Engine/Plugins/FX/Niagara/Shaders/Private/NiagaraDataInterfaceMeshRendererInfoTemplate.ush" 3620
"../../../Engine/Plugins/FX/Niagara/Shaders/Private/NiagaraDataInterfaceOcclusion.ush" 3621
"../../../Engine/Plugins/FX/Niagara/Shaders/Private/NiagaraDataInterfacePhysicsAsset.ush" 3622
"../../../Engine/Plugins/Experimental/ChaosNiagara/Shaders/NiagaraDataInterfacePhysicsField.ush" 3623
"../../../Engine/Plugins/FX/Niagara/Shaders/Private/NiagaraDataInterfacePlatformSetTemplate.ush" 3624
"../../../Engine/Plugins/Runtime/HairStrands/Shaders/Private/NiagaraDataInterfaceVelocityGrid.ush" 3625
"../../../Engine/Plugins/Runtime/HairStrands/Shaders/Private/NiagaraDataInterfaceVelocityGridTemplate.ush" 3626
"../../../Engine/Plugins/Runtime/HairStrands/Shaders/Private/NiagaraDataInterfacePressureGrid.ush" 3627
"../../../Engine/Plugins/Runtime/HairStrands/Shaders/Private/NiagaraDataInterfacePressureGridTemplate.ush" 3628
"../../../Engine/Plugins/FX/Niagara/Shaders/Private/NiagaraDataInterfaceRenderTarget2DTemplate.ush" 3629
"../../../Engine/Plugins/FX/Niagara/Shaders/Private/NiagaraDataInterfaceRenderTarget2DArrayTemplate.ush" 3630
"../../../Engine/Plugins/FX/Niagara/Shaders/Private/NiagaraDataInterfaceRenderTargetCubeTemplate.ush" 3631
"../../../Engine/Plugins/FX/Niagara/Shaders/Private/NiagaraDataInterfaceRenderTargetVolumeTemplate.ush" 3632
"../../../Engine/Plugins/FX/Niagara/Shaders/Private/NiagaraDataInterfaceRigidMeshCollisionQuery.ush" 3633
"../../../Engine/Plugins/FX/Niagara/Shaders/Private/NiagaraDistanceFieldQueries.ush" 3634
"../../../Engine/Plugins/FX/Niagara/Shaders/Private/NiagaraDataInterfaceSceneCapture2DTemplate.ush" 3635
"../../../Engine/Plugins/FX/Niagara/Shaders/Private/NiagaraDataInterfaceSimCacheReaderTemplate.ush" 3636
"../../../Engine/Plugins/FX/Niagara/Shaders/Private/NiagaraDataInterfaceSimpleCounterTemplate.ush" 3637
"../../../Engine/Plugins/FX/Niagara/Shaders/Private/NiagaraDataInterfaceSkeletalMesh.ush" 3638
"../../../Engine/Plugins/FX/Niagara/Shaders/Private/NiagaraBaryCentricUtils.ush" 3639
"../../../Engine/Plugins/FX/Niagara/Shaders/Private/NiagaraDataInterfaceSkeletalMeshTemplate.ush" 3640
"../../../Engine/Plugins/FX/Niagara/Shaders/Private/NiagaraDataInterfaceSocketReaderTemplate.ush" 3641
"../../../Engine/Plugins/FX/Niagara/Shaders/Private/NiagaraDataInterfaceSparseVolumeTextureTemplate.ush" 3642
"../../../Engine/Plugins/FX/Niagara/Shaders/Private/NiagaraDataInterfaceSplineTemplate.ush" 3643
"../../../Engine/Plugins/FX/Niagara/Shaders/Private/NiagaraDataInterfaceSpriteRendererInfoTemplate.ush" 3644
"../../../Engine/Plugins/FX/Niagara/Shaders/Private/NiagaraDataInterfaceStaticMeshTemplate.ush" 3645
"../../../Engine/Plugins/FX/Niagara/Shaders/Private/NiagaraDataInterfaceTextureTemplate.ush" 3646
"../../../Engine/Plugins/FX/Niagara/Shaders/Private/NiagaraDataInterfaceVirtualTexture.ush" 3647
"../../../Engine/Plugins/FX/Niagara/Shaders/Private/NiagaraDataInterfaceVirtualTextureTemplate.ush" 3648
"../../../Engine/Plugins/FX/Niagara/Shaders/Private/NiagaraDataInterfaceVirtualTextureSampleTemplate.ush" 3649
"../../../Engine/Plugins/FX/Niagara/Shaders/Private/NiagaraDataInterfaceVolumeCache.ush" 3650
"../../../Engine/Plugins/FX/Niagara/Shaders/Private/NiagaraDataInterfaceVolumeTextureTemplate.ush" 3651
"C:/Users/alsha/OneDrive/Documents/GitHub/Verdant_Ash/Content/Environment/Trees/Materials/Instances/Oak/MI_Leaf_Oak_04.uasset" 3652
"C:/Users/alsha/OneDrive/Documents/GitHub/Verdant_Ash/Content/Environment/Trees/Mesh/Junifer/SM_Stylized_Tree_Junifer_10.uasset" 3653
"C:/Users/alsha/OneDrive/Documents/GitHub/Verdant_Ash/Content/Environment/Trees/Textures/Leaf_Textures/T_Leaf_Texture_Junifer.uasset" 3654
"C:/Users/alsha/OneDrive/Documents/GitHub/Verdant_Ash/Content/Environment/Trees/Materials/Instances/Bark/MI_Bark_04.uasset" 3655
"C:/Users/alsha/OneDrive/Documents/GitHub/Verdant_Ash/Content/Environment/Trees/Mesh/Oak/SM_Stylized_Tree_Oak_04.uasset" 3656
"C:/Users/alsha/OneDrive/Documents/GitHub/Verdant_Ash/Content/Environment/Trees/Materials/Instances/Oak/MI_Leaf_Oak_05.uasset" 3657
"C:/Users/alsha/OneDrive/Documents/GitHub/Verdant_Ash/Content/Environment/Trees/Mesh/Oak/SM_Stylized_Tree_Oak_05.uasset" 3658
"C:/Users/alsha/OneDrive/Documents/GitHub/Verdant_Ash/Content/Environment/Trees/Mesh/Oak/SM_Stylized_Tree_Oak_08.uasset" 3659
"C:/Users/alsha/OneDrive/Documents/GitHub/Verdant_Ash/Content/Environment/Trees/Materials/Instances/Oak/MI_Leaf_Oak_03.uasset" 3660
"C:/Users/alsha/OneDrive/Documents/GitHub/Verdant_Ash/Content/Environment/Trees/Materials/Instances/Bark/MI_Bark_01.uasset" 3661
"C:/Users/alsha/OneDrive/Documents/GitHub/Verdant_Ash/Content/Environment/Trees/Mesh/Junifer/SM_Stylized_Tree_Junifer_04.uasset" 3662
"C:/Users/alsha/OneDrive/Documents/GitHub/Verdant_Ash/Content/Environment/Trees/Materials/Instances/Juniper/Leaf/MI_Leaf_Junifer_04.uasset" 3663
"C:/Users/alsha/OneDrive/Documents/GitHub/Verdant_Ash/Content/Environment/Trees/Mesh/Oak/SM_Stylized_Tree_Oak_06.uasset" 3664
"C:/Users/alsha/OneDrive/Documents/GitHub/Verdant_Ash/Content/Environment/Trees/Materials/Instances/Beech/Leaf/MI_Leaf_Beech_04.uasset" 3665
"C:/Users/alsha/OneDrive/Documents/GitHub/Verdant_Ash/Content/Environment/Trees/Mesh/Oak/SM_Stylized_Tree_Oak_02.uasset" 3666
"C:/Users/alsha/OneDrive/Documents/GitHub/Verdant_Ash/Content/Environment/Trees/Materials/Instances/Beech/Branch/MI_Leaf_Beech_Branch_04.uasset" 3667
"C:/Users/alsha/OneDrive/Documents/GitHub/Verdant_Ash/Content/Environment/Trees/Mesh/Oak/SM_Stylized_Tree_Oak_01.uasset" 3668
"C:/Users/alsha/OneDrive/Documents/GitHub/Verdant_Ash/Content/Environment/Trees/Mesh/Beech/SM_Stylized_Tree_Beech_09.uasset" 3669
"C:/Users/alsha/OneDrive/Documents/GitHub/Verdant_Ash/Content/Environment/Trees/Mesh/Beech/SM_Stylized_Tree_Beech_05.uasset" 3670
"C:/Users/alsha/OneDrive/Documents/GitHub/Verdant_Ash/Content/Environment/Trees/Textures/Leaf_Textures/T_Leaf_Texture_Oak.uasset" 3671
"C:/Users/alsha/OneDrive/Documents/GitHub/Verdant_Ash/Content/Environment/Trees/Textures/Leaf_Textures/T_Leaf_Texture_Beech.uasset" 3672
"C:/Users/alsha/OneDrive/Documents/GitHub/Verdant_Ash/Content/Environment/Trees/Materials/Instances/Beech/Leaf/MI_Leaf_Beech_02.uasset" 3673
"C:/Users/alsha/OneDrive/Documents/GitHub/Verdant_Ash/Content/Environment/Trees/Textures/Leaf_Textures/T_Leaf_Texture_Beech_Branch.uasset" 3674
"C:/Users/alsha/OneDrive/Documents/GitHub/Verdant_Ash/Content/Environment/Trees/Textures/Leaf_Textures/T_Leaf_Texture_Willow.uasset" 3675
"../../../Engine/Content/Functions/Engine_MaterialFunctions02/WorldPositionOffset/ObjectPivotPoint.uasset" 3676
"C:/Users/alsha/OneDrive/Documents/GitHub/Verdant_Ash/Content/Environment/Trees/Materials/Instances/Bark/MI_Bark_02.uasset" 3677
"C:/Users/alsha/OneDrive/Documents/GitHub/Verdant_Ash/Content/Environment/Trees/Textures/T_WhiteBlack_Gradient.uasset" 3678
"C:/Users/alsha/OneDrive/Documents/GitHub/Verdant_Ash/Content/Environment/Trees/Materials/Master_Material/M_Leaf.uasset" 3679
"../../../Engine/Content/Functions/Engine_MaterialFunctions01/WorldPositionOffset/SimpleGrassWind.uasset" 3680
"C:/Users/alsha/OneDrive/Documents/GitHub/Verdant_Ash/Content/Environment/Trees/Materials/Instances/Beech/Branch/MI_Leaf_Beech_Branch_02.uasset" 3681
"C:/Users/alsha/OneDrive/Documents/GitHub/Verdant_Ash/Content/Environment/Trees/Textures/Stylized_Bark_Texture/T_Stylized_Bark_1_COLOR.uasset" 3682
"C:/Users/alsha/OneDrive/Documents/GitHub/Verdant_Ash/Content/Environment/Trees/Textures/Stylized_Bark_Texture/T_Stylized_Bark_1_NORM.uasset" 3683
"/Game/Environment/Trees/Materials/Instances/Bark/MI_Bark_01" 3684
"../../../../../Documents/GitHub/Verdant_Ash/Content/Environment/Trees/Materials/Master_Material/M_Bark.uasset" 3685
"../../../Engine/Content/Functions/Engine_MaterialFunctions01/AlphaBlend/WorldAlignedBlend.uasset" 3686
"../../../Engine/Content/Functions/Engine_MaterialFunctions02/Texturing/ScreenAlignedPixelToPixelUVs.uasset" 3687
"../../../Engine/Content/Functions/Engine_MaterialFunctions02/Utility/DitherTemporalAA.uasset" 3688
"../../../../../Documents/GitHub/Verdant_Ash/Content/Environment/Trees/Wind/MP_Wind.uasset" 3689
"../../../../../Documents/GitHub/Verdant_Ash/Content/Environment/Trees/Textures/Stylized_Bark_Texture/T_Stylized_Bark_1_COLOR.uasset" 3690
"../../../../../Documents/GitHub/Verdant_Ash/Content/Environment/Trees/Textures/Stylized_Bark_Texture/T_Stylized_Bark_1_NORM.uasset" 3691
"../../../../../Documents/GitHub/Verdant_Ash/Content/Environment/Trees/Textures/T_Moss_Normal.uasset" 3692
"../../../../../Documents/GitHub/Verdant_Ash/Content/Environment/Trees/Textures/T_Snow_Normal.uasset" 3693
"C:/Users/alsha/OneDrive/Documents/GitHub/Verdant_Ash/Content/Environment/Trees/Wind/MP_Wind.uasset" 3694
"/Game/Environment/Trees/Textures/Leaf_Textures/T_Leaf_Texture_Oak" 3695
"/Game/Environment/Trees/Textures/Leaf_Textures/T_Leaf_Texture_Junifer" 3696
"/Game/Environment/Trees/Materials/Instances/Bark/MI_Bark_04" 3697
"/Game/Environment/Trees/Materials/Instances/Bark/MI_Bark_02" 3698
"/Game/Environment/Trees/Textures/Leaf_Textures/T_Leaf_Texture_Beech" 3699
"/Game/Environment/Trees/Textures/Leaf_Textures/T_Leaf_Texture_Beech_Branch" 3700
"/Game/Environment/Trees/Textures/Leaf_Textures/T_Leaf_Texture_Willow" 3701
"/Game/Environment/Trees/Textures/T_WhiteBlack_Gradient" 3702
"/Engine/Functions/Engine_MaterialFunctions02/WorldPositionOffset/ObjectPivotPoint" 3703
"/Engine/Functions/Engine_MaterialFunctions01/WorldPositionOffset/SimpleGrassWind" 3704
"C:/Users/alsha/OneDrive/Documents/GitHub/Verdant_Ash/Content/Environment/Environment_Props/Textures/Rot_Bush_low_Rot_Bush_Small_Metallic.uasset" 3705
"C:/Users/alsha/OneDrive/Documents/GitHub/Verdant_Ash/Content/Environment/Trees/Materials/Instances/Bark/MI_Bark_03.uasset" 3706
"C:/Users/alsha/OneDrive/Documents/GitHub/Verdant_Ash/Content/Environment/Environment_Props/Textures/Rot_Bush_low_Rot_Bush_Small_Roughness.uasset" 3707
"C:/Users/alsha/OneDrive/Documents/GitHub/Verdant_Ash/Content/Environment/Environment_Props/Textures/Rot_Bush_low_Rot_Bush_Small_BaseColor.uasset" 3708
"C:/Users/alsha/OneDrive/Documents/GitHub/Verdant_Ash/Content/Environment/Environment_Props/Textures/Rot_Bush_low_Rot_Bush_Core_Roughness.uasset" 3709
"C:/Users/alsha/OneDrive/Documents/GitHub/Verdant_Ash/Content/Environment/Trees/Mesh/Beech/SM_Stylized_Tree_Beech_04.uasset" 3710
"C:/Users/alsha/OneDrive/Documents/GitHub/Verdant_Ash/Content/Environment/Environment_Props/Textures/Rot_Bush_low_Rot_Bush_Small_Normal.uasset" 3711
"C:/Users/alsha/OneDrive/Documents/GitHub/Verdant_Ash/Content/Environment/Environment_Props/Meshes/SoupPot.uasset" 3712
"C:/Users/alsha/OneDrive/Documents/GitHub/Verdant_Ash/Content/Environment/Environment_Props/Meshes/Rot_Bush_Small_low.uasset" 3713
"C:/Users/alsha/OneDrive/Documents/GitHub/Verdant_Ash/Content/Environment/Environment_Props/Meshes/RicePot.uasset" 3714
"C:/Users/alsha/OneDrive/Documents/GitHub/Verdant_Ash/Content/Environment/Environment_Props/Materials/Originals/RotBushSmall.uasset" 3715
"C:/Users/alsha/OneDrive/Documents/GitHub/Verdant_Ash/Content/Environment/Environment_Props/Materials/In_RotBushSmall_Inst.uasset" 3716
"/Game/Environment/Trees/Mesh/Oak/SM_Stylized_Tree_Oak_06" 3717
"/Game/Environment/Trees/Materials/Instances/Oak/MI_Leaf_Oak_04" 3718
"/Game/Environment/Trees/Mesh/Oak/SM_Stylized_Tree_Oak_05" 3719
"../../../../../Documents/GitHub/Verdant_Ash/Content/Environment/Trees/Materials/Instances/Bark/MI_Bark_01.uasset" 3720
"/Game/Environment/Trees/Mesh/Oak/SM_Stylized_Tree_Oak_04" 3721
"/Game/Environment/Trees/Mesh/Oak/SM_Stylized_Tree_Oak_02" 3722
"/Game/Environment/Trees/Mesh/Oak/SM_Stylized_Tree_Oak_01" 3723
"/Game/Environment/Trees/Mesh/Junifer/SM_Stylized_Tree_Junifer_10" 3724
"/Game/Environment/Trees/Mesh/Junifer/SM_Stylized_Tree_Junifer_04" 3725
"/Game/Environment/Trees/Mesh/Beech/SM_Stylized_Tree_Beech_09" 3726
"/Game/Environment/Trees/Materials/Instances/Beech/Leaf/MI_Leaf_Beech_04" 3727
"/Game/Environment/Trees/Materials/Instances/Beech/Branch/MI_Leaf_Beech_Branch_04" 3728
"/Game/Environment/Trees/Mesh/Beech/SM_Stylized_Tree_Beech_05" 3729
"C:/Users/alsha/OneDrive/Documents/GitHub/Verdant_Ash/Content/Environment/Environment_Props/Textures/Rot_Bush_low_Rot_Bush_Core_Emissive.uasset" 3730
"C:/Users/alsha/OneDrive/Documents/GitHub/Verdant_Ash/Content/Environment/Environment_Props/Textures/Opacity_Core.uasset" 3731
"C:/Users/alsha/OneDrive/Documents/GitHub/Verdant_Ash/Content/Environment/Environment_Props/Textures/Rot_Bush_low_Rot_Bush_Core_BaseColor.uasset" 3732
"C:/Users/alsha/OneDrive/Documents/GitHub/Verdant_Ash/Content/Environment/Environment_Props/Textures/Rot_Bush_low_Rot_Bush_Core_Normal.uasset" 3733
"C:/Users/alsha/OneDrive/Documents/GitHub/Verdant_Ash/Content/Environment/Environment_Props/Textures/Rot_Bush_low_Rot_Bush_Core_Metallic.uasset" 3734
"C:/Users/alsha/OneDrive/Documents/GitHub/Verdant_Ash/Content/Environment/Environment_Props/Materials/Originals/RotBsuhCore.uasset" 3735
"C:/Users/alsha/OneDrive/Documents/GitHub/Verdant_Ash/Content/Environment/Environment_Props/Materials/In_RotBsuhCore_Inst.uasset" 3736
"C:/Users/alsha/OneDrive/Documents/GitHub/Verdant_Ash/Content/Environment/Foliage/Meshes/spiral_small_short_grass_low1.uasset" 3737
"C:/Users/alsha/OneDrive/Documents/GitHub/Verdant_Ash/Content/Environment/Foliage/Meshes/spiral_small_short_grass_low3.uasset" 3738
"C:/Users/alsha/OneDrive/Documents/GitHub/Verdant_Ash/Content/Environment/Foliage/Meshes/spiral_medium_short_grass_low4.uasset" 3739
"C:/Users/alsha/OneDrive/Documents/GitHub/Verdant_Ash/Content/Environment/Foliage/Meshes/spiral_medium_tall_grass_low1.uasset" 3740
"C:/Users/alsha/OneDrive/Documents/GitHub/Verdant_Ash/Content/Materials/Materials/M_Cel_Inst.uasset" 3741
"C:/Users/alsha/OneDrive/Documents/GitHub/Verdant_Ash/Content/Environment/Foliage/Meshes/spiral_small_tall_grass_low1.uasset" 3742
"C:/Users/alsha/OneDrive/Documents/GitHub/Verdant_Ash/Content/Environment/Environment_Props/Meshes/Core.uasset" 3743
"C:/Users/alsha/OneDrive/Documents/GitHub/Verdant_Ash/Content/Environment/Foliage/Meshes/spiral_large_short_grass_low1.uasset" 3744
"C:/Users/alsha/OneDrive/Documents/GitHub/Verdant_Ash/Content/Environment/Foliage/Meshes/small_tall_grass_low13.uasset" 3745
"C:/Users/alsha/OneDrive/Documents/GitHub/Verdant_Ash/Content/Environment/Foliage/Meshes/small_tall_grass_low14.uasset" 3746
"C:/Users/alsha/OneDrive/Documents/GitHub/Verdant_Ash/Content/Environment/Foliage/Meshes/spiral_larger_tall_grass_low1.uasset" 3747
"C:/Users/alsha/OneDrive/Documents/GitHub/Verdant_Ash/Content/Environment/Foliage/Meshes/spiral_medium_short_grass_low1.uasset" 3748
"/Game/Environment/Trees/Mesh/Oak/SM_Stylized_Tree_Oak_08" 3749
"/Game/Environment/Environment_Props/Textures/Rot_Bush_low_Rot_Bush_Small_BaseColor" 3750
"/Game/Environment/Environment_Props/Textures/Rot_Bush_low_Rot_Bush_Small_Metallic" 3751
"/Game/Environment/Environment_Props/Textures/Rot_Bush_low_Rot_Bush_Small_Normal" 3752
"/Game/Environment/Foliage/Meshes/spiral_medium_short_grass_low4" 3753
"../../../../../Documents/GitHub/Verdant_Ash/Content/Environment/Foliage/Materials/grass_foliage_low.uasset" 3754
"../../../../../Documents/GitHub/Verdant_Ash/Content/Environment/Foliage/Materials/GrassFoliage.uasset" 3755
"../../../../../Documents/GitHub/Verdant_Ash/Content/Environment/Foliage/Textures/Opacity.uasset" 3756
"../../../../../Documents/GitHub/Verdant_Ash/Content/Environment/Foliage/Textures/Test_grass_foliage_low_BaseColor.uasset" 3757
"../../../../../Documents/GitHub/Verdant_Ash/Content/Environment/Foliage/Textures/Test_grass_foliage_low_Normal.uasset" 3758
"../../../../../Documents/GitHub/Verdant_Ash/Content/Environment/Foliage/Textures/Test_grass_foliage_low_Roughness.uasset" 3759
"/Game/Environment/Foliage/Meshes/spiral_medium_tall_grass_low1" 3760
"/Game/Environment/Foliage/Meshes/spiral_small_short_grass_low1" 3761
"/Game/Environment/Foliage/Meshes/spiral_small_short_grass_low3" 3762
"/Game/Environment/Environment_Props/Textures/Rot_Bush_low_Rot_Bush_Small_Roughness" 3763
"/Game/Environment/Foliage/Meshes/spiral_small_tall_grass_low1" 3764
"/Game/Environment/Trees/Mesh/Beech/SM_Stylized_Tree_Beech_04" 3765
"/Game/Materials/Materials/M_Cel_Inst" 3766
"../../../../../Documents/GitHub/Verdant_Ash/Content/Materials/Materials/M_Cel.uasset" 3767
"../../../Engine/Content/Functions/Engine_MaterialFunctions01/Texturing/FlattenNormal.uasset" 3768
"../../../../../Documents/GitHub/Verdant_Ash/Content/Materials/Material_Function/MF_CelShader.uasset" 3769
"../../Plugins/Bridge/Content/MSPresets/M_MS_Glass_Material/Textures/White.uasset" 3770
"../../Plugins/Bridge/Content/MSPresets/MSTextures/FlatNormal.uasset" 3771
"/Game/Environment/Environment_Props/Meshes/Core" 3772
"/Game/Environment/Environment_Props/Materials/Originals/RotBushSmall" 3773
"/Game/Environment/Environment_Props/Materials/In_RotBushSmall_Inst" 3774
"/Game/Environment/Environment_Props/Meshes/Rot_Bush_Small_low" 3775
"/Game/Environment/Environment_Props/Meshes/SoupPot" 3776
"../../../../../Documents/GitHub/Verdant_Ash/Content/Environment/Environment_Props/Materials/IN_VillageProps2_Inst.uasset" 3777
"../../../../../Documents/GitHub/Verdant_Ash/Content/Environment/Environment_Props/Materials/Originals/VillageProps2.uasset" 3778
"../../../../../Documents/GitHub/Verdant_Ash/Content/Environment/Environment_Props/Textures/Test_Village_Props_5_BaseColor.uasset" 3779
"../../../../../Documents/GitHub/Verdant_Ash/Content/Environment/Environment_Props/Textures/Test_Village_Props_5_Metallic.uasset" 3780
"../../../../../Documents/GitHub/Verdant_Ash/Content/Environment/Environment_Props/Textures/Test_Village_Props_5_Normal.uasset" 3781
"../../../../../Documents/GitHub/Verdant_Ash/Content/Environment/Environment_Props/Textures/Test_Village_Props_5_Roughness.uasset" 3782
"/Game/Environment/Environment_Props/Meshes/RicePot" 3783
"C:/Users/alsha/OneDrive/Documents/GitHub/Verdant_Ash/Content/Environment/Foliage/Meshes/small_tall_grass_low1.uasset" 3784
"C:/Users/alsha/OneDrive/Documents/GitHub/Verdant_Ash/Content/Environment/Foliage/Meshes/medium_tall_grass_low1.uasset" 3785
"C:/Users/alsha/OneDrive/Documents/GitHub/Verdant_Ash/Content/Environment/Foliage/Meshes/less_dense_tiny_short_grass_low1.uasset" 3786
"C:/Users/alsha/OneDrive/Documents/GitHub/Verdant_Ash/Content/Environment/Foliage/Meshes/medium_short_grass_low1.uasset" 3787
"C:/Users/alsha/OneDrive/Documents/GitHub/Verdant_Ash/Content/Environment/Foliage/Meshes/medium_short_grass_low10.uasset" 3788
"C:/Users/alsha/OneDrive/Documents/GitHub/Verdant_Ash/Content/Environment/Foliage/Meshes/medium_tall_grass_low18.uasset" 3789
"C:/Users/alsha/OneDrive/Documents/GitHub/Verdant_Ash/Content/Environment/Foliage/Meshes/medium_tall_grass_low20.uasset" 3790
"C:/Users/alsha/OneDrive/Documents/GitHub/Verdant_Ash/Content/Environment/Foliage/Meshes/small_short_grass_low1.uasset" 3791
"C:/Users/alsha/OneDrive/Documents/GitHub/Verdant_Ash/Content/Environment/Foliage/Meshes/less_dense_small_short_grass_low5.uasset" 3792
"C:/Users/alsha/OneDrive/Documents/GitHub/Verdant_Ash/Content/Environment/Foliage/Meshes/less_dense_small_short_grass_low1.uasset" 3793
"C:/Users/alsha/OneDrive/Documents/GitHub/Verdant_Ash/Content/Environment/Foliage/Meshes/less_dense_medium_short_grass_low5.uasset" 3794
"/Game/Environment/Foliage/Meshes/small_tall_grass_low13" 3795
"C:/Users/alsha/OneDrive/Documents/GitHub/Verdant_Ash/Content/Environment/Foliage/Meshes/medium_short_grass_low11.uasset" 3796
"C:/Users/alsha/OneDrive/Documents/GitHub/Verdant_Ash/Content/Environment/Foliage/Meshes/less_dense_medium_short_grass_low1.uasset" 3797
"C:/Users/alsha/OneDrive/Documents/GitHub/Verdant_Ash/Content/Environment/Foliage/Meshes/less_dense_large_short_grass_low5.uasset" 3798
"C:/Users/alsha/OneDrive/Documents/GitHub/Verdant_Ash/Content/Environment/Foliage/Meshes/large_tall_grass_low1.uasset" 3799
"C:/Users/alsha/OneDrive/Documents/GitHub/Verdant_Ash/Content/Environment/Foliage/Meshes/large_tall_grass_low11.uasset" 3800
"C:/Users/alsha/OneDrive/Documents/GitHub/Verdant_Ash/Content/Environment/Foliage/Meshes/large_short_grass_low9.uasset" 3801
"C:/Users/alsha/OneDrive/Documents/GitHub/Verdant_Ash/Content/Environment/Foliage/Meshes/large_short_grass_low1.uasset" 3802
"C:/Users/alsha/OneDrive/Documents/GitHub/Verdant_Ash/Content/Environment/Foliage/Meshes/large_tall_grass_low13.uasset" 3803
"C:/Users/alsha/OneDrive/Documents/GitHub/Verdant_Ash/Content/Environment/Foliage/Meshes/large_tall_grass_low12.uasset" 3804
"C:/Users/alsha/OneDrive/Documents/GitHub/Verdant_Ash/Content/Environment/Foliage/Meshes/flower_large_shrot_grass_low1.uasset" 3805
"C:/Users/alsha/OneDrive/Documents/GitHub/Verdant_Ash/Content/Environment/Foliage/Meshes/medium_tall_grass_low22.uasset" 3806
"C:/Users/alsha/OneDrive/Documents/GitHub/Verdant_Ash/Content/Environment/Foliage/Meshes/less_dense_large_short_grass_low1.uasset" 3807
"C:/Users/alsha/OneDrive/Documents/GitHub/Verdant_Ash/Content/Environment/Foliage/Meshes/dense_tall_grass_low5.uasset" 3808
"C:/Users/alsha/OneDrive/Documents/GitHub/Verdant_Ash/Content/Environment/Foliage/Meshes/flower_small_short_grass_low1.uasset" 3809
"C:/Users/alsha/OneDrive/Documents/GitHub/Verdant_Ash/Content/Character/Enemy/Meshes/Monster.uasset" 3810
"C:/Users/alsha/OneDrive/Documents/GitHub/Verdant_Ash/Content/Environment/Foliage/Meshes/dense_tall_grass_low1.uasset" 3811
"/Game/Environment/Foliage/Meshes/small_tall_grass_low14" 3812
"/Game/Environment/Foliage/Meshes/spiral_larger_tall_grass_low1" 3813
"/Game/Environment/Foliage/Meshes/spiral_large_short_grass_low1" 3814
"/Game/Environment/Foliage/Meshes/spiral_medium_short_grass_low1" 3815
"C:/Users/alsha/OneDrive/Documents/GitHub/Verdant_Ash/Content/Blueprint/Health/Damage/BP_DamageType_Melee.uasset" 3816
"C:/Users/alsha/OneDrive/Documents/GitHub/Verdant_Ash/Content/Character/Enemy/Meshes/SK_Monster.uasset" 3817
"C:/Users/alsha/OneDrive/Documents/GitHub/Verdant_Ash/Content/Character/Enemy/Misc/openPBR_shader1.uasset" 3818
"/Game/Environment/Foliage/Meshes/dense_tall_grass_low1" 3819
"C:/Users/alsha/OneDrive/Documents/GitHub/Verdant_Ash/Content/Character/Enemy/Meshes/SKM_Monster.uasset" 3820
"C:/Users/alsha/OneDrive/Documents/GitHub/Verdant_Ash/Content/Blueprint/Enemys/BTTask_Roam.uasset" 3821
"../../../../../Documents/GitHub/Verdant_Ash/Content/Environment/Foliage/Materials/grass_folliage_part_2.uasset" 3822
"../../../../../Documents/GitHub/Verdant_Ash/Content/Environment/Foliage/Materials/grassfoliage2.uasset" 3823
"../../../../../Documents/GitHub/Verdant_Ash/Content/Environment/Foliage/Textures/Opacity_1.uasset" 3824
"../../../../../Documents/GitHub/Verdant_Ash/Content/Environment/Foliage/Textures/Test_grass_folliage_part_2_BaseColor.uasset" 3825
"../../../../../Documents/GitHub/Verdant_Ash/Content/Environment/Foliage/Textures/Test_grass_folliage_part_2_Normal.uasset" 3826
"../../../../../Documents/GitHub/Verdant_Ash/Content/Environment/Foliage/Textures/Test_grass_folliage_part_2_Roughness.uasset" 3827
"/Game/Environment/Foliage/Meshes/dense_tall_grass_low5" 3828
"/Game/Environment/Foliage/Meshes/flower_large_shrot_grass_low1" 3829
"/Game/Environment/Foliage/Meshes/flower_small_short_grass_low1" 3830
"/Game/Environment/Foliage/Meshes/large_short_grass_low1" 3831
"/Game/Environment/Foliage/Meshes/large_short_grass_low9" 3832
"/Game/Environment/Foliage/Meshes/large_tall_grass_low1" 3833
"/Game/Environment/Foliage/Meshes/large_tall_grass_low11" 3834
"/Game/Environment/Foliage/Meshes/large_tall_grass_low12" 3835
"/Game/Environment/Foliage/Meshes/large_tall_grass_low13" 3836
"/Game/Environment/Foliage/Meshes/less_dense_large_short_grass_low1" 3837
"/Game/Environment/Foliage/Meshes/less_dense_large_short_grass_low5" 3838
"/Game/Environment/Foliage/Meshes/less_dense_medium_short_grass_low1" 3839
"/Game/Environment/Foliage/Meshes/less_dense_medium_short_grass_low5" 3840
"/Game/Environment/Foliage/Meshes/less_dense_small_short_grass_low1" 3841
"/Game/Environment/Foliage/Meshes/less_dense_small_short_grass_low5" 3842
"/Game/Environment/Foliage/Meshes/less_dense_tiny_short_grass_low1" 3843
"/Game/Environment/Foliage/Meshes/medium_short_grass_low1" 3844
"/Game/Environment/Foliage/Meshes/medium_short_grass_low10" 3845
"/Game/Environment/Foliage/Meshes/medium_short_grass_low11" 3846
"/Game/Environment/Foliage/Meshes/medium_tall_grass_low1" 3847
"/Game/Environment/Foliage/Meshes/medium_tall_grass_low18" 3848
"/Game/Environment/Foliage/Meshes/medium_tall_grass_low20" 3849
"/Game/Environment/Foliage/Meshes/medium_tall_grass_low22" 3850
"/Game/Environment/Foliage/Meshes/small_short_grass_low1" 3851
"/Game/Environment/Foliage/Meshes/small_tall_grass_low1" 3852
"C:/Users/alsha/OneDrive/Documents/GitHub/Verdant_Ash/Content/Blueprint/Enemys/BTService_LocatePlayer.uasset" 3853
"C:/Users/alsha/OneDrive/Documents/GitHub/Verdant_Ash/Content/VFX/Textures/T_Smoke_Wisp.uasset" 3854
"C:/Users/alsha/OneDrive/Documents/GitHub/Verdant_Ash/Content/Blueprint/Enemys/BP_AIController.uasset" 3855
"C:/Users/alsha/OneDrive/Documents/GitHub/Verdant_Ash/Content/Blueprint/Enemys/BB_Enemy.uasset" 3856
"C:/Users/alsha/OneDrive/Documents/GitHub/Verdant_Ash/Content/Blueprint/Enemys/BT_EnemyAI.uasset" 3857
"C:/Users/alsha/OneDrive/Documents/GitHub/Verdant_Ash/Content/Blueprint/Enemys/BTTask_Attack.uasset" 3858
"C:/Users/alsha/OneDrive/Documents/GitHub/Verdant_Ash/Content/VFX/Materials/M_Smoke_Wisp.uasset" 3859
"C:/Users/alsha/OneDrive/Documents/GitHub/Verdant_Ash/Content/Blueprint/Enemys/BPI_Enemy.uasset" 3860
"C:/Users/alsha/OneDrive/Documents/GitHub/Verdant_Ash/Content/VFX/Materials/OakLeafs.uasset" 3861
"C:/Users/alsha/OneDrive/Documents/GitHub/Verdant_Ash/Content/VFX/Emitters/NE_FallingLeafs.uasset" 3862
"/Game/Character/Enemy/Meshes/Monster" 3863
"C:/Users/alsha/OneDrive/Documents/GitHub/Verdant_Ash/Content/VFX/Textures/Oak_Leaf.uasset" 3864
"C:/Users/alsha/OneDrive/Documents/GitHub/Verdant_Ash/Content/VFX/NS_Dust.uasset" 3865
"../../../Engine/Plugins/FX/Niagara/Content/Functions/DirectionAndLength.uasset" 3866
"../../../Engine/Plugins/FX/Niagara/Content/DynamicInputs/UniformRange/V3/RandomRangeLinearColor.uasset" 3867
"../../../Engine/Plugins/FX/Niagara/Content/Modules/Update/Forces/WindForce.uasset" 3868
"../../../Engine/Plugins/FX/Niagara/Content/Enums/Wind/ENiagaraWindTurbulenceMode.uasset" 3869
"../../../Engine/Plugins/FX/Niagara/Content/Enums/Wind/ENiagaraWindTurbulenceFrequencyMode.uasset" 3870
"../../../Engine/Plugins/FX/Niagara/Content/Enums/Wind/ENiagaraWindTurbulenceContributionMode.uasset" 3871
"C:/Users/alsha/OneDrive/Documents/GitHub/Verdant_Ash/Content/Blueprint/Enemys/BP_Blob1.uasset" 3872
"../../../Engine/Plugins/FX/Niagara/Content/Enums/Wind/ENiagaraWindOffsetMode.uasset" 3873
"../../../Engine/Plugins/FX/Niagara/Content/Modules/Update/Forces/AerodynamicDrag.uasset" 3874
"../../../Engine/Plugins/FX/Niagara/Content/Enums/Wind/ENiagaraWindGroundMaskMode.uasset" 3875
"../../../Engine/Plugins/FX/Niagara/Content/Enums/Wind/ENiagaraWindFrictionMode.uasset" 3876
"../../../Engine/Plugins/FX/Niagara/Content/Enums/ENiagaraDragCoefficientShapeMode.uasset" 3877
"../../../Engine/Plugins/FX/Niagara/Content/Enums/Wind/ENiagaraWindCombingMode.uasset" 3878
"../../../Engine/Plugins/FX/Niagara/Content/Enums/Wind/ENiagaraWindFrictionDistanceMode.uasset" 3879
"../../Plugins/Interchange/Assets/Content/Materials/FBXLegacyPhongSurfaceMaterial.uasset" 3880
"../../../Engine/Content/Functions/Engine_MaterialFunctions03/Procedurals/NormalFromHeightmap.uasset" 3881
"../../Plugins/Interchange/Assets/Content/Functions/MF_PhongToMetalRoughness.uasset" 3882
"../../../Engine/Content/EngineMaterials/DefaultNormal.uasset" 3883
"/Game/Blueprint/Enemys/BTTask_Roam" 3884
"/Game/Blueprint/Health/Damage/BP_DamageType_Melee" 3885
"../../../../../Documents/GitHub/Verdant_Ash/Content/Blueprint/Health/Damage/PARENTS/BP_DamageType_PARENT.uasset" 3886
"../../../Engine/Content/EditorBlueprintResources/StandardMacros.uasset" 3887
"../../../../../Documents/GitHub/Verdant_Ash/Content/Blueprint/Health/Damage/DT_DamageTypeC.uasset" 3888
"../../../../../Documents/GitHub/Verdant_Ash/Content/Blueprint/Health/Damage/S_DamageTypeCData.uasset" 3889
"/Game/Character/Enemy/Meshes/SKM_Monster" 3890
"../../../Engine/Plugins/FX/Niagara/Content/Enums/ENiagaraAerodynamicDragPivotMode.uasset" 3891
"C:/Users/alsha/OneDrive/Documents/GitHub/Verdant_Ash/Content/Terrain/mountain_terrain_Rot_Vines_Normal.uasset" 3892
"C:/Users/alsha/OneDrive/Documents/GitHub/Verdant_Ash/Content/VFX/FallingLeaf.uasset" 3893
"C:/Users/alsha/OneDrive/Documents/GitHub/Verdant_Ash/Content/Terrain/Rot_Vines.uasset" 3894
"C:/Users/alsha/OneDrive/Documents/GitHub/Verdant_Ash/Content/Terrain/mountain_terrain_Rot_Vines_Roughness.uasset" 3895
"/Niagara/Enums/ENiagaraDragCoefficientShapeMode" 3896
"C:/Users/alsha/OneDrive/Documents/GitHub/Verdant_Ash/Content/Terrain/mountain_terrain_Rot_Vines_BaseColor.uasset" 3897
"/Niagara/Enums/Wind/ENiagaraWindCombingMode" 3898
"/Niagara/Enums/Wind/ENiagaraWindFrictionDistanceMode" 3899
"/Niagara/Enums/Wind/ENiagaraWindFrictionMode" 3900
"/Niagara/Enums/Wind/ENiagaraWindGroundMaskMode" 3901
"/Niagara/Enums/Wind/ENiagaraWindOffsetMode" 3902
"/Niagara/Enums/Wind/ENiagaraWindTurbulenceContributionMode" 3903
"/Niagara/Enums/Wind/ENiagaraWindTurbulenceFrequencyMode" 3904
"/Niagara/Enums/Wind/ENiagaraWindTurbulenceMode" 3905
"/Niagara/Modules/Update/Forces/WindForce" 3906
"../../Plugins/FX/Niagara/Content/Functions/DirectionAndLengthSafe.uasset" 3907
"../../Plugins/FX/Niagara/Content/Functions/Localspace/PositionToVector.uasset" 3908
"../../Plugins/FX/Niagara/Content/Functions/Math/SaturateFloat.uasset" 3909
"../../Plugins/FX/Niagara/Content/Functions/V2/RemapRange.uasset" 3910
"../../Plugins/FX/Niagara/Content/Enums/ENiagaraCurlNoiseQuality.uasset" 3911
"../../Plugins/FX/Niagara/Content/VectorFields/Assets/TilingCurl16.uasset" 3912
"../../Plugins/FX/Niagara/Content/VectorFields/Assets/TilingCurl32.uasset" 3913
"../../Plugins/FX/Niagara/Content/VectorFields/Assets/TilingCurl64.uasset" 3914
"../../Plugins/FX/Niagara/Content/Functions/ChannelMasks/SelectV4Channel.uasset" 3915
"../../Plugins/FX/Niagara/Content/Enums/ENiagaraVector4_Channels.uasset" 3916
"/Niagara/DynamicInputs/UniformRange/V3/RandomRangeLinearColor" 3917
"../../Plugins/FX/Niagara/Content/Functions/V2/CalculateRandomRange.uasset" 3918
"../../Plugins/FX/Niagara/Content/Functions/V2/CalculateRandomRangeFloat.uasset" 3919
"../../Plugins/FX/Niagara/Content/Enums/ENiagaraChannelCorrelation.uasset" 3920
"../../Plugins/FX/Niagara/Content/Enums/ENiagaraRandomnessEvaluation.uasset" 3921
"../../Plugins/FX/Niagara/Content/Enums/ENiagaraRandomnessMode.uasset" 3922
"/Game/VFX/Materials/OakLeafs" 3923
"/Game/VFX/NS_Dust" 3924
"../../Plugins/FX/Niagara/Content/DynamicInputs/ValueFromCurve/FloatFromCurve.uasset" 3925
"../../Plugins/FX/Niagara/Content/Modules/Emitter/EmitterState.uasset" 3926
"../../Plugins/FX/Niagara/Content/Modules/Emitter/SpawnRate.uasset" 3927
"../../Plugins/FX/Niagara/Content/Modules/Solvers/SolveForcesAndVelocity.uasset" 3928
"../../Plugins/FX/Niagara/Content/Modules/Spawn/Initialization/V2/InitializeParticle.uasset" 3929
"../../Plugins/FX/Niagara/Content/Modules/Spawn/Location/V2/ShapeLocation.uasset" 3930
"../../Plugins/FX/Niagara/Content/Modules/Spawn/Velocity/AddVelocity.uasset" 3931
"../../Plugins/FX/Niagara/Content/Modules/System/SystemState.uasset" 3932
"../../Plugins/FX/Niagara/Content/Modules/Update/Color/ScaleColor.uasset" 3933
"../../Plugins/FX/Niagara/Content/Modules/Update/Lifetime/ParticleState.uasset" 3934
"../../Plugins/FX/Niagara/Content/Modules/Update/Size/ScaleSpriteSize.uasset" 3935
"../../Plugins/FX/Niagara/Content/Modules/Update/SubUV/V2/SubUVAnimation.uasset" 3936
"../../Plugins/FX/Niagara/Content/Enums/Angles/ENiagara_AngleInput.uasset" 3937
"../../Plugins/FX/Niagara/Content/Enums/ENiagara_AttributeSamplingApplyOutput.uasset" 3938
"../../Plugins/FX/Niagara/Content/Enums/ENiagara_ColorInitializationMode.uasset" 3939
"../../Plugins/FX/Niagara/Content/Enums/ENiagara_EmitterStateOptions.uasset" 3940
"../../Plugins/FX/Niagara/Content/Enums/ENiagara_InfiniteLoopDuration.uasset" 3941
"../../Plugins/FX/Niagara/Content/Enums/ENiagara_LifetimeMode.uasset" 3942
"../../Plugins/FX/Niagara/Content/Enums/ENiagara_MassInitializationMode.uasset" 3943
"../../Plugins/FX/Niagara/Content/Enums/ENiagara_PositionInitializationMode.uasset" 3944
"../../Plugins/FX/Niagara/Content/Enums/ENiagara_SizeScaleMode.uasset" 3945
"../../Plugins/FX/Niagara/Content/Enums/ENiagara_SpriteRotationMode.uasset" 3946
"../../Plugins/FX/Niagara/Content/Enums/ENiagara_SubUVLookupModeV2.uasset" 3947
"../../Plugins/FX/Niagara/Content/Enums/ENiagara_UVFlippingMode.uasset" 3948
"../../Plugins/FX/Niagara/Content/Enums/ENiagara_WrapClamp.uasset" 3949
"../../Plugins/FX/Niagara/Content/Enums/ENiagaraEmitterLifeCycleMode.uasset" 3950
"../../Plugins/FX/Niagara/Content/Enums/ENiagaraEmitterScalabilityMode_Limited.uasset" 3951
"../../Plugins/FX/Niagara/Content/Enums/ENiagaraInactiveMode.uasset" 3952
"../../Plugins/FX/Niagara/Content/Enums/ENiagaraMeshOrSprite.uasset" 3953
"../../Plugins/FX/Niagara/Content/Enums/ENiagaraShapeTorusMode.uasset" 3954
"../../Plugins/FX/Niagara/Content/Enums/ENiagaraSphereDistributionMode.uasset" 3955
"../../Plugins/FX/Niagara/Content/Enums/ENiagaraSystemInactiveMode.uasset" 3956
"../../Plugins/FX/Niagara/Content/Enums/ENiagaraTorusDistributionMode.uasset" 3957
"../../Plugins/FX/Niagara/Content/Enums/Location/ENiagara_BoxPlaneMode.uasset" 3958
"../../Plugins/FX/Niagara/Content/Enums/Location/ENiagara_ConeMode.uasset" 3959
"../../Plugins/FX/Niagara/Content/Enums/Location/ENiagara_CylinderMode.uasset" 3960
"../../Plugins/FX/Niagara/Content/Enums/Location/ENiagara_LocationShapes.uasset" 3961
"../../Plugins/FX/Niagara/Content/Enums/Location/ENiagaraRingDiscMode.uasset" 3962
"../../Plugins/FX/Niagara/Content/Enums/Ribbons/ENiagara_UnsetDirectSet.uasset" 3963
"../../Plugins/FX/Niagara/Content/Enums/Ribbons/ENiagara_UnsetDirectSetRandom.uasset" 3964
"../../Plugins/FX/Niagara/Content/Enums/SpriteRenderer/ENiagara_AutomaticManual.uasset" 3965
"../../Plugins/FX/Niagara/Content/Enums/SpriteRenderer/ENiagara_FPSPlayrate.uasset" 3966
"../../Plugins/FX/Niagara/Content/Enums/SpriteRenderer/ENiagara_ScaleSpriteSize.uasset" 3967
"../../Plugins/FX/Niagara/Content/Enums/Transforms/ENiagara_OffsetMode.uasset" 3968
"../../Plugins/FX/Niagara/Content/Enums/Transforms/ENiagara_RotationMode.uasset" 3969
"../../Plugins/FX/Niagara/Content/Enums/Transforms/ENiagara_ScaleMode.uasset" 3970
"../../Plugins/FX/Niagara/Content/Enums/Transforms/ENiagara_TransformOrder.uasset" 3971
"../../Plugins/FX/Niagara/Content/Enums/Transforms/ENiagara_TransformType.uasset" 3972
"../../Plugins/FX/Niagara/Content/Enums/Utility/ENiagara_VelocityMode.uasset" 3973
"../../Plugins/FX/Niagara/Content/Functions/Emitter/EmitterChangeState.uasset" 3974
"../../Plugins/FX/Niagara/Content/Icons/Modules/T_Icon_Scalability_Emitter.uasset" 3975
"../../Plugins/FX/Niagara/Content/Icons/Modules/T_Icon_Scalability_System.uasset" 3976
"../../Plugins/FX/Niagara/Content/Functions/RandomRangeFloat.uasset" 3977
"../../Plugins/FX/Niagara/Content/Functions/Drag/DragVelocity.uasset" 3978
"../../Plugins/FX/Niagara/Content/Functions/Math/CentimeterMeterConversion.uasset" 3979
"../../Plugins/FX/Niagara/Content/Functions/Rotation/MultiplyVectorWithQuaternion.uasset" 3980
"../../Plugins/FX/Niagara/Content/Modules/Solvers/ApplyRotationVector.uasset" 3981
"../../Plugins/FX/Niagara/Content/Icons/Modules/T_Icon_Solver_LimitAccel.uasset" 3982
"../../Plugins/FX/Niagara/Content/Icons/Modules/T_Icon_Solver_LimitSpeed.uasset" 3983
"../../Plugins/FX/Niagara/Content/Icons/Modules/T_Icon_Solver_RotationalSolve.uasset" 3984
"../../Plugins/FX/Niagara/Content/Functions/LinearColor/HueShiftLinearColor.uasset" 3985
"../../Plugins/FX/Niagara/Content/Functions/Localspace/SimulationPosition.uasset" 3986
"../../Plugins/FX/Niagara/Content/Functions/Localspace/TransformVector.uasset" 3987
"../../Plugins/FX/Niagara/Content/Functions/V2/CalculateRandomBool.uasset" 3988
"../../Plugins/FX/Niagara/Content/Functions/V2/CalculateRandomRangeInteger.uasset" 3989
"../../Plugins/FX/Niagara/Content/Functions/Localspace/TransformPosition.uasset" 3990
"../../Plugins/FX/Niagara/Content/Functions/Math/CalculateRandomPointInConeSphereIntersection.uasset" 3991
"../../Plugins/FX/Niagara/Content/Functions/NormalizedExecutionIndex.uasset" 3992
"../../Plugins/FX/Niagara/Content/Functions/ParametricTorus.uasset" 3993
"../../Plugins/FX/Niagara/Content/Functions/ParametricTorusKnot.uasset" 3994
"../../Plugins/FX/Niagara/Content/Functions/PolarToCartesianCoordinates.uasset" 3995
"../../Plugins/FX/Niagara/Content/Functions/RandomPointInBox.uasset" 3996
"../../Plugins/FX/Niagara/Content/Functions/Rotation/AngleUnitConverter.uasset" 3997
"../../Plugins/FX/Niagara/Content/Functions/Rotation/RotateVector2D.uasset" 3998
"../../Plugins/FX/Niagara/Content/Functions/Rotation/TransformStack/TransformStack_Rotation.uasset" 3999
"../../Plugins/FX/Niagara/Content/Functions/SphericalToCartesianCoordinates.uasset" 4000
"../../Plugins/FX/Niagara/Content/Enums/ENiagaraExpansionMode.uasset" 4001
"../../Plugins/FX/Niagara/Content/Functions/Rotation/AxisAngleToQuaternion.uasset" 4002
"../../Plugins/FX/Niagara/Content/Functions/Rotation/FindQuatBetween.uasset" 4003
"../../Plugins/FX/Niagara/Content/Functions/Rotation/InvertQuaternion.uasset" 4004
"../../Plugins/FX/Niagara/Content/Functions/Rotation/MakeQuaternionFrom3BasisVectors.uasset" 4005
"../../Plugins/FX/Niagara/Content/Functions/Rotation/MultiplyQuaternion.uasset" 4006
"../../Plugins/FX/Niagara/Content/Functions/Rotation/XYZRotationToQuaternion.uasset" 4007
"../../Plugins/FX/Niagara/Content/Functions/V2/CalculateRandomUnitVector.uasset" 4008
"../../Plugins/FX/Niagara/Content/Functions/V2/DistanceBasedFalloff.uasset" 4009
"../../Plugins/FX/Niagara/Content/Functions/System/SystemChangeState.uasset" 4010
"../../Plugins/FX/Niagara/Content/Enums/ENiagaraScaleColorMode.uasset" 4011
"../../Plugins/FX/Niagara/Content/Icons/Modules/T_Icon_Particle_InfiniteLife.uasset" 4012
"../../Plugins/FX/Niagara/Content/Functions/Helpers/SetBoolByTimer.uasset" 4013
"../../Plugins/FX/Niagara/Content/Functions/RandomRangeInteger.uasset" 4014
"../../Plugins/FX/Niagara/Content/Enums/ENiagara_SubUVLookupMode.uasset" 4015
"../../Plugins/FX/Niagara/Content/Functions/GetRandomInfo.uasset" 4016
"../../Plugins/FX/Niagara/Content/Functions/Localspace/TransformBase.uasset" 4017
"../../Plugins/FX/Niagara/Content/Functions/IsolateLongestVectorComponent.uasset" 4018
"../../Plugins/FX/Niagara/Content/Functions/Rotation/MatrixToQuaternion.uasset" 4019
"../../Plugins/FX/Niagara/Content/Functions/NormalizeDistanceRange.uasset" 4020
"/Game/Blueprint/Enemys/BP_Blob1" 4021
"../../../../../Documents/GitHub/Verdant_Ash/Content/Blueprint/Health/AC_Health.uasset" 4022
"../../../../../Documents/GitHub/Verdant_Ash/Content/Blueprint/UI_Widgets/Health_Widgets/BP_EnemyHealthBar.uasset" 4023
"../../../../../Documents/GitHub/Verdant_Ash/Content/UI_Materials/Fonts/CfOneTwoTreesRegular-4LGp_Font.uasset" 4024
"../../../../../Documents/GitHub/Verdant_Ash/Content/Blueprint/Foxbearer/BP_Foxbearer.uasset" 4025
"../../../../../Documents/GitHub/Verdant_Ash/Content/UI_Materials/Fonts/CfOneTwoTreesRegular-4LGp.uasset" 4026
"../../../../../Documents/GitHub/Verdant_Ash/Content/Blueprint/Foxbearer/ABP_Foxbearer.uasset" 4027
"../../../../../Documents/GitHub/Verdant_Ash/Content/Blueprint/Health/Damage/BP_DamageType_EnergyBlast.uasset" 4028
"../../../../../Documents/GitHub/Verdant_Ash/Content/Blueprint/Interact/Interact_Mask/BP_Interact_Mask.uasset" 4029
"../../../../../Documents/GitHub/Verdant_Ash/Content/Blueprint/Interact/Interact_Mask/BPI_Interact.uasset" 4030
"../../../../../Documents/GitHub/Verdant_Ash/Content/Blueprint/Interact/Interact_NPC/BP_Interact_NPC.uasset" 4031
"../../../../../Documents/GitHub/Verdant_Ash/Content/DamageSystem/BP_NatureSpell.uasset" 4032
"../../../../../Documents/GitHub/Verdant_Ash/Content/DamageSystem/BP_Projectile_Base.uasset" 4033
"../../../../../Documents/GitHub/Verdant_Ash/Content/Blueprint/Inputs/IA_Pause.uasset" 4034
"../../../../../Documents/GitHub/Verdant_Ash/Content/Input/IA_JumpingFB.uasset" 4035
"../../../../../Documents/GitHub/Verdant_Ash/Content/Input/IA_LookaroundFB.uasset" 4036
"../../../../../Documents/GitHub/Verdant_Ash/Content/Input/IA_MoveForwardFB.uasset" 4037
"../../../../../Documents/GitHub/Verdant_Ash/Content/Input/IA_MoveRightFB.uasset" 4038
"../../../../../Documents/GitHub/Verdant_Ash/Content/Input/IA_SprintFB.uasset" 4039
"../../../../../Documents/GitHub/Verdant_Ash/Content/Input/IMC_Foxbearer.uasset" 4040
"../../../../../Documents/GitHub/Verdant_Ash/Content/Blueprint/UI_Widgets/WBP_CrossHair.uasset" 4041
"../../../../../Documents/GitHub/Verdant_Ash/Content/Blueprint/UI_Widgets/WBP_GameOver.uasset" 4042
"../../../../../Documents/GitHub/Verdant_Ash/Content/Blueprint/UI_Widgets/WBP_PauseMenu.uasset" 4043
"../../../../../Documents/GitHub/Verdant_Ash/Content/Character/Foxbearer/Meshes/Foxbearer_Rigged.uasset" 4044
"../../../../../Documents/GitHub/Verdant_Ash/Content/Character/Foxbearer/Meshes/SKM_Cloak.uasset" 4045
"../../../../../Documents/GitHub/Verdant_Ash/Content/Static_Meshes/Staff.uasset" 4046
"../../../../../Documents/GitHub/Verdant_Ash/Content/Animations/FB_Animations/Jump_End2.uasset" 4047
"../../../../../Documents/GitHub/Verdant_Ash/Content/Animations/FB_Animations/Jump_Idle4.uasset" 4048
"../../../../../Documents/GitHub/Verdant_Ash/Content/Animations/FB_Animations/Jump_Start_3.uasset" 4049
"../../../../../Documents/GitHub/Verdant_Ash/Content/Blueprint/Foxbearer/ABS_Foxbearer.uasset" 4050
"../../../../../Documents/GitHub/Verdant_Ash/Content/Character/Foxbearer/Meshes/Foxbearer_Rigged_Skeleton.uasset" 4051
"../../../../../Documents/GitHub/Verdant_Ash/Content/VFX/NS_CollectibleGlow.uasset" 4052
"../../../../../Documents/GitHub/Verdant_Ash/Content/Blueprint/Interact/Interact_Mask/P_Interact.uasset" 4053
"../../../../../Documents/GitHub/Verdant_Ash/Content/Blueprint/Interact/Interact_Mask/P_Mask.uasset" 4054
"../../../../../Documents/GitHub/Verdant_Ash/Content/Character/Foxbearer/Meshes/Mask_Mesh.uasset" 4055
"../../../../../Documents/GitHub/Verdant_Ash/Content/Blueprint/Interact/Interact_NPC/P_NPC.uasset" 4056
"../../../../../Documents/GitHub/Verdant_Ash/Content/Character/NPC/Mesh/Body_Low1.uasset" 4057
"../../../../../Documents/GitHub/Verdant_Ash/Content/Character/NPC/Mesh/polySurface4.uasset" 4058
"../../../../../Documents/GitHub/Verdant_Ash/Content/Character/NPC/Mesh/polySurface5.uasset" 4059
"../../../../../Documents/GitHub/Verdant_Ash/Content/Character/NPC/Mesh/polySurface6.uasset" 4060
"../../../../../Documents/GitHub/Verdant_Ash/Content/VFX/NS_NatureHIt.uasset" 4061
"../../../../../Documents/GitHub/Verdant_Ash/Content/VFX/NS_NatureSpell.uasset" 4062
"../../../../../Documents/GitHub/Verdant_Ash/Content/SFX_Music/SFX/Impact_sfx.uasset" 4063
"../../Plugins/FX/Niagara/Content/DefaultAssets/Templates/Systems/RadialBurst.uasset" 4064
"../../../Engine/Content/VREditor/Sounds/VR_teleport_Cue.uasset" 4065
"../../../../../Documents/GitHub/Verdant_Ash/Content/SFX_Music/SFX/Att_Hit.uasset" 4066
"../../../../../Documents/GitHub/Verdant_Ash/Content/UI_Materials/Images/Crosshair_Gradient_3.uasset" 4067
"../../../../../Documents/GitHub/Verdant_Ash/Content/UI_Materials/Fonts/ASafePlacetoFall_Font.uasset" 4068
"../../../../../Documents/GitHub/Verdant_Ash/Content/UI_Materials/Images/Menu_rotted.uasset" 4069
"../../../../../Documents/GitHub/Verdant_Ash/Content/UI_Materials/Images/Menu_normal.uasset" 4070
"../../../../../Documents/GitHub/Verdant_Ash/Content/Materials/Materials/MI_FB.uasset" 4071
"../../../../../Documents/GitHub/Verdant_Ash/Content/Character/Foxbearer/Meshes/Foxbearer_Rigged_PhysicsAsset.uasset" 4072
"../../../../../Documents/GitHub/Verdant_Ash/Content/Character/Foxbearer/Materials/Original/Foxbearer.uasset" 4073
"../../../../../Documents/GitHub/Verdant_Ash/Content/Animations/FB_Animations/Breathing_Idle1.uasset" 4074
"../../../../../Documents/GitHub/Verdant_Ash/Content/Animations/FB_Animations/Running1.uasset" 4075
"../../../../../Documents/GitHub/Verdant_Ash/Content/Animations/FB_Animations/Walking2.uasset" 4076
"../../Plugins/FX/Niagara/Content/DefaultAssets/DefaultSpriteMaterial.uasset" 4077
"../../../../../Documents/GitHub/Verdant_Ash/Content/VFX/Materials/Mi_Circle_01.uasset" 4078
"../../../../../Documents/GitHub/Verdant_Ash/Content/VFX/Materials/Mi_Circle_02.uasset" 4079
"../../../../../Documents/GitHub/Verdant_Ash/Content/VFX/Materials/Mi_GlowRadialDistorted_03.uasset" 4080
"../../../../../Documents/GitHub/Verdant_Ash/Content/VFX/Materials/Mi_MagicProjectiles_8x8_Add.uasset" 4081
"../../../../../Documents/GitHub/Verdant_Ash/Content/VFX/Materials/Mi_PulseBeam_01.uasset" 4082
"../../../../../Documents/GitHub/Verdant_Ash/Content/VFX/Materials/Mi_PulseBeam_02.uasset" 4083
"../../../../../Documents/GitHub/Verdant_Ash/Content/VFX/Materials/Mi_PulseBeam_04.uasset" 4084
"../../../../../Documents/GitHub/Verdant_Ash/Content/VFX/Materials/Mi_Sparks_01.uasset" 4085
"../../Plugins/FX/Niagara/Content/DynamicInputs/Multiply/Multiply_Float.uasset" 4086
"../../Plugins/FX/Niagara/Content/DynamicInputs/Multiply/Multiply_VectorByFloat.uasset" 4087
"../../Plugins/FX/Niagara/Content/DynamicInputs/UniformRange/V2/RandomRangeVector.uasset" 4088
"../../Plugins/FX/Niagara/Content/Modules/Emitter/SpawnBurst_Instantaneous.uasset" 4089
"../../Plugins/FX/Niagara/Content/Modules/Spawn/Orientation/V3/InitialMeshOrientation.uasset" 4090
"../../Plugins/FX/Niagara/Content/Modules/Update/Forces/V2/CurlNoiseForce.uasset" 4091
"../../Plugins/FX/Niagara/Content/Modules/Update/Forces/VortexForce.uasset" 4092
"../../Plugins/FX/Niagara/Content/Modules/Update/Material/DynamicMaterialParameters.uasset" 4093
"../../Plugins/FX/Niagara/Content/Modules/Update/Renderers/Sprite/SpriteFacingAndAlignment.uasset" 4094
"../../Plugins/FX/Niagara/Content/Modules/Update/Size/ScaleMeshSize.uasset" 4095
"../../Plugins/FX/Niagara/Content/Modules/Update/Velocity/ScaleVelocity.uasset" 4096
"../../../../../Documents/GitHub/Verdant_Ash/Content/VFX/Models/SM_CircleSmooth_01.uasset" 4097
"../../../../../Documents/GitHub/Verdant_Ash/Content/VFX/Models/SM_Swirl.uasset" 4098
"../../Plugins/FX/Niagara/Content/Enums/ENiagaraMeshTransforms.uasset" 4099
"../../Plugins/FX/Niagara/Content/Enums/Transforms/ENiagara_MeshOrientationOptions.uasset" 4100
"../../Plugins/FX/Niagara/Content/Enums/Utility/ENiagara_DynamicMaterialParametersInputMode.uasset" 4101
"../../../../../Documents/GitHub/Verdant_Ash/Content/Character/Foxbearer/Meshes/Main_Character.uasset" 4102
"../../../../../Documents/GitHub/Verdant_Ash/Content/Character/NPC/Main_Character.uasset" 4103
"../../../../../Documents/GitHub/Verdant_Ash/Content/Character/NPC/openPBR_shader1.uasset" 4104
"../../../../../Documents/GitHub/Verdant_Ash/Content/VFX/Materials/Mi_Circle06_AddScroll.uasset" 4105
"../../../../../Documents/GitHub/Verdant_Ash/Content/VFX/Materials/Mi_Impact02_AddScroll.uasset" 4106
"../../Plugins/FX/Niagara/Content/DynamicInputs/Clamp/ClampFloat.uasset" 4107
"../../Plugins/FX/Niagara/Content/DynamicInputs/LinearColor/MakeLinearColorFromVectorAndFloat.uasset" 4108
"../../Plugins/FX/Niagara/Content/DynamicInputs/LinearColor/MultiplyLinearColor.uasset" 4109
"../../Plugins/FX/Niagara/Content/DynamicInputs/TypeConversions/MakeVectorFromLinearColorRGB.uasset" 4110
"../../Plugins/FX/Niagara/Content/DynamicInputs/TypeConversions/Vector2DFromFloat.uasset" 4111
"../../Plugins/FX/Niagara/Content/DynamicInputs/UniformRange/V2/RandomRangeFloat.uasset" 4112
"../../Plugins/FX/Niagara/Content/DynamicInputs/UniformRange/V2/RandomRangeInt.uasset" 4113
"../../Plugins/FX/Niagara/Content/Modules/Update/Color/Color.uasset" 4114
"../../Plugins/FX/Niagara/Content/Modules/Update/Orientation/SpriteRotationRate.uasset" 4115
"../../../../../Documents/GitHub/Verdant_Ash/Content/VFX/Materials/Mi_Fireball02_AddScroll.uasset" 4116
"../../Plugins/FX/Niagara/Content/DynamicInputs/TypeConversions/MakeQuatFromAxisAngle.uasset" 4117
"../../Plugins/FX/Niagara/Content/Modules/Events/GenerateLocationEvent.uasset" 4118
"../../Plugins/FX/Niagara/Content/Modules/Update/Orientation/V3/UpdateMeshOrientation.uasset" 4119
"../../../../../Documents/GitHub/Verdant_Ash/Content/VFX/Models/SM_Path05.uasset" 4120
"../../../../../Documents/GitHub/Verdant_Ash/Content/VFX/Models/SM_RingMesh01.uasset" 4121
"../../Plugins/FX/Niagara/Content/Enums/Events/ENiagara_LocEventType.uasset" 4122
"../../Plugins/FX/Niagara/Content/DefaultAssets/DefaultRIbbonMaterial.uasset" 4123
"../../Plugins/FX/Niagara/Content/Modules/Events/ReceiveLocationEvent.uasset" 4124
"../../Plugins/FX/Niagara/Content/Modules/Update/Forces/Drag.uasset" 4125
"../../Plugins/FX/Niagara/Content/Modules/Update/Forces/GravityForce.uasset" 4126
"../../../Engine/Content/VREditor/Sounds/VR_teleport.uasset" 4127
"../../../../../Documents/GitHub/Verdant_Ash/Content/UI_Materials/Fonts/ASafePlacetoFall.uasset" 4128
"../../../../../Documents/GitHub/Verdant_Ash/Content/Materials/Materials/M_Cel_Global.uasset" 4129
"../../../../../Documents/GitHub/Verdant_Ash/Content/Character/Foxbearer/Textures/Character_Texture_ready_Main_Character_BaseColor.uasset" 4130
"../../../../../Documents/GitHub/Verdant_Ash/Content/Character/Foxbearer/Textures/Character_Texture_ready_Main_Character_Normal.uasset" 4131
"../../../../../Documents/GitHub/Verdant_Ash/Content/Character/Foxbearer/Textures/Character_Texture_ready_Main_Character_Roughness.uasset" 4132
"../../../../../Documents/GitHub/Verdant_Ash/Content/Character/Foxbearer/Textures/Character_Texture_ready_Main_Character_Metallic.uasset" 4133
"../../../../../Documents/GitHub/Verdant_Ash/Content/VFX/Materials/Originals/M_Simple.uasset" 4134
"../../../../../Documents/GitHub/Verdant_Ash/Content/VFX/Textures/Extras/Masks/T_Circle_01.uasset" 4135
"../../../../../Documents/GitHub/Verdant_Ash/Content/VFX/Materials/Originals/M_Complex.uasset" 4136
"../../../../../Documents/GitHub/Verdant_Ash/Content/VFX/Textures/Extras/Gradients/T_GradientBlur_01.uasset" 4137
"../../../../../Documents/GitHub/Verdant_Ash/Content/VFX/Textures/Extras/Gradients/T_Ramp_01.uasset" 4138
"../../../../../Documents/GitHub/Verdant_Ash/Content/VFX/Textures/Extras/Noises/T_NoiseFlamyNormal_03.uasset" 4139
"../../../../../Documents/GitHub/Verdant_Ash/Content/VFX/Textures/Extras/Noises/T_NoiseFlowy_03.uasset" 4140
"../../../../../Documents/GitHub/Verdant_Ash/Content/VFX/Materials/Originals/M_Additive.uasset" 4141
"../../../../../Documents/GitHub/Verdant_Ash/Content/VFX/Textures/Extras/T_MagicProjectilesVol1_8x8.uasset" 4142
"../../../../../Documents/GitHub/Verdant_Ash/Content/VFX/Textures/Extras/Gradients/T_Beam_03.uasset" 4143
"../../../../../Documents/GitHub/Verdant_Ash/Content/VFX/Textures/Extras/Gradients/T_UpwardBeamGradient.uasset" 4144
"../../../../../Documents/GitHub/Verdant_Ash/Content/VFX/Textures/Extras/Noises/T_NoiseFlamy_03.uasset" 4145
"../../../../../Documents/GitHub/Verdant_Ash/Content/VFX/Textures/Extras/Gradients/T_BeamClamp_03.uasset" 4146
"../../../../../Documents/GitHub/Verdant_Ash/Content/VFX/Textures/Extras/Noises/T_NoiseFlowy_01.uasset" 4147
"../../Plugins/FX/Niagara/Content/Functions/Rotation/RandomQuaternion.uasset" 4148
"../../Plugins/FX/Niagara/Content/Functions/V2/ConeMask.uasset" 4149
"../../Plugins/FX/Niagara/Content/Functions/ProjectVectorOnPlane.uasset" 4150
"../../Plugins/FX/Niagara/Content/Functions/Localspace/TransformOffset.uasset" 4151
"../../../../../Documents/GitHub/Verdant_Ash/Content/VFX/Materials/Originals/M_AdditiveScroll01.uasset" 4152
"../../../../../Documents/GitHub/Verdant_Ash/Content/VFX/Textures/Extras/T_Circle06.uasset" 4153
"../../../../../Documents/GitHub/Verdant_Ash/Content/VFX/Textures/Extras/T_Noise000.uasset" 4154
"../../../../../Documents/GitHub/Verdant_Ash/Content/VFX/Textures/Extras/T_Noise02.uasset" 4155
"../../../../../Documents/GitHub/Verdant_Ash/Content/VFX/Textures/Extras/T_Impact02.uasset" 4156
"../../../../../Documents/GitHub/Verdant_Ash/Content/VFX/Textures/Extras/T_Noise00.uasset" 4157
"../../../../../Documents/GitHub/Verdant_Ash/Content/VFX/Textures/Extras/T_Projectile_Fireball02.uasset" 4158
"../../Plugins/FX/Niagara/Content/Functions/Helpers/AdvancePositionWithAcceleration.uasset" 4159
"../../Plugins/FX/Niagara/Content/DefaultAssets/Structs/LocationEvent_V2.uasset" 4160
"../../Plugins/FX/Niagara/Content/Functions/CalculateMeshRadius.uasset" 4161
"../../Plugins/FX/Niagara/Content/Functions/DeriveThirdOrthogonalVector.uasset" 4162
"../../Plugins/FX/Niagara/Content/Functions/Helpers/DoOnce_fn.uasset" 4163
"../../Plugins/FX/Niagara/Content/Functions/Helpers/FN_FirstFrame_Numeric.uasset" 4164
"../../Plugins/FX/Niagara/Content/Functions/MakeVectorsOrthogonal.uasset" 4165
"../../Plugins/FX/Niagara/Content/Functions/Math/InterpolateOverTime_V3_.uasset" 4166
"../../Plugins/FX/Niagara/Content/Functions/Math/V2/SmoothLerpOverTime.uasset" 4167
"../../Plugins/FX/Niagara/Content/Functions/Rotation/LerpQuaternion.uasset" 4168
"../../Plugins/FX/Niagara/Content/Functions/Rotation/MakeQuaternionFromXAndYVectors.uasset" 4169
"../../Plugins/FX/Niagara/Content/Functions/Rotation/MakeQuaternionFromXAndZVectors.uasset" 4170
"../../Plugins/FX/Niagara/Content/Functions/Rotation/RotateAngleOnAxis.uasset" 4171
"../../Plugins/FX/Niagara/Content/Functions/Rotation/TwoVectorsToQuaternion.uasset" 4172
"../../Plugins/FX/Niagara/Content/Enums/ENiagaraCalculateRadiusOptions.uasset" 4173
"../../Plugins/FX/Niagara/Content/Enums/Utility/ENiagara_OrientVectorCount.uasset" 4174
"../../Plugins/FX/Niagara/Content/Enums/Utility/ENiagara_UpdateMeshOrientationMode.uasset" 4175
"../../../../../Documents/GitHub/Verdant_Ash/Content/VFX/Textures/Extras/Noises/T_PerlinAlpha_01.uasset" 4176
"../../../../../Documents/GitHub/Verdant_Ash/Content/VFX/Textures/Extras/Sprites/T_LightRay_01.uasset" 4177
"../../../../../Documents/GitHub/Verdant_Ash/Content/VFX/Textures/Extras/Crack/T_CrackDistortion_01.uasset" 4178
"../../../../../Documents/GitHub/Verdant_Ash/Content/VFX/Textures/Extras/Gradients/T_GradientInverse_01.uasset" 4179
"../../../../../Documents/GitHub/Verdant_Ash/Content/VFX/Textures/Extras/T_Beam01Grey.uasset" 4180
"../../Plugins/FX/Niagara/Content/Functions/FindAngleBetweenVectors.uasset" 4181
"../../../../../Documents/GitHub/Verdant_Ash/Content/VFX/Textures/Extras/T_GradientCenter03.uasset" 4182
"../../../../../Documents/GitHub/Verdant_Ash/Content/VFX/Textures/Extras/T_Noise01.uasset" 4183
"C:/Users/alsha/OneDrive/Documents/GitHub/Verdant_Ash/Content/Terrain/pPlane21.uasset" 4184
"C:/Users/alsha/OneDrive/Documents/GitHub/Verdant_Ash/Content/Terrain/pPlane11.uasset" 4185
"C:/Users/alsha/OneDrive/Documents/GitHub/Verdant_Ash/Content/Terrain/pPlane18.uasset" 4186
"C:/Users/alsha/OneDrive/Documents/GitHub/Verdant_Ash/Content/Terrain/pPlane7.uasset" 4187
"C:/Users/alsha/OneDrive/Documents/GitHub/Verdant_Ash/Content/Terrain/mountain_terrain_Mountain_and_Terrain_Normal.uasset" 4188
"C:/Users/alsha/OneDrive/Documents/GitHub/Verdant_Ash/Content/Terrain/pPlane9.uasset" 4189
"C:/Users/alsha/OneDrive/Documents/GitHub/Verdant_Ash/Content/Terrain/pPlane19.uasset" 4190
"C:/Users/alsha/OneDrive/Documents/GitHub/Verdant_Ash/Content/Terrain/pPlane10.uasset" 4191
"C:/Users/alsha/OneDrive/Documents/GitHub/Verdant_Ash/Content/Terrain/Mountain_and_Terrain.uasset" 4192
"C:/Users/alsha/OneDrive/Documents/GitHub/Verdant_Ash/Content/Terrain/pPlane16.uasset" 4193
"C:/Users/alsha/OneDrive/Documents/GitHub/Verdant_Ash/Content/Terrain/pDisc9.uasset" 4194
"/Game/Terrain/Rot_Vines" 4195
"C:/Users/alsha/OneDrive/Documents/GitHub/Verdant_Ash/Content/Terrain/pPlane8.uasset" 4196
"C:/Users/alsha/OneDrive/Documents/GitHub/Verdant_Ash/Content/Terrain/Rot_vines1.uasset" 4197
"C:/Users/alsha/OneDrive/Documents/GitHub/Verdant_Ash/Content/Terrain/pPlane20.uasset" 4198
"C:/Users/alsha/OneDrive/Documents/GitHub/Verdant_Ash/Content/Terrain/terrain_texture_Paths_and_Lakes1_Roughness.uasset" 4199
"C:/Users/alsha/OneDrive/Documents/GitHub/Verdant_Ash/Content/Terrain/pPlane22.uasset" 4200
"C:/Users/alsha/OneDrive/Documents/GitHub/Verdant_Ash/Content/Terrain/pPlane17.uasset" 4201
"C:/Users/alsha/OneDrive/Documents/GitHub/Verdant_Ash/Content/Terrain/terrain_texture_Paths_and_Lakes1_Normal.uasset" 4202
"C:/Users/alsha/OneDrive/Documents/GitHub/Verdant_Ash/Content/Terrain/mountain_terrain_Mountain_and_Terrain_BaseColor.uasset" 4203
"C:/Users/alsha/OneDrive/Documents/GitHub/Verdant_Ash/Content/Terrain/Paths_and_Lakes1.uasset" 4204
"C:/Users/alsha/OneDrive/Documents/GitHub/Verdant_Ash/Content/Terrain/pDisc15.uasset" 4205
"C:/Users/alsha/OneDrive/Documents/GitHub/Verdant_Ash/Content/Terrain/polySurface17.uasset" 4206
"C:/Users/alsha/OneDrive/Documents/GitHub/Verdant_Ash/Content/Terrain/terrain_texture_Paths_and_Lakes1_BaseColor.uasset" 4207
"C:/Users/alsha/OneDrive/Documents/GitHub/Verdant_Ash/Content/Terrain/pPlane26.uasset" 4208
"/Game/VFX/FallingLeaf" 4209
"C:/Users/alsha/OneDrive/Documents/GitHub/Verdant_Ash/Content/Terrain/Mountain_Temple1.uasset" 4210
"C:/Users/alsha/OneDrive/Documents/GitHub/Verdant_Ash/Content/Terrain/temple.uasset" 4211
"C:/Users/alsha/OneDrive/Documents/GitHub/Verdant_Ash/Content/Terrain/mountain_terrain_temple_BaseColor.uasset" 4212
"C:/Users/alsha/OneDrive/Documents/GitHub/Verdant_Ash/Content/Terrain/Grassdirtpath.uasset" 4213
"C:/Users/alsha/OneDrive/Documents/GitHub/Verdant_Ash/Content/Terrain/grassdirt_texture.uasset" 4214
"C:/Users/alsha/OneDrive/Documents/GitHub/Verdant_Ash/Content/Terrain/IN_Grassdirtpath_Inst.uasset" 4215
"C:/Users/alsha/OneDrive/Documents/GitHub/Verdant_Ash/Content/Terrain/mountain_terrain_temple_Normal.uasset" 4216
"C:/Users/alsha/OneDrive/Documents/GitHub/Verdant_Ash/Content/Terrain/mountain_terrain_temple_Roughness.uasset" 4217
"/Game/Terrain/pDisc15" 4218
"/Game/Terrain/pDisc9" 4219
"/Game/Terrain/polySurface17" 4220
"/Game/Terrain/pPlane10" 4221
"/Game/Terrain/pPlane11" 4222
"/Game/Terrain/pPlane16" 4223
"../../../../../Documents/GitHub/Verdant_Ash/Content/Terrain/IN_GrassTerrain_Inst.uasset" 4224
"../../../../../Documents/GitHub/Verdant_Ash/Content/Terrain/GrassTerrain.uasset" 4225
"../../../Engine/Content/Functions/Engine_MaterialFunctions01/Gradient/LinearGradient.uasset" 4226
"../../../Engine/Content/Functions/Engine_MaterialFunctions01/ImageAdjustment/CheapContrast.uasset" 4227
"../../../Engine/Content/Functions/Engine_MaterialFunctions01/Texturing/WorldAlignedTexture.uasset" 4228
"../../../../../Documents/GitHub/Verdant_Ash/Content/Terrain/grass_texture_BaseColor.uasset" 4229
"../../../../../Documents/GitHub/Verdant_Ash/Content/Terrain/grass_texture_Metallic.uasset" 4230
"../../../../../Documents/GitHub/Verdant_Ash/Content/Terrain/grass_texture_Roughness.uasset" 4231
"/Game/Terrain/pPlane17" 4232
"/Game/Terrain/pPlane18" 4233
"/Game/Terrain/pPlane19" 4234
"/Game/Terrain/pPlane20" 4235
"/Game/Terrain/pPlane21" 4236
"/Game/Terrain/pPlane22" 4237
"/Game/Terrain/pPlane26" 4238
"/Game/Terrain/pPlane7" 4239
"/Game/Terrain/pPlane8" 4240
"/Game/Terrain/pPlane9" 4241
"/Game/Terrain/Rot_vines1" 4242
"C:/Users/alsha/OneDrive/Documents/GitHub/Verdant_Ash/Content/Environment/Foliage/Meshes/spiral_small_tall_grass_low5.uasset" 4243
"C:/Users/alsha/OneDrive/Documents/GitHub/Verdant_Ash/Content/Environment/Shader_Water/MM_Water.uasset" 4244
"C:/Users/alsha/OneDrive/Documents/GitHub/Verdant_Ash/Content/Environment/Shader_Water/Textures/T_Noise_RGB.uasset" 4245
"C:/Users/alsha/OneDrive/Documents/GitHub/Verdant_Ash/Content/Environment/Shader_Water/Textures/T_water_N.uasset" 4246
"C:/Users/alsha/OneDrive/Documents/GitHub/Verdant_Ash/Content/Environment/Foliage/Meshes/spiral_medium_tall_grass_low5.uasset" 4247
"C:/Users/alsha/OneDrive/Documents/GitHub/Verdant_Ash/Content/Environment/Foliage/Meshes/spiral_large_short_grass_low5.uasset" 4248
"C:/Users/alsha/OneDrive/Documents/GitHub/Verdant_Ash/Content/Environment/Shader_Water/Textures/T_SwirlNoise.uasset" 4249
"C:/Users/alsha/OneDrive/Documents/GitHub/Verdant_Ash/Content/Environment/Foliage/Meshes/spiral_medium_short_grass_low8.uasset" 4250
"C:/Users/alsha/OneDrive/Documents/GitHub/Verdant_Ash/Content/Environment/Foliage/Meshes/spiral_small_short_grass_low7.uasset" 4251
"../../../Engine/Content/Functions/Engine_MaterialFunctions02/Utility/BlendAngleCorrectedNormals.uasset" 4252
"C:/Users/alsha/OneDrive/Documents/GitHub/Verdant_Ash/Content/Environment/Foliage/Meshes/small_tall_grass_low18.uasset" 4253
"C:/Users/alsha/OneDrive/Documents/GitHub/Verdant_Ash/Content/Environment/Foliage/Meshes/medium_tall_grass_low23.uasset" 4254
"C:/Users/alsha/OneDrive/Documents/GitHub/Verdant_Ash/Content/Environment/Foliage/Meshes/small_short_grass_low5.uasset" 4255
"C:/Users/alsha/OneDrive/Documents/GitHub/Verdant_Ash/Content/Environment/Foliage/Meshes/spiral_larger_tall_grass_low5.uasset" 4256
"C:/Users/alsha/OneDrive/Documents/GitHub/Verdant_Ash/Content/Environment/Foliage/Meshes/Low_Poly_Rock5.uasset" 4257
"C:/Users/alsha/OneDrive/Documents/GitHub/Verdant_Ash/Content/Environment/Foliage/Meshes/Low_Poly_Rocksdf.uasset" 4258
"C:/Users/alsha/OneDrive/Documents/GitHub/Verdant_Ash/Content/Environment/Foliage/Meshes/medium_short_grass_low15.uasset" 4259
"C:/Users/alsha/OneDrive/Documents/GitHub/Verdant_Ash/Content/Environment/Foliage/Meshes/Low_Poly_Rock4.uasset" 4260
"/Game/Terrain/IN_Grassdirtpath_Inst" 4261
"C:/Users/alsha/OneDrive/Documents/GitHub/Verdant_Ash/Content/Environment/Foliage/Meshes/Low_Poly_Rock6.uasset" 4262
"C:/Users/alsha/OneDrive/Documents/GitHub/Verdant_Ash/Content/Environment/Foliage/Meshes/Low_Poly_Rock3.uasset" 4263
"C:/Users/alsha/OneDrive/Documents/GitHub/Verdant_Ash/Content/Environment/Foliage/Meshes/Low_Poly_Rock2.uasset" 4264
"C:/Users/alsha/OneDrive/Documents/GitHub/Verdant_Ash/Content/Environment/Foliage/Textures/Rock_texture_ready_Low_poly_Rocks_Roughness.uasset" 4265
"C:/Users/alsha/OneDrive/Documents/GitHub/Verdant_Ash/Content/Environment/Foliage/Textures/Rock_texture_ready_Low_poly_Rocks_Normal.uasset" 4266
"C:/Users/alsha/OneDrive/Documents/GitHub/Verdant_Ash/Content/Environment/Foliage/Textures/Rock_texture_ready_Low_poly_Rocks_BaseColor.uasset" 4267
"../../../../../Documents/GitHub/Verdant_Ash/Content/Terrain/grass_texture_test_openPBR_shader1_Metallic.uasset" 4268
"../../../../../Documents/GitHub/Verdant_Ash/Content/Terrain/grass_texture_test_openPBR_shader1_Roughness.uasset" 4269
"/Game/Terrain/Mountain_Temple1" 4270
"/Game/Environment/Foliage/Meshes/spiral_large_short_grass_low5" 4271
"/Game/Environment/Foliage/Meshes/spiral_medium_short_grass_low8" 4272
"/Game/Environment/Foliage/Meshes/spiral_medium_tall_grass_low5" 4273
"/Game/Environment/Foliage/Meshes/spiral_small_short_grass_low7" 4274
"/Game/Environment/Foliage/Meshes/spiral_small_tall_grass_low5" 4275
"/Game/Environment/Shader_Water/MM_Water" 4276
"C:/Users/alsha/OneDrive/Documents/GitHub/Verdant_Ash/Content/Environment/Foliage/Materials/aiStandardSurface2.uasset" 4277
"C:/Users/alsha/OneDrive/Documents/GitHub/Verdant_Ash/Content/Environment/Foliage/Meshes/Low_Poly_Rock1.uasset" 4278
"C:/Users/alsha/OneDrive/Documents/GitHub/Verdant_Ash/Content/Environment/Foliage/Meshes/large_tall_grass_low17.uasset" 4279
"C:/Users/alsha/OneDrive/Documents/GitHub/Verdant_Ash/Content/Environment/Foliage/Meshes/large_short_grass_low14.uasset" 4280
"C:/Users/alsha/OneDrive/Documents/GitHub/Verdant_Ash/Content/Environment/Foliage/Meshes/flower_large_shrot_grass_low6.uasset" 4281
"C:/Users/alsha/OneDrive/Documents/GitHub/Verdant_Ash/Content/Environment/Foliage/Meshes/less_dense_tiny_short_grass_low5.uasset" 4282
"C:/Users/alsha/OneDrive/Documents/GitHub/Verdant_Ash/Content/Environment/Environment_Props/Meshes/x1_wall.uasset" 4283
"C:/Users/alsha/OneDrive/Documents/GitHub/Verdant_Ash/Content/Environment/Environment_Props/Meshes/x2_wall.uasset" 4284
"C:/Users/alsha/OneDrive/Documents/GitHub/Verdant_Ash/Content/Environment/Foliage/Meshes/less_dense_medium_short_grass_low9.uasset" 4285
"C:/Users/alsha/OneDrive/Documents/GitHub/Verdant_Ash/Content/Environment/Foliage/Meshes/flower_small_short_grass_low5.uasset" 4286
"C:/Users/alsha/OneDrive/Documents/GitHub/Verdant_Ash/Content/Environment/Environment_Props/Meshes/x3_wall.uasset" 4287
"C:/Users/alsha/OneDrive/Documents/GitHub/Verdant_Ash/Content/Environment/Foliage/Meshes/less_dense_large_short_grass_low9.uasset" 4288
"C:/Users/alsha/OneDrive/Documents/GitHub/Verdant_Ash/Content/Environment/Environment_Props/Meshes/Trangle_Ezup.uasset" 4289
"C:/Users/alsha/OneDrive/Documents/GitHub/Verdant_Ash/Content/Environment/Foliage/Meshes/less_dense_small_short_grass_low9.uasset" 4290
"C:/Users/alsha/OneDrive/Documents/GitHub/Verdant_Ash/Content/Environment/Environment_Props/Textures/Village_buidings_texture_Village_Stage_Roughness.uasset" 4291
"C:/Users/alsha/OneDrive/Documents/GitHub/Verdant_Ash/Content/Environment/Environment_Props/Textures/Village_buidings_texture_Village_Stage_Normal.uasset" 4292
"C:/Users/alsha/OneDrive/Documents/GitHub/Verdant_Ash/Content/Environment/Environment_Props/Meshes/Target.uasset" 4293
"C:/Users/alsha/OneDrive/Documents/GitHub/Verdant_Ash/Content/Environment/Foliage/Meshes/dense_tall_grass_low10.uasset" 4294
"/Game/Environment/Foliage/Textures/Rock_texture_ready_Low_poly_Rocks_BaseColor" 4295
"/Game/Environment/Foliage/Textures/Rock_texture_ready_Low_poly_Rocks_Normal" 4296
"/Game/Environment/Foliage/Textures/Rock_texture_ready_Low_poly_Rocks_Roughness" 4297
"/Game/Environment/Foliage/Meshes/medium_short_grass_low15" 4298
"/Game/Environment/Foliage/Meshes/medium_tall_grass_low23" 4299
"/Game/Environment/Foliage/Meshes/small_short_grass_low5" 4300
"/Game/Environment/Foliage/Meshes/small_tall_grass_low18" 4301
"/Game/Environment/Foliage/Meshes/spiral_larger_tall_grass_low5" 4302
"C:/Users/alsha/OneDrive/Documents/GitHub/Verdant_Ash/Content/Environment/Environment_Props/Textures/Village_buidings_texture_Village_Stage_BaseColor.uasset" 4303
"C:/Users/alsha/OneDrive/Documents/GitHub/Verdant_Ash/Content/Environment/Environment_Props/Meshes/Stage.uasset" 4304
"C:/Users/alsha/OneDrive/Documents/GitHub/Verdant_Ash/Content/Environment/Environment_Props/Materials/Originals/VillageStage.uasset" 4305
"C:/Users/alsha/OneDrive/Documents/GitHub/Verdant_Ash/Content/Environment/Environment_Props/Textures/Village_buidings_texture_Village_Stage_Metallic.uasset" 4306
"C:/Users/alsha/OneDrive/Documents/GitHub/Verdant_Ash/Content/Environment/Environment_Props/Meshes/small_table.uasset" 4307
"C:/Users/alsha/OneDrive/Documents/GitHub/Verdant_Ash/Content/Environment/Environment_Props/Meshes/square_ezup.uasset" 4308
"C:/Users/alsha/OneDrive/Documents/GitHub/Verdant_Ash/Content/Environment/Environment_Props/Materials/IN_VillageStage_Inst.uasset" 4309
"/Game/Environment/Environment_Props/Meshes/x3_wall" 4310
"C:/Users/alsha/OneDrive/Documents/GitHub/Verdant_Ash/Content/Environment/Environment_Props/Meshes/Square_slanted_ezup.uasset" 4311
"../../../../../Documents/GitHub/Verdant_Ash/Content/Environment/Environment_Props/Materials/IN_Cloth_Fence_Inst.uasset" 4312
"../../../../../Documents/GitHub/Verdant_Ash/Content/Environment/Environment_Props/Materials/Originals/Cloth_Fence.uasset" 4313
"../../../../../Documents/GitHub/Verdant_Ash/Content/Environment/Environment_Props/Textures/o1.uasset" 4314
"../../../../../Documents/GitHub/Verdant_Ash/Content/Environment/Environment_Props/Textures/Test_Fence_BaseColor.uasset" 4315
"../../../../../Documents/GitHub/Verdant_Ash/Content/Environment/Environment_Props/Textures/Test_Fence_Metallic.uasset" 4316
"../../../../../Documents/GitHub/Verdant_Ash/Content/Environment/Environment_Props/Textures/Test_Fence_Normal.uasset" 4317
"../../../../../Documents/GitHub/Verdant_Ash/Content/Environment/Environment_Props/Textures/Test_Fence_Roughness.uasset" 4318
"/Game/Environment/Foliage/Meshes/dense_tall_grass_low10" 4319
"/Game/Environment/Foliage/Meshes/flower_large_shrot_grass_low6" 4320
"/Game/Environment/Foliage/Meshes/flower_small_short_grass_low5" 4321
"/Game/Environment/Foliage/Meshes/large_short_grass_low14" 4322
"/Game/Environment/Foliage/Meshes/large_tall_grass_low17" 4323
"/Game/Environment/Foliage/Meshes/Low_Poly_Rock2" 4324
"/Game/Environment/Foliage/Meshes/Low_Poly_Rock3" 4325
"/Game/Environment/Foliage/Meshes/Low_Poly_Rock4" 4326
"/Game/Environment/Foliage/Meshes/Low_Poly_Rock5" 4327
"/Game/Environment/Foliage/Meshes/Low_Poly_Rock6" 4328
"/Game/Environment/Foliage/Meshes/Low_Poly_Rocksdf" 4329
"/Game/Environment/Foliage/Meshes/less_dense_large_short_grass_low9" 4330
"/Game/Environment/Foliage/Meshes/less_dense_medium_short_grass_low9" 4331
"/Game/Environment/Foliage/Meshes/less_dense_small_short_grass_low9" 4332
"/Game/Environment/Foliage/Meshes/less_dense_tiny_short_grass_low5" 4333
"/Game/Environment/Foliage/Meshes/Low_Poly_Rock1" 4334
"/Game/Environment/Environment_Props/Meshes/x2_wall" 4335
"/Game/Environment/Environment_Props/Meshes/x1_wall" 4336
"/Game/Environment/Environment_Props/Meshes/Trangle_Ezup" 4337
"../../../../../Documents/GitHub/Verdant_Ash/Content/Environment/Environment_Props/Materials/IN_VillageBuildings_Inst.uasset" 4338
"../../../../../Documents/GitHub/Verdant_Ash/Content/Environment/Environment_Props/Materials/Originals/VillageBuildings.uasset" 4339
"../../../../../Documents/GitHub/Verdant_Ash/Content/Environment/Environment_Props/Textures/Village_buidings_texture_Village_Buildings_BaseColor.uasset" 4340
"../../../../../Documents/GitHub/Verdant_Ash/Content/Environment/Environment_Props/Textures/Village_buidings_texture_Village_Buildings_Metallic.uasset" 4341
"../../../../../Documents/GitHub/Verdant_Ash/Content/Environment/Environment_Props/Textures/Village_buidings_texture_Village_Buildings_Normal.uasset" 4342
"../../../../../Documents/GitHub/Verdant_Ash/Content/Environment/Environment_Props/Textures/Village_buidings_texture_Village_Buildings_Roughness.uasset" 4343
"/Game/Environment/Environment_Props/Meshes/Target" 4344
"../../../../../Documents/GitHub/Verdant_Ash/Content/Environment/Environment_Props/Materials/IN_Attacktutprop_Inst.uasset" 4345
"../../../../../Documents/GitHub/Verdant_Ash/Content/Environment/Environment_Props/Materials/Originals/Attacktutprop.uasset" 4346
"../../../../../Documents/GitHub/Verdant_Ash/Content/Environment/Environment_Props/Textures/o.uasset" 4347
"../../../../../Documents/GitHub/Verdant_Ash/Content/Environment/Environment_Props/Textures/Test_Attack_Props_Tutorial_BaseColor.uasset" 4348
"../../../../../Documents/GitHub/Verdant_Ash/Content/Environment/Environment_Props/Textures/Test_Attack_Props_Tutorial_Metallic.uasset" 4349
"../../../../../Documents/GitHub/Verdant_Ash/Content/Environment/Environment_Props/Textures/Test_Attack_Props_Tutorial_Normal.uasset" 4350
"../../../../../Documents/GitHub/Verdant_Ash/Content/Environment/Environment_Props/Textures/Test_Attack_Props_Tutorial_Roughness.uasset" 4351
"/Game/Environment/Environment_Props/Textures/Village_buidings_texture_Village_Stage_Roughness" 4352
"/Game/Environment/Environment_Props/Textures/Village_buidings_texture_Village_Stage_Normal" 4353
"C:/Users/alsha/OneDrive/Documents/GitHub/Verdant_Ash/Content/Environment/Environment_Props/Meshes/small_basket.uasset" 4354
"C:/Users/alsha/OneDrive/Documents/GitHub/Verdant_Ash/Content/Environment/Environment_Props/Meshes/Punching_bag_pCube6.uasset" 4355
"C:/Users/alsha/OneDrive/Documents/GitHub/Verdant_Ash/Content/EnvironmentProps/Village_Props_4.uasset" 4356
"C:/Users/alsha/OneDrive/Documents/GitHub/Verdant_Ash/Content/Environment/Environment_Props/Meshes/pSphere4.uasset" 4357
"C:/Users/alsha/OneDrive/Documents/GitHub/Verdant_Ash/Content/Environment/Environment_Props/Meshes/pPlane73.uasset" 4358
"C:/Users/alsha/OneDrive/Documents/GitHub/Verdant_Ash/Content/Environment/Environment_Props/Meshes/polySurface57.uasset" 4359
"C:/Users/alsha/OneDrive/Documents/GitHub/Verdant_Ash/Content/Environment/Environment_Props/Meshes/Punch_Dummy1.uasset" 4360
"C:/Users/alsha/OneDrive/Documents/GitHub/Verdant_Ash/Content/Environment/Environment_Props/Textures/Test_lore_wall_Roughness.uasset" 4361
"C:/Users/alsha/OneDrive/Documents/GitHub/Verdant_Ash/Content/Environment/Environment_Props/Meshes/Pot.uasset" 4362
"C:/Users/alsha/OneDrive/Documents/GitHub/Verdant_Ash/Content/Environment/Environment_Props/Meshes/pSphere6.uasset" 4363
"C:/Users/alsha/OneDrive/Documents/GitHub/Verdant_Ash/Content/Environment/Environment_Props/Textures/Test_lore_wall_Metallic.uasset" 4364
"C:/Users/alsha/OneDrive/Documents/GitHub/Verdant_Ash/Content/Environment/Environment_Props/Meshes/polySurface60.uasset" 4365
"C:/Users/alsha/OneDrive/Documents/GitHub/Verdant_Ash/Content/Environment/Environment_Props/Textures/Test_lore_wall_BaseColor.uasset" 4366
"C:/Users/alsha/OneDrive/Documents/GitHub/Verdant_Ash/Content/Environment/Environment_Props/Meshes/plates.uasset" 4367
"C:/Users/alsha/OneDrive/Documents/GitHub/Verdant_Ash/Content/Environment/Environment_Props/Materials/Originals/LoreWall.uasset" 4368
"C:/Users/alsha/OneDrive/Documents/GitHub/Verdant_Ash/Content/Environment/Environment_Props/Materials/IN_LoreWall_Inst.uasset" 4369
"C:/Users/alsha/OneDrive/Documents/GitHub/Verdant_Ash/Content/Environment/Environment_Props/Meshes/pDisc8.uasset" 4370
"C:/Users/alsha/OneDrive/Documents/GitHub/Verdant_Ash/Content/Environment/Environment_Props/Meshes/pillow.uasset" 4371
"C:/Users/alsha/OneDrive/Documents/GitHub/Verdant_Ash/Content/Environment/Environment_Props/Meshes/pDisc3.uasset" 4372
"/Game/Environment/Environment_Props/Meshes/small_table" 4373
"C:/Users/alsha/OneDrive/Documents/GitHub/Verdant_Ash/Content/Environment/Environment_Props/Meshes/pCylinder57.uasset" 4374
"C:/Users/alsha/OneDrive/Documents/GitHub/Verdant_Ash/Content/Environment/Environment_Props/Meshes/Path_log11.uasset" 4375
"C:/Users/alsha/OneDrive/Documents/GitHub/Verdant_Ash/Content/Environment/Environment_Props/Meshes/pCube7.uasset" 4376
"C:/Users/alsha/OneDrive/Documents/GitHub/Verdant_Ash/Content/Environment/Environment_Props/Meshes/Path_log.uasset" 4377
"C:/Users/alsha/OneDrive/Documents/GitHub/Verdant_Ash/Content/Environment/Environment_Props/Meshes/Log_PIle.uasset" 4378
"../../../../../Documents/GitHub/Verdant_Ash/Content/Environment/Environment_Props/Materials/IN_VillageProps3_Inst.uasset" 4379
"../../../../../Documents/GitHub/Verdant_Ash/Content/Environment/Environment_Props/Materials/Originals/VillageProps3.uasset" 4380
"../../../../../Documents/GitHub/Verdant_Ash/Content/Environment/Environment_Props/Textures/Opacity_5.uasset" 4381
"../../../../../Documents/GitHub/Verdant_Ash/Content/Environment/Environment_Props/Textures/Test_Village_Props_First_BaseColor.uasset" 4382
"../../../../../Documents/GitHub/Verdant_Ash/Content/Environment/Environment_Props/Textures/Test_Village_Props_First_Metallic.uasset" 4383
"../../../../../Documents/GitHub/Verdant_Ash/Content/Environment/Environment_Props/Textures/Test_Village_Props_First_Normal.uasset" 4384
"../../../../../Documents/GitHub/Verdant_Ash/Content/Environment/Environment_Props/Textures/Test_Village_Props_First_Roughness.uasset" 4385
"/Game/Environment/Environment_Props/Meshes/square_ezup" 4386
"/Game/Environment/Environment_Props/Meshes/Square_slanted_ezup" 4387
"/Game/Environment/Environment_Props/Meshes/Stage" 4388
"/Game/Environment/Environment_Props/Meshes/pSphere4" 4389
"../../../../../Documents/GitHub/Verdant_Ash/Content/Environment/Environment_Props/Materials/IN_VillageProps1_Inst.uasset" 4390
"../../../../../Documents/GitHub/Verdant_Ash/Content/Environment/Environment_Props/Materials/Originals/VillageProps1.uasset" 4391
"../../../../../Documents/GitHub/Verdant_Ash/Content/Environment/Environment_Props/Textures/Opacity_3.uasset" 4392
"../../../../../Documents/GitHub/Verdant_Ash/Content/Environment/Environment_Props/Textures/Test_Village_Props_4_BaseColor.uasset" 4393
"../../../../../Documents/GitHub/Verdant_Ash/Content/Environment/Environment_Props/Textures/Test_Village_Props_4_Metallic.uasset" 4394
"../../../../../Documents/GitHub/Verdant_Ash/Content/Environment/Environment_Props/Textures/Test_Village_Props_4_Normal.uasset" 4395
"../../../../../Documents/GitHub/Verdant_Ash/Content/Environment/Environment_Props/Textures/Test_Village_Props_4_Roughness.uasset" 4396
"/Game/EnvironmentProps/Village_Props_4" 4397
"/Game/Environment/Environment_Props/Meshes/Punching_bag_pCube6" 4398
"/Game/Environment/Environment_Props/Meshes/small_basket" 4399
"C:/Users/alsha/OneDrive/Documents/GitHub/Verdant_Ash/Content/Terrain/IN_GroundPath_Inst.uasset" 4400
"C:/Users/alsha/OneDrive/Documents/GitHub/Verdant_Ash/Content/Environment/Environment_Props/Meshes/Log_House.uasset" 4401
"C:/Users/alsha/OneDrive/Documents/GitHub/Verdant_Ash/Content/Terrain/GroundPath.uasset" 4402
"C:/Users/alsha/OneDrive/Documents/GitHub/Verdant_Ash/Content/Environment/Environment_Props/Meshes/large_basket.uasset" 4403
"C:/Users/alsha/OneDrive/Documents/GitHub/Verdant_Ash/Content/Environment/Environment_Props/Textures/Test_Garden_PLot_Normal.uasset" 4404
"C:/Users/alsha/OneDrive/Documents/GitHub/Verdant_Ash/Content/Environment/Environment_Props/Textures/Test_Garden_PLot_Metallic.uasset" 4405
"C:/Users/alsha/OneDrive/Documents/GitHub/Verdant_Ash/Content/Environment/Environment_Props/Textures/Test_Garden_PLot_Roughness.uasset" 4406
"C:/Users/alsha/OneDrive/Documents/GitHub/Verdant_Ash/Content/Environment/Environment_Props/Meshes/log_bench.uasset" 4407
"C:/Users/alsha/OneDrive/Documents/GitHub/Verdant_Ash/Content/Environment/Environment_Props/Meshes/Log_Hut.uasset" 4408
"/Game/Environment/Environment_Props/Meshes/Path_log" 4409
"C:/Users/alsha/OneDrive/Documents/GitHub/Verdant_Ash/Content/Terrain/grass_texture_test_openPBR_shader1_BaseColor.uasset" 4410
"C:/Users/alsha/OneDrive/Documents/GitHub/Verdant_Ash/Content/Environment/Environment_Props/Textures/Test_Garden_PLot_BaseColor.uasset" 4411
"C:/Users/alsha/OneDrive/Documents/GitHub/Verdant_Ash/Content/Environment/Environment_Props/Materials/Originals/Garden_Plott.uasset" 4412
"/Game/Environment/Environment_Props/Meshes/Log_PIle" 4413
"/Game/Environment/Environment_Props/Meshes/Path_log11" 4414
"/Game/Environment/Environment_Props/Meshes/pCube7" 4415
"/Game/Environment/Environment_Props/Meshes/pCylinder57" 4416
"/Game/Environment/Environment_Props/Meshes/pDisc3" 4417
"/Game/Environment/Environment_Props/Meshes/pDisc8" 4418
"/Game/Environment/Environment_Props/Meshes/pillow" 4419
"/Game/Environment/Environment_Props/Meshes/plates" 4420
"/Game/Environment/Environment_Props/Meshes/polySurface57" 4421
"/Game/Environment/Environment_Props/Meshes/polySurface60" 4422
"/Game/Environment/Environment_Props/Meshes/Pot" 4423
"/Game/Environment/Environment_Props/Meshes/pPlane73" 4424
"/Game/Environment/Environment_Props/Meshes/pSphere6" 4425
"/Game/Environment/Environment_Props/Meshes/Punch_Dummy1" 4426
"C:/Users/alsha/OneDrive/Documents/GitHub/Verdant_Ash/Content/Environment/Environment_Props/Meshes/Firing_Range_Stand.uasset" 4427
"C:/Users/alsha/OneDrive/Documents/GitHub/Verdant_Ash/Content/Environment/Environment_Props/Materials/IN_Garden_Plott_Inst.uasset" 4428
"C:/Users/alsha/OneDrive/Documents/GitHub/Verdant_Ash/Content/Environment/Environment_Props/Textures/Village_buidings_texture_Village_Houses_Metallic.uasset" 4429
"C:/Users/alsha/OneDrive/Documents/GitHub/Verdant_Ash/Content/Environment/Environment_Props/Meshes/Garden_Plot1.uasset" 4430
"C:/Users/alsha/OneDrive/Documents/GitHub/Verdant_Ash/Content/Environment/Environment_Props/Meshes/Clay_pot1.uasset" 4431
"C:/Users/alsha/OneDrive/Documents/GitHub/Verdant_Ash/Content/Environment/Environment_Props/Meshes/Flat_SPike_Wall_low.uasset" 4432
"C:/Users/alsha/OneDrive/Documents/GitHub/Verdant_Ash/Content/Environment/Environment_Props/Textures/Village_buidings_texture_Village_Houses_Normal.uasset" 4433
"C:/Users/alsha/OneDrive/Documents/GitHub/Verdant_Ash/Content/Environment/Environment_Props/Meshes/Clay_pot.uasset" 4434
"C:/Users/alsha/OneDrive/Documents/GitHub/Verdant_Ash/Content/Environment/Environment_Props/Textures/Village_buidings_texture_Village_Houses_Roughness.uasset" 4435
"C:/Users/alsha/OneDrive/Documents/GitHub/Verdant_Ash/Content/Environment/Environment_Props/Meshes/Flat_SPike_Wall_low2.uasset" 4436
"C:/Users/alsha/OneDrive/Documents/GitHub/Verdant_Ash/Content/Environment/Environment_Props/Textures/Village_buidings_texture_Village_Houses_BaseColor.uasset" 4437
"/Game/Terrain/grass_texture_test_openPBR_shader1_BaseColor" 4438
"C:/Users/alsha/OneDrive/Documents/GitHub/Verdant_Ash/Content/Environment/Environment_Props/Meshes/Flat_SPike_Wall_low1.uasset" 4439
"C:/Users/alsha/OneDrive/Documents/GitHub/Verdant_Ash/Content/Environment/Environment_Props/Meshes/bucket.uasset" 4440
"C:/Users/alsha/OneDrive/Documents/GitHub/Verdant_Ash/Content/Environment/Environment_Props/Materials/IN_VillageHouses_Inst.uasset" 4441
"C:/Users/alsha/OneDrive/Documents/GitHub/Verdant_Ash/Content/Environment/Environment_Props/Meshes/big_table.uasset" 4442
"C:/Users/alsha/OneDrive/Documents/GitHub/Verdant_Ash/Content/Environment/Environment_Props/Materials/Originals/VillageHouses.uasset" 4443
"C:/Users/alsha/OneDrive/Documents/GitHub/Verdant_Ash/Content/Environment/Environment_Props/Meshes/big_table_cloth.uasset" 4444
"C:/Users/alsha/OneDrive/Documents/GitHub/Verdant_Ash/Content/Environment/Environment_Props/Meshes/big_round_table.uasset" 4445
"C:/Users/alsha/OneDrive/Documents/GitHub/Verdant_Ash/Content/Environment/Environment_Props/Meshes/berry_basket.uasset" 4446
"C:/Users/alsha/OneDrive/Documents/GitHub/Verdant_Ash/Content/Environment/Environment_Props/Meshes/Burrow_home.uasset" 4447
"/Game/Terrain/IN_GroundPath_Inst" 4448
"/Game/Environment/Environment_Props/Meshes/large_basket" 4449
"/Game/Environment/Environment_Props/Meshes/log_bench" 4450
"/Game/Environment/Environment_Props/Meshes/Log_Hut" 4451
"/Game/Environment/Environment_Props/Textures/Test_Garden_PLot_Roughness" 4452
"/Game/Environment/Environment_Props/Textures/Test_Garden_PLot_Normal" 4453
"/Game/Environment/Environment_Props/Textures/Test_Garden_PLot_Metallic" 4454
"/Game/Environment/Environment_Props/Textures/Test_Garden_PLot_BaseColor" 4455
"/Game/Environment/Environment_Props/Materials/Originals/Garden_Plott" 4456
"C:/Users/alsha/OneDrive/Documents/GitHub/Verdant_Ash/Content/UI_Materials/Images/Controls_Display_2_1.uasset" 4457
"C:/Users/alsha/OneDrive/Documents/GitHub/Verdant_Ash/Content/Character/Mannequins/Anims/Unarmed/Jump/MM_Jump.uasset" 4458
"C:/Users/alsha/OneDrive/Documents/GitHub/Verdant_Ash/Content/Blueprint/Save/BP_SaveGame.uasset" 4459
"C:/Users/alsha/OneDrive/Documents/GitHub/Verdant_Ash/Content/Blueprint/UI_Widgets/WBP_ControlsDisplay.uasset" 4460
"C:/Users/alsha/OneDrive/Documents/GitHub/Verdant_Ash/Content/Character/Mannequins/Anims/Unarmed/Walk/MF_Unarmed_Walk_Fwd.uasset" 4461
"C:/Users/alsha/OneDrive/Documents/GitHub/Verdant_Ash/Content/Character/Mannequins/Anims/Unarmed/Jump/MM_Land.uasset" 4462
"C:/Users/alsha/OneDrive/Documents/GitHub/Verdant_Ash/Content/Character/Mannequins/Anims/Unarmed/Walk/MF_Unarmed_Walk_Left.uasset" 4463
"/Game/Environment/Environment_Props/Meshes/berry_basket" 4464
"C:/Users/alsha/OneDrive/Documents/GitHub/Verdant_Ash/Content/Character/Mannequins/Anims/Unarmed/Walk/MF_Unarmed_Walk_Right.uasset" 4465
"C:/Users/alsha/OneDrive/Documents/GitHub/Verdant_Ash/Content/Character/Mannequins/Anims/Unarmed/Walk/MF_Unarmed_Walk_Fwd_Left.uasset" 4466
"C:/Users/alsha/OneDrive/Documents/GitHub/Verdant_Ash/Content/Character/Mannequins/Anims/Unarmed/Jump/MM_Fall_Loop.uasset" 4467
"C:/Users/alsha/OneDrive/Documents/GitHub/Verdant_Ash/Content/Character/Mannequins/Anims/Unarmed/Walk/MF_Unarmed_Walk_Fwd_Right.uasset" 4468
"/Game/Environment/Environment_Props/Meshes/Log_House" 4469
"/Game/Environment/Environment_Props/Meshes/big_round_table" 4470
"/Game/Environment/Environment_Props/Meshes/big_table" 4471
"/Game/Environment/Environment_Props/Meshes/big_table_cloth" 4472
"/Game/Environment/Environment_Props/Meshes/bucket" 4473
"/Game/Environment/Environment_Props/Meshes/Burrow_home" 4474
"/Game/Environment/Environment_Props/Meshes/Clay_pot" 4475
"/Game/Environment/Environment_Props/Meshes/Clay_pot1" 4476
"/Game/Environment/Environment_Props/Meshes/Firing_Range_Stand" 4477
"/Game/Environment/Environment_Props/Meshes/Flat_SPike_Wall_low" 4478
"../../../../../Documents/GitHub/Verdant_Ash/Content/Environment/Environment_Props/Materials/IN_SpikeWall_Inst.uasset" 4479
"../../../../../Documents/GitHub/Verdant_Ash/Content/Environment/Environment_Props/Materials/Originals/SpikeWall.uasset" 4480
"../../../../../Documents/GitHub/Verdant_Ash/Content/Environment/Environment_Props/Textures/Opacity_spikewall.uasset" 4481
"../../../../../Documents/GitHub/Verdant_Ash/Content/Environment/Environment_Props/Textures/spike_wall_low_Spike_wall_BaseColor.uasset" 4482
"../../../../../Documents/GitHub/Verdant_Ash/Content/Environment/Environment_Props/Textures/spike_wall_low_Spike_wall_Normal.uasset" 4483
"../../../../../Documents/GitHub/Verdant_Ash/Content/Environment/Environment_Props/Textures/spike_wall_low_Spike_wall_Roughness.uasset" 4484
"/Game/Environment/Environment_Props/Meshes/Flat_SPike_Wall_low1" 4485
"/Game/Environment/Environment_Props/Meshes/Flat_SPike_Wall_low2" 4486
"/Game/Environment/Environment_Props/Meshes/Garden_Plot1" 4487
"C:/Users/alsha/OneDrive/Documents/GitHub/Verdant_Ash/Content/Character/Mannequins/Anims/Unarmed/Walk/MF_Unarmed_Walk_Bwd_Left.uasset" 4488
"C:/Users/alsha/OneDrive/Documents/GitHub/Verdant_Ash/Content/Character/Mannequins/Anims/Unarmed/Jog/MF_Unarmed_Jog_Right.uasset" 4489
"C:/Users/alsha/OneDrive/Documents/GitHub/Verdant_Ash/Content/Character/Mannequins/Anims/Unarmed/Jog/MF_Unarmed_Jog_Left.uasset" 4490
"C:/Users/alsha/OneDrive/Documents/GitHub/Verdant_Ash/Content/Character/Mannequins/Anims/Unarmed/Jog/MF_Unarmed_Jog_Bwd_Right.uasset" 4491
"../../../Engine/Content/Animation/DefaultAnimCurveCompressionSettings.uasset" 4492
"C:/Users/alsha/OneDrive/Documents/GitHub/Verdant_Ash/Content/Character/Mannequins/Anims/Unarmed/Jog/MF_Unarmed_Jog_Bwd.uasset" 4493
"../../../Engine/Content/Animation/DefaultAnimBoneCompressionSettings.uasset" 4494
"C:/Users/alsha/OneDrive/Documents/GitHub/Verdant_Ash/Content/Character/Mannequins/Anims/Unarmed/Jog/MF_Unarmed_Jog_Fwd_Right.uasset" 4495
"C:/Users/alsha/OneDrive/Documents/GitHub/Verdant_Ash/Content/Character/Mannequins/Anims/Unarmed/Walk/MF_Unarmed_Walk_Bwd_Right.uasset" 4496
"C:/Users/alsha/OneDrive/Documents/GitHub/Verdant_Ash/Content/Character/Mannequins/Anims/Unarmed/Jog/MF_Unarmed_Jog_Fwd.uasset" 4497
"C:/Users/alsha/OneDrive/Documents/GitHub/Verdant_Ash/Content/Character/Mannequins/Anims/Unarmed/BS_Idle_Walk_Run.uasset" 4498
"/Game/Character/Mannequins/Anims/Unarmed/Walk/MF_Unarmed_Walk_Fwd_Left" 4499
"C:/Users/alsha/OneDrive/Documents/GitHub/Verdant_Ash/Content/Character/Mannequins/Anims/Unarmed/Walk/MF_Unarmed_Walk_Bwd.uasset" 4500
"C:/Users/alsha/OneDrive/Documents/GitHub/Verdant_Ash/Content/Character/Mannequins/Rigs/CR_Mannequin_FootIK.uasset" 4501
"C:/Users/alsha/OneDrive/Documents/GitHub/Verdant_Ash/Content/Character/Mannequins/Anims/Unarmed/Jog/MF_Unarmed_Jog_Fwd_Left.uasset" 4502
"C:/Users/alsha/OneDrive/Documents/GitHub/Verdant_Ash/Content/Character/Mannequins/Materials/Quinn/MI_Quinn_02.uasset" 4503
"C:/Users/alsha/OneDrive/Documents/GitHub/Verdant_Ash/Content/Character/Mannequins/Anims/Unarmed/ABP_Unarmed.uasset" 4504
"C:/Users/alsha/OneDrive/Documents/GitHub/Verdant_Ash/Content/Character/Mannequins/Anims/Unarmed/MM_Idle.uasset" 4505
"C:/Users/alsha/OneDrive/Documents/GitHub/Verdant_Ash/Content/Character/Mannequins/Textures/Shared/T_UE_Logo_M.uasset" 4506
"C:/Users/alsha/OneDrive/Documents/GitHub/Verdant_Ash/Content/Character/Mannequins/Textures/Manny/T_Manny_01_MRA.uasset" 4507
"C:/Users/alsha/OneDrive/Documents/GitHub/Verdant_Ash/Content/Character/Mannequins/Textures/Manny/T_Manny_01_D.uasset" 4508
"C:/Users/alsha/OneDrive/Documents/GitHub/Verdant_Ash/Content/Character/Mannequins/Anims/Unarmed/Jog/MF_Unarmed_Jog_Bwd_Left.uasset" 4509
"../../../../../Documents/GitHub/Verdant_Ash/Content/Character/Mannequins/Meshes/SK_Mannequin.uasset" 4510
"/Game/Character/Mannequins/Anims/Unarmed/Walk/MF_Unarmed_Walk_Fwd_Right" 4511
"/Game/Blueprint/Save/BP_SaveGame" 4512
"../../../../../Documents/GitHub/Verdant_Ash/Content/Blueprint/Save/GameSave_DataStruct.uasset" 4513
"/Game/Blueprint/UI_Widgets/WBP_ControlsDisplay" 4514
"C:/Users/alsha/OneDrive/Documents/GitHub/Verdant_Ash/Content/Character/Mannequins/Materials/Quinn/MI_Quinn_01.uasset" 4515
"C:/Users/alsha/OneDrive/Documents/GitHub/Verdant_Ash/Content/Character/Mannequins/Textures/Manny/T_Manny_01_BN.uasset" 4516
"C:/Users/alsha/OneDrive/Documents/GitHub/Verdant_Ash/Content/Character/Mannequins/Rigs/PA_Mannequin.uasset" 4517
"C:/Users/alsha/OneDrive/Documents/GitHub/Verdant_Ash/Content/Character/Mannequins/Materials/M_Mannequin.uasset" 4518
"C:/Users/alsha/OneDrive/Documents/GitHub/Verdant_Ash/Content/Character/Mannequins/Meshes/SKM_Quinn_Simple.uasset" 4519
"/Game/Character/Mannequins/Textures/Manny/T_Manny_01_D" 4520
"/Game/Character/Mannequins/Textures/Manny/T_Manny_01_MRA" 4521
"/Game/Character/Mannequins/Textures/Shared/T_UE_Logo_M" 4522
"/Game/Character/Mannequins/Anims/Unarmed/ABP_Unarmed" 4523
"C:/Users/alsha/OneDrive/Documents/GitHub/Verdant_Ash/Content/Blueprint/UI_Widgets/WBP_SaveOption.uasset" 4524
"C:/Users/alsha/OneDrive/Documents/GitHub/Verdant_Ash/Content/Blueprint/UI_Widgets/WBP_SaveUI.uasset" 4525
"C:/Users/alsha/OneDrive/Documents/GitHub/Verdant_Ash/Content/Blueprint/Respawn/BP_SpawnPos.uasset" 4526
"C:/Users/alsha/OneDrive/Documents/GitHub/Verdant_Ash/Content/Materials/Materials/MI_Quinn_Body.uasset" 4527
"C:/Users/alsha/OneDrive/Documents/GitHub/Verdant_Ash/Content/Blueprint/Save/BP_SaveInterface.uasset" 4528
"C:/Users/alsha/OneDrive/Documents/GitHub/Verdant_Ash/Content/DamageSystem/W_HealthBar.uasset" 4529
"C:/Users/alsha/OneDrive/Documents/GitHub/Verdant_Ash/Content/Materials/Materials/MI_Quinn_Body1.uasset" 4530
"C:/Users/alsha/OneDrive/Documents/GitHub/Verdant_Ash/Content/Character/Mannequins/Textures/Quinn/T_Quinn_02_N.uasset" 4531
"C:/Users/alsha/OneDrive/Documents/GitHub/Verdant_Ash/Content/Character/Mannequins/Textures/Quinn/T_Quinn_01_D.uasset" 4532
"C:/Users/alsha/OneDrive/Documents/GitHub/Verdant_Ash/Content/Input/Touch/UI_Thumbstick.uasset" 4533
"C:/Users/alsha/OneDrive/Documents/GitHub/Verdant_Ash/Content/Blueprint/UI_Widgets/WBP_SaveSlots.uasset" 4534
"../../../Engine/Content/MobileResources/HUD/VirtualJoystick_Thumb.uasset" 4535
"C:/Users/alsha/OneDrive/Documents/GitHub/Verdant_Ash/Content/Input/Touch/UI_TouchSimple.uasset" 4536
"C:/Users/alsha/OneDrive/Documents/GitHub/Verdant_Ash/Content/Input/Actions/IA_MouseLook.uasset" 4537
"../../../Engine/Content/MobileResources/HUD/VirtualJoystick_Background.uasset" 4538
"C:/Users/alsha/OneDrive/Documents/GitHub/Verdant_Ash/Content/Input/IMC_MouseLook.uasset" 4539
"C:/Users/alsha/OneDrive/Documents/GitHub/Verdant_Ash/Content/Input/Actions/IA_Move.uasset" 4540
"C:/Users/alsha/OneDrive/Documents/GitHub/Verdant_Ash/Content/Input/IMC_Default.uasset" 4541
"C:/Users/alsha/OneDrive/Documents/GitHub/Verdant_Ash/Content/Input/Actions/IA_Jump.uasset" 4542
"C:/Users/alsha/OneDrive/Documents/GitHub/Verdant_Ash/Content/Input/Actions/IA_Sprint.uasset" 4543
"/Game/Character/Mannequins/Rigs/PA_Mannequin" 4544
"C:/Users/alsha/OneDrive/Documents/GitHub/Verdant_Ash/Content/Character/Mannequins/Textures/Quinn/T_Quinn_01_MRA.uasset" 4545
"C:/Users/alsha/OneDrive/Documents/GitHub/Verdant_Ash/Content/Input/Touch/BPI_TouchInterface.uasset" 4546
"C:/Users/alsha/OneDrive/Documents/GitHub/Verdant_Ash/Content/Character/Mannequins/Textures/Quinn/T_Quinn_01_N.uasset" 4547
"C:/Users/alsha/OneDrive/Documents/GitHub/Verdant_Ash/Content/Input/Actions/IA_Look.uasset" 4548
"C:/Users/alsha/OneDrive/Documents/GitHub/Verdant_Ash/Content/Character/Mannequins/Textures/Quinn/T_Quinn_02_D.uasset" 4549
"C:/Users/alsha/OneDrive/Documents/GitHub/Verdant_Ash/Content/Character/Mannequins/Textures/Quinn/T_Quinn_02_MRA.uasset" 4550
"/Game/Character/Mannequins/Materials/M_Mannequin" 4551
"C:/Users/alsha/OneDrive/Documents/GitHub/Verdant_Ash/Content/DamageSystem/BPI_Damage.uasset" 4552
"C:/Users/alsha/OneDrive/Documents/GitHub/Verdant_Ash/Content/ThirdPerson/Blueprints/BP_ThirdPersonPlayerController.uasset" 4553
"/Game/Input/IMC_Default" 4554
"C:/Users/alsha/OneDrive/Documents/GitHub/Verdant_Ash/Content/DamageSystem/BP_ThirdPersonGameDemo.uasset" 4555
"/Game/Character/Mannequins/Materials/Quinn/MI_Quinn_02" 4556
"/Game/Input/IMC_MouseLook" 4557
"/Game/Input/Touch/UI_TouchSimple" 4558
"/Game/Blueprint/Save/BP_SaveInterface" 4559
"../../../../../Documents/GitHub/Verdant_Ash/Content/Blueprint/Demo_Player/BP_Player1.uasset" 4560
"../../../../../Documents/GitHub/Verdant_Ash/Content/DamageSystem/BP_ThirdPersonGameDemo.uasset" 4561
"../../../../../Documents/GitHub/Verdant_Ash/Content/DamageSystem/BPC_DamageSystem.uasset" 4562
"../../../../../Documents/GitHub/Verdant_Ash/Content/DamageSystem/BPI_Damage.uasset" 4563
"../../../../../Documents/GitHub/Verdant_Ash/Content/DamageSystem/E_DamageResponce.uasset" 4564
"../../../../../Documents/GitHub/Verdant_Ash/Content/DamageSystem/E_DamageType.uasset" 4565
"../../../../../Documents/GitHub/Verdant_Ash/Content/DamageSystem/S_DamageInfo.uasset" 4566
"../../../../../Documents/GitHub/Verdant_Ash/Content/ThirdPerson/Blueprints/BP_ThirdPersonPlayerController.uasset" 4567
"C:/Users/alsha/OneDrive/Documents/GitHub/Verdant_Ash/Content/Blueprint/Save/BP_GameInstance.uasset" 4568
"C:/Users/alsha/OneDrive/Documents/GitHub/Verdant_Ash/Content/Environment/Environment_Props/Meshes/Spike_wall1.uasset" 4569
"C:/Users/alsha/OneDrive/Documents/GitHub/Verdant_Ash/Content/Blueprint/GameMode/FBGameMode.uasset" 4570
"../../../Engine/Content/EngineSky/VolumetricClouds/T_Profile_08.uasset" 4571
"../../../Engine/Content/EngineSky/VolumetricClouds/T_CloudMask.uasset" 4572
"../../../Engine/Content/EngineSky/VolumetricClouds/T_CloudPattern.uasset" 4573
"../../../Engine/Content/EngineSky/VolumetricClouds/m_SimpleVolumetricCloud.uasset" 4574
"C:/Users/alsha/OneDrive/Documents/GitHub/Verdant_Ash/Content/Blueprint/Level_Changers/BP_LevelChanger.uasset" 4575
"../../../Engine/Content/Functions/Engine_MaterialFunctions02/Utility/MakeFloat4.uasset" 4576
"../../../Engine/Content/Functions/Engine_MaterialFunctions02/Utility/BreakOutFloat4Components.uasset" 4577
"../../../Engine/Content/EngineSky/VolumetricClouds/VT_Lightning.uasset" 4578
"../../../Engine/Content/Functions/Engine_MaterialFunctions01/Units/Km-to-Cm.uasset" 4579
"C:/Users/alsha/OneDrive/Documents/GitHub/Verdant_Ash/Content/Levels/Tutorial.umap" 4580
"../../../Engine/Content/EngineSky/VolumetricClouds/m_SimpleVolumetricCloud_Inst.uasset" 4581
"../../../Engine/Content/EngineSky/VolumetricClouds/VT_PerlinWorley_Balanced.uasset" 4582
"C:/Users/alsha/OneDrive/Documents/GitHub/Verdant_Ash/Content/UI_Materials/Images/under_construction.uasset" 4583
"C:/Users/alsha/OneDrive/Documents/GitHub/Verdant_Ash/Content/UI_Materials/Images/under_construction_Mat.uasset" 4584
"C:/Users/alsha/OneDrive/Documents/GitHub/Verdant_Ash/Content/Environment/Trees/Textures/Leaf_Textures/T_Leaf_Texture_Acacia.uasset" 4585
"C:/Users/alsha/OneDrive/Documents/GitHub/Verdant_Ash/Content/Environment/Trees/Textures/Leaf_Textures/T_Leaf_Texture_Acacia_Branch.uasset" 4586
"C:/Users/alsha/OneDrive/Documents/GitHub/Verdant_Ash/Content/Environment/Trees/Materials/Instances/Acacia/Leaf/MI_Leaf_Acacia_05.uasset" 4587
"C:/Users/alsha/OneDrive/Documents/GitHub/Verdant_Ash/Content/Environment/Trees/Materials/Instances/Acacia/Branch/MI_Leaf_Acacia_Branch_05.uasset" 4588
"C:/Users/alsha/OneDrive/Documents/GitHub/Verdant_Ash/Content/Environment/Environment_Props/Textures/Rot_Bush_low_Rot_Bush_Big_Roughness.uasset" 4589
"C:/Users/alsha/OneDrive/Documents/GitHub/Verdant_Ash/Content/Environment/Environment_Props/Textures/Rot_Bush_low_Rot_Bush_Big_Metallic.uasset" 4590
"C:/Users/alsha/OneDrive/Documents/GitHub/Verdant_Ash/Content/Environment/Environment_Props/Materials/Originals/RotBushBig.uasset" 4591
"C:/Users/alsha/OneDrive/Documents/GitHub/Verdant_Ash/Content/Environment/Environment_Props/Textures/Rot_Bush_low_Rot_Bush_Big_Normal.uasset" 4592
"C:/Users/alsha/OneDrive/Documents/GitHub/Verdant_Ash/Content/Environment/Environment_Props/Textures/Rot_Bush_low_Rot_Bush_Big_BaseColor.uasset" 4593
"C:/Users/alsha/OneDrive/Documents/GitHub/Verdant_Ash/Content/Environment/Trees/Mesh/Old/SM_Stylized_Tree_Old_05.uasset" 4594
"C:/Users/alsha/OneDrive/Documents/GitHub/Verdant_Ash/Content/Environment/Environment_Props/Materials/In_RotBushBig_Inst.uasset" 4595
"/Game/Blueprint/Save/BP_GameInstance" 4596
"/Game/Blueprint/GameMode/FBGameMode" 4597
"/Game/Environment/Environment_Props/Meshes/Spike_wall1" 4598
"/Game/Blueprint/Level_Changers/BP_LevelChanger" 4599
"/Engine/EngineSky/VolumetricClouds/VT_PerlinWorley_Balanced" 4600
"/Engine/EngineSky/VolumetricClouds/T_Profile_08" 4601
"/Engine/EngineSky/VolumetricClouds/T_CloudPattern" 4602
"/Engine/EngineSky/VolumetricClouds/T_CloudMask" 4603
"/Engine/Functions/Engine_MaterialFunctions01/Units/Km-to-Cm" 4604
"/Engine/EngineSky/VolumetricClouds/VT_Lightning" 4605
"/Engine/Functions/Engine_MaterialFunctions02/Utility/MakeFloat4" 4606
"/Engine/Functions/Engine_MaterialFunctions02/Utility/BreakOutFloat4Components" 4607
"/Engine/EngineSky/VolumetricClouds/m_SimpleVolumetricCloud" 4608
"/Engine/EngineSky/VolumetricClouds/m_SimpleVolumetricCloud_Inst" 4609
"/Game/Levels/Tutorial" 4610
"../../../../../Documents/GitHub/Verdant_Ash/Content/Levels/Tutorial.umap" 4611
"/Game/UI_Materials/Images/under_construction" 4612
"/Game/UI_Materials/Images/under_construction_Mat" 4613
"/Game/Environment/Trees/Textures/Leaf_Textures/T_Leaf_Texture_Acacia" 4614
"/Game/Environment/Trees/Materials/Instances/Acacia/Leaf/MI_Leaf_Acacia_05" 4615
"/Game/Environment/Trees/Textures/Leaf_Textures/T_Leaf_Texture_Acacia_Branch" 4616
"/Game/Environment/Trees/Materials/Instances/Acacia/Branch/MI_Leaf_Acacia_Branch_05" 4617
"/Game/Environment/Environment_Props/Textures/Rot_Bush_low_Rot_Bush_Big_Roughness" 4618
"/Game/Environment/Environment_Props/Textures/Rot_Bush_low_Rot_Bush_Big_Metallic" 4619
"../../../Engine/Content/EngineSounds/Submixes/MasterReverbEffectPreset.uasset" 4620
"../../../Engine/Content/EngineSounds/Submixes/MasterEQEffectPreset.uasset" 4621
"C:/Users/alsha/OneDrive/Documents/GitHub/Verdant_Ash/Content/Levels/Level_2.umap" 4622
"C:/Users/alsha/OneDrive/Documents/GitHub/Verdant_Ash/Content/Terrain/Level_2_dividing_mountain.uasset" 4623
"C:/Users/alsha/OneDrive/Documents/GitHub/Verdant_Ash/Content/Terrain/Level_2Main_Terrain.uasset" 4624
"C:/Users/alsha/OneDrive/Documents/GitHub/Verdant_Ash/Content/Terrain/level_2_dividing_mountain1.uasset" 4625
"C:/Users/alsha/OneDrive/Documents/GitHub/Verdant_Ash/Content/Terrain/Level_2_ground.uasset" 4626
"C:/Users/alsha/OneDrive/Documents/GitHub/Verdant_Ash/Content/Terrain/Main_Terrain_LEvel_2.uasset" 4627
"C:/Users/alsha/OneDrive/Documents/GitHub/Verdant_Ash/Content/Environment/Environment_Props/Meshes/Rot_Bush_Big_low.uasset" 4628
"C:/Users/alsha/OneDrive/Documents/GitHub/Verdant_Ash/Content/Terrain/level_2Main_Terrain1.uasset" 4629
"../../../Engine/Plugins/Interchange/Assets/Content/gltf/MaterialFunctions/MF_RotateV2.uasset" 4630
"../../../Engine/Content/EngineSounds/Submixes/MasterSubmixDefault.uasset" 4631
"/Game/Environment/Trees/Mesh/Old/SM_Stylized_Tree_Old_05" 4632
"../../../Engine/Plugins/Interchange/Assets/Content/gltf/MaterialFunctions/MF_TransformUVs.uasset" 4633
"../../../Engine/Content/EngineSounds/Submixes/MasterEQSubmixDefault.uasset" 4634
"../../../Engine/Content/EngineSounds/Submixes/MasterReverbSubmixDefault.uasset" 4635
"../../../Engine/Plugins/Interchange/Assets/Content/gltf/Textures/T_Anisotropy_Direction_Linear.uasset" 4636
"../../../Engine/Plugins/Interchange/Assets/Content/gltf/MaterialFunctions/MF_SpecularAnisotropy.uasset" 4637
"../../../Engine/Plugins/Interchange/Assets/Content/gltf/MaterialFunctions/MF_Occlusion.uasset" 4638
"../../../Engine/Plugins/Interchange/Assets/Content/gltf/MaterialFunctions/MF_Specular.uasset" 4639
"../../../Engine/Plugins/Interchange/Assets/Content/gltf/MaterialFunctions/MF_ScaleNormal.uasset" 4640
"../../../Engine/Plugins/Interchange/Assets/Content/gltf/MaterialFunctions/MF_Normals.uasset" 4641
"../../../Engine/Plugins/Interchange/Assets/Content/gltf/MaterialFunctions/MF_MetallicRoughness.uasset" 4642
"../../../Engine/Plugins/Interchange/Assets/Content/gltf/MaterialFunctions/MF_Iridescence.uasset" 4643
"../../../Engine/Plugins/Interchange/Assets/Content/Functions/MF_IridescenceNoLUT.uasset" 4644
"../../../Engine/Plugins/Interchange/Assets/Content/gltf/Textures/T_White_Linear.uasset" 4645
"../../../Engine/Plugins/Interchange/Assets/Content/gltf/MaterialFunctions/MF_IOR.uasset" 4646
"../../../Engine/Plugins/Interchange/Assets/Content/gltf/MaterialFunctions/MF_Emissive.uasset" 4647
"/Game/Environment/Environment_Props/Textures/Rot_Bush_low_Rot_Bush_Big_Normal" 4648
"/Game/Environment/Environment_Props/Textures/Rot_Bush_low_Rot_Bush_Big_BaseColor" 4649
"/Game/Environment/Environment_Props/Materials/Originals/RotBushBig" 4650
"/Game/Environment/Environment_Props/Materials/In_RotBushBig_Inst" 4651
"../../../Engine/Plugins/Interchange/Assets/Content/gltf/MaterialFunctions/MF_BaseColor.uasset" 4652
"/InterchangeAssets/gltf/Textures/T_White_Linear" 4653
"../../../Engine/Plugins/Interchange/Assets/Content/gltf/MaterialFunctions/MF_RotateNormals_TS.uasset" 4654
"../../../Engine/Plugins/Interchange/Assets/Content/gltf/Textures/T_Generic_N.uasset" 4655
"../../../Engine/Plugins/Interchange/Assets/Content/gltf/Textures/T_White_srgb.uasset" 4656
"../../../Engine/Plugins/Interchange/Assets/Content/gltf/MaterialFunctions/MF_Clearcoat.uasset" 4657
"/InterchangeAssets/gltf/MaterialFunctions/MF_IOR" 4658
"/InterchangeAssets/Functions/MF_IridescenceNoLUT" 4659
"/InterchangeAssets/gltf/MaterialFunctions/MF_MetallicRoughness" 4660
"/InterchangeAssets/gltf/MaterialFunctions/MF_ScaleNormal" 4661
"/InterchangeAssets/gltf/MaterialFunctions/MF_Occlusion" 4662
"/InterchangeAssets/gltf/MaterialFunctions/MF_SpecularAnisotropy" 4663
"/InterchangeAssets/gltf/MaterialFunctions/MF_TransformUVs" 4664
"/Engine/EngineSounds/Submixes/MasterReverbSubmixDefault" 4665
"/Game/Levels/Level_2" 4666
"../../../../../Documents/GitHub/Verdant_Ash/Content/Levels/Level_2.umap" 4667
"../../../Engine/Plugins/Interchange/Assets/Content/gltf/MaterialBodies/MF_ClearCoat_Body.uasset" 4668
"../../../Engine/Plugins/Interchange/Assets/Content/gltf/MaterialBodies/MF_Default_Body.uasset" 4669
"../../../Engine/Plugins/Interchange/Assets/Content/gltf/MaterialInstances/MI_ClearCoat_Mask_DS.uasset" 4670
"../../../Engine/Plugins/Interchange/Assets/Content/gltf/MaterialInstances/MI_ClearCoat_Opaque.uasset" 4671
"../../../Engine/Plugins/Interchange/Assets/Content/Functions/MF_Iridescence.uasset" 4672
"../../../Engine/Plugins/Interchange/Assets/Content/gltf/M_Default.uasset" 4673
"../../../Engine/Plugins/Interchange/Assets/Content/gltf/MaterialInstances/MI_ClearCoat_Blend_DS.uasset" 4674
"../../../Engine/Plugins/Interchange/Assets/Content/gltf/MaterialInstances/MI_ClearCoat_Blend.uasset" 4675
"../../../Engine/Content/Functions/Engine_MaterialFunctions03/Math/RemapValueRange.uasset" 4676
"../../../Engine/Plugins/Interchange/Assets/Content/gltf/M_ClearCoat.uasset" 4677
"../../../Engine/Plugins/Interchange/Assets/Content/gltf/MaterialInstances/MI_Default_Opaque.uasset" 4678
"../../../Engine/Plugins/Interchange/Assets/Content/gltf/MaterialInstances/MI_ClearCoat_Opaque_DS.uasset" 4679
"../../../Engine/Plugins/Interchange/Assets/Content/gltf/MaterialInstances/MI_ClearCoat_Mask.uasset" 4680
"../../../Engine/Plugins/Interchange/Assets/Content/Utilities/New_LUT.uasset" 4681
"../../../Engine/Plugins/Interchange/Assets/Content/gltf/MaterialBodies/MF_Sheen_Body.uasset" 4682
"../../../Engine/Plugins/Interchange/Assets/Content/gltf/MaterialFunctions/MF_Sheen.uasset" 4683
"/InterchangeAssets/gltf/MaterialFunctions/MF_Emissive" 4684
"/InterchangeAssets/gltf/MaterialFunctions/MF_Iridescence" 4685
"/InterchangeAssets/gltf/MaterialFunctions/MF_Normals" 4686
"../../../Engine/Plugins/Interchange/Assets/Content/gltf/M_Sheen.uasset" 4687
"../../../Engine/Plugins/Interchange/Assets/Content/gltf/MaterialInstances/MI_Default_Blend.uasset" 4688
"/InterchangeAssets/gltf/MaterialFunctions/MF_Specular" 4689
"../../../Engine/Plugins/Interchange/Assets/Content/gltf/MaterialInstances/MI_Sheen_Opaque.uasset" 4690
"../../../Engine/Plugins/Interchange/Assets/Content/gltf/MaterialInstances/MI_Default_Mask.uasset" 4691
"../../../Engine/Plugins/Interchange/Assets/Content/gltf/MaterialInstances/MI_Default_Blend_DS.uasset" 4692
"../../../Engine/Plugins/Interchange/Assets/Content/gltf/MaterialInstances/MI_Default_Opaque_DS.uasset" 4693
"../../../Engine/Plugins/Interchange/Assets/Content/gltf/MaterialInstances/MI_Default_Mask_DS.uasset" 4694
"/InterchangeAssets/gltf/MaterialInstances/MI_Default_Opaque" 4695
"/Engine/EditorResources/EmptyActor" 4696
"../../../Engine/Content/EditorResources/EmptyActor.uasset" 4697
"/Engine/EditorResources/LightIcons/S_LightError" 4698
"../../../Engine/Content/EditorResources/LightIcons/S_LightError.uasset" 4699
"/Engine/EngineSounds/Submixes/MasterSubmixDefault" 4700
"/InterchangeAssets/gltf/MaterialInstances/MI_ClearCoat_Blend_DS" 4701
"/InterchangeAssets/gltf/MaterialInstances/MI_ClearCoat_Mask_DS" 4702
"/InterchangeAssets/gltf/MaterialInstances/MI_ClearCoat_Opaque_DS" 4703
"/InterchangeAssets/gltf/MaterialInstances/MI_ClearCoat_Blend" 4704
"/InterchangeAssets/gltf/MaterialInstances/MI_ClearCoat_Mask" 4705
"/InterchangeAssets/gltf/MaterialInstances/MI_ClearCoat_Opaque" 4706
"/InterchangeAssets/gltf/MaterialInstances/MI_Sheen_Opaque" 4707
"../../../Engine/Plugins/Interchange/Assets/Content/gltf/MaterialFunctions/MF_Transmission.uasset" 4708
"../../../Engine/Plugins/Interchange/Assets/Content/gltf/MaterialFunctions/MF_PerceivedBrightness.uasset" 4709
"../../../Engine/Plugins/Interchange/Assets/Content/gltf/MaterialFunctions/MF_Fresnel_DS.uasset" 4710
"../../../Engine/Plugins/Interchange/Assets/Content/gltf/MaterialFunctions/MF_Temporal_Blur.uasset" 4711
"../../../Engine/Plugins/Interchange/Assets/Content/gltf/MaterialBodies/MF_Transmission_Body.uasset" 4712
"../../../Engine/Content/Functions/Engine_MaterialFunctions02/Math/AddComponents.uasset" 4713
"../../../Engine/Plugins/Interchange/Assets/Content/gltf/MaterialFunctions/MF_MaxComponentValue.uasset" 4714
"../../../Engine/Plugins/Interchange/Assets/Content/gltf/MaterialFunctions/MF_DiffuseSpecGloss.uasset" 4715
"../../../Engine/Plugins/Interchange/Assets/Content/gltf/MaterialFunctions/MF_SpecGlossToMetalRoughness.uasset" 4716
"../../../Engine/Plugins/Interchange/Assets/Content/gltf/MaterialBodies/MF_SpecularGlossiness_Body.uasset" 4717
"../../../Engine/Plugins/Interchange/Assets/Content/gltf/M_Transmission.uasset" 4718
"../../../Engine/Plugins/Interchange/Assets/Content/gltf/MaterialInstances/MI_Transmission.uasset" 4719
"../../../Engine/Plugins/Interchange/Assets/Content/gltf/MaterialInstances/MI_Transmission_DS.uasset" 4720
"../../../Engine/Plugins/Interchange/Assets/Content/gltf/MaterialInstances/MI_Sheen_Blend_DS.uasset" 4721
"../../../Engine/Plugins/Interchange/Assets/Content/gltf/MaterialInstances/MI_Sheen_Blend.uasset" 4722
"../../../Engine/Plugins/Interchange/Assets/Content/gltf/MaterialInstances/MI_SpecularGlossiness_Mask.uasset" 4723
"../../../Engine/Plugins/Interchange/Assets/Content/gltf/MaterialInstances/MI_Sheen_Mask_DS.uasset" 4724
"../../../Engine/Plugins/Interchange/Assets/Content/gltf/MaterialInstances/MI_Sheen_Mask.uasset" 4725
"../../../Engine/Plugins/Interchange/Assets/Content/gltf/MaterialInstances/MI_SpecularGlossiness_Opaque.uasset" 4726
"../../../Engine/Plugins/Interchange/Assets/Content/gltf/MaterialInstances/MI_SpecularGlossiness_Blend.uasset" 4727
"../../../Engine/Plugins/Interchange/Assets/Content/gltf/MaterialInstances/MI_Sheen_Opaque_DS.uasset" 4728
"../../../Engine/Plugins/Interchange/Assets/Content/gltf/M_SpecularGlossiness.uasset" 4729
"../../../Engine/Plugins/Interchange/Assets/Content/gltf/MaterialInstances/MI_SpecularGlossiness_Opaque_DS.uasset" 4730
"/InterchangeAssets/gltf/MaterialInstances/MI_Default_Blend_DS" 4731
"/InterchangeAssets/gltf/MaterialInstances/MI_Default_Mask_DS" 4732
"/InterchangeAssets/gltf/MaterialInstances/MI_Default_Opaque_DS" 4733
"/InterchangeAssets/gltf/MaterialInstances/MI_Default_Blend" 4734
"/InterchangeAssets/gltf/MaterialInstances/MI_Default_Mask" 4735
"C:/Users/alsha/OneDrive/Documents/GitHub/Verdant_Ash/Content/Static_Meshes/Import/Mesh_ncl_3.uasset" 4736
"C:/Users/alsha/OneDrive/Documents/GitHub/Verdant_Ash/Content/Static_Meshes/Import/Mesh_ncl_4.uasset" 4737
"C:/Users/alsha/OneDrive/Documents/GitHub/Verdant_Ash/Content/Static_Meshes/Import/Mesh_ncl_1.uasset" 4738
"C:/Users/alsha/OneDrive/Documents/GitHub/Verdant_Ash/Content/Static_Meshes/Import/Mesh.uasset" 4739
"C:/Users/alsha/OneDrive/Documents/GitHub/Verdant_Ash/Content/Static_Meshes/Import/openPBR_shader1.uasset" 4740
"C:/Users/alsha/OneDrive/Documents/GitHub/Verdant_Ash/Content/UI_Materials/Images/Title_Screen_2.uasset" 4741
"C:/Users/alsha/OneDrive/Documents/GitHub/Verdant_Ash/Content/Static_Meshes/Import/Mesh_ncl_2.uasset" 4742
"/InterchangeAssets/gltf/MaterialInstances/MI_SpecularGlossiness_Opaque_DS" 4743
"../../../Engine/Plugins/Interchange/Assets/Content/gltf/MaterialInstances/MI_SpecularGlossiness_Mask_DS.uasset" 4744
"../../../Engine/Plugins/Interchange/Assets/Content/gltf/MaterialInstances/MI_SpecularGlossiness_Blend_DS.uasset" 4745
"/InterchangeAssets/gltf/MaterialInstances/MI_SpecularGlossiness_Blend" 4746
"../../../Engine/Plugins/Interchange/Assets/Shaders/ThinFilmFunctions.usf" 4747
"/InterchangeAssets/gltf/MaterialInstances/MI_SpecularGlossiness_Mask" 4748
"/InterchangeAssets/gltf/MaterialInstances/MI_SpecularGlossiness_Opaque" 4749
"/InterchangeAssets/gltf/MaterialInstances/MI_Transmission_DS" 4750
"/InterchangeAssets/gltf/MaterialInstances/MI_Transmission" 4751
"/InterchangeAssets/gltf/MaterialInstances/MI_Sheen_Blend_DS" 4752
"/InterchangeAssets/gltf/MaterialInstances/MI_Sheen_Mask_DS" 4753
"/InterchangeAssets/gltf/MaterialInstances/MI_Sheen_Opaque_DS" 4754
"/InterchangeAssets/gltf/MaterialInstances/MI_Sheen_Blend" 4755
"/InterchangeAssets/gltf/MaterialInstances/MI_Sheen_Mask" 4756
"C:/Users/alsha/OneDrive/Documents/GitHub/Verdant_Ash/Content/UI_Materials/Images/Verdant_Ash_v2_1_Vine-Iteration.uasset" 4757
"C:/Users/alsha/OneDrive/Documents/GitHub/Verdant_Ash/Content/Blueprint/UI_Widgets/WBP_MainMenu1.uasset" 4758
"C:/Users/alsha/OneDrive/Documents/GitHub/Verdant_Ash/Content/Blueprints/GM_MainMenu.uasset" 4759
"../../../Engine/Plugins/Interchange/Assets/Content/gltf/MaterialBodies/MF_Unlit_Body.uasset" 4760
"C:/Users/alsha/OneDrive/Documents/GitHub/Verdant_Ash/Content/Blueprint/GameMode/GM_MainMenu.uasset" 4761
"C:/Users/alsha/OneDrive/Documents/GitHub/Verdant_Ash/Content/Levels/Lvl_MainMenu.umap" 4762
"../../../Engine/Plugins/Interchange/Assets/Content/gltf/MaterialInstances/MI_Unlit_Opaque.uasset" 4763
"../../../Engine/Plugins/Interchange/Assets/Content/gltf/MaterialInstances/MI_Unlit_Opaque_DS.uasset" 4764
"../../../Engine/Plugins/Interchange/Assets/Content/gltf/MaterialInstances/MI_Unlit_Mask.uasset" 4765
"../../../Engine/Plugins/Interchange/Assets/Content/gltf/M_Unlit.uasset" 4766
"C:/Users/alsha/OneDrive/Documents/GitHub/Verdant_Ash/Content/Character/Mannequins/Materials/Manny/MI_Manny_01_New.uasset" 4767
"../../../Engine/Plugins/Interchange/Assets/Content/gltf/MaterialInstances/MI_Unlit_Mask_DS.uasset" 4768
"../../../Engine/Plugins/Interchange/Assets/Content/gltf/MaterialInstances/MI_Unlit_Blend.uasset" 4769
"C:/Users/alsha/OneDrive/Documents/GitHub/Verdant_Ash/Content/Character/Mannequins/Textures/Manny/T_Manny_02_BN.uasset" 4770
"../../../Engine/Plugins/Interchange/Assets/Content/gltf/MaterialInstances/MI_Unlit_Blend_DS.uasset" 4771
"C:/Users/alsha/OneDrive/Documents/GitHub/Verdant_Ash/Content/Character/Mannequins/Materials/Manny/MI_Manny_02_New.uasset" 4772
"C:/Users/alsha/OneDrive/Documents/GitHub/Verdant_Ash/Content/Character/Mannequins/Textures/Manny/T_Manny_02_MRA.uasset" 4773
"C:/Users/alsha/OneDrive/Documents/GitHub/Verdant_Ash/Content/Character/Mannequins/Textures/Manny/T_Manny_02_D.uasset" 4774
"C:/Users/alsha/OneDrive/Documents/GitHub/Verdant_Ash/Content/Character/Mannequins/Meshes/SKM_Manny_Simple.uasset" 4775
"/Game/UI_Materials/Images/Title_Screen_2" 4776
"/Game/Static_Meshes/Import/Mesh" 4777
"/Game/Static_Meshes/Import/Mesh_ncl_1" 4778
"/Game/Static_Meshes/Import/Mesh_ncl_2" 4779
"/Game/Static_Meshes/Import/Mesh_ncl_3" 4780
"/Game/Static_Meshes/Import/Mesh_ncl_4" 4781
"/InterchangeAssets/gltf/MaterialInstances/MI_SpecularGlossiness_Blend_DS" 4782
"/InterchangeAssets/gltf/MaterialInstances/MI_SpecularGlossiness_Mask_DS" 4783
"/InterchangeAssets/gltf/MaterialInstances/MI_Unlit_Blend_DS" 4784
"/InterchangeAssets/gltf/MaterialInstances/MI_Unlit_Mask_DS" 4785
"/InterchangeAssets/gltf/MaterialInstances/MI_Unlit_Opaque_DS" 4786
"/InterchangeAssets/gltf/MaterialInstances/MI_Unlit_Blend" 4787
"/InterchangeAssets/gltf/MaterialInstances/MI_Unlit_Mask" 4788
"/InterchangeAssets/gltf/MaterialInstances/MI_Unlit_Opaque" 4789
"/Game/Character/Mannequins/Meshes/SKM_Manny_Simple" 4790
"/Game/Levels/Lvl_MainMenu" 4791
"../../../../../Documents/GitHub/Verdant_Ash/Content/Levels/Lvl_MainMenu.umap" 4792
"../../../Engine/Plugins/Interchange/Assets/Content/Functions/MX_Transmission.uasset" 4793
"../../../Engine/Content/Functions/Engine_MaterialFunctions01/Volumetrics/BeersLaw.uasset" 4794
"../../../Engine/Plugins/Interchange/Assets/Content/Functions/MF_OrenNayerView.uasset" 4795
"../../../Engine/Content/Functions/Substrate/MF_SchlickInternal.uasset" 4796
"../../../Engine/Plugins/Interchange/Assets/Content/Functions/MX_OpenPBR_Translucent.uasset" 4797
"../../../Engine/Plugins/Interchange/Assets/Content/Functions/MX_StandardSurface.uasset" 4798
"../../../Engine/Plugins/Interchange/Assets/Content/Functions/MX_TransmissionSurface.uasset" 4799
"/InterchangeAssets/Functions/MX_OpenPBR_Translucent" 4800
"../../../Engine/Plugins/Animation/ControlRig/Content/Controls/ControlRig_Arrow2_3mm.uasset" 4801
"../../../Engine/Plugins/Animation/ControlRig/Content/Controls/ControlRig_Sphere_solid.uasset" 4802
"../../../Engine/Plugins/Animation/ControlRig/Content/Controls/ControlRig_Arrow2_solid.uasset" 4803
"../../../Engine/Plugins/Animation/ControlRig/Content/Controls/ControlRig_Arrow2_1mm.uasset" 4804
"../../../Engine/Plugins/Interchange/Assets/Content/Functions/MX_OpenPBR_Opaque.uasset" 4805
"../../../Engine/Plugins/Animation/ControlRig/Content/Controls/ControlRig_Arrow4_1mm.uasset" 4806
"/ControlRig/Controls/ControlRig_Arrow4_1mm" 4807
"/ControlRig/Controls/ControlRig_Arrow2_solid" 4808
"/ControlRig/Controls/ControlRig_Arrow2_3mm" 4809
"/ControlRig/Controls/ControlRig_Arrow2_1mm" 4810
"/ControlRig/Controls/ControlRig_Sphere_solid" 4811
"../../../Engine/Plugins/Animation/ControlRig/Content/Controls/ControlRig_Arrow4_solid.uasset" 4812
"../../../Engine/Plugins/Animation/ControlRig/Content/Controls/ControlRig_Circle_3mm.uasset" 4813
"../../../Engine/Plugins/Animation/ControlRig/Content/Controls/ControlRig_Box_1mm.uasset" 4814
"../../../Engine/Plugins/Animation/ControlRig/Content/Controls/ControlRig_Arrow4_3mm.uasset" 4815
"../../../Engine/Plugins/Animation/ControlRig/Content/Controls/ControlRig_Box_solid.uasset" 4816
"../../../Engine/Plugins/Animation/ControlRig/Content/Controls/ControlRig_Circle_1mm.uasset" 4817
"../../../Engine/Plugins/Animation/ControlRig/Content/Controls/ControlRig_Box_3mm.uasset" 4818
"../../../Engine/Plugins/Animation/ControlRig/Content/Controls/ControlRig_Arrow_1mm.uasset" 4819
"../../../Engine/Plugins/Animation/ControlRig/Content/Controls/ControlRig_Diamond_1mm.uasset" 4820
"../../../Engine/Plugins/Animation/ControlRig/Content/Controls/ControlRig_Arrow_solid.uasset" 4821
"../../../Engine/Plugins/Animation/ControlRig/Content/Controls/ControlRig_Arrow_3mm.uasset" 4822
"/InterchangeAssets/Functions/MX_OpenPBR_Opaque" 4823
"../../../Engine/Plugins/Animation/ControlRig/Content/Controls/ControlRig_Circle_solid.uasset" 4824
"../../../Engine/Plugins/Animation/ControlRig/Content/Controls/ControlRig_Diamond_3mm.uasset" 4825
"/ControlRig/Controls/ControlRig_Diamond_3mm" 4826
"../../../Engine/Plugins/Animation/ControlRig/Content/Controls/ControlRig_Hexagon_solid.uasset" 4827
"../../../Engine/Plugins/Animation/ControlRig/Content/Controls/ControlRig_Hexagon_1mm.uasset" 4828
"../../../Engine/Plugins/Animation/ControlRig/Content/Controls/ControlRig_HalfCircle_solid.uasset" 4829
"../../../Engine/Plugins/Animation/ControlRig/Content/Controls/ControlRig_Octagon_solid.uasset" 4830
"/ControlRig/Controls/ControlRig_Diamond_1mm" 4831
"../../../Engine/Plugins/Animation/ControlRig/Content/Controls/ControlRig_Diamond_solid.uasset" 4832
"../../../Engine/Plugins/Animation/ControlRig/Content/Controls/ControlRig_Octagon_3mm.uasset" 4833
"../../../Engine/Plugins/Animation/ControlRig/Content/Controls/ControlRig_Octagon_1mm.uasset" 4834
"../../../Engine/Plugins/Animation/ControlRig/Content/Controls/ControlRig_Hexagon_3mm.uasset" 4835
"/ControlRig/Controls/ControlRig_Circle_solid" 4836
"../../../Engine/Plugins/Animation/ControlRig/Content/Controls/ControlRig_HalfCircle_1mm.uasset" 4837
"../../../Engine/Plugins/Animation/ControlRig/Content/Controls/ControlRig_Pyramid_3mm.uasset" 4838
"/ControlRig/Controls/ControlRig_Circle_3mm" 4839
"../../../Engine/Plugins/Animation/ControlRig/Content/Controls/ControlRig_HalfCircle_3mm.uasset" 4840
"../../../Engine/Plugins/Animation/ControlRig/Content/Controls/ControlRig_Pyramid_1mm.uasset" 4841
"/ControlRig/Controls/ControlRig_Circle_1mm" 4842
"/ControlRig/Controls/ControlRig_Box_solid" 4843
"/ControlRig/Controls/ControlRig_Box_3mm" 4844
"../../../Engine/Plugins/Animation/ControlRig/Content/Controls/ControlRig_QuarterCircle_3mm.uasset" 4845
"../../../Engine/Plugins/Animation/ControlRig/Content/Controls/ControlRig_RoundedSquare_1mm.uasset" 4846
"../../../Engine/Plugins/Animation/ControlRig/Content/Controls/ControlRig_QuarterCircle_solid.uasset" 4847
"../../../Engine/Plugins/Animation/ControlRig/Content/Controls/ControlRig_QuarterCircle_1mm.uasset" 4848
"/ControlRig/Controls/ControlRig_Box_1mm" 4849
"../../../Engine/Plugins/Animation/ControlRig/Content/Controls/ControlRig_RoundedSquare_3mm.uasset" 4850
"../../../Engine/Plugins/Animation/ControlRig/Content/Controls/ControlRig_Pyramid_solid.uasset" 4851
"../../../Engine/Plugins/Animation/ControlRig/Content/Controls/ControlRig_RoundedSquare_solid.uasset" 4852
"/ControlRig/Controls/ControlRig_Arrow_solid" 4853
"/ControlRig/Controls/ControlRig_Arrow_3mm" 4854
"/ControlRig/Controls/ControlRig_Arrow_1mm" 4855
"/ControlRig/Controls/ControlRig_Arrow4_solid" 4856
"/ControlRig/Controls/ControlRig_Arrow4_3mm" 4857
"/ControlRig/Controls/ControlRig_Octagon_1mm" 4858
"/ControlRig/Controls/ControlRig_Pyramid_3mm" 4859
"/ControlRig/Controls/ControlRig_Hexagon_solid" 4860
"/ControlRig/Controls/ControlRig_Pyramid_1mm" 4861
"/ControlRig/Controls/ControlRig_Hexagon_3mm" 4862
"/ControlRig/Controls/ControlRig_Hexagon_1mm" 4863
"/ControlRig/Controls/ControlRig_Octagon_solid" 4864
"/ControlRig/Controls/ControlRig_HalfCircle_solid" 4865
"/ControlRig/Controls/ControlRig_HalfCircle_3mm" 4866
"/ControlRig/Controls/ControlRig_Octagon_3mm" 4867
"/ControlRig/Controls/ControlRig_HalfCircle_1mm" 4868
"/ControlRig/Controls/ControlRig_Diamond_solid" 4869
"/ControlRig/Controls/ControlRig_RoundedSquare_solid" 4870
"/ControlRig/Controls/ControlRig_RoundedSquare_3mm" 4871
"/ControlRig/Controls/ControlRig_RoundedSquare_1mm" 4872
"/ControlRig/Controls/ControlRig_QuarterCircle_solid" 4873
"/ControlRig/Controls/ControlRig_QuarterCircle_3mm" 4874
"/ControlRig/Controls/ControlRig_QuarterCircle_1mm" 4875
"/ControlRig/Controls/ControlRig_Pyramid_solid" 4876
"../../../Engine/Plugins/Animation/ControlRig/Content/Controls/ControlRig_Star4_3mm.uasset" 4877
"../../../Engine/Plugins/Animation/ControlRig/Content/Controls/ControlRig_Square_1mm.uasset" 4878
"../../../Engine/Plugins/Animation/ControlRig/Content/Controls/ControlRig_Star4_1mm.uasset" 4879
"../../../Engine/Plugins/Animation/ControlRig/Content/Controls/ControlRig_Square_solid.uasset" 4880
"../../../Engine/Plugins/Animation/ControlRig/Content/Controls/ControlRig_Square_3mm.uasset" 4881
"../../../Engine/Plugins/Animation/ControlRig/Content/Controls/ControlRig_Triangle_3mm.uasset" 4882
"../../../Engine/Plugins/Animation/ControlRig/Content/Controls/ControlRig_Sphere_1mm.uasset" 4883
"../../../Engine/Plugins/Animation/ControlRig/Content/Controls/ControlRig_Sphere_3mm.uasset" 4884
"../../../Engine/Plugins/Animation/ControlRig/Content/Controls/ControlRig_Star4_solid.uasset" 4885
"../../../Engine/Plugins/Animation/ControlRig/Content/Controls/ControlRig_RoundedTriangle_3mm.uasset" 4886
"../../../Engine/Plugins/Animation/ControlRig/Content/Controls/ControlRig_Triangle_1mm.uasset" 4887
"../../../Engine/Content/Maps/Entry.umap" 4888
"../../../Engine/Plugins/Animation/ControlRig/Content/Controls/ControlRig_RoundedTriangle_solid.uasset" 4889
"../../../Engine/Plugins/Animation/ControlRig/Content/Controls/ControlRig_RoundedTriangle_1mm.uasset" 4890
"../../../Engine/Plugins/Animation/ControlRig/Content/Controls/ControlRig_Triangle_solid.uasset" 4891
"../../../Engine/Plugins/Animation/ControlRig/Content/Controls/ControlRig_Wedge_solid.uasset" 4892
"../../../Engine/Content/Maps/Entry_BuiltData.uasset" 4893
"../../../Engine/Plugins/Animation/ControlRig/Content/Controls/ControlRig_Wedge_1mm.uasset" 4894
"../../../Engine/Plugins/Animation/ControlRig/Content/Controls/ControlRig_Wedge_3mm.uasset" 4895
"/Engine/Maps/Entry" 4896
"/ControlRig/Controls/ControlRig_Wedge_solid" 4897
"/ControlRig/Controls/ControlRig_Wedge_3mm" 4898
"/ControlRig/Controls/ControlRig_Wedge_1mm" 4899
"/ControlRig/Controls/ControlRig_Triangle_solid" 4900
"/ControlRig/Controls/ControlRig_Triangle_3mm" 4901
"/ControlRig/Controls/ControlRig_Triangle_1mm" 4902
"/ControlRig/Controls/ControlRig_Star4_solid" 4903
"/ControlRig/Controls/ControlRig_Star4_3mm" 4904
"/ControlRig/Controls/ControlRig_Star4_1mm" 4905
"/ControlRig/Controls/ControlRig_Square_solid" 4906
"/ControlRig/Controls/ControlRig_Square_3mm" 4907
"/ControlRig/Controls/ControlRig_Square_1mm" 4908
"/ControlRig/Controls/ControlRig_Sphere_3mm" 4909
"/ControlRig/Controls/ControlRig_Sphere_1mm" 4910
"/ControlRig/Controls/ControlRig_RoundedTriangle_solid" 4911
"/ControlRig/Controls/ControlRig_RoundedTriangle_3mm" 4912
"/ControlRig/Controls/ControlRig_RoundedTriangle_1mm" 4913
"../../../Engine/Content/EditorMaterials/PreviewShadowIndicator.uasset" 4914
"../../../Engine/Content/EditorMaterials/PreviewShadowIndicatorMaterial.uasset" 4915
"../../../Engine/Content/EngineMaterials/Substrate/GLints/dict_16_192_64_0p5_0p02_0063_0012.uasset" 4916
"../../../Engine/Content/EngineMaterials/Substrate/GLints/dict_16_192_64_0p5_0p02_0063_0014.uasset" 4917
"../../../Engine/Content/EngineMaterials/Substrate/GLints/dict_16_192_64_0p5_0p02_0063_0015.uasset" 4918
"../../../Engine/Content/EngineMaterials/Substrate/GLints/dict_16_192_64_0p5_0p02_0063_0011.uasset" 4919
"../../../Engine/Content/EngineMaterials/Substrate/GLints/dict_16_192_64_0p5_0p02_0063_0013.uasset" 4920
"../../../Engine/Content/EngineMaterials/Substrate/GLints/dict_16_192_64_0p5_0p02_0063_0010.uasset" 4921
"../../../Engine/Content/EngineMaterials/Substrate/GLints/dict_16_192_64_0p5_0p02_0063_0009.uasset" 4922
"../../../Engine/Content/EngineMaterials/Substrate/GLints/dict_16_192_64_0p5_0p02_0063_0005.uasset" 4923
"../../../Engine/Content/EngineMaterials/Substrate/GLints/dict_16_192_64_0p5_0p02_0063_0003.uasset" 4924
"../../../Engine/Content/EngineMaterials/Substrate/GLints/dict_16_192_64_0p5_0p02_0063_0002.uasset" 4925
"../../../Engine/Content/EngineMaterials/Substrate/GLints/dict_16_192_64_0p5_0p02_0063_0008.uasset" 4926
"../../../Engine/Content/EngineMaterials/Substrate/GLints/dict_16_192_64_0p5_0p02_0063_0000.uasset" 4927
"../../../Engine/Content/EngineMaterials/Substrate/GLints/dict_16_192_64_0p5_0p02_0062_0015.uasset" 4928
"../../../Engine/Content/EngineMaterials/Substrate/GLints/dict_16_192_64_0p5_0p02_0063_0001.uasset" 4929
"../../../Engine/Content/EngineMaterials/Substrate/GLints/dict_16_192_64_0p5_0p02_0062_0014.uasset" 4930
"../../../Engine/Content/EngineMaterials/Substrate/GLints/dict_16_192_64_0p5_0p02_0062_0013.uasset" 4931
"../../../Engine/Content/EngineMaterials/Substrate/GLints/dict_16_192_64_0p5_0p02_0062_0010.uasset" 4932
"../../../Engine/Content/EngineMaterials/Substrate/GLints/dict_16_192_64_0p5_0p02_0062_0008.uasset" 4933
"../../../Engine/Content/EngineMaterials/Substrate/GLints/dict_16_192_64_0p5_0p02_0062_0006.uasset" 4934
"../../../Engine/Content/EngineMaterials/Substrate/GLints/dict_16_192_64_0p5_0p02_0062_0007.uasset" 4935
"../../../Engine/Content/EngineMaterials/Substrate/GLints/dict_16_192_64_0p5_0p02_0062_0011.uasset" 4936
"../../../Engine/Content/EngineMaterials/Substrate/GLints/dict_16_192_64_0p5_0p02_0063_0004.uasset" 4937
"../../../Engine/Content/EngineMaterials/Substrate/GLints/dict_16_192_64_0p5_0p02_0062_0012.uasset" 4938
"../../../Engine/Content/EngineMaterials/Substrate/GLints/dict_16_192_64_0p5_0p02_0062_0004.uasset" 4939
"../../../Engine/Content/EngineMaterials/Substrate/GLints/dict_16_192_64_0p5_0p02_0062_0003.uasset" 4940
"../../../Engine/Content/EngineMaterials/Substrate/GLints/dict_16_192_64_0p5_0p02_0062_0002.uasset" 4941
"../../../Engine/Content/EngineMaterials/Substrate/GLints/dict_16_192_64_0p5_0p02_0062_0005.uasset" 4942
"../../../Engine/Content/EngineMaterials/Substrate/GLints/dict_16_192_64_0p5_0p02_0063_0006.uasset" 4943
"../../../Engine/Content/EngineMaterials/Substrate/GLints/dict_16_192_64_0p5_0p02_0063_0007.uasset" 4944
"../../../Engine/Content/EngineMaterials/Substrate/GLints/dict_16_192_64_0p5_0p02_0062_0009.uasset" 4945
"/Engine/EngineMaterials/Substrate/GLints/dict_16_192_64_0p5_0p02_0062_0013" 4946
"/Engine/EngineMaterials/Substrate/GLints/dict_16_192_64_0p5_0p02_0062_0014" 4947
"/Engine/EngineMaterials/Substrate/GLints/dict_16_192_64_0p5_0p02_0062_0015" 4948
"/Engine/EngineMaterials/Substrate/GLints/dict_16_192_64_0p5_0p02_0063_0000" 4949
"/Engine/EngineMaterials/Substrate/GLints/dict_16_192_64_0p5_0p02_0063_0001" 4950
"/Engine/EngineMaterials/Substrate/GLints/dict_16_192_64_0p5_0p02_0063_0002" 4951
"/Engine/EngineMaterials/Substrate/GLints/dict_16_192_64_0p5_0p02_0063_0003" 4952
"/Engine/EngineMaterials/Substrate/GLints/dict_16_192_64_0p5_0p02_0063_0004" 4953
"/Engine/EngineMaterials/Substrate/GLints/dict_16_192_64_0p5_0p02_0063_0005" 4954
"/Engine/EngineMaterials/Substrate/GLints/dict_16_192_64_0p5_0p02_0063_0006" 4955
"/Engine/EngineMaterials/Substrate/GLints/dict_16_192_64_0p5_0p02_0063_0007" 4956
"/Engine/EngineMaterials/Substrate/GLints/dict_16_192_64_0p5_0p02_0063_0008" 4957
"/Engine/EngineMaterials/Substrate/GLints/dict_16_192_64_0p5_0p02_0062_0002" 4958
"/Engine/EngineMaterials/Substrate/GLints/dict_16_192_64_0p5_0p02_0062_0003" 4959
"/Engine/EngineMaterials/Substrate/GLints/dict_16_192_64_0p5_0p02_0062_0004" 4960
"/Engine/EngineMaterials/Substrate/GLints/dict_16_192_64_0p5_0p02_0062_0005" 4961
"/Engine/EngineMaterials/Substrate/GLints/dict_16_192_64_0p5_0p02_0062_0006" 4962
"/Engine/EngineMaterials/Substrate/GLints/dict_16_192_64_0p5_0p02_0062_0007" 4963
"/Engine/EngineMaterials/Substrate/GLints/dict_16_192_64_0p5_0p02_0062_0008" 4964
"/Engine/EngineMaterials/Substrate/GLints/dict_16_192_64_0p5_0p02_0062_0009" 4965
"/Engine/EngineMaterials/Substrate/GLints/dict_16_192_64_0p5_0p02_0062_0010" 4966
"/Engine/EngineMaterials/Substrate/GLints/dict_16_192_64_0p5_0p02_0062_0011" 4967
"/Engine/EngineMaterials/Substrate/GLints/dict_16_192_64_0p5_0p02_0062_0012" 4968
"/Engine/EngineMaterials/Substrate/GLints/dict_16_192_64_0p5_0p02_0063_0009" 4969
"/Engine/EngineMaterials/Substrate/GLints/dict_16_192_64_0p5_0p02_0063_0010" 4970
"/Engine/EngineMaterials/Substrate/GLints/dict_16_192_64_0p5_0p02_0063_0011" 4971
"/Engine/EngineMaterials/Substrate/GLints/dict_16_192_64_0p5_0p02_0063_0012" 4972
"/Engine/EngineMaterials/Substrate/GLints/dict_16_192_64_0p5_0p02_0063_0013" 4973
"/Engine/EngineMaterials/Substrate/GLints/dict_16_192_64_0p5_0p02_0063_0014" 4974
"/Engine/EngineMaterials/Substrate/GLints/dict_16_192_64_0p5_0p02_0063_0015" 4975
"/Engine/EditorMaterials/PreviewShadowIndicatorMaterial" 4976
"../../../Engine/Content/EngineMaterials/Substrate/GLints/dict_16_192_64_0p5_0p02_0062_0000.uasset" 4977
"../../../Engine/Content/EngineMaterials/Substrate/GLints/dict_16_192_64_0p5_0p02_0061_0011.uasset" 4978
"../../../Engine/Content/EngineMaterials/Substrate/GLints/dict_16_192_64_0p5_0p02_0061_0012.uasset" 4979
"../../../Engine/Content/EngineMaterials/Substrate/GLints/dict_16_192_64_0p5_0p02_0061_0014.uasset" 4980
"../../../Engine/Content/EngineMaterials/Substrate/GLints/dict_16_192_64_0p5_0p02_0061_0013.uasset" 4981
"../../../Engine/Content/EngineMaterials/Substrate/GLints/dict_16_192_64_0p5_0p02_0061_0004.uasset" 4982
"../../../Engine/Content/EngineMaterials/Substrate/GLints/dict_16_192_64_0p5_0p02_0061_0003.uasset" 4983
"../../../Engine/Content/EngineMaterials/Substrate/GLints/dict_16_192_64_0p5_0p02_0062_0001.uasset" 4984
"../../../Engine/Content/EngineMaterials/Substrate/GLints/dict_16_192_64_0p5_0p02_0061_0008.uasset" 4985
"../../../Engine/Content/EngineMaterials/Substrate/GLints/dict_16_192_64_0p5_0p02_0061_0002.uasset" 4986
"../../../Engine/Content/EngineMaterials/Substrate/GLints/dict_16_192_64_0p5_0p02_0061_0000.uasset" 4987
"../../../Engine/Content/EngineMaterials/Substrate/GLints/dict_16_192_64_0p5_0p02_0061_0010.uasset" 4988
"../../../Engine/Content/EngineMaterials/Substrate/GLints/dict_16_192_64_0p5_0p02_0061_0005.uasset" 4989
"../../../Engine/Content/EngineMaterials/Substrate/GLints/dict_16_192_64_0p5_0p02_0060_0015.uasset" 4990
"../../../Engine/Content/EngineMaterials/Substrate/GLints/dict_16_192_64_0p5_0p02_0061_0015.uasset" 4991
"../../../Engine/Content/EngineMaterials/Substrate/GLints/dict_16_192_64_0p5_0p02_0060_0014.uasset" 4992
"../../../Engine/Content/EngineMaterials/Substrate/GLints/dict_16_192_64_0p5_0p02_0061_0007.uasset" 4993
"../../../Engine/Content/EngineMaterials/Substrate/GLints/dict_16_192_64_0p5_0p02_0060_0011.uasset" 4994
"../../../Engine/Content/EngineMaterials/Substrate/GLints/dict_16_192_64_0p5_0p02_0060_0010.uasset" 4995
"../../../Engine/Content/EngineMaterials/Substrate/GLints/dict_16_192_64_0p5_0p02_0061_0001.uasset" 4996
"../../../Engine/Content/EngineMaterials/Substrate/GLints/dict_16_192_64_0p5_0p02_0061_0009.uasset" 4997
"../../../Engine/Content/EngineMaterials/Substrate/GLints/dict_16_192_64_0p5_0p02_0060_0005.uasset" 4998
"../../../Engine/Content/EngineMaterials/Substrate/GLints/dict_16_192_64_0p5_0p02_0060_0007.uasset" 4999
"../../../Engine/Content/EngineMaterials/Substrate/GLints/dict_16_192_64_0p5_0p02_0061_0006.uasset" 5000
"../../../Engine/Content/EngineMaterials/Substrate/GLints/dict_16_192_64_0p5_0p02_0060_0008.uasset" 5001
"../../../Engine/Content/EngineMaterials/Substrate/GLints/dict_16_192_64_0p5_0p02_0060_0002.uasset" 5002
"../../../Engine/Content/EngineMaterials/Substrate/GLints/dict_16_192_64_0p5_0p02_0060_0003.uasset" 5003
"../../../Engine/Content/EngineMaterials/Substrate/GLints/dict_16_192_64_0p5_0p02_0060_0004.uasset" 5004
"../../../Engine/Content/EngineMaterials/Substrate/GLints/dict_16_192_64_0p5_0p02_0060_0006.uasset" 5005
"../../../Engine/Content/EngineMaterials/Substrate/GLints/dict_16_192_64_0p5_0p02_0060_0013.uasset" 5006
"../../../Engine/Content/EngineMaterials/Substrate/GLints/dict_16_192_64_0p5_0p02_0060_0009.uasset" 5007
"../../../Engine/Content/EngineMaterials/Substrate/GLints/dict_16_192_64_0p5_0p02_0060_0012.uasset" 5008
"/Engine/EngineMaterials/Substrate/GLints/dict_16_192_64_0p5_0p02_0060_0002" 5009
"/Engine/EngineMaterials/Substrate/GLints/dict_16_192_64_0p5_0p02_0060_0003" 5010
"/Engine/EngineMaterials/Substrate/GLints/dict_16_192_64_0p5_0p02_0060_0004" 5011
"/Engine/EngineMaterials/Substrate/GLints/dict_16_192_64_0p5_0p02_0060_0005" 5012
"/Engine/EngineMaterials/Substrate/GLints/dict_16_192_64_0p5_0p02_0060_0006" 5013
"/Engine/EngineMaterials/Substrate/GLints/dict_16_192_64_0p5_0p02_0060_0007" 5014
"/Engine/EngineMaterials/Substrate/GLints/dict_16_192_64_0p5_0p02_0060_0008" 5015
"/Engine/EngineMaterials/Substrate/GLints/dict_16_192_64_0p5_0p02_0060_0009" 5016
"/Engine/EngineMaterials/Substrate/GLints/dict_16_192_64_0p5_0p02_0060_0010" 5017
"/Engine/EngineMaterials/Substrate/GLints/dict_16_192_64_0p5_0p02_0060_0011" 5018
"/Engine/EngineMaterials/Substrate/GLints/dict_16_192_64_0p5_0p02_0060_0012" 5019
"/Engine/EngineMaterials/Substrate/GLints/dict_16_192_64_0p5_0p02_0060_0013" 5020
"/Engine/EngineMaterials/Substrate/GLints/dict_16_192_64_0p5_0p02_0060_0014" 5021
"/Engine/EngineMaterials/Substrate/GLints/dict_16_192_64_0p5_0p02_0060_0015" 5022
"/Engine/EngineMaterials/Substrate/GLints/dict_16_192_64_0p5_0p02_0061_0000" 5023
"/Engine/EngineMaterials/Substrate/GLints/dict_16_192_64_0p5_0p02_0061_0001" 5024
"/Engine/EngineMaterials/Substrate/GLints/dict_16_192_64_0p5_0p02_0061_0002" 5025
"/Engine/EngineMaterials/Substrate/GLints/dict_16_192_64_0p5_0p02_0061_0003" 5026
"/Engine/EngineMaterials/Substrate/GLints/dict_16_192_64_0p5_0p02_0061_0004" 5027
"/Engine/EngineMaterials/Substrate/GLints/dict_16_192_64_0p5_0p02_0061_0005" 5028
"/Engine/EngineMaterials/Substrate/GLints/dict_16_192_64_0p5_0p02_0061_0006" 5029
"/Engine/EngineMaterials/Substrate/GLints/dict_16_192_64_0p5_0p02_0061_0007" 5030
"/Engine/EngineMaterials/Substrate/GLints/dict_16_192_64_0p5_0p02_0061_0008" 5031
"/Engine/EngineMaterials/Substrate/GLints/dict_16_192_64_0p5_0p02_0061_0009" 5032
"/Engine/EngineMaterials/Substrate/GLints/dict_16_192_64_0p5_0p02_0061_0010" 5033
"/Engine/EngineMaterials/Substrate/GLints/dict_16_192_64_0p5_0p02_0061_0011" 5034
"/Engine/EngineMaterials/Substrate/GLints/dict_16_192_64_0p5_0p02_0061_0012" 5035
"/Engine/EngineMaterials/Substrate/GLints/dict_16_192_64_0p5_0p02_0061_0013" 5036
"/Engine/EngineMaterials/Substrate/GLints/dict_16_192_64_0p5_0p02_0061_0014" 5037
"/Engine/EngineMaterials/Substrate/GLints/dict_16_192_64_0p5_0p02_0061_0015" 5038
"/Engine/EngineMaterials/Substrate/GLints/dict_16_192_64_0p5_0p02_0062_0000" 5039
"/Engine/EngineMaterials/Substrate/GLints/dict_16_192_64_0p5_0p02_0062_0001" 5040
"../../../Engine/Content/EngineMaterials/Substrate/GLints/dict_16_192_64_0p5_0p02_0059_0009.uasset" 5041
"../../../Engine/Content/EngineMaterials/Substrate/GLints/dict_16_192_64_0p5_0p02_0059_0004.uasset" 5042
"../../../Engine/Content/EngineMaterials/Substrate/GLints/dict_16_192_64_0p5_0p02_0059_0011.uasset" 5043
"../../../Engine/Content/EngineMaterials/Substrate/GLints/dict_16_192_64_0p5_0p02_0059_0014.uasset" 5044
"../../../Engine/Content/EngineMaterials/Substrate/GLints/dict_16_192_64_0p5_0p02_0059_0015.uasset" 5045
"../../../Engine/Content/EngineMaterials/Substrate/GLints/dict_16_192_64_0p5_0p02_0060_0000.uasset" 5046
"../../../Engine/Content/EngineMaterials/Substrate/GLints/dict_16_192_64_0p5_0p02_0059_0012.uasset" 5047
"../../../Engine/Content/EngineMaterials/Substrate/GLints/dict_16_192_64_0p5_0p02_0059_0010.uasset" 5048
"../../../Engine/Content/EngineMaterials/Substrate/GLints/dict_16_192_64_0p5_0p02_0059_0000.uasset" 5049
"../../../Engine/Content/EngineMaterials/Substrate/GLints/dict_16_192_64_0p5_0p02_0059_0002.uasset" 5050
"../../../Engine/Content/EngineMaterials/Substrate/GLints/dict_16_192_64_0p5_0p02_0058_0014.uasset" 5051
"../../../Engine/Content/EngineMaterials/Substrate/GLints/dict_16_192_64_0p5_0p02_0059_0007.uasset" 5052
"../../../Engine/Content/EngineMaterials/Substrate/GLints/dict_16_192_64_0p5_0p02_0058_0015.uasset" 5053
"../../../Engine/Content/EngineMaterials/Substrate/GLints/dict_16_192_64_0p5_0p02_0060_0001.uasset" 5054
"../../../Engine/Content/EngineMaterials/Substrate/GLints/dict_16_192_64_0p5_0p02_0059_0001.uasset" 5055
"../../../Engine/Content/EngineMaterials/Substrate/GLints/dict_16_192_64_0p5_0p02_0059_0003.uasset" 5056
"../../../Engine/Content/EngineMaterials/Substrate/GLints/dict_16_192_64_0p5_0p02_0058_0010.uasset" 5057
"../../../Engine/Content/EngineMaterials/Substrate/GLints/dict_16_192_64_0p5_0p02_0058_0009.uasset" 5058
"../../../Engine/Content/EngineMaterials/Substrate/GLints/dict_16_192_64_0p5_0p02_0058_0013.uasset" 5059
"../../../Engine/Content/EngineMaterials/Substrate/GLints/dict_16_192_64_0p5_0p02_0058_0008.uasset" 5060
"../../../Engine/Content/EngineMaterials/Substrate/GLints/dict_16_192_64_0p5_0p02_0058_0011.uasset" 5061
"../../../Engine/Content/EngineMaterials/Substrate/GLints/dict_16_192_64_0p5_0p02_0058_0012.uasset" 5062
"../../../Engine/Content/EngineMaterials/Substrate/GLints/dict_16_192_64_0p5_0p02_0059_0013.uasset" 5063
"../../../Engine/Content/EngineMaterials/Substrate/GLints/dict_16_192_64_0p5_0p02_0059_0006.uasset" 5064
"../../../Engine/Content/EngineMaterials/Substrate/GLints/dict_16_192_64_0p5_0p02_0058_0005.uasset" 5065
"../../../Engine/Content/EngineMaterials/Substrate/GLints/dict_16_192_64_0p5_0p02_0059_0005.uasset" 5066
"../../../Engine/Content/EngineMaterials/Substrate/GLints/dict_16_192_64_0p5_0p02_0058_0003.uasset" 5067
"../../../Engine/Content/EngineMaterials/Substrate/GLints/dict_16_192_64_0p5_0p02_0058_0002.uasset" 5068
"../../../Engine/Content/EngineMaterials/Substrate/GLints/dict_16_192_64_0p5_0p02_0058_0004.uasset" 5069
"../../../Engine/Content/EngineMaterials/Substrate/GLints/dict_16_192_64_0p5_0p02_0058_0007.uasset" 5070
"../../../Engine/Content/EngineMaterials/Substrate/GLints/dict_16_192_64_0p5_0p02_0058_0006.uasset" 5071
"../../../Engine/Content/EngineMaterials/Substrate/GLints/dict_16_192_64_0p5_0p02_0059_0008.uasset" 5072
"../../../Engine/Plugins/Animation/DeformerGraph/Shaders/Private/DataInterfaceCustomComputeKernel.ush" 5073
"../../../Engine/Plugins/Animation/DeformerGraph/Shaders/Private/DataInterfaceCloth.ush" 5074
"../../../Engine/Plugins/Animation/DeformerGraph/Shaders/Private/DataInterfaceSkinnedMeshRead.ush" 5075
"../../../Engine/Plugins/Animation/DeformerGraph/Shaders/Private/DataInterfaceSkeleton.ush" 5076
"../../../Engine/Plugins/Animation/DeformerGraph/Shaders/Private/DataInterfaceSkeletonCommon.ush" 5077
"../../../Engine/Plugins/Animation/DeformerGraph/Shaders/Private/DataInterfaceMorphTarget.ush" 5078
"../../../Engine/Plugins/Animation/DeformerGraph/Shaders/Private/DataInterfaceSkinnedMeshWrite.ush" 5079
"../../../Engine/Plugins/Animation/DeformerGraph/Shaders/Private/DataInterfaceRawBuffer.ush" 5080
"../../../Engine/Plugins/Runtime/ComputeFramework/Shaders/Private/BufferAlias.ush" 5081
"../../../Engine/Plugins/Animation/DeformerGraph/Shaders/Private/DataInterfaceSkinnedMesh.ush" 5082
"../../../Engine/Plugins/Animation/DeformerGraph/Shaders/Private/DataInterfaceHalfEdge.ush" 5083
"/Engine/EngineMaterials/Substrate/GLints/dict_16_192_64_0p5_0p02_0058_0002" 5084
"/Engine/EngineMaterials/Substrate/GLints/dict_16_192_64_0p5_0p02_0058_0003" 5085
"/Engine/EngineMaterials/Substrate/GLints/dict_16_192_64_0p5_0p02_0058_0004" 5086
"/Engine/EngineMaterials/Substrate/GLints/dict_16_192_64_0p5_0p02_0058_0005" 5087
"/Engine/EngineMaterials/Substrate/GLints/dict_16_192_64_0p5_0p02_0058_0006" 5088
"/Engine/EngineMaterials/Substrate/GLints/dict_16_192_64_0p5_0p02_0058_0007" 5089
"/Engine/EngineMaterials/Substrate/GLints/dict_16_192_64_0p5_0p02_0058_0008" 5090
"/Engine/EngineMaterials/Substrate/GLints/dict_16_192_64_0p5_0p02_0058_0009" 5091
"/Engine/EngineMaterials/Substrate/GLints/dict_16_192_64_0p5_0p02_0058_0010" 5092
"/Engine/EngineMaterials/Substrate/GLints/dict_16_192_64_0p5_0p02_0058_0011" 5093
"/Engine/EngineMaterials/Substrate/GLints/dict_16_192_64_0p5_0p02_0058_0012" 5094
"/Engine/EngineMaterials/Substrate/GLints/dict_16_192_64_0p5_0p02_0058_0013" 5095
"/Engine/EngineMaterials/Substrate/GLints/dict_16_192_64_0p5_0p02_0058_0014" 5096
"/Engine/EngineMaterials/Substrate/GLints/dict_16_192_64_0p5_0p02_0058_0015" 5097
"/Engine/EngineMaterials/Substrate/GLints/dict_16_192_64_0p5_0p02_0059_0000" 5098
"/Engine/EngineMaterials/Substrate/GLints/dict_16_192_64_0p5_0p02_0059_0001" 5099
"/Engine/EngineMaterials/Substrate/GLints/dict_16_192_64_0p5_0p02_0059_0002" 5100
"/Engine/EngineMaterials/Substrate/GLints/dict_16_192_64_0p5_0p02_0059_0003" 5101
"/Engine/EngineMaterials/Substrate/GLints/dict_16_192_64_0p5_0p02_0059_0004" 5102
"/Engine/EngineMaterials/Substrate/GLints/dict_16_192_64_0p5_0p02_0059_0005" 5103
"/Engine/EngineMaterials/Substrate/GLints/dict_16_192_64_0p5_0p02_0059_0006" 5104
"/Engine/EngineMaterials/Substrate/GLints/dict_16_192_64_0p5_0p02_0059_0007" 5105
"/Engine/EngineMaterials/Substrate/GLints/dict_16_192_64_0p5_0p02_0059_0008" 5106
"/Engine/EngineMaterials/Substrate/GLints/dict_16_192_64_0p5_0p02_0059_0009" 5107
"/Engine/EngineMaterials/Substrate/GLints/dict_16_192_64_0p5_0p02_0059_0010" 5108
"/Engine/EngineMaterials/Substrate/GLints/dict_16_192_64_0p5_0p02_0059_0011" 5109
"/Engine/EngineMaterials/Substrate/GLints/dict_16_192_64_0p5_0p02_0059_0012" 5110
"/Engine/EngineMaterials/Substrate/GLints/dict_16_192_64_0p5_0p02_0059_0013" 5111
"/Engine/EngineMaterials/Substrate/GLints/dict_16_192_64_0p5_0p02_0059_0014" 5112
"/Engine/EngineMaterials/Substrate/GLints/dict_16_192_64_0p5_0p02_0059_0015" 5113
"/Engine/EngineMaterials/Substrate/GLints/dict_16_192_64_0p5_0p02_0060_0000" 5114
"/Engine/EngineMaterials/Substrate/GLints/dict_16_192_64_0p5_0p02_0060_0001" 5115
"../../../Engine/Content/EngineMaterials/Substrate/GLints/dict_16_192_64_0p5_0p02_0057_0007.uasset" 5116
"../../../Engine/Content/EngineMaterials/Substrate/GLints/dict_16_192_64_0p5_0p02_0057_0012.uasset" 5117
"../../../Engine/Content/EngineMaterials/Substrate/GLints/dict_16_192_64_0p5_0p02_0057_0015.uasset" 5118
"../../../Engine/Content/EngineMaterials/Substrate/GLints/dict_16_192_64_0p5_0p02_0057_0009.uasset" 5119
"../../../Engine/Content/EngineMaterials/Substrate/GLints/dict_16_192_64_0p5_0p02_0057_0014.uasset" 5120
"../../../Engine/Content/EngineMaterials/Substrate/GLints/dict_16_192_64_0p5_0p02_0057_0013.uasset" 5121
"../../../Engine/Content/EngineMaterials/Substrate/GLints/dict_16_192_64_0p5_0p02_0057_0006.uasset" 5122
"../../../Engine/Content/EngineMaterials/Substrate/GLints/dict_16_192_64_0p5_0p02_0057_0008.uasset" 5123
"../../../Engine/Content/EngineMaterials/Substrate/GLints/dict_16_192_64_0p5_0p02_0057_0011.uasset" 5124
"../../../Engine/Content/EngineMaterials/Substrate/GLints/dict_16_192_64_0p5_0p02_0058_0000.uasset" 5125
"../../../Engine/Content/EngineMaterials/Substrate/GLints/dict_16_192_64_0p5_0p02_0058_0001.uasset" 5126
"/Engine/EngineMaterials/Substrate/GLints/dict_16_192_64_0p5_0p02_0057_0006" 5127
"/Engine/EngineMaterials/Substrate/GLints/dict_16_192_64_0p5_0p02_0057_0007" 5128
"/Engine/EngineMaterials/Substrate/GLints/dict_16_192_64_0p5_0p02_0057_0008" 5129
"/Engine/EngineMaterials/Substrate/GLints/dict_16_192_64_0p5_0p02_0057_0009" 5130
"/Engine/EngineMaterials/Substrate/GLints/dict_16_192_64_0p5_0p02_0057_0011" 5131
"/Engine/EngineMaterials/Substrate/GLints/dict_16_192_64_0p5_0p02_0057_0012" 5132
"/Engine/EngineMaterials/Substrate/GLints/dict_16_192_64_0p5_0p02_0057_0013" 5133
"/Engine/EngineMaterials/Substrate/GLints/dict_16_192_64_0p5_0p02_0057_0014" 5134
"../../../Engine/Content/EngineMaterials/Substrate/GLints/dict_16_192_64_0p5_0p02_0057_0000.uasset" 5135
"../../../Engine/Content/EngineMaterials/Substrate/GLints/dict_16_192_64_0p5_0p02_0056_0015.uasset" 5136
"../../../Engine/Content/EngineMaterials/Substrate/GLints/dict_16_192_64_0p5_0p02_0057_0010.uasset" 5137
"../../../Engine/Content/EngineMaterials/Substrate/GLints/dict_16_192_64_0p5_0p02_0057_0001.uasset" 5138
"/Engine/EngineMaterials/Substrate/GLints/dict_16_192_64_0p5_0p02_0057_0015" 5139
"../../../Engine/Content/EngineMaterials/Substrate/GLints/dict_16_192_64_0p5_0p02_0057_0003.uasset" 5140
"../../../Engine/Content/EngineMaterials/Substrate/GLints/dict_16_192_64_0p5_0p02_0057_0005.uasset" 5141
"../../../Engine/Content/EngineMaterials/Substrate/GLints/dict_16_192_64_0p5_0p02_0057_0004.uasset" 5142
"../../../Engine/Content/EngineMaterials/Substrate/GLints/dict_16_192_64_0p5_0p02_0057_0002.uasset" 5143
"/Engine/EngineMaterials/Substrate/GLints/dict_16_192_64_0p5_0p02_0058_0000" 5144
"/Engine/EngineMaterials/Substrate/GLints/dict_16_192_64_0p5_0p02_0058_0001" 5145
"/Engine/EngineMaterials/Substrate/GLints/dict_16_192_64_0p5_0p02_0056_0015" 5146
"/Engine/EngineMaterials/Substrate/GLints/dict_16_192_64_0p5_0p02_0057_0000" 5147
"/Engine/EngineMaterials/Substrate/GLints/dict_16_192_64_0p5_0p02_0057_0001" 5148
"/Engine/EngineMaterials/Substrate/GLints/dict_16_192_64_0p5_0p02_0057_0002" 5149
"/Engine/EngineMaterials/Substrate/GLints/dict_16_192_64_0p5_0p02_0057_0003" 5150
"/Engine/EngineMaterials/Substrate/GLints/dict_16_192_64_0p5_0p02_0057_0004" 5151
"/Engine/EngineMaterials/Substrate/GLints/dict_16_192_64_0p5_0p02_0057_0005" 5152
"/Engine/EngineMaterials/Substrate/GLints/dict_16_192_64_0p5_0p02_0057_0010" 5153
"../../../Engine/Content/EngineMaterials/Substrate/GLints/dict_16_192_64_0p5_0p02_0056_0014.uasset" 5154
"../../../Engine/Content/EngineMaterials/Substrate/GLints/dict_16_192_64_0p5_0p02_0056_0012.uasset" 5155
"/Engine/EngineMaterials/Substrate/GLints/dict_16_192_64_0p5_0p02_0056_0012" 5156
"/Engine/EngineMaterials/Substrate/GLints/dict_16_192_64_0p5_0p02_0056_0014" 5157
"../../../Engine/Content/EngineMaterials/Substrate/GLints/dict_16_192_64_0p5_0p02_0056_0013.uasset" 5158
"../../../Engine/Content/EngineMaterials/Substrate/GLints/dict_16_192_64_0p5_0p02_0056_0011.uasset" 5159
"../../../Engine/Content/EngineMaterials/Substrate/GLints/dict_16_192_64_0p5_0p02_0056_0007.uasset" 5160
"../../../Engine/Content/EngineMaterials/Substrate/GLints/dict_16_192_64_0p5_0p02_0056_0005.uasset" 5161
"../../../Engine/Content/EngineMaterials/Substrate/GLints/dict_16_192_64_0p5_0p02_0056_0006.uasset" 5162
"../../../Engine/Content/EngineMaterials/Substrate/GLints/dict_16_192_64_0p5_0p02_0056_0004.uasset" 5163
"../../../Engine/Content/EngineMaterials/Substrate/GLints/dict_16_192_64_0p5_0p02_0056_0008.uasset" 5164
"../../../Engine/Content/EngineMaterials/Substrate/GLints/dict_16_192_64_0p5_0p02_0056_0003.uasset" 5165
"../../../Engine/Content/EngineMaterials/Substrate/GLints/dict_16_192_64_0p5_0p02_0056_0009.uasset" 5166
"../../../Engine/Content/EngineMaterials/Substrate/GLints/dict_16_192_64_0p5_0p02_0056_0010.uasset" 5167
"../../../Engine/Content/EngineMaterials/Substrate/GLints/dict_16_192_64_0p5_0p02_0055_0009.uasset" 5168
"../../../Engine/Content/EngineMaterials/Substrate/GLints/dict_16_192_64_0p5_0p02_0055_0013.uasset" 5169
"../../../Engine/Content/EngineMaterials/Substrate/GLints/dict_16_192_64_0p5_0p02_0055_0011.uasset" 5170
"../../../Engine/Content/EngineMaterials/Substrate/GLints/dict_16_192_64_0p5_0p02_0055_0014.uasset" 5171
"../../../Engine/Content/EngineMaterials/Substrate/GLints/dict_16_192_64_0p5_0p02_0055_0010.uasset" 5172
"../../../Engine/Content/EngineMaterials/Substrate/GLints/dict_16_192_64_0p5_0p02_0055_0015.uasset" 5173
"../../../Engine/Content/EngineMaterials/Substrate/GLints/dict_16_192_64_0p5_0p02_0056_0000.uasset" 5174
"../../../Engine/Content/EngineMaterials/Substrate/GLints/dict_16_192_64_0p5_0p02_0055_0012.uasset" 5175
"../../../Engine/Content/EngineMaterials/Substrate/GLints/dict_16_192_64_0p5_0p02_0055_0008.uasset" 5176
"../../../Engine/Content/EngineMaterials/Substrate/GLints/dict_16_192_64_0p5_0p02_0056_0002.uasset" 5177
"../../../Engine/Content/EngineMaterials/Substrate/GLints/dict_16_192_64_0p5_0p02_0055_0003.uasset" 5178
"../../../Engine/Content/EngineMaterials/Substrate/GLints/dict_16_192_64_0p5_0p02_0055_0006.uasset" 5179
"../../../Engine/Content/EngineMaterials/Substrate/GLints/dict_16_192_64_0p5_0p02_0055_0001.uasset" 5180
"../../../Engine/Content/EngineMaterials/Substrate/GLints/dict_16_192_64_0p5_0p02_0055_0000.uasset" 5181
"../../../Engine/Content/EngineMaterials/Substrate/GLints/dict_16_192_64_0p5_0p02_0055_0004.uasset" 5182
"../../../Engine/Content/EngineMaterials/Substrate/GLints/dict_16_192_64_0p5_0p02_0054_0015.uasset" 5183
"../../../Engine/Content/EngineMaterials/Substrate/GLints/dict_16_192_64_0p5_0p02_0055_0002.uasset" 5184
"../../../Engine/Content/EngineMaterials/Substrate/GLints/dict_16_192_64_0p5_0p02_0055_0007.uasset" 5185
"../../../Engine/Content/EngineMaterials/Substrate/GLints/dict_16_192_64_0p5_0p02_0055_0005.uasset" 5186
"../../../Engine/Content/EngineMaterials/Substrate/GLints/dict_16_192_64_0p5_0p02_0054_0013.uasset" 5187
"../../../Engine/Content/EngineMaterials/Substrate/GLints/dict_16_192_64_0p5_0p02_0056_0001.uasset" 5188
"../../../Engine/Content/EngineMaterials/Substrate/GLints/dict_16_192_64_0p5_0p02_0054_0014.uasset" 5189
"/Engine/EngineMaterials/Substrate/GLints/dict_16_192_64_0p5_0p02_0056_0002" 5190
"/Engine/EngineMaterials/Substrate/GLints/dict_16_192_64_0p5_0p02_0056_0003" 5191
"/Engine/EngineMaterials/Substrate/GLints/dict_16_192_64_0p5_0p02_0056_0004" 5192
"/Engine/EngineMaterials/Substrate/GLints/dict_16_192_64_0p5_0p02_0056_0005" 5193
"/Engine/EngineMaterials/Substrate/GLints/dict_16_192_64_0p5_0p02_0056_0006" 5194
"/Engine/EngineMaterials/Substrate/GLints/dict_16_192_64_0p5_0p02_0056_0007" 5195
"/Engine/EngineMaterials/Substrate/GLints/dict_16_192_64_0p5_0p02_0056_0008" 5196
"/Engine/EngineMaterials/Substrate/GLints/dict_16_192_64_0p5_0p02_0056_0009" 5197
"/Engine/EngineMaterials/Substrate/GLints/dict_16_192_64_0p5_0p02_0056_0010" 5198
"/Engine/EngineMaterials/Substrate/GLints/dict_16_192_64_0p5_0p02_0056_0011" 5199
"/Engine/EngineMaterials/Substrate/GLints/dict_16_192_64_0p5_0p02_0054_0013" 5200
"/Engine/EngineMaterials/Substrate/GLints/dict_16_192_64_0p5_0p02_0056_0013" 5201
"/Engine/EngineMaterials/Substrate/GLints/dict_16_192_64_0p5_0p02_0054_0014" 5202
"/Engine/EngineMaterials/Substrate/GLints/dict_16_192_64_0p5_0p02_0054_0015" 5203
"/Engine/EngineMaterials/Substrate/GLints/dict_16_192_64_0p5_0p02_0055_0000" 5204
"/Engine/EngineMaterials/Substrate/GLints/dict_16_192_64_0p5_0p02_0055_0001" 5205
"/Engine/EngineMaterials/Substrate/GLints/dict_16_192_64_0p5_0p02_0055_0002" 5206
"/Engine/EngineMaterials/Substrate/GLints/dict_16_192_64_0p5_0p02_0055_0003" 5207
"/Engine/EngineMaterials/Substrate/GLints/dict_16_192_64_0p5_0p02_0055_0004" 5208
"/Engine/EngineMaterials/Substrate/GLints/dict_16_192_64_0p5_0p02_0055_0005" 5209
"/Engine/EngineMaterials/Substrate/GLints/dict_16_192_64_0p5_0p02_0055_0007" 5210
"/Engine/EngineMaterials/Substrate/GLints/dict_16_192_64_0p5_0p02_0055_0008" 5211
"/Engine/EngineMaterials/Substrate/GLints/dict_16_192_64_0p5_0p02_0055_0009" 5212
"/Engine/EngineMaterials/Substrate/GLints/dict_16_192_64_0p5_0p02_0055_0010" 5213
"/Engine/EngineMaterials/Substrate/GLints/dict_16_192_64_0p5_0p02_0055_0006" 5214
"/Engine/EngineMaterials/Substrate/GLints/dict_16_192_64_0p5_0p02_0055_0011" 5215
"/Engine/EngineMaterials/Substrate/GLints/dict_16_192_64_0p5_0p02_0055_0012" 5216
"/Engine/EngineMaterials/Substrate/GLints/dict_16_192_64_0p5_0p02_0055_0013" 5217
"/Engine/EngineMaterials/Substrate/GLints/dict_16_192_64_0p5_0p02_0055_0014" 5218
"/Engine/EngineMaterials/Substrate/GLints/dict_16_192_64_0p5_0p02_0055_0015" 5219
"/Engine/EngineMaterials/Substrate/GLints/dict_16_192_64_0p5_0p02_0056_0000" 5220
"/Engine/EngineMaterials/Substrate/GLints/dict_16_192_64_0p5_0p02_0056_0001" 5221
"../../../Engine/Content/EngineMaterials/Substrate/GLints/dict_16_192_64_0p5_0p02_0054_0009.uasset" 5222
"../../../Engine/Content/EngineMaterials/Substrate/GLints/dict_16_192_64_0p5_0p02_0054_0012.uasset" 5223
"../../../Engine/Content/EngineMaterials/Substrate/GLints/dict_16_192_64_0p5_0p02_0054_0011.uasset" 5224
"../../../Engine/Content/EngineMaterials/Substrate/GLints/dict_16_192_64_0p5_0p02_0054_0010.uasset" 5225
"../../../Engine/Content/EngineMaterials/Substrate/GLints/dict_16_192_64_0p5_0p02_0054_0006.uasset" 5226
"../../../Engine/Content/EngineMaterials/Substrate/GLints/dict_16_192_64_0p5_0p02_0054_0007.uasset" 5227
"/Engine/EngineMaterials/Substrate/GLints/dict_16_192_64_0p5_0p02_0054_0010" 5228
"../../../Engine/Content/EngineMaterials/Substrate/GLints/dict_16_192_64_0p5_0p02_0054_0005.uasset" 5229
"/Engine/EngineMaterials/Substrate/GLints/dict_16_192_64_0p5_0p02_0054_0011" 5230
"/Engine/EngineMaterials/Substrate/GLints/dict_16_192_64_0p5_0p02_0054_0012" 5231
"/Engine/EngineMaterials/Substrate/GLints/dict_16_192_64_0p5_0p02_0054_0005" 5232
"/Engine/EngineMaterials/Substrate/GLints/dict_16_192_64_0p5_0p02_0054_0006" 5233
"/Engine/EngineMaterials/Substrate/GLints/dict_16_192_64_0p5_0p02_0054_0007" 5234
"/Engine/EngineMaterials/Substrate/GLints/dict_16_192_64_0p5_0p02_0054_0009" 5235
"../../../Engine/Content/EngineMaterials/Substrate/GLints/dict_16_192_64_0p5_0p02_0054_0001.uasset" 5236
"../../../Engine/Content/EngineMaterials/Substrate/GLints/dict_16_192_64_0p5_0p02_0054_0004.uasset" 5237
"../../../Engine/Content/EngineMaterials/Substrate/GLints/dict_16_192_64_0p5_0p02_0053_0015.uasset" 5238
"../../../Engine/Content/EngineMaterials/Substrate/GLints/dict_16_192_64_0p5_0p02_0053_0012.uasset" 5239
"../../../Engine/Content/EngineMaterials/Substrate/GLints/dict_16_192_64_0p5_0p02_0053_0013.uasset" 5240
"../../../Engine/Content/EngineMaterials/Substrate/GLints/dict_16_192_64_0p5_0p02_0053_0009.uasset" 5241
"../../../Engine/Content/EngineMaterials/Substrate/GLints/dict_16_192_64_0p5_0p02_0053_0010.uasset" 5242
"../../../Engine/Content/EngineMaterials/Substrate/GLints/dict_16_192_64_0p5_0p02_0054_0002.uasset" 5243
"../../../Engine/Content/EngineMaterials/Substrate/GLints/dict_16_192_64_0p5_0p02_0053_0011.uasset" 5244
"../../../Engine/Content/EngineMaterials/Substrate/GLints/dict_16_192_64_0p5_0p02_0054_0008.uasset" 5245
"../../../Engine/Content/EngineMaterials/Substrate/GLints/dict_16_192_64_0p5_0p02_0054_0003.uasset" 5246
"../../../Engine/Content/EngineMaterials/Substrate/GLints/dict_16_192_64_0p5_0p02_0054_0000.uasset" 5247
"../../../Engine/Content/EngineMaterials/Substrate/GLints/dict_16_192_64_0p5_0p02_0053_0014.uasset" 5248
"../../../Engine/Content/EngineMaterials/Substrate/GLints/dict_16_192_64_0p5_0p02_0053_0008.uasset" 5249
"../../../Engine/Content/EngineMaterials/Substrate/GLints/dict_16_192_64_0p5_0p02_0053_0007.uasset" 5250
"../../../Engine/Content/EngineMaterials/Substrate/GLints/dict_16_192_64_0p5_0p02_0053_0006.uasset" 5251
"../../../Engine/Content/EngineMaterials/Substrate/GLints/dict_16_192_64_0p5_0p02_0053_0004.uasset" 5252
"../../../Engine/Content/EngineMaterials/Substrate/GLints/dict_16_192_64_0p5_0p02_0053_0005.uasset" 5253
"../../../Engine/Content/EngineMaterials/Substrate/GLints/dict_16_192_64_0p5_0p02_0053_0000.uasset" 5254
"../../../Engine/Content/EngineMaterials/Substrate/GLints/dict_16_192_64_0p5_0p02_0053_0003.uasset" 5255
"../../../Engine/Content/EngineMaterials/Substrate/GLints/dict_16_192_64_0p5_0p02_0053_0002.uasset" 5256
"../../../Engine/Content/EngineMaterials/Substrate/GLints/dict_16_192_64_0p5_0p02_0052_0015.uasset" 5257
"../../../Engine/Content/EngineMaterials/Substrate/GLints/dict_16_192_64_0p5_0p02_0052_0008.uasset" 5258
"../../../Engine/Content/EngineMaterials/Substrate/GLints/dict_16_192_64_0p5_0p02_0052_0011.uasset" 5259
"../../../Engine/Content/EngineMaterials/Substrate/GLints/dict_16_192_64_0p5_0p02_0052_0009.uasset" 5260
"../../../Engine/Content/EngineMaterials/Substrate/GLints/dict_16_192_64_0p5_0p02_0053_0001.uasset" 5261
"../../../Engine/Content/EngineMaterials/Substrate/GLints/dict_16_192_64_0p5_0p02_0052_0012.uasset" 5262
"../../../Engine/Content/EngineMaterials/Substrate/GLints/dict_16_192_64_0p5_0p02_0052_0010.uasset" 5263
"../../../Engine/Content/EngineMaterials/Substrate/GLints/dict_16_192_64_0p5_0p02_0052_0014.uasset" 5264
"../../../Engine/Content/EngineMaterials/Substrate/GLints/dict_16_192_64_0p5_0p02_0052_0013.uasset" 5265
"../../../Engine/Content/EngineMaterials/Substrate/GLints/dict_16_192_64_0p5_0p02_0052_0007.uasset" 5266
"../../../Engine/Content/EngineMaterials/Substrate/GLints/dict_16_192_64_0p5_0p02_0052_0006.uasset" 5267
"/Engine/EngineMaterials/Substrate/GLints/dict_16_192_64_0p5_0p02_0052_0013" 5268
"/Engine/EngineMaterials/Substrate/GLints/dict_16_192_64_0p5_0p02_0052_0014" 5269
"/Engine/EngineMaterials/Substrate/GLints/dict_16_192_64_0p5_0p02_0052_0015" 5270
"/Engine/EngineMaterials/Substrate/GLints/dict_16_192_64_0p5_0p02_0053_0000" 5271
"/Engine/EngineMaterials/Substrate/GLints/dict_16_192_64_0p5_0p02_0053_0001" 5272
"/Engine/EngineMaterials/Substrate/GLints/dict_16_192_64_0p5_0p02_0053_0002" 5273
"/Engine/EngineMaterials/Substrate/GLints/dict_16_192_64_0p5_0p02_0053_0003" 5274
"/Engine/EngineMaterials/Substrate/GLints/dict_16_192_64_0p5_0p02_0053_0004" 5275
"/Engine/EngineMaterials/Substrate/GLints/dict_16_192_64_0p5_0p02_0053_0005" 5276
"/Engine/EngineMaterials/Substrate/GLints/dict_16_192_64_0p5_0p02_0053_0006" 5277
"/Engine/EngineMaterials/Substrate/GLints/dict_16_192_64_0p5_0p02_0053_0007" 5278
"/Engine/EngineMaterials/Substrate/GLints/dict_16_192_64_0p5_0p02_0053_0008" 5279
"/Engine/EngineMaterials/Substrate/GLints/dict_16_192_64_0p5_0p02_0053_0009" 5280
"/Engine/EngineMaterials/Substrate/GLints/dict_16_192_64_0p5_0p02_0053_0010" 5281
"/Engine/EngineMaterials/Substrate/GLints/dict_16_192_64_0p5_0p02_0053_0011" 5282
"/Engine/EngineMaterials/Substrate/GLints/dict_16_192_64_0p5_0p02_0053_0012" 5283
"/Engine/EngineMaterials/Substrate/GLints/dict_16_192_64_0p5_0p02_0053_0013" 5284
"/Engine/EngineMaterials/Substrate/GLints/dict_16_192_64_0p5_0p02_0053_0014" 5285
"/Engine/EngineMaterials/Substrate/GLints/dict_16_192_64_0p5_0p02_0053_0015" 5286
"/Engine/EngineMaterials/Substrate/GLints/dict_16_192_64_0p5_0p02_0054_0000" 5287
"/Engine/EngineMaterials/Substrate/GLints/dict_16_192_64_0p5_0p02_0054_0001" 5288
"/Engine/EngineMaterials/Substrate/GLints/dict_16_192_64_0p5_0p02_0054_0002" 5289
"/Engine/EngineMaterials/Substrate/GLints/dict_16_192_64_0p5_0p02_0054_0003" 5290
"/Engine/EngineMaterials/Substrate/GLints/dict_16_192_64_0p5_0p02_0054_0004" 5291
"/Engine/EngineMaterials/Substrate/GLints/dict_16_192_64_0p5_0p02_0052_0006" 5292
"/Engine/EngineMaterials/Substrate/GLints/dict_16_192_64_0p5_0p02_0052_0007" 5293
"/Engine/EngineMaterials/Substrate/GLints/dict_16_192_64_0p5_0p02_0052_0008" 5294
"/Engine/EngineMaterials/Substrate/GLints/dict_16_192_64_0p5_0p02_0054_0008" 5295
"/Engine/EngineMaterials/Substrate/GLints/dict_16_192_64_0p5_0p02_0052_0009" 5296
"/Engine/EngineMaterials/Substrate/GLints/dict_16_192_64_0p5_0p02_0052_0010" 5297
"/Engine/EngineMaterials/Substrate/GLints/dict_16_192_64_0p5_0p02_0052_0011" 5298
"/Engine/EngineMaterials/Substrate/GLints/dict_16_192_64_0p5_0p02_0052_0012" 5299
"../../../Engine/Content/EngineMaterials/Substrate/GLints/dict_16_192_64_0p5_0p02_0051_0014.uasset" 5300
"../../../Engine/Content/EngineMaterials/Substrate/GLints/dict_16_192_64_0p5_0p02_0052_0000.uasset" 5301
"../../../Engine/Content/EngineMaterials/Substrate/GLints/dict_16_192_64_0p5_0p02_0052_0002.uasset" 5302
"../../../Engine/Content/EngineMaterials/Substrate/GLints/dict_16_192_64_0p5_0p02_0051_0015.uasset" 5303
"../../../Engine/Content/EngineMaterials/Substrate/GLints/dict_16_192_64_0p5_0p02_0051_0013.uasset" 5304
"../../../Engine/Content/EngineMaterials/Substrate/GLints/dict_16_192_64_0p5_0p02_0052_0003.uasset" 5305
"../../../Engine/Content/EngineMaterials/Substrate/GLints/dict_16_192_64_0p5_0p02_0052_0005.uasset" 5306
"../../../Engine/Content/EngineMaterials/Substrate/GLints/dict_16_192_64_0p5_0p02_0051_0012.uasset" 5307
"../../../Engine/Content/EngineMaterials/Substrate/GLints/dict_16_192_64_0p5_0p02_0052_0001.uasset" 5308
"../../../Engine/Content/EngineMaterials/Substrate/GLints/dict_16_192_64_0p5_0p02_0051_0010.uasset" 5309
"../../../Engine/Content/EngineMaterials/Substrate/GLints/dict_16_192_64_0p5_0p02_0052_0004.uasset" 5310
"../../../Engine/Content/EngineMaterials/Substrate/GLints/dict_16_192_64_0p5_0p02_0051_0008.uasset" 5311
"../../../Engine/Content/EngineMaterials/Substrate/GLints/dict_16_192_64_0p5_0p02_0051_0011.uasset" 5312
"../../../Engine/Content/EngineMaterials/Substrate/GLints/dict_16_192_64_0p5_0p02_0051_0009.uasset" 5313
"../../../Engine/Content/EngineMaterials/Substrate/GLints/dict_16_192_64_0p5_0p02_0051_0006.uasset" 5314
"../../../Engine/Content/EngineMaterials/Substrate/GLints/dict_16_192_64_0p5_0p02_0051_0007.uasset" 5315
"../../../Engine/Content/EngineMaterials/Substrate/GLints/dict_16_192_64_0p5_0p02_0051_0005.uasset" 5316
"../../../Engine/Content/EngineMaterials/Substrate/GLints/dict_16_192_64_0p5_0p02_0051_0003.uasset" 5317
"../../../Engine/Content/EngineMaterials/Substrate/GLints/dict_16_192_64_0p5_0p02_0051_0004.uasset" 5318
"../../../Engine/Content/EngineMaterials/Substrate/GLints/dict_16_192_64_0p5_0p02_0050_0015.uasset" 5319
"../../../Engine/Content/EngineMaterials/Substrate/GLints/dict_16_192_64_0p5_0p02_0050_0013.uasset" 5320
"../../../Engine/Content/EngineMaterials/Substrate/GLints/dict_16_192_64_0p5_0p02_0050_0009.uasset" 5321
"../../../Engine/Content/EngineMaterials/Substrate/GLints/dict_16_192_64_0p5_0p02_0050_0012.uasset" 5322
"../../../Engine/Content/EngineMaterials/Substrate/GLints/dict_16_192_64_0p5_0p02_0050_0011.uasset" 5323
"../../../Engine/Content/EngineMaterials/Substrate/GLints/dict_16_192_64_0p5_0p02_0051_0000.uasset" 5324
"../../../Engine/Content/EngineMaterials/Substrate/GLints/dict_16_192_64_0p5_0p02_0050_0008.uasset" 5325
"../../../Engine/Content/EngineMaterials/Substrate/GLints/dict_16_192_64_0p5_0p02_0051_0002.uasset" 5326
"../../../Engine/Content/EngineMaterials/Substrate/GLints/dict_16_192_64_0p5_0p02_0050_0006.uasset" 5327
"../../../Engine/Content/EngineMaterials/Substrate/GLints/dict_16_192_64_0p5_0p02_0051_0001.uasset" 5328
"../../../Engine/Content/EngineMaterials/Substrate/GLints/dict_16_192_64_0p5_0p02_0050_0007.uasset" 5329
"../../../Engine/Content/EngineMaterials/Substrate/GLints/dict_16_192_64_0p5_0p02_0050_0014.uasset" 5330
"/Engine/EngineMaterials/Substrate/GLints/dict_16_192_64_0p5_0p02_0050_0006" 5331
"../../../Engine/Content/EngineMaterials/Substrate/GLints/dict_16_192_64_0p5_0p02_0050_0010.uasset" 5332
"/Engine/EngineMaterials/Substrate/GLints/dict_16_192_64_0p5_0p02_0050_0007" 5333
"/Engine/EngineMaterials/Substrate/GLints/dict_16_192_64_0p5_0p02_0050_0008" 5334
"/Engine/EngineMaterials/Substrate/GLints/dict_16_192_64_0p5_0p02_0050_0009" 5335
"/Engine/EngineMaterials/Substrate/GLints/dict_16_192_64_0p5_0p02_0050_0011" 5336
"/Engine/EngineMaterials/Substrate/GLints/dict_16_192_64_0p5_0p02_0050_0012" 5337
"/Engine/EngineMaterials/Substrate/GLints/dict_16_192_64_0p5_0p02_0050_0013" 5338
"/Engine/EngineMaterials/Substrate/GLints/dict_16_192_64_0p5_0p02_0050_0014" 5339
"/Engine/EngineMaterials/Substrate/GLints/dict_16_192_64_0p5_0p02_0050_0015" 5340
"/Engine/EngineMaterials/Substrate/GLints/dict_16_192_64_0p5_0p02_0051_0000" 5341
"/Engine/EngineMaterials/Substrate/GLints/dict_16_192_64_0p5_0p02_0051_0001" 5342
"/Engine/EngineMaterials/Substrate/GLints/dict_16_192_64_0p5_0p02_0051_0002" 5343
"/Engine/EngineMaterials/Substrate/GLints/dict_16_192_64_0p5_0p02_0051_0003" 5344
"/Engine/EngineMaterials/Substrate/GLints/dict_16_192_64_0p5_0p02_0051_0004" 5345
"/Engine/EngineMaterials/Substrate/GLints/dict_16_192_64_0p5_0p02_0051_0005" 5346
"/Engine/EngineMaterials/Substrate/GLints/dict_16_192_64_0p5_0p02_0051_0006" 5347
"/Engine/EngineMaterials/Substrate/GLints/dict_16_192_64_0p5_0p02_0051_0007" 5348
"/Engine/EngineMaterials/Substrate/GLints/dict_16_192_64_0p5_0p02_0051_0008" 5349
"/Engine/EngineMaterials/Substrate/GLints/dict_16_192_64_0p5_0p02_0051_0009" 5350
"/Engine/EngineMaterials/Substrate/GLints/dict_16_192_64_0p5_0p02_0051_0010" 5351
"/Engine/EngineMaterials/Substrate/GLints/dict_16_192_64_0p5_0p02_0051_0011" 5352
"/Engine/EngineMaterials/Substrate/GLints/dict_16_192_64_0p5_0p02_0051_0012" 5353
"/Engine/EngineMaterials/Substrate/GLints/dict_16_192_64_0p5_0p02_0051_0013" 5354
"/Engine/EngineMaterials/Substrate/GLints/dict_16_192_64_0p5_0p02_0051_0014" 5355
"/Engine/EngineMaterials/Substrate/GLints/dict_16_192_64_0p5_0p02_0051_0015" 5356
"/Engine/EngineMaterials/Substrate/GLints/dict_16_192_64_0p5_0p02_0052_0000" 5357
"/Engine/EngineMaterials/Substrate/GLints/dict_16_192_64_0p5_0p02_0052_0001" 5358
"/Engine/EngineMaterials/Substrate/GLints/dict_16_192_64_0p5_0p02_0052_0002" 5359
"/Engine/EngineMaterials/Substrate/GLints/dict_16_192_64_0p5_0p02_0052_0003" 5360
"/Engine/EngineMaterials/Substrate/GLints/dict_16_192_64_0p5_0p02_0052_0004" 5361
"/Engine/EngineMaterials/Substrate/GLints/dict_16_192_64_0p5_0p02_0052_0005" 5362
"/Engine/EngineMaterials/Substrate/GLints/dict_16_192_64_0p5_0p02_0050_0010" 5363
"../../../Engine/Content/EngineMaterials/Substrate/GLints/dict_16_192_64_0p5_0p02_0050_0004.uasset" 5364
"../../../Engine/Content/EngineMaterials/Substrate/GLints/dict_16_192_64_0p5_0p02_0050_0002.uasset" 5365
"../../../Engine/Content/EngineMaterials/Substrate/GLints/dict_16_192_64_0p5_0p02_0050_0003.uasset" 5366
"../../../Engine/Content/EngineMaterials/Substrate/GLints/dict_16_192_64_0p5_0p02_0050_0001.uasset" 5367
"../../../Engine/Content/EngineMaterials/Substrate/GLints/dict_16_192_64_0p5_0p02_0050_0005.uasset" 5368
"../../../Engine/Content/EngineMaterials/Substrate/GLints/dict_16_192_64_0p5_0p02_0049_0013.uasset" 5369
"../../../Engine/Content/EngineMaterials/Substrate/GLints/dict_16_192_64_0p5_0p02_0050_0000.uasset" 5370
"../../../Engine/Content/EngineMaterials/Substrate/GLints/dict_16_192_64_0p5_0p02_0049_0012.uasset" 5371
"../../../Engine/Content/EngineMaterials/Substrate/GLints/dict_16_192_64_0p5_0p02_0049_0014.uasset" 5372
"../../../Engine/Content/EngineMaterials/Substrate/GLints/dict_16_192_64_0p5_0p02_0049_0015.uasset" 5373
"../../../Engine/Content/EngineMaterials/Substrate/GLints/dict_16_192_64_0p5_0p02_0049_0011.uasset" 5374
"/Engine/EngineMaterials/Substrate/GLints/dict_16_192_64_0p5_0p02_0049_0011" 5375
"../../../Engine/Content/EngineMaterials/Substrate/GLints/dict_16_192_64_0p5_0p02_0049_0010.uasset" 5376
"/Engine/EngineMaterials/Substrate/GLints/dict_16_192_64_0p5_0p02_0049_0012" 5377
"/Engine/EngineMaterials/Substrate/GLints/dict_16_192_64_0p5_0p02_0049_0013" 5378
"../../../Engine/Content/EngineMaterials/Substrate/GLints/dict_16_192_64_0p5_0p02_0049_0009.uasset" 5379
"/Engine/EngineMaterials/Substrate/GLints/dict_16_192_64_0p5_0p02_0049_0014" 5380
"/Engine/EngineMaterials/Substrate/GLints/dict_16_192_64_0p5_0p02_0049_0015" 5381
"/Engine/EngineMaterials/Substrate/GLints/dict_16_192_64_0p5_0p02_0050_0000" 5382
"../../../Engine/Content/EngineMaterials/Substrate/GLints/dict_16_192_64_0p5_0p02_0049_0006.uasset" 5383
"/Engine/EngineMaterials/Substrate/GLints/dict_16_192_64_0p5_0p02_0050_0001" 5384
"../../../Engine/Content/EngineMaterials/Substrate/GLints/dict_16_192_64_0p5_0p02_0049_0007.uasset" 5385
"../../../Engine/Content/EngineMaterials/Substrate/GLints/dict_16_192_64_0p5_0p02_0049_0008.uasset" 5386
"/Engine/EngineMaterials/Substrate/GLints/dict_16_192_64_0p5_0p02_0050_0002" 5387
"../../../Engine/Content/EngineMaterials/Substrate/GLints/dict_16_192_64_0p5_0p02_0049_0004.uasset" 5388
"/Engine/EngineMaterials/Substrate/GLints/dict_16_192_64_0p5_0p02_0050_0003" 5389
"/Engine/EngineMaterials/Substrate/GLints/dict_16_192_64_0p5_0p02_0050_0004" 5390
"../../../Engine/Content/EngineMaterials/Substrate/GLints/dict_16_192_64_0p5_0p02_0049_0003.uasset" 5391
"/Engine/EngineMaterials/Substrate/GLints/dict_16_192_64_0p5_0p02_0050_0005" 5392
"/Engine/EngineMaterials/Substrate/GLints/dict_16_192_64_0p5_0p02_0049_0003" 5393
"/Engine/EngineMaterials/Substrate/GLints/dict_16_192_64_0p5_0p02_0049_0004" 5394
"/Engine/EngineMaterials/Substrate/GLints/dict_16_192_64_0p5_0p02_0049_0006" 5395
"/Engine/EngineMaterials/Substrate/GLints/dict_16_192_64_0p5_0p02_0049_0007" 5396
"/Engine/EngineMaterials/Substrate/GLints/dict_16_192_64_0p5_0p02_0049_0008" 5397
"../../../Engine/Content/EngineMaterials/Substrate/GLints/dict_16_192_64_0p5_0p02_0049_0002.uasset" 5398
"/Engine/EngineMaterials/Substrate/GLints/dict_16_192_64_0p5_0p02_0049_0009" 5399
"/Engine/EngineMaterials/Substrate/GLints/dict_16_192_64_0p5_0p02_0049_0010" 5400
"../../../Engine/Content/EngineMaterials/Substrate/GLints/dict_16_192_64_0p5_0p02_0049_0005.uasset" 5401
"/Engine/EngineMaterials/Substrate/GLints/dict_16_192_64_0p5_0p02_0049_0002" 5402
"/Engine/EngineMaterials/Substrate/GLints/dict_16_192_64_0p5_0p02_0049_0005" 5403
"../../../Engine/Content/EngineMaterials/Substrate/GLints/dict_16_192_64_0p5_0p02_0048_0015.uasset" 5404
"/Engine/EngineMaterials/Substrate/GLints/dict_16_192_64_0p5_0p02_0048_0015" 5405
"../../../Engine/Content/EngineMaterials/Substrate/GLints/dict_16_192_64_0p5_0p02_0048_0013.uasset" 5406
"../../../Engine/Content/EngineMaterials/Substrate/GLints/dict_16_192_64_0p5_0p02_0048_0014.uasset" 5407
"../../../Engine/Content/EngineMaterials/Substrate/GLints/dict_16_192_64_0p5_0p02_0048_0012.uasset" 5408
"../../../Engine/Content/EngineMaterials/Substrate/GLints/dict_16_192_64_0p5_0p02_0048_0011.uasset" 5409
"../../../Engine/Content/EngineMaterials/Substrate/GLints/dict_16_192_64_0p5_0p02_0049_0000.uasset" 5410
"../../../Engine/Content/EngineMaterials/Substrate/GLints/dict_16_192_64_0p5_0p02_0048_0010.uasset" 5411
"../../../Engine/Content/EngineMaterials/Substrate/GLints/dict_16_192_64_0p5_0p02_0048_0008.uasset" 5412
"../../../Engine/Content/EngineMaterials/Substrate/GLints/dict_16_192_64_0p5_0p02_0049_0001.uasset" 5413
"../../../Engine/Content/EngineMaterials/Substrate/GLints/dict_16_192_64_0p5_0p02_0048_0009.uasset" 5414
"../../../Engine/Content/EngineMaterials/Substrate/GLints/dict_16_192_64_0p5_0p02_0048_0006.uasset" 5415
"/Engine/EngineMaterials/Substrate/GLints/dict_16_192_64_0p5_0p02_0048_0008" 5416
"../../../Engine/Content/EngineMaterials/Substrate/GLints/dict_16_192_64_0p5_0p02_0048_0007.uasset" 5417
"../../../Engine/Content/EngineMaterials/Substrate/GLints/dict_16_192_64_0p5_0p02_0048_0001.uasset" 5418
"/Engine/EngineMaterials/Substrate/GLints/dict_16_192_64_0p5_0p02_0048_0009" 5419
"../../../Engine/Content/EngineMaterials/Substrate/GLints/dict_16_192_64_0p5_0p02_0048_0002.uasset" 5420
"../../../Engine/Content/EngineMaterials/Substrate/GLints/dict_16_192_64_0p5_0p02_0048_0004.uasset" 5421
"../../../Engine/Content/EngineMaterials/Substrate/GLints/dict_16_192_64_0p5_0p02_0048_0005.uasset" 5422
"/Engine/EngineMaterials/Substrate/GLints/dict_16_192_64_0p5_0p02_0048_0010" 5423
"../../../Engine/Content/EngineMaterials/Substrate/GLints/dict_16_192_64_0p5_0p02_0047_0015.uasset" 5424
"../../../Engine/Content/EngineMaterials/Substrate/GLints/dict_16_192_64_0p5_0p02_0048_0000.uasset" 5425
"/Engine/EngineMaterials/Substrate/GLints/dict_16_192_64_0p5_0p02_0048_0011" 5426
"/Engine/EngineMaterials/Substrate/GLints/dict_16_192_64_0p5_0p02_0048_0012" 5427
"/Engine/EngineMaterials/Substrate/GLints/dict_16_192_64_0p5_0p02_0048_0013" 5428
"/Engine/EngineMaterials/Substrate/GLints/dict_16_192_64_0p5_0p02_0048_0014" 5429
"/Engine/EngineMaterials/Substrate/GLints/dict_16_192_64_0p5_0p02_0049_0000" 5430
"/Engine/EngineMaterials/Substrate/GLints/dict_16_192_64_0p5_0p02_0049_0001" 5431
"/Engine/EngineMaterials/Substrate/GLints/dict_16_192_64_0p5_0p02_0048_0007" 5432
"../../../Engine/Content/EngineMaterials/Substrate/GLints/dict_16_192_64_0p5_0p02_0047_0013.uasset" 5433
"../../../Engine/Content/EngineMaterials/Substrate/GLints/dict_16_192_64_0p5_0p02_0048_0003.uasset" 5434
"../../../Engine/Content/EngineMaterials/Substrate/GLints/dict_16_192_64_0p5_0p02_0047_0014.uasset" 5435
"/Engine/EngineMaterials/Substrate/GLints/dict_16_192_64_0p5_0p02_0048_0006" 5436
"/Engine/EngineMaterials/Substrate/GLints/dict_16_192_64_0p5_0p02_0047_0015" 5437
"../../../Engine/Content/EngineMaterials/Substrate/GLints/dict_16_192_64_0p5_0p02_0047_0012.uasset" 5438
"/Engine/EngineMaterials/Substrate/GLints/dict_16_192_64_0p5_0p02_0048_0000" 5439
"../../../Engine/Content/EngineMaterials/Substrate/GLints/dict_16_192_64_0p5_0p02_0047_0011.uasset" 5440
"../../../Engine/Content/EngineMaterials/Substrate/GLints/dict_16_192_64_0p5_0p02_0047_0009.uasset" 5441
"../../../Engine/Content/EngineMaterials/Substrate/GLints/dict_16_192_64_0p5_0p02_0047_0005.uasset" 5442
"/Engine/EngineMaterials/Substrate/GLints/dict_16_192_64_0p5_0p02_0048_0001" 5443
"../../../Engine/Content/EngineMaterials/Substrate/GLints/dict_16_192_64_0p5_0p02_0047_0006.uasset" 5444
"../../../Engine/Content/EngineMaterials/Substrate/GLints/dict_16_192_64_0p5_0p02_0047_0007.uasset" 5445
"/Engine/EngineMaterials/Substrate/GLints/dict_16_192_64_0p5_0p02_0048_0002" 5446
"../../../Engine/Content/EngineMaterials/Substrate/GLints/dict_16_192_64_0p5_0p02_0047_0008.uasset" 5447
"/Engine/EngineMaterials/Substrate/GLints/dict_16_192_64_0p5_0p02_0048_0004" 5448
"/Engine/EngineMaterials/Substrate/GLints/dict_16_192_64_0p5_0p02_0048_0005" 5449
"/Engine/EngineMaterials/Substrate/GLints/dict_16_192_64_0p5_0p02_0047_0005" 5450
"/Engine/EngineMaterials/Substrate/GLints/dict_16_192_64_0p5_0p02_0047_0006" 5451
"/Engine/EngineMaterials/Substrate/GLints/dict_16_192_64_0p5_0p02_0047_0007" 5452
"../../../Engine/Content/EngineMaterials/Substrate/GLints/dict_16_192_64_0p5_0p02_0047_0010.uasset" 5453
"/Engine/EngineMaterials/Substrate/GLints/dict_16_192_64_0p5_0p02_0047_0008" 5454
"/Engine/EngineMaterials/Substrate/GLints/dict_16_192_64_0p5_0p02_0047_0009" 5455
"/Engine/EngineMaterials/Substrate/GLints/dict_16_192_64_0p5_0p02_0047_0011" 5456
"/Engine/EngineMaterials/Substrate/GLints/dict_16_192_64_0p5_0p02_0047_0012" 5457
"/Engine/EngineMaterials/Substrate/GLints/dict_16_192_64_0p5_0p02_0047_0013" 5458
"/Engine/EngineMaterials/Substrate/GLints/dict_16_192_64_0p5_0p02_0047_0014" 5459
"../../../Engine/Content/EngineMaterials/Substrate/GLints/dict_16_192_64_0p5_0p02_0047_0002.uasset" 5460
"../../../Engine/Content/EngineMaterials/Substrate/GLints/dict_16_192_64_0p5_0p02_0047_0003.uasset" 5461
"../../../Engine/Content/EngineMaterials/Substrate/GLints/dict_16_192_64_0p5_0p02_0047_0000.uasset" 5462
"../../../Engine/Content/EngineMaterials/Substrate/GLints/dict_16_192_64_0p5_0p02_0047_0004.uasset" 5463
"../../../Engine/Content/EngineMaterials/Substrate/GLints/dict_16_192_64_0p5_0p02_0047_0001.uasset" 5464
"/Engine/EngineMaterials/Substrate/GLints/dict_16_192_64_0p5_0p02_0048_0003" 5465
"../../../Engine/Content/EngineMaterials/Substrate/GLints/dict_16_192_64_0p5_0p02_0046_0015.uasset" 5466
"/Engine/EngineMaterials/Substrate/GLints/dict_16_192_64_0p5_0p02_0047_0001" 5467
"/Engine/EngineMaterials/Substrate/GLints/dict_16_192_64_0p5_0p02_0046_0015" 5468
"/Engine/EngineMaterials/Substrate/GLints/dict_16_192_64_0p5_0p02_0047_0000" 5469
"/Engine/EngineMaterials/Substrate/GLints/dict_16_192_64_0p5_0p02_0047_0003" 5470
"/Engine/EngineMaterials/Substrate/GLints/dict_16_192_64_0p5_0p02_0047_0004" 5471
"../../../Engine/Content/EngineMaterials/Substrate/GLints/dict_16_192_64_0p5_0p02_0046_0014.uasset" 5472
"/Engine/EngineMaterials/Substrate/GLints/dict_16_192_64_0p5_0p02_0047_0002" 5473
"../../../Engine/Content/EngineMaterials/Substrate/GLints/dict_16_192_64_0p5_0p02_0046_0010.uasset" 5474
"/Engine/EngineMaterials/Substrate/GLints/dict_16_192_64_0p5_0p02_0047_0010" 5475
"../../../Engine/Content/EngineMaterials/Substrate/GLints/dict_16_192_64_0p5_0p02_0046_0013.uasset" 5476
"../../../Engine/Content/EngineMaterials/Substrate/GLints/dict_16_192_64_0p5_0p02_0046_0012.uasset" 5477
"../../../Engine/Content/EngineMaterials/Substrate/GLints/dict_16_192_64_0p5_0p02_0046_0011.uasset" 5478
"/Engine/EngineMaterials/Substrate/GLints/dict_16_192_64_0p5_0p02_0046_0010" 5479
"/Engine/EngineMaterials/Substrate/GLints/dict_16_192_64_0p5_0p02_0046_0011" 5480
"/Engine/EngineMaterials/Substrate/GLints/dict_16_192_64_0p5_0p02_0046_0012" 5481
"/Engine/EngineMaterials/Substrate/GLints/dict_16_192_64_0p5_0p02_0046_0013" 5482
"/Engine/EngineMaterials/Substrate/GLints/dict_16_192_64_0p5_0p02_0046_0014" 5483
"../../../Engine/Content/EngineMaterials/Substrate/GLints/dict_16_192_64_0p5_0p02_0046_0008.uasset" 5484
"../../../Engine/Content/EngineMaterials/Substrate/GLints/dict_16_192_64_0p5_0p02_0046_0009.uasset" 5485
"../../../Engine/Content/EngineMaterials/Substrate/GLints/dict_16_192_64_0p5_0p02_0046_0004.uasset" 5486
"../../../Engine/Content/EngineMaterials/Substrate/GLints/dict_16_192_64_0p5_0p02_0046_0003.uasset" 5487
"../../../Engine/Content/EngineMaterials/Substrate/GLints/dict_16_192_64_0p5_0p02_0046_0005.uasset" 5488
"../../../Engine/Content/EngineMaterials/Substrate/GLints/dict_16_192_64_0p5_0p02_0046_0002.uasset" 5489
"../../../Engine/Content/EngineMaterials/Substrate/GLints/dict_16_192_64_0p5_0p02_0046_0000.uasset" 5490
"../../../Engine/Content/EngineMaterials/Substrate/GLints/dict_16_192_64_0p5_0p02_0045_0015.uasset" 5491
"../../../Engine/Content/EngineMaterials/Substrate/GLints/dict_16_192_64_0p5_0p02_0045_0013.uasset" 5492
"../../../Engine/Content/EngineMaterials/Substrate/GLints/dict_16_192_64_0p5_0p02_0046_0006.uasset" 5493
"../../../Engine/Content/EngineMaterials/Substrate/GLints/dict_16_192_64_0p5_0p02_0046_0007.uasset" 5494
"../../../Engine/Content/EngineMaterials/Substrate/GLints/dict_16_192_64_0p5_0p02_0045_0014.uasset" 5495
"../../../Engine/Content/EngineMaterials/Substrate/GLints/dict_16_192_64_0p5_0p02_0046_0001.uasset" 5496
"../../../Engine/Content/EngineMaterials/Substrate/GLints/dict_16_192_64_0p5_0p02_0045_0010.uasset" 5497
"../../../Engine/Content/EngineMaterials/Substrate/GLints/dict_16_192_64_0p5_0p02_0045_0011.uasset" 5498
"../../../Engine/Content/EngineMaterials/Substrate/GLints/dict_16_192_64_0p5_0p02_0045_0012.uasset" 5499
"../../../Engine/Content/EngineMaterials/Substrate/GLints/dict_16_192_64_0p5_0p02_0045_0008.uasset" 5500
"../../../Engine/Content/EngineMaterials/Substrate/GLints/dict_16_192_64_0p5_0p02_0045_0009.uasset" 5501
"../../../Engine/Content/EngineMaterials/Substrate/GLints/dict_16_192_64_0p5_0p02_0045_0007.uasset" 5502
"../../../Engine/Content/EngineMaterials/Substrate/GLints/dict_16_192_64_0p5_0p02_0045_0006.uasset" 5503
"../../../Engine/Content/EngineMaterials/Substrate/GLints/dict_16_192_64_0p5_0p02_0045_0004.uasset" 5504
"../../../Engine/Content/EngineMaterials/Substrate/GLints/dict_16_192_64_0p5_0p02_0045_0005.uasset" 5505
"../../../Engine/Content/EngineMaterials/Substrate/GLints/dict_16_192_64_0p5_0p02_0045_0001.uasset" 5506
"../../../Engine/Content/EngineMaterials/Substrate/GLints/dict_16_192_64_0p5_0p02_0045_0000.uasset" 5507
"../../../Engine/Content/EngineMaterials/Substrate/GLints/dict_16_192_64_0p5_0p02_0045_0002.uasset" 5508
"../../../Engine/Content/EngineMaterials/Substrate/GLints/dict_16_192_64_0p5_0p02_0045_0003.uasset" 5509
"../../../Engine/Content/EngineMaterials/Substrate/GLints/dict_16_192_64_0p5_0p02_0044_0015.uasset" 5510
"../../../Engine/Content/EngineMaterials/Substrate/GLints/dict_16_192_64_0p5_0p02_0044_0014.uasset" 5511
"../../../Engine/Content/EngineMaterials/Substrate/GLints/dict_16_192_64_0p5_0p02_0044_0013.uasset" 5512
"../../../Engine/Content/EngineMaterials/Substrate/GLints/dict_16_192_64_0p5_0p02_0044_0012.uasset" 5513
"../../../Engine/Content/EngineMaterials/Substrate/GLints/dict_16_192_64_0p5_0p02_0044_0011.uasset" 5514
"../../../Engine/Content/EngineMaterials/Substrate/GLints/dict_16_192_64_0p5_0p02_0044_0010.uasset" 5515
"/Engine/EngineMaterials/Substrate/GLints/dict_16_192_64_0p5_0p02_0046_0000" 5516
"/Engine/EngineMaterials/Substrate/GLints/dict_16_192_64_0p5_0p02_0046_0008" 5517
"/Engine/EngineMaterials/Substrate/GLints/dict_16_192_64_0p5_0p02_0046_0009" 5518
"/Engine/EngineMaterials/Substrate/GLints/dict_16_192_64_0p5_0p02_0044_0010" 5519
"/Engine/EngineMaterials/Substrate/GLints/dict_16_192_64_0p5_0p02_0046_0001" 5520
"/Engine/EngineMaterials/Substrate/GLints/dict_16_192_64_0p5_0p02_0044_0011" 5521
"/Engine/EngineMaterials/Substrate/GLints/dict_16_192_64_0p5_0p02_0044_0012" 5522
"/Engine/EngineMaterials/Substrate/GLints/dict_16_192_64_0p5_0p02_0044_0013" 5523
"/Engine/EngineMaterials/Substrate/GLints/dict_16_192_64_0p5_0p02_0044_0014" 5524
"/Engine/EngineMaterials/Substrate/GLints/dict_16_192_64_0p5_0p02_0044_0015" 5525
"/Engine/EngineMaterials/Substrate/GLints/dict_16_192_64_0p5_0p02_0045_0000" 5526
"/Engine/EngineMaterials/Substrate/GLints/dict_16_192_64_0p5_0p02_0045_0001" 5527
"/Engine/EngineMaterials/Substrate/GLints/dict_16_192_64_0p5_0p02_0045_0002" 5528
"/Engine/EngineMaterials/Substrate/GLints/dict_16_192_64_0p5_0p02_0045_0003" 5529
"/Engine/EngineMaterials/Substrate/GLints/dict_16_192_64_0p5_0p02_0045_0006" 5530
"/Engine/EngineMaterials/Substrate/GLints/dict_16_192_64_0p5_0p02_0045_0004" 5531
"/Engine/EngineMaterials/Substrate/GLints/dict_16_192_64_0p5_0p02_0045_0007" 5532
"/Engine/EngineMaterials/Substrate/GLints/dict_16_192_64_0p5_0p02_0045_0008" 5533
"/Engine/EngineMaterials/Substrate/GLints/dict_16_192_64_0p5_0p02_0045_0009" 5534
"/Engine/EngineMaterials/Substrate/GLints/dict_16_192_64_0p5_0p02_0045_0010" 5535
"/Engine/EngineMaterials/Substrate/GLints/dict_16_192_64_0p5_0p02_0045_0005" 5536
"/Engine/EngineMaterials/Substrate/GLints/dict_16_192_64_0p5_0p02_0045_0011" 5537
"/Engine/EngineMaterials/Substrate/GLints/dict_16_192_64_0p5_0p02_0045_0012" 5538
"/Engine/EngineMaterials/Substrate/GLints/dict_16_192_64_0p5_0p02_0045_0013" 5539
"/Engine/EngineMaterials/Substrate/GLints/dict_16_192_64_0p5_0p02_0045_0014" 5540
"/Engine/EngineMaterials/Substrate/GLints/dict_16_192_64_0p5_0p02_0046_0002" 5541
"/Engine/EngineMaterials/Substrate/GLints/dict_16_192_64_0p5_0p02_0046_0003" 5542
"/Engine/EngineMaterials/Substrate/GLints/dict_16_192_64_0p5_0p02_0046_0004" 5543
"/Engine/EngineMaterials/Substrate/GLints/dict_16_192_64_0p5_0p02_0046_0005" 5544
"/Engine/EngineMaterials/Substrate/GLints/dict_16_192_64_0p5_0p02_0045_0015" 5545
"/Engine/EngineMaterials/Substrate/GLints/dict_16_192_64_0p5_0p02_0046_0006" 5546
"/Engine/EngineMaterials/Substrate/GLints/dict_16_192_64_0p5_0p02_0046_0007" 5547
"../../../Engine/Content/EngineMaterials/Substrate/GLints/dict_16_192_64_0p5_0p02_0044_0004.uasset" 5548
"../../../Engine/Content/EngineMaterials/Substrate/GLints/dict_16_192_64_0p5_0p02_0044_0003.uasset" 5549
"../../../Engine/Content/EngineMaterials/Substrate/GLints/dict_16_192_64_0p5_0p02_0044_0000.uasset" 5550
"../../../Engine/Content/EngineMaterials/Substrate/GLints/dict_16_192_64_0p5_0p02_0044_0006.uasset" 5551
"../../../Engine/Content/EngineMaterials/Substrate/GLints/dict_16_192_64_0p5_0p02_0044_0002.uasset" 5552
"../../../Engine/Content/EngineMaterials/Substrate/GLints/dict_16_192_64_0p5_0p02_0044_0005.uasset" 5553
"../../../Engine/Content/EngineMaterials/Substrate/GLints/dict_16_192_64_0p5_0p02_0044_0007.uasset" 5554
"../../../Engine/Content/EngineMaterials/Substrate/GLints/dict_16_192_64_0p5_0p02_0043_0015.uasset" 5555
"../../../Engine/Content/EngineMaterials/Substrate/GLints/dict_16_192_64_0p5_0p02_0044_0008.uasset" 5556
"../../../Engine/Content/EngineMaterials/Substrate/GLints/dict_16_192_64_0p5_0p02_0044_0009.uasset" 5557
"../../../Engine/Content/EngineMaterials/Substrate/GLints/dict_16_192_64_0p5_0p02_0044_0001.uasset" 5558
"../../../Engine/Content/EngineMaterials/Substrate/GLints/dict_16_192_64_0p5_0p02_0043_0014.uasset" 5559
"../../../Engine/Content/EngineMaterials/Substrate/GLints/dict_16_192_64_0p5_0p02_0043_0008.uasset" 5560
"../../../Engine/Content/EngineMaterials/Substrate/GLints/dict_16_192_64_0p5_0p02_0043_0011.uasset" 5561
"../../../Engine/Content/EngineMaterials/Substrate/GLints/dict_16_192_64_0p5_0p02_0043_0013.uasset" 5562
"../../../Engine/Content/EngineMaterials/Substrate/GLints/dict_16_192_64_0p5_0p02_0043_0005.uasset" 5563
"../../../Engine/Content/EngineMaterials/Substrate/GLints/dict_16_192_64_0p5_0p02_0043_0012.uasset" 5564
"../../../Engine/Content/EngineMaterials/Substrate/GLints/dict_16_192_64_0p5_0p02_0043_0009.uasset" 5565
"../../../Engine/Content/EngineMaterials/Substrate/GLints/dict_16_192_64_0p5_0p02_0043_0007.uasset" 5566
"../../../Engine/Content/EngineMaterials/Substrate/GLints/dict_16_192_64_0p5_0p02_0043_0010.uasset" 5567
"../../../Engine/Content/EngineMaterials/Substrate/GLints/dict_16_192_64_0p5_0p02_0043_0004.uasset" 5568
"../../../Engine/Content/EngineMaterials/Substrate/GLints/dict_16_192_64_0p5_0p02_0043_0006.uasset" 5569
"../../../Engine/Content/EngineMaterials/Substrate/GLints/dict_16_192_64_0p5_0p02_0043_0002.uasset" 5570
"../../../Engine/Content/EngineMaterials/Substrate/GLints/dict_16_192_64_0p5_0p02_0043_0003.uasset" 5571
"../../../Engine/Content/EngineMaterials/Substrate/GLints/dict_16_192_64_0p5_0p02_0042_0015.uasset" 5572
"../../../Engine/Content/EngineMaterials/Substrate/GLints/dict_16_192_64_0p5_0p02_0043_0001.uasset" 5573
"../../../Engine/Content/EngineMaterials/Substrate/GLints/dict_16_192_64_0p5_0p02_0042_0014.uasset" 5574
"../../../Engine/Content/EngineMaterials/Substrate/GLints/dict_16_192_64_0p5_0p02_0042_0012.uasset" 5575
"../../../Engine/Content/EngineMaterials/Substrate/GLints/dict_16_192_64_0p5_0p02_0042_0010.uasset" 5576
"../../../Engine/Content/EngineMaterials/Substrate/GLints/dict_16_192_64_0p5_0p02_0042_0013.uasset" 5577
"../../../Engine/Content/EngineMaterials/Substrate/GLints/dict_16_192_64_0p5_0p02_0043_0000.uasset" 5578
"../../../Engine/Content/EngineMaterials/Substrate/GLints/dict_16_192_64_0p5_0p02_0042_0011.uasset" 5579
"/Engine/EngineMaterials/Substrate/GLints/dict_16_192_64_0p5_0p02_0042_0010" 5580
"/Engine/EngineMaterials/Substrate/GLints/dict_16_192_64_0p5_0p02_0042_0011" 5581
"/Engine/EngineMaterials/Substrate/GLints/dict_16_192_64_0p5_0p02_0042_0012" 5582
"/Engine/EngineMaterials/Substrate/GLints/dict_16_192_64_0p5_0p02_0042_0013" 5583
"/Engine/EngineMaterials/Substrate/GLints/dict_16_192_64_0p5_0p02_0042_0014" 5584
"/Engine/EngineMaterials/Substrate/GLints/dict_16_192_64_0p5_0p02_0042_0015" 5585
"/Engine/EngineMaterials/Substrate/GLints/dict_16_192_64_0p5_0p02_0043_0000" 5586
"/Engine/EngineMaterials/Substrate/GLints/dict_16_192_64_0p5_0p02_0043_0001" 5587
"/Engine/EngineMaterials/Substrate/GLints/dict_16_192_64_0p5_0p02_0043_0002" 5588
"/Engine/EngineMaterials/Substrate/GLints/dict_16_192_64_0p5_0p02_0043_0003" 5589
"/Engine/EngineMaterials/Substrate/GLints/dict_16_192_64_0p5_0p02_0043_0004" 5590
"/Engine/EngineMaterials/Substrate/GLints/dict_16_192_64_0p5_0p02_0043_0005" 5591
"/Engine/EngineMaterials/Substrate/GLints/dict_16_192_64_0p5_0p02_0043_0006" 5592
"/Engine/EngineMaterials/Substrate/GLints/dict_16_192_64_0p5_0p02_0043_0007" 5593
"/Engine/EngineMaterials/Substrate/GLints/dict_16_192_64_0p5_0p02_0043_0008" 5594
"/Engine/EngineMaterials/Substrate/GLints/dict_16_192_64_0p5_0p02_0043_0009" 5595
"/Engine/EngineMaterials/Substrate/GLints/dict_16_192_64_0p5_0p02_0043_0010" 5596
"/Engine/EngineMaterials/Substrate/GLints/dict_16_192_64_0p5_0p02_0043_0011" 5597
"/Engine/EngineMaterials/Substrate/GLints/dict_16_192_64_0p5_0p02_0043_0012" 5598
"/Engine/EngineMaterials/Substrate/GLints/dict_16_192_64_0p5_0p02_0043_0013" 5599
"/Engine/EngineMaterials/Substrate/GLints/dict_16_192_64_0p5_0p02_0043_0014" 5600
"/Engine/EngineMaterials/Substrate/GLints/dict_16_192_64_0p5_0p02_0043_0015" 5601
"/Engine/EngineMaterials/Substrate/GLints/dict_16_192_64_0p5_0p02_0044_0000" 5602
"/Engine/EngineMaterials/Substrate/GLints/dict_16_192_64_0p5_0p02_0044_0001" 5603
"/Engine/EngineMaterials/Substrate/GLints/dict_16_192_64_0p5_0p02_0044_0002" 5604
"/Engine/EngineMaterials/Substrate/GLints/dict_16_192_64_0p5_0p02_0044_0003" 5605
"/Engine/EngineMaterials/Substrate/GLints/dict_16_192_64_0p5_0p02_0044_0004" 5606
"/Engine/EngineMaterials/Substrate/GLints/dict_16_192_64_0p5_0p02_0044_0005" 5607
"/Engine/EngineMaterials/Substrate/GLints/dict_16_192_64_0p5_0p02_0044_0006" 5608
"/Engine/EngineMaterials/Substrate/GLints/dict_16_192_64_0p5_0p02_0044_0007" 5609
"/Engine/EngineMaterials/Substrate/GLints/dict_16_192_64_0p5_0p02_0044_0008" 5610
"/Engine/EngineMaterials/Substrate/GLints/dict_16_192_64_0p5_0p02_0044_0009" 5611
"../../../Engine/Content/EngineMaterials/Substrate/GLints/dict_16_192_64_0p5_0p02_0042_0005.uasset" 5612
"../../../Engine/Content/EngineMaterials/Substrate/GLints/dict_16_192_64_0p5_0p02_0042_0007.uasset" 5613
"../../../Engine/Content/EngineMaterials/Substrate/GLints/dict_16_192_64_0p5_0p02_0042_0001.uasset" 5614
"../../../Engine/Content/EngineMaterials/Substrate/GLints/dict_16_192_64_0p5_0p02_0042_0002.uasset" 5615
"../../../Engine/Content/EngineMaterials/Substrate/GLints/dict_16_192_64_0p5_0p02_0041_0015.uasset" 5616
"../../../Engine/Content/EngineMaterials/Substrate/GLints/dict_16_192_64_0p5_0p02_0042_0004.uasset" 5617
"../../../Engine/Content/EngineMaterials/Substrate/GLints/dict_16_192_64_0p5_0p02_0042_0000.uasset" 5618
"../../../Engine/Content/EngineMaterials/Substrate/GLints/dict_16_192_64_0p5_0p02_0041_0013.uasset" 5619
"../../../Engine/Content/EngineMaterials/Substrate/GLints/dict_16_192_64_0p5_0p02_0042_0003.uasset" 5620
"/Engine/EngineMaterials/Substrate/GLints/dict_16_192_64_0p5_0p02_0041_0013" 5621
"/Engine/EngineMaterials/Substrate/GLints/dict_16_192_64_0p5_0p02_0041_0015" 5622
"../../../Engine/Content/EngineMaterials/Substrate/GLints/dict_16_192_64_0p5_0p02_0042_0008.uasset" 5623
"/Engine/EngineMaterials/Substrate/GLints/dict_16_192_64_0p5_0p02_0042_0000" 5624
"../../../Engine/Content/EngineMaterials/Substrate/GLints/dict_16_192_64_0p5_0p02_0042_0006.uasset" 5625
"/Engine/EngineMaterials/Substrate/GLints/dict_16_192_64_0p5_0p02_0042_0001" 5626
"/Engine/EngineMaterials/Substrate/GLints/dict_16_192_64_0p5_0p02_0042_0002" 5627
"/Engine/EngineMaterials/Substrate/GLints/dict_16_192_64_0p5_0p02_0042_0003" 5628
"/Engine/EngineMaterials/Substrate/GLints/dict_16_192_64_0p5_0p02_0042_0004" 5629
"/Engine/EngineMaterials/Substrate/GLints/dict_16_192_64_0p5_0p02_0042_0005" 5630
"../../../Engine/Content/EngineMaterials/Substrate/GLints/dict_16_192_64_0p5_0p02_0041_0014.uasset" 5631
"/Engine/EngineMaterials/Substrate/GLints/dict_16_192_64_0p5_0p02_0042_0007" 5632
"../../../Engine/Content/EngineMaterials/Substrate/GLints/dict_16_192_64_0p5_0p02_0041_0009.uasset" 5633
"../../../Engine/Content/EngineMaterials/Substrate/GLints/dict_16_192_64_0p5_0p02_0041_0010.uasset" 5634
"../../../Engine/Content/EngineMaterials/Substrate/GLints/dict_16_192_64_0p5_0p02_0041_0012.uasset" 5635
"/Engine/EngineMaterials/Substrate/GLints/dict_16_192_64_0p5_0p02_0041_0014" 5636
"../../../Engine/Content/EngineMaterials/Substrate/GLints/dict_16_192_64_0p5_0p02_0041_0007.uasset" 5637
"../../../Engine/Content/EngineMaterials/Substrate/GLints/dict_16_192_64_0p5_0p02_0042_0009.uasset" 5638
"../../../Engine/Content/EngineMaterials/Substrate/GLints/dict_16_192_64_0p5_0p02_0041_0008.uasset" 5639
"../../../Engine/Content/EngineMaterials/Substrate/GLints/dict_16_192_64_0p5_0p02_0041_0011.uasset" 5640
"/Engine/EngineMaterials/Substrate/GLints/dict_16_192_64_0p5_0p02_0042_0006" 5641
"/Engine/EngineMaterials/Substrate/GLints/dict_16_192_64_0p5_0p02_0042_0008" 5642
"../../../Engine/Content/EngineMaterials/Substrate/GLints/dict_16_192_64_0p5_0p02_0041_0006.uasset" 5643
"/Engine/EngineMaterials/Substrate/GLints/dict_16_192_64_0p5_0p02_0041_0006" 5644
"../../../Engine/Content/EngineMaterials/Substrate/GLints/dict_16_192_64_0p5_0p02_0041_0004.uasset" 5645
"/Engine/EngineMaterials/Substrate/GLints/dict_16_192_64_0p5_0p02_0041_0007" 5646
"/Engine/EngineMaterials/Substrate/GLints/dict_16_192_64_0p5_0p02_0041_0008" 5647
"/Engine/EngineMaterials/Substrate/GLints/dict_16_192_64_0p5_0p02_0041_0009" 5648
"/Engine/EngineMaterials/Substrate/GLints/dict_16_192_64_0p5_0p02_0041_0010" 5649
"../../../Engine/Content/EngineMaterials/Substrate/GLints/dict_16_192_64_0p5_0p02_0041_0005.uasset" 5650
"/Engine/EngineMaterials/Substrate/GLints/dict_16_192_64_0p5_0p02_0041_0011" 5651
"/Engine/EngineMaterials/Substrate/GLints/dict_16_192_64_0p5_0p02_0041_0012" 5652
"/Engine/EngineMaterials/Substrate/GLints/dict_16_192_64_0p5_0p02_0042_0009" 5653
"/Engine/EngineMaterials/Substrate/GLints/dict_16_192_64_0p5_0p02_0041_0004" 5654
"/Engine/EngineMaterials/Substrate/GLints/dict_16_192_64_0p5_0p02_0041_0005" 5655
"../../../Engine/Content/EngineMaterials/Substrate/GLints/dict_16_192_64_0p5_0p02_0040_0015.uasset" 5656
"../../../Engine/Content/EngineMaterials/Substrate/GLints/dict_16_192_64_0p5_0p02_0041_0003.uasset" 5657
"../../../Engine/Content/EngineMaterials/Substrate/GLints/dict_16_192_64_0p5_0p02_0040_0013.uasset" 5658
"../../../Engine/Content/EngineMaterials/Substrate/GLints/dict_16_192_64_0p5_0p02_0041_0000.uasset" 5659
"../../../Engine/Content/EngineMaterials/Substrate/GLints/dict_16_192_64_0p5_0p02_0040_0014.uasset" 5660
"../../../Engine/Content/EngineMaterials/Substrate/GLints/dict_16_192_64_0p5_0p02_0040_0012.uasset" 5661
"../../../Engine/Content/EngineMaterials/Substrate/GLints/dict_16_192_64_0p5_0p02_0041_0001.uasset" 5662
"../../../Engine/Content/EngineMaterials/Substrate/GLints/dict_16_192_64_0p5_0p02_0040_0010.uasset" 5663
"../../../Engine/Content/EngineMaterials/Substrate/GLints/dict_16_192_64_0p5_0p02_0041_0002.uasset" 5664
"../../../Engine/Content/EngineMaterials/Substrate/GLints/dict_16_192_64_0p5_0p02_0040_0009.uasset" 5665
"../../../Engine/Content/EngineMaterials/Substrate/GLints/dict_16_192_64_0p5_0p02_0040_0008.uasset" 5666
"../../../Engine/Content/EngineMaterials/Substrate/GLints/dict_16_192_64_0p5_0p02_0040_0007.uasset" 5667
"../../../Engine/Content/EngineMaterials/Substrate/GLints/dict_16_192_64_0p5_0p02_0040_0011.uasset" 5668
"../../../Engine/Content/EngineMaterials/Substrate/GLints/dict_16_192_64_0p5_0p02_0040_0003.uasset" 5669
"../../../Engine/Content/EngineMaterials/Substrate/GLints/dict_16_192_64_0p5_0p02_0040_0001.uasset" 5670
"../../../Engine/Content/EngineMaterials/Substrate/GLints/dict_16_192_64_0p5_0p02_0040_0005.uasset" 5671
"../../../Engine/Content/EngineMaterials/Substrate/GLints/dict_16_192_64_0p5_0p02_0040_0006.uasset" 5672
"../../../Engine/Content/EngineMaterials/Substrate/GLints/dict_16_192_64_0p5_0p02_0040_0000.uasset" 5673
"../../../Engine/Content/EngineMaterials/Substrate/GLints/dict_16_192_64_0p5_0p02_0040_0002.uasset" 5674
"../../../Engine/Content/EngineMaterials/Substrate/GLints/dict_16_192_64_0p5_0p02_0040_0004.uasset" 5675
"../../../Engine/Content/EngineMaterials/Substrate/GLints/dict_16_192_64_0p5_0p02_0039_0012.uasset" 5676
"../../../Engine/Content/EngineMaterials/Substrate/GLints/dict_16_192_64_0p5_0p02_0039_0014.uasset" 5677
"../../../Engine/Content/EngineMaterials/Substrate/GLints/dict_16_192_64_0p5_0p02_0039_0013.uasset" 5678
"../../../Engine/Content/EngineMaterials/Substrate/GLints/dict_16_192_64_0p5_0p02_0039_0015.uasset" 5679
"/Engine/EngineMaterials/Substrate/GLints/dict_16_192_64_0p5_0p02_0040_0010" 5680
"/Engine/EngineMaterials/Substrate/GLints/dict_16_192_64_0p5_0p02_0040_0011" 5681
"/Engine/EngineMaterials/Substrate/GLints/dict_16_192_64_0p5_0p02_0040_0012" 5682
"/Engine/EngineMaterials/Substrate/GLints/dict_16_192_64_0p5_0p02_0040_0013" 5683
"../../../Engine/Content/EngineMaterials/Substrate/GLints/dict_16_192_64_0p5_0p02_0039_0008.uasset" 5684
"/Engine/EngineMaterials/Substrate/GLints/dict_16_192_64_0p5_0p02_0040_0014" 5685
"../../../Engine/Content/EngineMaterials/Substrate/GLints/dict_16_192_64_0p5_0p02_0039_0007.uasset" 5686
"/Engine/EngineMaterials/Substrate/GLints/dict_16_192_64_0p5_0p02_0040_0015" 5687
"../../../Engine/Content/EngineMaterials/Substrate/GLints/dict_16_192_64_0p5_0p02_0039_0010.uasset" 5688
"../../../Engine/Content/EngineMaterials/Substrate/GLints/dict_16_192_64_0p5_0p02_0039_0006.uasset" 5689
"/Engine/EngineMaterials/Substrate/GLints/dict_16_192_64_0p5_0p02_0041_0000" 5690
"../../../Engine/Content/EngineMaterials/Substrate/GLints/dict_16_192_64_0p5_0p02_0039_0005.uasset" 5691
"../../../Engine/Content/EngineMaterials/Substrate/GLints/dict_16_192_64_0p5_0p02_0039_0004.uasset" 5692
"../../../Engine/Content/EngineMaterials/Substrate/GLints/dict_16_192_64_0p5_0p02_0039_0011.uasset" 5693
"/Engine/EngineMaterials/Substrate/GLints/dict_16_192_64_0p5_0p02_0041_0001" 5694
"/Engine/EngineMaterials/Substrate/GLints/dict_16_192_64_0p5_0p02_0041_0002" 5695
"/Engine/EngineMaterials/Substrate/GLints/dict_16_192_64_0p5_0p02_0041_0003" 5696
"/Engine/EngineMaterials/Substrate/GLints/dict_16_192_64_0p5_0p02_0039_0012" 5697
"../../../Engine/Content/EngineMaterials/Substrate/GLints/dict_16_192_64_0p5_0p02_0039_0009.uasset" 5698
"/Engine/EngineMaterials/Substrate/GLints/dict_16_192_64_0p5_0p02_0040_0001" 5699
"/Engine/EngineMaterials/Substrate/GLints/dict_16_192_64_0p5_0p02_0039_0014" 5700
"/Engine/EngineMaterials/Substrate/GLints/dict_16_192_64_0p5_0p02_0040_0002" 5701
"/Engine/EngineMaterials/Substrate/GLints/dict_16_192_64_0p5_0p02_0040_0003" 5702
"/Engine/EngineMaterials/Substrate/GLints/dict_16_192_64_0p5_0p02_0040_0004" 5703
"/Engine/EngineMaterials/Substrate/GLints/dict_16_192_64_0p5_0p02_0040_0005" 5704
"/Engine/EngineMaterials/Substrate/GLints/dict_16_192_64_0p5_0p02_0040_0006" 5705
"/Engine/EngineMaterials/Substrate/GLints/dict_16_192_64_0p5_0p02_0040_0007" 5706
"/Engine/EngineMaterials/Substrate/GLints/dict_16_192_64_0p5_0p02_0040_0008" 5707
"/Engine/EngineMaterials/Substrate/GLints/dict_16_192_64_0p5_0p02_0039_0015" 5708
"/Engine/EngineMaterials/Substrate/GLints/dict_16_192_64_0p5_0p02_0040_0009" 5709
"/Engine/EngineMaterials/Substrate/GLints/dict_16_192_64_0p5_0p02_0040_0000" 5710
"/Engine/EngineMaterials/Substrate/GLints/dict_16_192_64_0p5_0p02_0039_0013" 5711
"/Engine/EngineMaterials/Substrate/GLints/dict_16_192_64_0p5_0p02_0039_0004" 5712
"/Engine/EngineMaterials/Substrate/GLints/dict_16_192_64_0p5_0p02_0039_0005" 5713
"/Engine/EngineMaterials/Substrate/GLints/dict_16_192_64_0p5_0p02_0039_0006" 5714
"/Engine/EngineMaterials/Substrate/GLints/dict_16_192_64_0p5_0p02_0039_0007" 5715
"/Engine/EngineMaterials/Substrate/GLints/dict_16_192_64_0p5_0p02_0039_0008" 5716
"/Engine/EngineMaterials/Substrate/GLints/dict_16_192_64_0p5_0p02_0039_0009" 5717
"/Engine/EngineMaterials/Substrate/GLints/dict_16_192_64_0p5_0p02_0039_0010" 5718
"/Engine/EngineMaterials/Substrate/GLints/dict_16_192_64_0p5_0p02_0039_0011" 5719
"../../../Engine/Content/EngineMaterials/Substrate/GLints/dict_16_192_64_0p5_0p02_0038_0010.uasset" 5720
"../../../Engine/Content/EngineMaterials/Substrate/GLints/dict_16_192_64_0p5_0p02_0039_0003.uasset" 5721
"../../../Engine/Content/EngineMaterials/Substrate/GLints/dict_16_192_64_0p5_0p02_0038_0013.uasset" 5722
"../../../Engine/Content/EngineMaterials/Substrate/GLints/dict_16_192_64_0p5_0p02_0039_0002.uasset" 5723
"../../../Engine/Content/EngineMaterials/Substrate/GLints/dict_16_192_64_0p5_0p02_0038_0015.uasset" 5724
"../../../Engine/Content/EngineMaterials/Substrate/GLints/dict_16_192_64_0p5_0p02_0038_0012.uasset" 5725
"../../../Engine/Content/EngineMaterials/Substrate/GLints/dict_16_192_64_0p5_0p02_0039_0000.uasset" 5726
"../../../Engine/Content/EngineMaterials/Substrate/GLints/dict_16_192_64_0p5_0p02_0038_0014.uasset" 5727
"../../../Engine/Content/EngineMaterials/Substrate/GLints/dict_16_192_64_0p5_0p02_0038_0011.uasset" 5728
"../../../Engine/Content/EngineMaterials/Substrate/GLints/dict_16_192_64_0p5_0p02_0039_0001.uasset" 5729
"../../../Engine/Content/EngineMaterials/Substrate/GLints/dict_16_192_64_0p5_0p02_0038_0005.uasset" 5730
"../../../Engine/Content/EngineMaterials/Substrate/GLints/dict_16_192_64_0p5_0p02_0038_0009.uasset" 5731
"../../../Engine/Content/EngineMaterials/Substrate/GLints/dict_16_192_64_0p5_0p02_0038_0002.uasset" 5732
"../../../Engine/Content/EngineMaterials/Substrate/GLints/dict_16_192_64_0p5_0p02_0038_0007.uasset" 5733
"../../../Engine/Content/EngineMaterials/Substrate/GLints/dict_16_192_64_0p5_0p02_0038_0008.uasset" 5734
"../../../Engine/Content/EngineMaterials/Substrate/GLints/dict_16_192_64_0p5_0p02_0038_0001.uasset" 5735
"../../../Engine/Content/EngineMaterials/Substrate/GLints/dict_16_192_64_0p5_0p02_0038_0000.uasset" 5736
"../../../Engine/Content/EngineMaterials/Substrate/GLints/dict_16_192_64_0p5_0p02_0038_0004.uasset" 5737
"../../../Engine/Content/EngineMaterials/Substrate/GLints/dict_16_192_64_0p5_0p02_0038_0006.uasset" 5738
"../../../Engine/Content/EngineMaterials/Substrate/GLints/dict_16_192_64_0p5_0p02_0038_0003.uasset" 5739
"/Engine/EngineMaterials/Substrate/GLints/dict_16_192_64_0p5_0p02_0038_0000" 5740
"../../../Engine/Content/EngineMaterials/Substrate/GLints/dict_16_192_64_0p5_0p02_0037_0014.uasset" 5741
"../../../Engine/Content/EngineMaterials/Substrate/GLints/dict_16_192_64_0p5_0p02_0037_0013.uasset" 5742
"../../../Engine/Content/EngineMaterials/Substrate/GLints/dict_16_192_64_0p5_0p02_0037_0012.uasset" 5743
"/Engine/EngineMaterials/Substrate/GLints/dict_16_192_64_0p5_0p02_0038_0001" 5744
"../../../Engine/Content/EngineMaterials/Substrate/GLints/dict_16_192_64_0p5_0p02_0037_0011.uasset" 5745
"../../../Engine/Content/EngineMaterials/Substrate/GLints/dict_16_192_64_0p5_0p02_0037_0007.uasset" 5746
"../../../Engine/Content/EngineMaterials/Substrate/GLints/dict_16_192_64_0p5_0p02_0037_0015.uasset" 5747
"/Engine/EngineMaterials/Substrate/GLints/dict_16_192_64_0p5_0p02_0038_0002" 5748
"../../../Engine/Content/EngineMaterials/Substrate/GLints/dict_16_192_64_0p5_0p02_0037_0008.uasset" 5749
"../../../Engine/Content/EngineMaterials/Substrate/GLints/dict_16_192_64_0p5_0p02_0037_0009.uasset" 5750
"../../../Engine/Content/EngineMaterials/Substrate/GLints/dict_16_192_64_0p5_0p02_0037_0005.uasset" 5751
"../../../Engine/Content/EngineMaterials/Substrate/GLints/dict_16_192_64_0p5_0p02_0037_0010.uasset" 5752
"/Engine/EngineMaterials/Substrate/GLints/dict_16_192_64_0p5_0p02_0038_0003" 5753
"/Engine/EngineMaterials/Substrate/GLints/dict_16_192_64_0p5_0p02_0038_0004" 5754
"/Engine/EngineMaterials/Substrate/GLints/dict_16_192_64_0p5_0p02_0038_0005" 5755
"/Engine/EngineMaterials/Substrate/GLints/dict_16_192_64_0p5_0p02_0038_0006" 5756
"/Engine/EngineMaterials/Substrate/GLints/dict_16_192_64_0p5_0p02_0038_0007" 5757
"/Engine/EngineMaterials/Substrate/GLints/dict_16_192_64_0p5_0p02_0038_0008" 5758
"/Engine/EngineMaterials/Substrate/GLints/dict_16_192_64_0p5_0p02_0038_0009" 5759
"/Engine/EngineMaterials/Substrate/GLints/dict_16_192_64_0p5_0p02_0038_0010" 5760
"../../../Engine/Content/EngineMaterials/Substrate/GLints/dict_16_192_64_0p5_0p02_0037_0006.uasset" 5761
"/Engine/EngineMaterials/Substrate/GLints/dict_16_192_64_0p5_0p02_0038_0011" 5762
"/Engine/EngineMaterials/Substrate/GLints/dict_16_192_64_0p5_0p02_0038_0012" 5763
"/Engine/EngineMaterials/Substrate/GLints/dict_16_192_64_0p5_0p02_0038_0013" 5764
"/Engine/EngineMaterials/Substrate/GLints/dict_16_192_64_0p5_0p02_0038_0014" 5765
"/Engine/EngineMaterials/Substrate/GLints/dict_16_192_64_0p5_0p02_0038_0015" 5766
"/Engine/EngineMaterials/Substrate/GLints/dict_16_192_64_0p5_0p02_0039_0000" 5767
"/Engine/EngineMaterials/Substrate/GLints/dict_16_192_64_0p5_0p02_0039_0001" 5768
"/Engine/EngineMaterials/Substrate/GLints/dict_16_192_64_0p5_0p02_0039_0002" 5769
"/Engine/EngineMaterials/Substrate/GLints/dict_16_192_64_0p5_0p02_0039_0003" 5770
"/Engine/EngineMaterials/Substrate/GLints/dict_16_192_64_0p5_0p02_0037_0012" 5771
"/Engine/EngineMaterials/Substrate/GLints/dict_16_192_64_0p5_0p02_0037_0013" 5772
"/Engine/EngineMaterials/Substrate/GLints/dict_16_192_64_0p5_0p02_0037_0014" 5773
"../../../Engine/Content/EngineMaterials/Substrate/GLints/dict_16_192_64_0p5_0p02_0037_0004.uasset" 5774
"/Engine/EngineMaterials/Substrate/GLints/dict_16_192_64_0p5_0p02_0037_0015" 5775
"/Engine/EngineMaterials/Substrate/GLints/dict_16_192_64_0p5_0p02_0037_0005" 5776
"/Engine/EngineMaterials/Substrate/GLints/dict_16_192_64_0p5_0p02_0037_0006" 5777
"/Engine/EngineMaterials/Substrate/GLints/dict_16_192_64_0p5_0p02_0037_0007" 5778
"/Engine/EngineMaterials/Substrate/GLints/dict_16_192_64_0p5_0p02_0037_0008" 5779
"/Engine/EngineMaterials/Substrate/GLints/dict_16_192_64_0p5_0p02_0037_0009" 5780
"/Engine/EngineMaterials/Substrate/GLints/dict_16_192_64_0p5_0p02_0037_0010" 5781
"/Engine/EngineMaterials/Substrate/GLints/dict_16_192_64_0p5_0p02_0037_0011" 5782
"/Engine/EngineMaterials/Substrate/GLints/dict_16_192_64_0p5_0p02_0037_0004" 5783
"../../../Engine/Content/EngineMaterials/Substrate/GLints/dict_16_192_64_0p5_0p02_0036_0011.uasset" 5784
"../../../Engine/Content/EngineMaterials/Substrate/GLints/dict_16_192_64_0p5_0p02_0037_0000.uasset" 5785
"../../../Engine/Content/EngineMaterials/Substrate/GLints/dict_16_192_64_0p5_0p02_0036_0009.uasset" 5786
"../../../Engine/Content/EngineMaterials/Substrate/GLints/dict_16_192_64_0p5_0p02_0037_0001.uasset" 5787
"../../../Engine/Content/EngineMaterials/Substrate/GLints/dict_16_192_64_0p5_0p02_0036_0015.uasset" 5788
"../../../Engine/Content/EngineMaterials/Substrate/GLints/dict_16_192_64_0p5_0p02_0036_0014.uasset" 5789
"../../../Engine/Content/EngineMaterials/Substrate/GLints/dict_16_192_64_0p5_0p02_0036_0013.uasset" 5790
"../../../Engine/Content/EngineMaterials/Substrate/GLints/dict_16_192_64_0p5_0p02_0037_0002.uasset" 5791
"/Engine/EngineMaterials/Substrate/GLints/dict_16_192_64_0p5_0p02_0036_0009" 5792
"/Engine/EngineMaterials/Substrate/GLints/dict_16_192_64_0p5_0p02_0036_0011" 5793
"/Engine/EngineMaterials/Substrate/GLints/dict_16_192_64_0p5_0p02_0036_0013" 5794
"../../../Engine/Content/EngineMaterials/Substrate/GLints/dict_16_192_64_0p5_0p02_0036_0010.uasset" 5795
"/Engine/EngineMaterials/Substrate/GLints/dict_16_192_64_0p5_0p02_0036_0014" 5796
"/Engine/EngineMaterials/Substrate/GLints/dict_16_192_64_0p5_0p02_0036_0015" 5797
"/Engine/EngineMaterials/Substrate/GLints/dict_16_192_64_0p5_0p02_0037_0000" 5798
"/Engine/EngineMaterials/Substrate/GLints/dict_16_192_64_0p5_0p02_0037_0001" 5799
"../../../Engine/Content/EngineMaterials/Substrate/GLints/dict_16_192_64_0p5_0p02_0036_0012.uasset" 5800
"../../../Engine/Content/EngineMaterials/Substrate/GLints/dict_16_192_64_0p5_0p02_0036_0008.uasset" 5801
"../../../Engine/Content/EngineMaterials/Substrate/GLints/dict_16_192_64_0p5_0p02_0036_0007.uasset" 5802
"../../../Engine/Content/EngineMaterials/Substrate/GLints/dict_16_192_64_0p5_0p02_0036_0006.uasset" 5803
"/Engine/EngineMaterials/Substrate/GLints/dict_16_192_64_0p5_0p02_0037_0002" 5804
"../../../Engine/Content/EngineMaterials/Substrate/GLints/dict_16_192_64_0p5_0p02_0036_0002.uasset" 5805
"../../../Engine/Content/EngineMaterials/Substrate/GLints/dict_16_192_64_0p5_0p02_0036_0001.uasset" 5806
"/Engine/EngineMaterials/Substrate/GLints/dict_16_192_64_0p5_0p02_0036_0001" 5807
"../../../Engine/Content/EngineMaterials/Substrate/GLints/dict_16_192_64_0p5_0p02_0036_0005.uasset" 5808
"/Engine/EngineMaterials/Substrate/GLints/dict_16_192_64_0p5_0p02_0036_0002" 5809
"/Engine/EngineMaterials/Substrate/GLints/dict_16_192_64_0p5_0p02_0036_0006" 5810
"../../../Engine/Content/EngineMaterials/Substrate/GLints/dict_16_192_64_0p5_0p02_0036_0004.uasset" 5811
"/Engine/EngineMaterials/Substrate/GLints/dict_16_192_64_0p5_0p02_0036_0007" 5812
"/Engine/EngineMaterials/Substrate/GLints/dict_16_192_64_0p5_0p02_0036_0008" 5813
"/Engine/EngineMaterials/Substrate/GLints/dict_16_192_64_0p5_0p02_0036_0010" 5814
"/Engine/EngineMaterials/Substrate/GLints/dict_16_192_64_0p5_0p02_0036_0012" 5815
"../../../Engine/Content/EngineMaterials/Substrate/GLints/dict_16_192_64_0p5_0p02_0037_0003.uasset" 5816
"/Engine/EngineMaterials/Substrate/GLints/dict_16_192_64_0p5_0p02_0036_0004" 5817
"/Engine/EngineMaterials/Substrate/GLints/dict_16_192_64_0p5_0p02_0036_0005" 5818
"/Engine/EngineMaterials/Substrate/GLints/dict_16_192_64_0p5_0p02_0037_0003" 5819
"../../../Engine/Content/EngineMaterials/Substrate/GLints/dict_16_192_64_0p5_0p02_0035_0013.uasset" 5820
"../../../Engine/Content/EngineMaterials/Substrate/GLints/dict_16_192_64_0p5_0p02_0035_0012.uasset" 5821
"../../../Engine/Content/EngineMaterials/Substrate/GLints/dict_16_192_64_0p5_0p02_0036_0000.uasset" 5822
"../../../Engine/Content/EngineMaterials/Substrate/GLints/dict_16_192_64_0p5_0p02_0035_0010.uasset" 5823
"../../../Engine/Content/EngineMaterials/Substrate/GLints/dict_16_192_64_0p5_0p02_0035_0009.uasset" 5824
"../../../Engine/Content/EngineMaterials/Substrate/GLints/dict_16_192_64_0p5_0p02_0036_0003.uasset" 5825
"../../../Engine/Content/EngineMaterials/Substrate/GLints/dict_16_192_64_0p5_0p02_0035_0015.uasset" 5826
"../../../Engine/Content/EngineMaterials/Substrate/GLints/dict_16_192_64_0p5_0p02_0035_0007.uasset" 5827
"../../../Engine/Content/EngineMaterials/Substrate/GLints/dict_16_192_64_0p5_0p02_0035_0011.uasset" 5828
"../../../Engine/Content/EngineMaterials/Substrate/GLints/dict_16_192_64_0p5_0p02_0035_0014.uasset" 5829
"../../../Engine/Content/EngineMaterials/Substrate/GLints/dict_16_192_64_0p5_0p02_0035_0008.uasset" 5830
"/Engine/EngineMaterials/Substrate/GLints/dict_16_192_64_0p5_0p02_0035_0007" 5831
"/Engine/EngineMaterials/Substrate/GLints/dict_16_192_64_0p5_0p02_0035_0008" 5832
"/Engine/EngineMaterials/Substrate/GLints/dict_16_192_64_0p5_0p02_0036_0000" 5833
"/Engine/EngineMaterials/Substrate/GLints/dict_16_192_64_0p5_0p02_0036_0003" 5834
"/Engine/EngineMaterials/Substrate/GLints/dict_16_192_64_0p5_0p02_0035_0009" 5835
"/Engine/EngineMaterials/Substrate/GLints/dict_16_192_64_0p5_0p02_0035_0010" 5836
"/Engine/EngineMaterials/Substrate/GLints/dict_16_192_64_0p5_0p02_0035_0011" 5837
"../../../Engine/Content/EngineMaterials/Substrate/GLints/dict_16_192_64_0p5_0p02_0035_0000.uasset" 5838
"../../../Engine/Content/EngineMaterials/Substrate/GLints/dict_16_192_64_0p5_0p02_0035_0006.uasset" 5839
"../../../Engine/Content/EngineMaterials/Substrate/GLints/dict_16_192_64_0p5_0p02_0035_0002.uasset" 5840
"../../../Engine/Content/EngineMaterials/Substrate/GLints/dict_16_192_64_0p5_0p02_0035_0005.uasset" 5841
"/Engine/EngineMaterials/Substrate/GLints/dict_16_192_64_0p5_0p02_0035_0012" 5842
"../../../Engine/Content/EngineMaterials/Substrate/GLints/dict_16_192_64_0p5_0p02_0035_0004.uasset" 5843
"../../../Engine/Content/EngineMaterials/Substrate/GLints/dict_16_192_64_0p5_0p02_0035_0003.uasset" 5844
"../../../Engine/Content/EngineMaterials/Substrate/GLints/dict_16_192_64_0p5_0p02_0034_0014.uasset" 5845
"/Engine/EngineMaterials/Substrate/GLints/dict_16_192_64_0p5_0p02_0035_0013" 5846
"/Engine/EngineMaterials/Substrate/GLints/dict_16_192_64_0p5_0p02_0035_0014" 5847
"../../../Engine/Content/EngineMaterials/Substrate/GLints/dict_16_192_64_0p5_0p02_0035_0001.uasset" 5848
"../../../Engine/Content/EngineMaterials/Substrate/GLints/dict_16_192_64_0p5_0p02_0034_0013.uasset" 5849
"/Engine/EngineMaterials/Substrate/GLints/dict_16_192_64_0p5_0p02_0035_0015" 5850
"/Engine/EngineMaterials/Substrate/GLints/dict_16_192_64_0p5_0p02_0035_0005" 5851
"/Engine/EngineMaterials/Substrate/GLints/dict_16_192_64_0p5_0p02_0035_0006" 5852
"/Engine/EngineMaterials/Substrate/GLints/dict_16_192_64_0p5_0p02_0035_0004" 5853
"/Engine/EngineMaterials/Substrate/GLints/dict_16_192_64_0p5_0p02_0034_0013" 5854
"/Engine/EngineMaterials/Substrate/GLints/dict_16_192_64_0p5_0p02_0034_0014" 5855
"../../../Engine/Content/EngineMaterials/Substrate/GLints/dict_16_192_64_0p5_0p02_0034_0012.uasset" 5856
"../../../Engine/Content/EngineMaterials/Substrate/GLints/dict_16_192_64_0p5_0p02_0034_0008.uasset" 5857
"../../../Engine/Content/EngineMaterials/Substrate/GLints/dict_16_192_64_0p5_0p02_0034_0010.uasset" 5858
"../../../Engine/Content/EngineMaterials/Substrate/GLints/dict_16_192_64_0p5_0p02_0034_0011.uasset" 5859
"../../../Engine/Content/EngineMaterials/Substrate/GLints/dict_16_192_64_0p5_0p02_0034_0006.uasset" 5860
"../../../Engine/Content/EngineMaterials/Substrate/GLints/dict_16_192_64_0p5_0p02_0034_0003.uasset" 5861
"../../../Engine/Content/EngineMaterials/Substrate/GLints/dict_16_192_64_0p5_0p02_0034_0005.uasset" 5862
"../../../Engine/Content/EngineMaterials/Substrate/GLints/dict_16_192_64_0p5_0p02_0034_0015.uasset" 5863
"/Engine/EngineMaterials/Substrate/GLints/dict_16_192_64_0p5_0p02_0035_0000" 5864
"../../../Engine/Content/EngineMaterials/Substrate/GLints/dict_16_192_64_0p5_0p02_0034_0009.uasset" 5865
"/Engine/EngineMaterials/Substrate/GLints/dict_16_192_64_0p5_0p02_0035_0001" 5866
"../../../Engine/Content/EngineMaterials/Substrate/GLints/dict_16_192_64_0p5_0p02_0034_0002.uasset" 5867
"/Engine/EngineMaterials/Substrate/GLints/dict_16_192_64_0p5_0p02_0035_0002" 5868
"/Engine/EngineMaterials/Substrate/GLints/dict_16_192_64_0p5_0p02_0035_0003" 5869
"../../../Engine/Content/EngineMaterials/Substrate/GLints/dict_16_192_64_0p5_0p02_0034_0007.uasset" 5870
"/Engine/EngineMaterials/Substrate/GLints/dict_16_192_64_0p5_0p02_0034_0005" 5871
"/Engine/EngineMaterials/Substrate/GLints/dict_16_192_64_0p5_0p02_0034_0006" 5872
"/Engine/EngineMaterials/Substrate/GLints/dict_16_192_64_0p5_0p02_0034_0002" 5873
"/Engine/EngineMaterials/Substrate/GLints/dict_16_192_64_0p5_0p02_0034_0003" 5874
"/Engine/EngineMaterials/Substrate/GLints/dict_16_192_64_0p5_0p02_0034_0008" 5875
"/Engine/EngineMaterials/Substrate/GLints/dict_16_192_64_0p5_0p02_0034_0009" 5876
"/Engine/EngineMaterials/Substrate/GLints/dict_16_192_64_0p5_0p02_0034_0012" 5877
"/Engine/EngineMaterials/Substrate/GLints/dict_16_192_64_0p5_0p02_0034_0010" 5878
"/Engine/EngineMaterials/Substrate/GLints/dict_16_192_64_0p5_0p02_0034_0011" 5879
"/Engine/EngineMaterials/Substrate/GLints/dict_16_192_64_0p5_0p02_0034_0015" 5880
"../../../Engine/Content/EngineMaterials/Substrate/GLints/dict_16_192_64_0p5_0p02_0033_0015.uasset" 5881
"../../../Engine/Content/EngineMaterials/Substrate/GLints/dict_16_192_64_0p5_0p02_0034_0001.uasset" 5882
"/Engine/EngineMaterials/Substrate/GLints/dict_16_192_64_0p5_0p02_0034_0007" 5883
"../../../Engine/Content/EngineMaterials/Substrate/GLints/dict_16_192_64_0p5_0p02_0033_0013.uasset" 5884
"../../../Engine/Content/EngineMaterials/Substrate/GLints/dict_16_192_64_0p5_0p02_0033_0012.uasset" 5885
"../../../Engine/Content/EngineMaterials/Substrate/GLints/dict_16_192_64_0p5_0p02_0033_0010.uasset" 5886
"../../../Engine/Content/EngineMaterials/Substrate/GLints/dict_16_192_64_0p5_0p02_0033_0009.uasset" 5887
"../../../Engine/Content/EngineMaterials/Substrate/GLints/dict_16_192_64_0p5_0p02_0034_0004.uasset" 5888
"/Engine/EngineMaterials/Substrate/GLints/dict_16_192_64_0p5_0p02_0033_0009" 5889
"/Engine/EngineMaterials/Substrate/GLints/dict_16_192_64_0p5_0p02_0033_0010" 5890
"../../../Engine/Content/EngineMaterials/Substrate/GLints/dict_16_192_64_0p5_0p02_0033_0011.uasset" 5891
"/Engine/EngineMaterials/Substrate/GLints/dict_16_192_64_0p5_0p02_0033_0012" 5892
"/Engine/EngineMaterials/Substrate/GLints/dict_16_192_64_0p5_0p02_0033_0013" 5893
"/Engine/EngineMaterials/Substrate/GLints/dict_16_192_64_0p5_0p02_0033_0015" 5894
"/Engine/EngineMaterials/Substrate/GLints/dict_16_192_64_0p5_0p02_0034_0001" 5895
"../../../Engine/Content/EngineMaterials/Substrate/GLints/dict_16_192_64_0p5_0p02_0033_0014.uasset" 5896
"../../../Engine/Content/EngineMaterials/Substrate/GLints/dict_16_192_64_0p5_0p02_0033_0008.uasset" 5897
"../../../Engine/Content/EngineMaterials/Substrate/GLints/dict_16_192_64_0p5_0p02_0034_0000.uasset" 5898
"/Engine/EngineMaterials/Substrate/GLints/dict_16_192_64_0p5_0p02_0033_0011" 5899
"/Engine/EngineMaterials/Substrate/GLints/dict_16_192_64_0p5_0p02_0033_0014" 5900
"/Engine/EngineMaterials/Substrate/GLints/dict_16_192_64_0p5_0p02_0034_0004" 5901
"/Engine/EngineMaterials/Substrate/GLints/dict_16_192_64_0p5_0p02_0033_0008" 5902
"/Engine/EngineMaterials/Substrate/GLints/dict_16_192_64_0p5_0p02_0034_0000" 5903
"../../../Engine/Content/EngineMaterials/Substrate/GLints/dict_16_192_64_0p5_0p02_0033_0004.uasset" 5904
"../../../Engine/Content/EngineMaterials/Substrate/GLints/dict_16_192_64_0p5_0p02_0033_0003.uasset" 5905
"../../../Engine/Content/EngineMaterials/Substrate/GLints/dict_16_192_64_0p5_0p02_0033_0000.uasset" 5906
"../../../Engine/Content/EngineMaterials/Substrate/GLints/dict_16_192_64_0p5_0p02_0033_0007.uasset" 5907
"../../../Engine/Content/EngineMaterials/Substrate/GLints/dict_16_192_64_0p5_0p02_0033_0002.uasset" 5908
"../../../Engine/Content/EngineMaterials/Substrate/GLints/dict_16_192_64_0p5_0p02_0033_0001.uasset" 5909
"../../../Engine/Content/EngineMaterials/Substrate/GLints/dict_16_192_64_0p5_0p02_0033_0006.uasset" 5910
"../../../Engine/Content/EngineMaterials/Substrate/GLints/dict_16_192_64_0p5_0p02_0032_0013.uasset" 5911
"../../../Engine/Content/EngineMaterials/Substrate/GLints/dict_16_192_64_0p5_0p02_0032_0014.uasset" 5912
"../../../Engine/Content/EngineMaterials/Substrate/GLints/dict_16_192_64_0p5_0p02_0033_0005.uasset" 5913
"../../../Engine/Content/EngineMaterials/Substrate/GLints/dict_16_192_64_0p5_0p02_0032_0015.uasset" 5914
"../../../Engine/Content/EngineMaterials/Substrate/GLints/dict_16_192_64_0p5_0p02_0032_0010.uasset" 5915
"../../../Engine/Content/EngineMaterials/Substrate/GLints/dict_16_192_64_0p5_0p02_0032_0007.uasset" 5916
"../../../Engine/Content/EngineMaterials/Substrate/GLints/dict_16_192_64_0p5_0p02_0032_0011.uasset" 5917
"../../../Engine/Content/EngineMaterials/Substrate/GLints/dict_16_192_64_0p5_0p02_0032_0012.uasset" 5918
"../../../Engine/Content/EngineMaterials/Substrate/GLints/dict_16_192_64_0p5_0p02_0032_0008.uasset" 5919
"../../../Engine/Content/EngineMaterials/Substrate/GLints/dict_16_192_64_0p5_0p02_0032_0006.uasset" 5920
"../../../Engine/Content/EngineMaterials/Substrate/GLints/dict_16_192_64_0p5_0p02_0032_0009.uasset" 5921
"../../../Engine/Content/EngineMaterials/Substrate/GLints/dict_16_192_64_0p5_0p02_0032_0003.uasset" 5922
"../../../Engine/Content/EngineMaterials/Substrate/GLints/dict_16_192_64_0p5_0p02_0032_0005.uasset" 5923
"../../../Engine/Content/EngineMaterials/Substrate/GLints/dict_16_192_64_0p5_0p02_0032_0004.uasset" 5924
"../../../Engine/Content/EngineMaterials/Substrate/GLints/dict_16_192_64_0p5_0p02_0031_0011.uasset" 5925
"../../../Engine/Content/EngineMaterials/Substrate/GLints/dict_16_192_64_0p5_0p02_0032_0001.uasset" 5926
"../../../Engine/Content/EngineMaterials/Substrate/GLints/dict_16_192_64_0p5_0p02_0031_0015.uasset" 5927
"../../../Engine/Content/EngineMaterials/Substrate/GLints/dict_16_192_64_0p5_0p02_0031_0012.uasset" 5928
"../../../Engine/Content/EngineMaterials/Substrate/GLints/dict_16_192_64_0p5_0p02_0031_0014.uasset" 5929
"../../../Engine/Content/EngineMaterials/Substrate/GLints/dict_16_192_64_0p5_0p02_0032_0000.uasset" 5930
"../../../Engine/Content/EngineMaterials/Substrate/GLints/dict_16_192_64_0p5_0p02_0031_0013.uasset" 5931
"../../../Engine/Content/EngineMaterials/Substrate/GLints/dict_16_192_64_0p5_0p02_0032_0002.uasset" 5932
"../../../Engine/Content/EngineMaterials/Substrate/GLints/dict_16_192_64_0p5_0p02_0031_0009.uasset" 5933
"../../../Engine/Content/EngineMaterials/Substrate/GLints/dict_16_192_64_0p5_0p02_0031_0010.uasset" 5934
"../../../Engine/Content/EngineMaterials/Substrate/GLints/dict_16_192_64_0p5_0p02_0031_0008.uasset" 5935
"/Engine/EngineMaterials/Substrate/GLints/dict_16_192_64_0p5_0p02_0032_0014" 5936
"/Engine/EngineMaterials/Substrate/GLints/dict_16_192_64_0p5_0p02_0032_0015" 5937
"/Engine/EngineMaterials/Substrate/GLints/dict_16_192_64_0p5_0p02_0033_0007" 5938
"/Engine/EngineMaterials/Substrate/GLints/dict_16_192_64_0p5_0p02_0031_0008" 5939
"/Engine/EngineMaterials/Substrate/GLints/dict_16_192_64_0p5_0p02_0031_0013" 5940
"/Engine/EngineMaterials/Substrate/GLints/dict_16_192_64_0p5_0p02_0032_0004" 5941
"/Engine/EngineMaterials/Substrate/GLints/dict_16_192_64_0p5_0p02_0032_0005" 5942
"/Engine/EngineMaterials/Substrate/GLints/dict_16_192_64_0p5_0p02_0031_0014" 5943
"/Engine/EngineMaterials/Substrate/GLints/dict_16_192_64_0p5_0p02_0032_0006" 5944
"/Engine/EngineMaterials/Substrate/GLints/dict_16_192_64_0p5_0p02_0032_0007" 5945
"/Engine/EngineMaterials/Substrate/GLints/dict_16_192_64_0p5_0p02_0033_0000" 5946
"/Engine/EngineMaterials/Substrate/GLints/dict_16_192_64_0p5_0p02_0031_0010" 5947
"/Engine/EngineMaterials/Substrate/GLints/dict_16_192_64_0p5_0p02_0031_0015" 5948
"/Engine/EngineMaterials/Substrate/GLints/dict_16_192_64_0p5_0p02_0032_0000" 5949
"/Engine/EngineMaterials/Substrate/GLints/dict_16_192_64_0p5_0p02_0031_0011" 5950
"/Engine/EngineMaterials/Substrate/GLints/dict_16_192_64_0p5_0p02_0032_0001" 5951
"/Engine/EngineMaterials/Substrate/GLints/dict_16_192_64_0p5_0p02_0031_0009" 5952
"/Engine/EngineMaterials/Substrate/GLints/dict_16_192_64_0p5_0p02_0032_0002" 5953
"/Engine/EngineMaterials/Substrate/GLints/dict_16_192_64_0p5_0p02_0032_0003" 5954
"/Engine/EngineMaterials/Substrate/GLints/dict_16_192_64_0p5_0p02_0032_0008" 5955
"/Engine/EngineMaterials/Substrate/GLints/dict_16_192_64_0p5_0p02_0032_0009" 5956
"/Engine/EngineMaterials/Substrate/GLints/dict_16_192_64_0p5_0p02_0032_0010" 5957
"/Engine/EngineMaterials/Substrate/GLints/dict_16_192_64_0p5_0p02_0032_0011" 5958
"/Engine/EngineMaterials/Substrate/GLints/dict_16_192_64_0p5_0p02_0033_0001" 5959
"/Engine/EngineMaterials/Substrate/GLints/dict_16_192_64_0p5_0p02_0032_0012" 5960
"/Engine/EngineMaterials/Substrate/GLints/dict_16_192_64_0p5_0p02_0033_0002" 5961
"/Engine/EngineMaterials/Substrate/GLints/dict_16_192_64_0p5_0p02_0032_0013" 5962
"/Engine/EngineMaterials/Substrate/GLints/dict_16_192_64_0p5_0p02_0033_0003" 5963
"/Engine/EngineMaterials/Substrate/GLints/dict_16_192_64_0p5_0p02_0033_0004" 5964
"/Engine/EngineMaterials/Substrate/GLints/dict_16_192_64_0p5_0p02_0033_0005" 5965
"/Engine/EngineMaterials/Substrate/GLints/dict_16_192_64_0p5_0p02_0033_0006" 5966
"/Engine/EngineMaterials/Substrate/GLints/dict_16_192_64_0p5_0p02_0031_0012" 5967
"../../../Engine/Content/EngineMaterials/Substrate/GLints/dict_16_192_64_0p5_0p02_0031_0003.uasset" 5968
"../../../Engine/Content/EngineMaterials/Substrate/GLints/dict_16_192_64_0p5_0p02_0031_0005.uasset" 5969
"../../../Engine/Content/EngineMaterials/Substrate/GLints/dict_16_192_64_0p5_0p02_0031_0000.uasset" 5970
"../../../Engine/Content/EngineMaterials/Substrate/GLints/dict_16_192_64_0p5_0p02_0031_0006.uasset" 5971
"../../../Engine/Content/EngineMaterials/Substrate/GLints/dict_16_192_64_0p5_0p02_0031_0007.uasset" 5972
"../../../Engine/Content/EngineMaterials/Substrate/GLints/dict_16_192_64_0p5_0p02_0031_0002.uasset" 5973
"../../../Engine/Content/EngineMaterials/Substrate/GLints/dict_16_192_64_0p5_0p02_0031_0001.uasset" 5974
"../../../Engine/Content/EngineMaterials/Substrate/GLints/dict_16_192_64_0p5_0p02_0030_0015.uasset" 5975
"../../../Engine/Content/EngineMaterials/Substrate/GLints/dict_16_192_64_0p5_0p02_0031_0004.uasset" 5976
"../../../Engine/Content/EngineMaterials/Substrate/GLints/dict_16_192_64_0p5_0p02_0030_0014.uasset" 5977
"/Engine/EngineMaterials/Substrate/GLints/dict_16_192_64_0p5_0p02_0030_0014" 5978
"/Engine/EngineMaterials/Substrate/GLints/dict_16_192_64_0p5_0p02_0030_0015" 5979
"/Engine/EngineMaterials/Substrate/GLints/dict_16_192_64_0p5_0p02_0031_0000" 5980
"/Engine/EngineMaterials/Substrate/GLints/dict_16_192_64_0p5_0p02_0031_0001" 5981
"/Engine/EngineMaterials/Substrate/GLints/dict_16_192_64_0p5_0p02_0031_0002" 5982
"/Engine/EngineMaterials/Substrate/GLints/dict_16_192_64_0p5_0p02_0031_0003" 5983
"/Engine/EngineMaterials/Substrate/GLints/dict_16_192_64_0p5_0p02_0031_0004" 5984
"/Engine/EngineMaterials/Substrate/GLints/dict_16_192_64_0p5_0p02_0031_0005" 5985
"../../../Engine/Content/EngineMaterials/Substrate/GLints/dict_16_192_64_0p5_0p02_0030_0004.uasset" 5986
"../../../Engine/Content/EngineMaterials/Substrate/GLints/dict_16_192_64_0p5_0p02_0030_0007.uasset" 5987
"../../../Engine/Content/EngineMaterials/Substrate/GLints/dict_16_192_64_0p5_0p02_0030_0008.uasset" 5988
"/Engine/EngineMaterials/Substrate/GLints/dict_16_192_64_0p5_0p02_0031_0006" 5989
"../../../Engine/Content/EngineMaterials/Substrate/GLints/dict_16_192_64_0p5_0p02_0030_0009.uasset" 5990
"/Engine/EngineMaterials/Substrate/GLints/dict_16_192_64_0p5_0p02_0031_0007" 5991
"/Engine/EngineMaterials/Substrate/GLints/dict_16_192_64_0p5_0p02_0030_0004" 5992
"/Engine/EngineMaterials/Substrate/GLints/dict_16_192_64_0p5_0p02_0030_0007" 5993
"/Engine/EngineMaterials/Substrate/GLints/dict_16_192_64_0p5_0p02_0030_0008" 5994
"../../../Engine/Content/EngineMaterials/Substrate/GLints/dict_16_192_64_0p5_0p02_0030_0006.uasset" 5995
"../../../Engine/Content/EngineMaterials/Substrate/GLints/dict_16_192_64_0p5_0p02_0030_0003.uasset" 5996
"/Engine/EngineMaterials/Substrate/GLints/dict_16_192_64_0p5_0p02_0030_0009" 5997
"../../../Engine/Content/EngineMaterials/Substrate/GLints/dict_16_192_64_0p5_0p02_0030_0001.uasset" 5998
"../../../Engine/Content/EngineMaterials/Substrate/GLints/dict_16_192_64_0p5_0p02_0030_0002.uasset" 5999
"/Engine/EngineMaterials/Substrate/GLints/dict_16_192_64_0p5_0p02_0030_0001" 6000
"/Engine/EngineMaterials/Substrate/GLints/dict_16_192_64_0p5_0p02_0030_0006" 6001
"../../../Engine/Content/EngineMaterials/Substrate/GLints/dict_16_192_64_0p5_0p02_0030_0011.uasset" 6002
"/Engine/EngineMaterials/Substrate/GLints/dict_16_192_64_0p5_0p02_0030_0003" 6003
"../../../Engine/Content/EngineMaterials/Substrate/GLints/dict_16_192_64_0p5_0p02_0030_0005.uasset" 6004
"/Engine/EngineMaterials/Substrate/GLints/dict_16_192_64_0p5_0p02_0030_0011" 6005
"/Engine/EngineMaterials/Substrate/GLints/dict_16_192_64_0p5_0p02_0030_0002" 6006
"/Engine/EngineMaterials/Substrate/GLints/dict_16_192_64_0p5_0p02_0030_0005" 6007
"../../../Engine/Content/EngineMaterials/Substrate/GLints/dict_16_192_64_0p5_0p02_0029_0014.uasset" 6008
"../../../Engine/Content/EngineMaterials/Substrate/GLints/dict_16_192_64_0p5_0p02_0030_0010.uasset" 6009
"../../../Engine/Content/EngineMaterials/Substrate/GLints/dict_16_192_64_0p5_0p02_0029_0013.uasset" 6010
"../../../Engine/Content/EngineMaterials/Substrate/GLints/dict_16_192_64_0p5_0p02_0030_0012.uasset" 6011
"../../../Engine/Content/EngineMaterials/Substrate/GLints/dict_16_192_64_0p5_0p02_0029_0015.uasset" 6012
"../../../Engine/Content/EngineMaterials/Substrate/GLints/dict_16_192_64_0p5_0p02_0030_0013.uasset" 6013
"../../../Engine/Content/EngineMaterials/Substrate/GLints/dict_16_192_64_0p5_0p02_0030_0000.uasset" 6014
"/Engine/EngineMaterials/Substrate/GLints/dict_16_192_64_0p5_0p02_0029_0013" 6015
"/Engine/EngineMaterials/Substrate/GLints/dict_16_192_64_0p5_0p02_0029_0014" 6016
"/Engine/EngineMaterials/Substrate/GLints/dict_16_192_64_0p5_0p02_0029_0015" 6017
"../../../Engine/Content/EngineMaterials/Substrate/GLints/dict_16_192_64_0p5_0p02_0029_0011.uasset" 6018
"/Engine/EngineMaterials/Substrate/GLints/dict_16_192_64_0p5_0p02_0030_0000" 6019
"../../../Engine/Content/EngineMaterials/Substrate/GLints/dict_16_192_64_0p5_0p02_0029_0012.uasset" 6020
"../../../Engine/Content/EngineMaterials/Substrate/GLints/dict_16_192_64_0p5_0p02_0029_0003.uasset" 6021
"../../../Engine/Content/EngineMaterials/Substrate/GLints/dict_16_192_64_0p5_0p02_0029_0005.uasset" 6022
"../../../Engine/Content/EngineMaterials/Substrate/GLints/dict_16_192_64_0p5_0p02_0029_0001.uasset" 6023
"/Engine/EngineMaterials/Substrate/GLints/dict_16_192_64_0p5_0p02_0030_0010" 6024
"../../../Engine/Content/EngineMaterials/Substrate/GLints/dict_16_192_64_0p5_0p02_0029_0007.uasset" 6025
"../../../Engine/Content/EngineMaterials/Substrate/GLints/dict_16_192_64_0p5_0p02_0029_0002.uasset" 6026
"../../../Engine/Content/EngineMaterials/Substrate/GLints/dict_16_192_64_0p5_0p02_0029_0004.uasset" 6027
"/Engine/EngineMaterials/Substrate/GLints/dict_16_192_64_0p5_0p02_0030_0012" 6028
"../../../Engine/Content/EngineMaterials/Substrate/GLints/dict_16_192_64_0p5_0p02_0029_0009.uasset" 6029
"../../../Engine/Content/EngineMaterials/Substrate/GLints/dict_16_192_64_0p5_0p02_0028_0015.uasset" 6030
"../../../Engine/Content/EngineMaterials/Substrate/GLints/dict_16_192_64_0p5_0p02_0029_0000.uasset" 6031
"../../../Engine/Content/EngineMaterials/Substrate/GLints/dict_16_192_64_0p5_0p02_0029_0006.uasset" 6032
"/Engine/EngineMaterials/Substrate/GLints/dict_16_192_64_0p5_0p02_0030_0013" 6033
"../../../Engine/Content/EngineMaterials/Substrate/GLints/dict_16_192_64_0p5_0p02_0029_0010.uasset" 6034
"../../../Engine/Content/EngineMaterials/Substrate/GLints/dict_16_192_64_0p5_0p02_0029_0008.uasset" 6035
"/Engine/EngineMaterials/Substrate/GLints/dict_16_192_64_0p5_0p02_0029_0009" 6036
"/Engine/EngineMaterials/Substrate/GLints/dict_16_192_64_0p5_0p02_0029_0011" 6037
"/Engine/EngineMaterials/Substrate/GLints/dict_16_192_64_0p5_0p02_0029_0012" 6038
"/Engine/EngineMaterials/Substrate/GLints/dict_16_192_64_0p5_0p02_0029_0000" 6039
"/Engine/EngineMaterials/Substrate/GLints/dict_16_192_64_0p5_0p02_0029_0001" 6040
"/Engine/EngineMaterials/Substrate/GLints/dict_16_192_64_0p5_0p02_0029_0002" 6041
"/Engine/EngineMaterials/Substrate/GLints/dict_16_192_64_0p5_0p02_0029_0003" 6042
"/Engine/EngineMaterials/Substrate/GLints/dict_16_192_64_0p5_0p02_0029_0004" 6043
"/Engine/EngineMaterials/Substrate/GLints/dict_16_192_64_0p5_0p02_0029_0005" 6044
"../../../Engine/Content/EngineMaterials/Substrate/GLints/dict_16_192_64_0p5_0p02_0028_0014.uasset" 6045
"../../../Engine/Content/EngineMaterials/Substrate/GLints/dict_16_192_64_0p5_0p02_0028_0013.uasset" 6046
"../../../Engine/Content/EngineMaterials/Substrate/GLints/dict_16_192_64_0p5_0p02_0028_0012.uasset" 6047
"/Engine/EngineMaterials/Substrate/GLints/dict_16_192_64_0p5_0p02_0029_0006" 6048
"/Engine/EngineMaterials/Substrate/GLints/dict_16_192_64_0p5_0p02_0029_0007" 6049
"../../../Engine/Content/EngineMaterials/Substrate/GLints/dict_16_192_64_0p5_0p02_0028_0010.uasset" 6050
"../../../Engine/Content/EngineMaterials/Substrate/GLints/dict_16_192_64_0p5_0p02_0028_0011.uasset" 6051
"/Engine/EngineMaterials/Substrate/GLints/dict_16_192_64_0p5_0p02_0029_0008" 6052
"/Engine/EngineMaterials/Substrate/GLints/dict_16_192_64_0p5_0p02_0029_0010" 6053
"/Engine/EngineMaterials/Substrate/GLints/dict_16_192_64_0p5_0p02_0028_0010" 6054
"/Engine/EngineMaterials/Substrate/GLints/dict_16_192_64_0p5_0p02_0028_0012" 6055
"/Engine/EngineMaterials/Substrate/GLints/dict_16_192_64_0p5_0p02_0028_0013" 6056
"/Engine/EngineMaterials/Substrate/GLints/dict_16_192_64_0p5_0p02_0028_0014" 6057
"../../../Engine/Content/EngineMaterials/Substrate/GLints/dict_16_192_64_0p5_0p02_0028_0009.uasset" 6058
"/Engine/EngineMaterials/Substrate/GLints/dict_16_192_64_0p5_0p02_0028_0015" 6059
"../../../Engine/Content/EngineMaterials/Substrate/GLints/dict_16_192_64_0p5_0p02_0028_0008.uasset" 6060
"/Engine/EngineMaterials/Substrate/GLints/dict_16_192_64_0p5_0p02_0028_0008" 6061
"../../../Engine/Content/EngineMaterials/Substrate/GLints/dict_16_192_64_0p5_0p02_0028_0005.uasset" 6062
"/Engine/EngineMaterials/Substrate/GLints/dict_16_192_64_0p5_0p02_0028_0009" 6063
"/Engine/EngineMaterials/Substrate/GLints/dict_16_192_64_0p5_0p02_0028_0011" 6064
"/Engine/EngineMaterials/Substrate/GLints/dict_16_192_64_0p5_0p02_0028_0005" 6065
"../../../Engine/Content/EngineMaterials/Substrate/GLints/dict_16_192_64_0p5_0p02_0028_0004.uasset" 6066
"../../../Engine/Content/EngineMaterials/Substrate/GLints/dict_16_192_64_0p5_0p02_0028_0000.uasset" 6067
"../../../Engine/Content/EngineMaterials/Substrate/GLints/dict_16_192_64_0p5_0p02_0028_0001.uasset" 6068
"../../../Engine/Content/EngineMaterials/Substrate/GLints/dict_16_192_64_0p5_0p02_0027_0013.uasset" 6069
"../../../Engine/Content/EngineMaterials/Substrate/GLints/dict_16_192_64_0p5_0p02_0028_0007.uasset" 6070
"../../../Engine/Content/EngineMaterials/Substrate/GLints/dict_16_192_64_0p5_0p02_0027_0015.uasset" 6071
"../../../Engine/Content/EngineMaterials/Substrate/GLints/dict_16_192_64_0p5_0p02_0028_0006.uasset" 6072
"../../../Engine/Content/EngineMaterials/Substrate/GLints/dict_16_192_64_0p5_0p02_0027_0011.uasset" 6073
"../../../Engine/Content/EngineMaterials/Substrate/GLints/dict_16_192_64_0p5_0p02_0028_0002.uasset" 6074
"../../../Engine/Content/EngineMaterials/Substrate/GLints/dict_16_192_64_0p5_0p02_0027_0014.uasset" 6075
"../../../Engine/Content/EngineMaterials/Substrate/GLints/dict_16_192_64_0p5_0p02_0027_0009.uasset" 6076
"../../../Engine/Content/EngineMaterials/Substrate/GLints/dict_16_192_64_0p5_0p02_0027_0010.uasset" 6077
"../../../Engine/Content/EngineMaterials/Substrate/GLints/dict_16_192_64_0p5_0p02_0027_0012.uasset" 6078
"../../../Engine/Content/EngineMaterials/Substrate/GLints/dict_16_192_64_0p5_0p02_0027_0008.uasset" 6079
"../../../Engine/Content/EngineMaterials/Substrate/GLints/dict_16_192_64_0p5_0p02_0027_0007.uasset" 6080
"../../../Engine/Content/EngineMaterials/Substrate/GLints/dict_16_192_64_0p5_0p02_0027_0005.uasset" 6081
"../../../Engine/Content/EngineMaterials/Substrate/GLints/dict_16_192_64_0p5_0p02_0027_0006.uasset" 6082
"../../../Engine/Content/EngineMaterials/Substrate/GLints/dict_16_192_64_0p5_0p02_0027_0003.uasset" 6083
"../../../Engine/Content/EngineMaterials/Substrate/GLints/dict_16_192_64_0p5_0p02_0027_0001.uasset" 6084
"/Engine/EngineMaterials/Substrate/GLints/dict_16_192_64_0p5_0p02_0027_0003" 6085
"/Engine/EngineMaterials/Substrate/GLints/dict_16_192_64_0p5_0p02_0027_0013" 6086
"../../../Engine/Content/EngineMaterials/Substrate/GLints/dict_16_192_64_0p5_0p02_0026_0013.uasset" 6087
"../../../Engine/Content/EngineMaterials/Substrate/GLints/dict_16_192_64_0p5_0p02_0027_0002.uasset" 6088
"../../../Engine/Content/EngineMaterials/Substrate/GLints/dict_16_192_64_0p5_0p02_0027_0000.uasset" 6089
"../../../Engine/Content/EngineMaterials/Substrate/GLints/dict_16_192_64_0p5_0p02_0027_0004.uasset" 6090
"/Engine/EngineMaterials/Substrate/GLints/dict_16_192_64_0p5_0p02_0027_0014" 6091
"../../../Engine/Content/EngineMaterials/Substrate/GLints/dict_16_192_64_0p5_0p02_0026_0014.uasset" 6092
"/Engine/EngineMaterials/Substrate/GLints/dict_16_192_64_0p5_0p02_0027_0015" 6093
"/Engine/EngineMaterials/Substrate/GLints/dict_16_192_64_0p5_0p02_0028_0000" 6094
"/Engine/EngineMaterials/Substrate/GLints/dict_16_192_64_0p5_0p02_0028_0004" 6095
"../../../Engine/Content/EngineMaterials/Substrate/GLints/dict_16_192_64_0p5_0p02_0026_0015.uasset" 6096
"../../../Engine/Content/EngineMaterials/Substrate/GLints/dict_16_192_64_0p5_0p02_0028_0003.uasset" 6097
"/Engine/EngineMaterials/Substrate/GLints/dict_16_192_64_0p5_0p02_0028_0006" 6098
"/Engine/EngineMaterials/Substrate/GLints/dict_16_192_64_0p5_0p02_0028_0001" 6099
"/Engine/EngineMaterials/Substrate/GLints/dict_16_192_64_0p5_0p02_0028_0007" 6100
"/Engine/EngineMaterials/Substrate/GLints/dict_16_192_64_0p5_0p02_0028_0002" 6101
"/Engine/EngineMaterials/Substrate/GLints/dict_16_192_64_0p5_0p02_0027_0001" 6102
"/Engine/EngineMaterials/Substrate/GLints/dict_16_192_64_0p5_0p02_0027_0005" 6103
"/Engine/EngineMaterials/Substrate/GLints/dict_16_192_64_0p5_0p02_0027_0006" 6104
"/Engine/EngineMaterials/Substrate/GLints/dict_16_192_64_0p5_0p02_0027_0007" 6105
"/Engine/EngineMaterials/Substrate/GLints/dict_16_192_64_0p5_0p02_0027_0008" 6106
"../../../Engine/Content/EngineMaterials/Substrate/GLints/dict_16_192_64_0p5_0p02_0026_0010.uasset" 6107
"../../../Engine/Content/EngineMaterials/Substrate/GLints/dict_16_192_64_0p5_0p02_0026_0007.uasset" 6108
"../../../Engine/Content/EngineMaterials/Substrate/GLints/dict_16_192_64_0p5_0p02_0026_0008.uasset" 6109
"../../../Engine/Content/EngineMaterials/Substrate/GLints/dict_16_192_64_0p5_0p02_0026_0009.uasset" 6110
"/Engine/EngineMaterials/Substrate/GLints/dict_16_192_64_0p5_0p02_0027_0009" 6111
"../../../Engine/Content/EngineMaterials/Substrate/GLints/dict_16_192_64_0p5_0p02_0026_0011.uasset" 6112
"../../../Engine/Content/EngineMaterials/Substrate/GLints/dict_16_192_64_0p5_0p02_0026_0012.uasset" 6113
"/Engine/EngineMaterials/Substrate/GLints/dict_16_192_64_0p5_0p02_0027_0010" 6114
"/Engine/EngineMaterials/Substrate/GLints/dict_16_192_64_0p5_0p02_0027_0011" 6115
"/Engine/EngineMaterials/Substrate/GLints/dict_16_192_64_0p5_0p02_0027_0012" 6116
"/Engine/EngineMaterials/Substrate/GLints/dict_16_192_64_0p5_0p02_0026_0011" 6117
"/Engine/EngineMaterials/Substrate/GLints/dict_16_192_64_0p5_0p02_0027_0002" 6118
"/Engine/EngineMaterials/Substrate/GLints/dict_16_192_64_0p5_0p02_0026_0012" 6119
"/Engine/EngineMaterials/Substrate/GLints/dict_16_192_64_0p5_0p02_0027_0004" 6120
"/Engine/EngineMaterials/Substrate/GLints/dict_16_192_64_0p5_0p02_0026_0008" 6121
"/Engine/EngineMaterials/Substrate/GLints/dict_16_192_64_0p5_0p02_0026_0013" 6122
"/Engine/EngineMaterials/Substrate/GLints/dict_16_192_64_0p5_0p02_0026_0007" 6123
"/Engine/EngineMaterials/Substrate/GLints/dict_16_192_64_0p5_0p02_0026_0009" 6124
"/Engine/EngineMaterials/Substrate/GLints/dict_16_192_64_0p5_0p02_0026_0010" 6125
"/Engine/EngineMaterials/Substrate/GLints/dict_16_192_64_0p5_0p02_0026_0014" 6126
"/Engine/EngineMaterials/Substrate/GLints/dict_16_192_64_0p5_0p02_0026_0015" 6127
"/Engine/EngineMaterials/Substrate/GLints/dict_16_192_64_0p5_0p02_0028_0003" 6128
"/Engine/EngineMaterials/Substrate/GLints/dict_16_192_64_0p5_0p02_0027_0000" 6129
"../../../Engine/Content/EngineMaterials/Substrate/GLints/dict_16_192_64_0p5_0p02_0025_0014.uasset" 6130
"../../../Engine/Content/EngineMaterials/Substrate/GLints/dict_16_192_64_0p5_0p02_0026_0001.uasset" 6131
"../../../Engine/Content/EngineMaterials/Substrate/GLints/dict_16_192_64_0p5_0p02_0026_0003.uasset" 6132
"../../../Engine/Content/EngineMaterials/Substrate/GLints/dict_16_192_64_0p5_0p02_0026_0005.uasset" 6133
"../../../Engine/Content/EngineMaterials/Substrate/GLints/dict_16_192_64_0p5_0p02_0026_0006.uasset" 6134
"../../../Engine/Content/EngineMaterials/Substrate/GLints/dict_16_192_64_0p5_0p02_0025_0010.uasset" 6135
"../../../Engine/Content/EngineMaterials/Substrate/GLints/dict_16_192_64_0p5_0p02_0025_0011.uasset" 6136
"../../../Engine/Content/EngineMaterials/Substrate/GLints/dict_16_192_64_0p5_0p02_0025_0012.uasset" 6137
"../../../Engine/Content/EngineMaterials/Substrate/GLints/dict_16_192_64_0p5_0p02_0025_0013.uasset" 6138
"../../../Engine/Content/EngineMaterials/Substrate/GLints/dict_16_192_64_0p5_0p02_0026_0004.uasset" 6139
"../../../Engine/Content/EngineMaterials/Substrate/GLints/dict_16_192_64_0p5_0p02_0025_0015.uasset" 6140
"../../../Engine/Content/EngineMaterials/Substrate/GLints/dict_16_192_64_0p5_0p02_0026_0000.uasset" 6141
"/Engine/EngineMaterials/Substrate/GLints/dict_16_192_64_0p5_0p02_0025_0010" 6142
"../../../Engine/Content/EngineMaterials/Substrate/GLints/dict_16_192_64_0p5_0p02_0026_0002.uasset" 6143
"/Engine/EngineMaterials/Substrate/GLints/dict_16_192_64_0p5_0p02_0025_0011" 6144
"../../../Engine/Content/EngineMaterials/Substrate/GLints/dict_16_192_64_0p5_0p02_0025_0006.uasset" 6145
"../../../Engine/Content/EngineMaterials/Substrate/GLints/dict_16_192_64_0p5_0p02_0025_0008.uasset" 6146
"../../../Engine/Content/EngineMaterials/Substrate/GLints/dict_16_192_64_0p5_0p02_0025_0001.uasset" 6147
"../../../Engine/Content/EngineMaterials/Substrate/GLints/dict_16_192_64_0p5_0p02_0024_0015.uasset" 6148
"../../../Engine/Content/EngineMaterials/Substrate/GLints/dict_16_192_64_0p5_0p02_0025_0009.uasset" 6149
"../../../Engine/Content/EngineMaterials/Substrate/GLints/dict_16_192_64_0p5_0p02_0025_0000.uasset" 6150
"../../../Engine/Content/EngineMaterials/Substrate/GLints/dict_16_192_64_0p5_0p02_0025_0007.uasset" 6151
"../../../Engine/Content/EngineMaterials/Substrate/GLints/dict_16_192_64_0p5_0p02_0025_0002.uasset" 6152
"../../../Engine/Content/EngineMaterials/Substrate/GLints/dict_16_192_64_0p5_0p02_0024_0014.uasset" 6153
"/Engine/EngineMaterials/Substrate/GLints/dict_16_192_64_0p5_0p02_0025_0012" 6154
"../../../Engine/Content/EngineMaterials/Substrate/GLints/dict_16_192_64_0p5_0p02_0025_0003.uasset" 6155
"../../../Engine/Content/EngineMaterials/Substrate/GLints/dict_16_192_64_0p5_0p02_0025_0005.uasset" 6156
"/Engine/EngineMaterials/Substrate/GLints/dict_16_192_64_0p5_0p02_0025_0013" 6157
"/Engine/EngineMaterials/Substrate/GLints/dict_16_192_64_0p5_0p02_0025_0014" 6158
"/Engine/EngineMaterials/Substrate/GLints/dict_16_192_64_0p5_0p02_0025_0015" 6159
"/Engine/EngineMaterials/Substrate/GLints/dict_16_192_64_0p5_0p02_0026_0000" 6160
"../../../Engine/Content/EngineMaterials/Substrate/GLints/dict_16_192_64_0p5_0p02_0025_0004.uasset" 6161
"/Engine/EngineMaterials/Substrate/GLints/dict_16_192_64_0p5_0p02_0026_0001" 6162
"/Engine/EngineMaterials/Substrate/GLints/dict_16_192_64_0p5_0p02_0026_0003" 6163
"/Engine/EngineMaterials/Substrate/GLints/dict_16_192_64_0p5_0p02_0026_0004" 6164
"/Engine/EngineMaterials/Substrate/GLints/dict_16_192_64_0p5_0p02_0026_0005" 6165
"/Engine/EngineMaterials/Substrate/GLints/dict_16_192_64_0p5_0p02_0026_0006" 6166
"/Engine/EngineMaterials/Substrate/GLints/dict_16_192_64_0p5_0p02_0025_0004" 6167
"/Engine/EngineMaterials/Substrate/GLints/dict_16_192_64_0p5_0p02_0025_0005" 6168
"../../../Engine/Content/EngineMaterials/Substrate/GLints/dict_16_192_64_0p5_0p02_0024_0008.uasset" 6169
"../../../Engine/Content/EngineMaterials/Substrate/GLints/dict_16_192_64_0p5_0p02_0024_0007.uasset" 6170
"../../../Engine/Content/EngineMaterials/Substrate/GLints/dict_16_192_64_0p5_0p02_0024_0011.uasset" 6171
"../../../Engine/Content/EngineMaterials/Substrate/GLints/dict_16_192_64_0p5_0p02_0024_0009.uasset" 6172
"../../../Engine/Content/EngineMaterials/Substrate/GLints/dict_16_192_64_0p5_0p02_0024_0010.uasset" 6173
"/Engine/EngineMaterials/Substrate/GLints/dict_16_192_64_0p5_0p02_0025_0006" 6174
"/Engine/EngineMaterials/Substrate/GLints/dict_16_192_64_0p5_0p02_0025_0007" 6175
"/Engine/EngineMaterials/Substrate/GLints/dict_16_192_64_0p5_0p02_0025_0008" 6176
"/Engine/EngineMaterials/Substrate/GLints/dict_16_192_64_0p5_0p02_0025_0009" 6177
"/Engine/EngineMaterials/Substrate/GLints/dict_16_192_64_0p5_0p02_0024_0014" 6178
"/Engine/EngineMaterials/Substrate/GLints/dict_16_192_64_0p5_0p02_0024_0015" 6179
"/Engine/EngineMaterials/Substrate/GLints/dict_16_192_64_0p5_0p02_0025_0000" 6180
"/Engine/EngineMaterials/Substrate/GLints/dict_16_192_64_0p5_0p02_0025_0001" 6181
"/Engine/EngineMaterials/Substrate/GLints/dict_16_192_64_0p5_0p02_0025_0002" 6182
"/Engine/EngineMaterials/Substrate/GLints/dict_16_192_64_0p5_0p02_0025_0003" 6183
"/Engine/EngineMaterials/Substrate/GLints/dict_16_192_64_0p5_0p02_0026_0002" 6184
"/Engine/EngineMaterials/Substrate/GLints/dict_16_192_64_0p5_0p02_0024_0007" 6185
"/Engine/EngineMaterials/Substrate/GLints/dict_16_192_64_0p5_0p02_0024_0008" 6186
"../../../Engine/Content/EngineMaterials/Substrate/GLints/dict_16_192_64_0p5_0p02_0024_0013.uasset" 6187
"/Engine/EngineMaterials/Substrate/GLints/dict_16_192_64_0p5_0p02_0024_0009" 6188
"../../../Engine/Content/EngineMaterials/Substrate/GLints/dict_16_192_64_0p5_0p02_0024_0005.uasset" 6189
"../../../Engine/Content/EngineMaterials/Substrate/GLints/dict_16_192_64_0p5_0p02_0024_0001.uasset" 6190
"../../../Engine/Content/EngineMaterials/Substrate/GLints/dict_16_192_64_0p5_0p02_0023_0014.uasset" 6191
"../../../Engine/Content/EngineMaterials/Substrate/GLints/dict_16_192_64_0p5_0p02_0023_0015.uasset" 6192
"../../../Engine/Content/EngineMaterials/Substrate/GLints/dict_16_192_64_0p5_0p02_0024_0003.uasset" 6193
"../../../Engine/Content/EngineMaterials/Substrate/GLints/dict_16_192_64_0p5_0p02_0024_0004.uasset" 6194
"../../../Engine/Content/EngineMaterials/Substrate/GLints/dict_16_192_64_0p5_0p02_0024_0002.uasset" 6195
"../../../Engine/Content/EngineMaterials/Substrate/GLints/dict_16_192_64_0p5_0p02_0024_0012.uasset" 6196
"/Engine/EngineMaterials/Substrate/GLints/dict_16_192_64_0p5_0p02_0024_0010" 6197
"/Engine/EngineMaterials/Substrate/GLints/dict_16_192_64_0p5_0p02_0024_0011" 6198
"/Engine/EngineMaterials/Substrate/GLints/dict_16_192_64_0p5_0p02_0024_0012" 6199
"/Engine/EngineMaterials/Substrate/GLints/dict_16_192_64_0p5_0p02_0023_0014" 6200
"/Engine/EngineMaterials/Substrate/GLints/dict_16_192_64_0p5_0p02_0023_0015" 6201
"/Engine/EngineMaterials/Substrate/GLints/dict_16_192_64_0p5_0p02_0024_0001" 6202
"/Engine/EngineMaterials/Substrate/GLints/dict_16_192_64_0p5_0p02_0024_0002" 6203
"/Engine/EngineMaterials/Substrate/GLints/dict_16_192_64_0p5_0p02_0024_0003" 6204
"/Engine/EngineMaterials/Substrate/GLints/dict_16_192_64_0p5_0p02_0024_0004" 6205
"/Engine/EngineMaterials/Substrate/GLints/dict_16_192_64_0p5_0p02_0024_0005" 6206
"/Engine/EngineMaterials/Substrate/GLints/dict_16_192_64_0p5_0p02_0024_0013" 6207
"../../../Engine/Content/EngineMaterials/Substrate/GLints/dict_16_192_64_0p5_0p02_0023_0007.uasset" 6208
"../../../Engine/Content/EngineMaterials/Substrate/GLints/dict_16_192_64_0p5_0p02_0023_0011.uasset" 6209
"../../../Engine/Content/EngineMaterials/Substrate/GLints/dict_16_192_64_0p5_0p02_0023_0009.uasset" 6210
"../../../Engine/Content/EngineMaterials/Substrate/GLints/dict_16_192_64_0p5_0p02_0023_0008.uasset" 6211
"../../../Engine/Content/EngineMaterials/Substrate/GLints/dict_16_192_64_0p5_0p02_0024_0006.uasset" 6212
"../../../Engine/Content/EngineMaterials/Substrate/GLints/dict_16_192_64_0p5_0p02_0023_0012.uasset" 6213
"../../../Engine/Content/EngineMaterials/Substrate/GLints/dict_16_192_64_0p5_0p02_0023_0010.uasset" 6214
"../../../Engine/Content/EngineMaterials/Substrate/GLints/dict_16_192_64_0p5_0p02_0023_0004.uasset" 6215
"../../../Engine/Content/EngineMaterials/Substrate/GLints/dict_16_192_64_0p5_0p02_0024_0000.uasset" 6216
"../../../Engine/Content/EngineMaterials/Substrate/GLints/dict_16_192_64_0p5_0p02_0023_0013.uasset" 6217
"../../../Engine/Content/EngineMaterials/Substrate/GLints/dict_16_192_64_0p5_0p02_0023_0005.uasset" 6218
"../../../Engine/Content/EngineMaterials/Substrate/GLints/dict_16_192_64_0p5_0p02_0023_0006.uasset" 6219
"/Engine/EngineMaterials/Substrate/GLints/dict_16_192_64_0p5_0p02_0023_0011" 6220
"/Engine/EngineMaterials/Substrate/GLints/dict_16_192_64_0p5_0p02_0023_0004" 6221
"/Engine/EngineMaterials/Substrate/GLints/dict_16_192_64_0p5_0p02_0023_0005" 6222
"/Engine/EngineMaterials/Substrate/GLints/dict_16_192_64_0p5_0p02_0023_0006" 6223
"/Engine/EngineMaterials/Substrate/GLints/dict_16_192_64_0p5_0p02_0023_0007" 6224
"/Engine/EngineMaterials/Substrate/GLints/dict_16_192_64_0p5_0p02_0023_0012" 6225
"../../../Engine/Content/EngineMaterials/Substrate/GLints/dict_16_192_64_0p5_0p02_0023_0000.uasset" 6226
"/Engine/EngineMaterials/Substrate/GLints/dict_16_192_64_0p5_0p02_0023_0013" 6227
"../../../Engine/Content/EngineMaterials/Substrate/GLints/dict_16_192_64_0p5_0p02_0023_0001.uasset" 6228
"../../../Engine/Content/EngineMaterials/Substrate/GLints/dict_16_192_64_0p5_0p02_0023_0002.uasset" 6229
"/Engine/EngineMaterials/Substrate/GLints/dict_16_192_64_0p5_0p02_0023_0008" 6230
"../../../Engine/Content/EngineMaterials/Substrate/GLints/dict_16_192_64_0p5_0p02_0022_0012.uasset" 6231
"/Engine/EngineMaterials/Substrate/GLints/dict_16_192_64_0p5_0p02_0023_0009" 6232
"../../../Engine/Content/EngineMaterials/Substrate/GLints/dict_16_192_64_0p5_0p02_0022_0015.uasset" 6233
"../../../Engine/Content/EngineMaterials/Substrate/GLints/dict_16_192_64_0p5_0p02_0022_0008.uasset" 6234
"../../../Engine/Content/EngineMaterials/Substrate/GLints/dict_16_192_64_0p5_0p02_0022_0013.uasset" 6235
"/Engine/EngineMaterials/Substrate/GLints/dict_16_192_64_0p5_0p02_0024_0000" 6236
"../../../Engine/Content/EngineMaterials/Substrate/GLints/dict_16_192_64_0p5_0p02_0022_0014.uasset" 6237
"../../../Engine/Content/EngineMaterials/Substrate/GLints/dict_16_192_64_0p5_0p02_0022_0011.uasset" 6238
"../../../Engine/Content/EngineMaterials/Substrate/GLints/dict_16_192_64_0p5_0p02_0022_0010.uasset" 6239
"../../../Engine/Content/EngineMaterials/Substrate/GLints/dict_16_192_64_0p5_0p02_0023_0003.uasset" 6240
"/Engine/EngineMaterials/Substrate/GLints/dict_16_192_64_0p5_0p02_0023_0010" 6241
"/Engine/EngineMaterials/Substrate/GLints/dict_16_192_64_0p5_0p02_0024_0006" 6242
"/Engine/EngineMaterials/Substrate/GLints/dict_16_192_64_0p5_0p02_0022_0010" 6243
"/Engine/EngineMaterials/Substrate/GLints/dict_16_192_64_0p5_0p02_0022_0011" 6244
"/Engine/EngineMaterials/Substrate/GLints/dict_16_192_64_0p5_0p02_0022_0014" 6245
"/Engine/EngineMaterials/Substrate/GLints/dict_16_192_64_0p5_0p02_0022_0012" 6246
"/Engine/EngineMaterials/Substrate/GLints/dict_16_192_64_0p5_0p02_0022_0015" 6247
"/Engine/EngineMaterials/Substrate/GLints/dict_16_192_64_0p5_0p02_0023_0000" 6248
"/Engine/EngineMaterials/Substrate/GLints/dict_16_192_64_0p5_0p02_0023_0001" 6249
"/Engine/EngineMaterials/Substrate/GLints/dict_16_192_64_0p5_0p02_0023_0002" 6250
"../../../Engine/Content/EngineMaterials/Substrate/GLints/dict_16_192_64_0p5_0p02_0022_0007.uasset" 6251
"/Engine/EngineMaterials/Substrate/GLints/dict_16_192_64_0p5_0p02_0022_0013" 6252
"/Engine/EngineMaterials/Substrate/GLints/dict_16_192_64_0p5_0p02_0023_0003" 6253
"/Engine/EngineMaterials/Substrate/GLints/dict_16_192_64_0p5_0p02_0022_0008" 6254
"/Engine/EngineMaterials/Substrate/GLints/dict_16_192_64_0p5_0p02_0022_0007" 6255
"../../../Engine/Content/EngineMaterials/Substrate/GLints/dict_16_192_64_0p5_0p02_0022_0005.uasset" 6256
"../../../Engine/Content/EngineMaterials/Substrate/GLints/dict_16_192_64_0p5_0p02_0022_0006.uasset" 6257
"../../../Engine/Content/EngineMaterials/Substrate/GLints/dict_16_192_64_0p5_0p02_0022_0004.uasset" 6258
"../../../Engine/Content/EngineMaterials/Substrate/GLints/dict_16_192_64_0p5_0p02_0022_0003.uasset" 6259
"../../../Engine/Content/EngineMaterials/Substrate/GLints/dict_16_192_64_0p5_0p02_0022_0000.uasset" 6260
"../../../Engine/Content/EngineMaterials/Substrate/GLints/dict_16_192_64_0p5_0p02_0022_0002.uasset" 6261
"../../../Engine/Content/EngineMaterials/Substrate/GLints/dict_16_192_64_0p5_0p02_0021_0014.uasset" 6262
"../../../Engine/Content/EngineMaterials/Substrate/GLints/dict_16_192_64_0p5_0p02_0022_0001.uasset" 6263
"../../../Engine/Content/EngineMaterials/Substrate/GLints/dict_16_192_64_0p5_0p02_0021_0015.uasset" 6264
"../../../Engine/Content/EngineMaterials/Substrate/GLints/dict_16_192_64_0p5_0p02_0021_0013.uasset" 6265
"../../../Engine/Content/EngineMaterials/Substrate/GLints/dict_16_192_64_0p5_0p02_0021_0012.uasset" 6266
"../../../Engine/Content/EngineMaterials/Substrate/GLints/dict_16_192_64_0p5_0p02_0021_0011.uasset" 6267
"../../../Engine/Content/EngineMaterials/Substrate/GLints/dict_16_192_64_0p5_0p02_0022_0009.uasset" 6268
"../../../Engine/Content/EngineMaterials/Substrate/GLints/dict_16_192_64_0p5_0p02_0021_0009.uasset" 6269
"../../../Engine/Content/EngineMaterials/Substrate/GLints/dict_16_192_64_0p5_0p02_0021_0006.uasset" 6270
"../../../Engine/Content/EngineMaterials/Substrate/GLints/dict_16_192_64_0p5_0p02_0021_0004.uasset" 6271
"../../../Engine/Content/EngineMaterials/Substrate/GLints/dict_16_192_64_0p5_0p02_0021_0010.uasset" 6272
"../../../Engine/Content/EngineMaterials/Substrate/GLints/dict_16_192_64_0p5_0p02_0021_0007.uasset" 6273
"../../../Engine/Content/EngineMaterials/Substrate/GLints/dict_16_192_64_0p5_0p02_0021_0008.uasset" 6274
"../../../Engine/Content/EngineMaterials/Substrate/GLints/dict_16_192_64_0p5_0p02_0021_0002.uasset" 6275
"/Engine/EngineMaterials/Substrate/GLints/dict_16_192_64_0p5_0p02_0022_0009" 6276
"/Engine/EngineMaterials/Substrate/GLints/dict_16_192_64_0p5_0p02_0021_0004" 6277
"/Engine/EngineMaterials/Substrate/GLints/dict_16_192_64_0p5_0p02_0022_0001" 6278
"/Engine/EngineMaterials/Substrate/GLints/dict_16_192_64_0p5_0p02_0022_0000" 6279
"/Engine/EngineMaterials/Substrate/GLints/dict_16_192_64_0p5_0p02_0021_0006" 6280
"/Engine/EngineMaterials/Substrate/GLints/dict_16_192_64_0p5_0p02_0021_0007" 6281
"/Engine/EngineMaterials/Substrate/GLints/dict_16_192_64_0p5_0p02_0021_0008" 6282
"../../../Engine/Content/EngineMaterials/Substrate/GLints/dict_16_192_64_0p5_0p02_0021_0000.uasset" 6283
"/Engine/EngineMaterials/Substrate/GLints/dict_16_192_64_0p5_0p02_0021_0009" 6284
"../../../Engine/Content/EngineMaterials/Substrate/GLints/dict_16_192_64_0p5_0p02_0021_0005.uasset" 6285
"../../../Engine/Content/EngineMaterials/Substrate/GLints/dict_16_192_64_0p5_0p02_0021_0003.uasset" 6286
"/Engine/EngineMaterials/Substrate/GLints/dict_16_192_64_0p5_0p02_0021_0010" 6287
"/Engine/EngineMaterials/Substrate/GLints/dict_16_192_64_0p5_0p02_0022_0002" 6288
"/Engine/EngineMaterials/Substrate/GLints/dict_16_192_64_0p5_0p02_0021_0011" 6289
"/Engine/EngineMaterials/Substrate/GLints/dict_16_192_64_0p5_0p02_0021_0012" 6290
"/Engine/EngineMaterials/Substrate/GLints/dict_16_192_64_0p5_0p02_0022_0003" 6291
"/Engine/EngineMaterials/Substrate/GLints/dict_16_192_64_0p5_0p02_0021_0013" 6292
"/Engine/EngineMaterials/Substrate/GLints/dict_16_192_64_0p5_0p02_0022_0004" 6293
"/Engine/EngineMaterials/Substrate/GLints/dict_16_192_64_0p5_0p02_0022_0005" 6294
"../../../Engine/Content/EngineMaterials/Substrate/GLints/dict_16_192_64_0p5_0p02_0020_0013.uasset" 6295
"/Engine/EngineMaterials/Substrate/GLints/dict_16_192_64_0p5_0p02_0021_0014" 6296
"../../../Engine/Content/EngineMaterials/Substrate/GLints/dict_16_192_64_0p5_0p02_0020_0009.uasset" 6297
"../../../Engine/Content/EngineMaterials/Substrate/GLints/dict_16_192_64_0p5_0p02_0020_0012.uasset" 6298
"../../../Engine/Content/EngineMaterials/Substrate/GLints/dict_16_192_64_0p5_0p02_0020_0015.uasset" 6299
"../../../Engine/Content/EngineMaterials/Substrate/GLints/dict_16_192_64_0p5_0p02_0020_0011.uasset" 6300
"/Engine/EngineMaterials/Substrate/GLints/dict_16_192_64_0p5_0p02_0022_0006" 6301
"../../../Engine/Content/EngineMaterials/Substrate/GLints/dict_16_192_64_0p5_0p02_0020_0014.uasset" 6302
"/Engine/EngineMaterials/Substrate/GLints/dict_16_192_64_0p5_0p02_0021_0015" 6303
"../../../Engine/Content/EngineMaterials/Substrate/GLints/dict_16_192_64_0p5_0p02_0020_0010.uasset" 6304
"/Engine/EngineMaterials/Substrate/GLints/dict_16_192_64_0p5_0p02_0020_0009" 6305
"../../../Engine/Content/EngineMaterials/Substrate/GLints/dict_16_192_64_0p5_0p02_0021_0001.uasset" 6306
"/Engine/EngineMaterials/Substrate/GLints/dict_16_192_64_0p5_0p02_0020_0010" 6307
"/Engine/EngineMaterials/Substrate/GLints/dict_16_192_64_0p5_0p02_0020_0011" 6308
"/Engine/EngineMaterials/Substrate/GLints/dict_16_192_64_0p5_0p02_0020_0012" 6309
"/Engine/EngineMaterials/Substrate/GLints/dict_16_192_64_0p5_0p02_0020_0013" 6310
"/Engine/EngineMaterials/Substrate/GLints/dict_16_192_64_0p5_0p02_0020_0014" 6311
"/Engine/EngineMaterials/Substrate/GLints/dict_16_192_64_0p5_0p02_0020_0015" 6312
"/Engine/EngineMaterials/Substrate/GLints/dict_16_192_64_0p5_0p02_0021_0000" 6313
"/Engine/EngineMaterials/Substrate/GLints/dict_16_192_64_0p5_0p02_0021_0002" 6314
"/Engine/EngineMaterials/Substrate/GLints/dict_16_192_64_0p5_0p02_0021_0005" 6315
"/Engine/EngineMaterials/Substrate/GLints/dict_16_192_64_0p5_0p02_0021_0003" 6316
"/Engine/EngineMaterials/Substrate/GLints/dict_16_192_64_0p5_0p02_0021_0001" 6317
"../../../Engine/Content/EngineMaterials/Substrate/GLints/dict_16_192_64_0p5_0p02_0020_0008.uasset" 6318
"../../../Engine/Content/EngineMaterials/Substrate/GLints/dict_16_192_64_0p5_0p02_0020_0004.uasset" 6319
"../../../Engine/Content/EngineMaterials/Substrate/GLints/dict_16_192_64_0p5_0p02_0020_0002.uasset" 6320
"../../../Engine/Content/EngineMaterials/Substrate/GLints/dict_16_192_64_0p5_0p02_0020_0000.uasset" 6321
"../../../Engine/Content/EngineMaterials/Substrate/GLints/dict_16_192_64_0p5_0p02_0020_0007.uasset" 6322
"../../../Engine/Content/EngineMaterials/Substrate/GLints/dict_16_192_64_0p5_0p02_0019_0015.uasset" 6323
"../../../Engine/Content/EngineMaterials/Substrate/GLints/dict_16_192_64_0p5_0p02_0020_0003.uasset" 6324
"../../../Engine/Content/EngineMaterials/Substrate/GLints/dict_16_192_64_0p5_0p02_0020_0006.uasset" 6325
"../../../Engine/Content/EngineMaterials/Substrate/GLints/dict_16_192_64_0p5_0p02_0019_0014.uasset" 6326
"../../../Engine/Content/EngineMaterials/Substrate/GLints/dict_16_192_64_0p5_0p02_0020_0005.uasset" 6327
"../../../Engine/Content/EngineMaterials/Substrate/GLints/dict_16_192_64_0p5_0p02_0019_0013.uasset" 6328
"../../../Engine/Content/EngineMaterials/Substrate/GLints/dict_16_192_64_0p5_0p02_0020_0001.uasset" 6329
"/Engine/EngineMaterials/Substrate/GLints/dict_16_192_64_0p5_0p02_0019_0013" 6330
"/Engine/EngineMaterials/Substrate/GLints/dict_16_192_64_0p5_0p02_0019_0014" 6331
"../../../Engine/Content/EngineMaterials/Substrate/GLints/dict_16_192_64_0p5_0p02_0019_0010.uasset" 6332
"../../../Engine/Content/EngineMaterials/Substrate/GLints/dict_16_192_64_0p5_0p02_0019_0012.uasset" 6333
"../../../Engine/Content/EngineMaterials/Substrate/GLints/dict_16_192_64_0p5_0p02_0019_0011.uasset" 6334
"/Engine/EngineMaterials/Substrate/GLints/dict_16_192_64_0p5_0p02_0019_0015" 6335
"../../../Engine/Content/EngineMaterials/Substrate/GLints/dict_16_192_64_0p5_0p02_0019_0009.uasset" 6336
"/Engine/EngineMaterials/Substrate/GLints/dict_16_192_64_0p5_0p02_0020_0000" 6337
"../../../Engine/Content/EngineMaterials/Substrate/GLints/dict_16_192_64_0p5_0p02_0019_0007.uasset" 6338
"/Engine/EngineMaterials/Substrate/GLints/dict_16_192_64_0p5_0p02_0020_0001" 6339
"/Engine/EngineMaterials/Substrate/GLints/dict_16_192_64_0p5_0p02_0020_0002" 6340
"/Engine/EngineMaterials/Substrate/GLints/dict_16_192_64_0p5_0p02_0020_0003" 6341
"../../../Engine/Content/EngineMaterials/Substrate/GLints/dict_16_192_64_0p5_0p02_0019_0006.uasset" 6342
"../../../Engine/Content/EngineMaterials/Substrate/GLints/dict_16_192_64_0p5_0p02_0019_0003.uasset" 6343
"../../../Engine/Content/EngineMaterials/Substrate/GLints/dict_16_192_64_0p5_0p02_0019_0008.uasset" 6344
"../../../Engine/Content/EngineMaterials/Substrate/GLints/dict_16_192_64_0p5_0p02_0019_0002.uasset" 6345
"/Engine/EngineMaterials/Substrate/GLints/dict_16_192_64_0p5_0p02_0020_0004" 6346
"/Engine/EngineMaterials/Substrate/GLints/dict_16_192_64_0p5_0p02_0020_0005" 6347
"../../../Engine/Content/EngineMaterials/Substrate/GLints/dict_16_192_64_0p5_0p02_0019_0005.uasset" 6348
"/Engine/EngineMaterials/Substrate/GLints/dict_16_192_64_0p5_0p02_0020_0006" 6349
"/Engine/EngineMaterials/Substrate/GLints/dict_16_192_64_0p5_0p02_0020_0008" 6350
"/Engine/EngineMaterials/Substrate/GLints/dict_16_192_64_0p5_0p02_0020_0007" 6351
"/Engine/EngineMaterials/Substrate/GLints/dict_16_192_64_0p5_0p02_0019_0005" 6352
"/Engine/EngineMaterials/Substrate/GLints/dict_16_192_64_0p5_0p02_0019_0002" 6353
"/Engine/EngineMaterials/Substrate/GLints/dict_16_192_64_0p5_0p02_0019_0006" 6354
"/Engine/EngineMaterials/Substrate/GLints/dict_16_192_64_0p5_0p02_0019_0007" 6355
"/Engine/EngineMaterials/Substrate/GLints/dict_16_192_64_0p5_0p02_0019_0008" 6356
"../../../Engine/Content/EngineMaterials/Substrate/GLints/dict_16_192_64_0p5_0p02_0019_0004.uasset" 6357
"/Engine/EngineMaterials/Substrate/GLints/dict_16_192_64_0p5_0p02_0019_0003" 6358
"/Engine/EngineMaterials/Substrate/GLints/dict_16_192_64_0p5_0p02_0019_0009" 6359
"../../../Engine/Content/EngineMaterials/Substrate/GLints/dict_16_192_64_0p5_0p02_0019_0000.uasset" 6360
"../../../Engine/Content/EngineMaterials/Substrate/GLints/dict_16_192_64_0p5_0p02_0019_0001.uasset" 6361
"/Engine/EngineMaterials/Substrate/GLints/dict_16_192_64_0p5_0p02_0019_0010" 6362
"/Engine/EngineMaterials/Substrate/GLints/dict_16_192_64_0p5_0p02_0019_0011" 6363
"/Engine/EngineMaterials/Substrate/GLints/dict_16_192_64_0p5_0p02_0019_0012" 6364
"../../../Engine/Content/EngineMaterials/Substrate/GLints/dict_16_192_64_0p5_0p02_0018_0013.uasset" 6365
"../../../Engine/Content/EngineMaterials/Substrate/GLints/dict_16_192_64_0p5_0p02_0018_0015.uasset" 6366
"../../../Engine/Content/EngineMaterials/Substrate/GLints/dict_16_192_64_0p5_0p02_0018_0011.uasset" 6367
"../../../Engine/Content/EngineMaterials/Substrate/GLints/dict_16_192_64_0p5_0p02_0018_0014.uasset" 6368
"/Engine/EngineMaterials/Substrate/GLints/dict_16_192_64_0p5_0p02_0018_0011" 6369
"/Engine/EngineMaterials/Substrate/GLints/dict_16_192_64_0p5_0p02_0018_0013" 6370
"/Engine/EngineMaterials/Substrate/GLints/dict_16_192_64_0p5_0p02_0018_0014" 6371
"../../../Engine/Content/EngineMaterials/Substrate/GLints/dict_16_192_64_0p5_0p02_0018_0012.uasset" 6372
"/Engine/EngineMaterials/Substrate/GLints/dict_16_192_64_0p5_0p02_0018_0015" 6373
"/Engine/EngineMaterials/Substrate/GLints/dict_16_192_64_0p5_0p02_0019_0000" 6374
"/Engine/EngineMaterials/Substrate/GLints/dict_16_192_64_0p5_0p02_0019_0001" 6375
"/Engine/EngineMaterials/Substrate/GLints/dict_16_192_64_0p5_0p02_0019_0004" 6376
"/Engine/EngineMaterials/Substrate/GLints/dict_16_192_64_0p5_0p02_0018_0012" 6377
"../../../Engine/Content/EngineMaterials/Substrate/GLints/dict_16_192_64_0p5_0p02_0018_0010.uasset" 6378
"../../../Engine/Content/EngineMaterials/Substrate/GLints/dict_16_192_64_0p5_0p02_0018_0009.uasset" 6379
"../../../Engine/Content/EngineMaterials/Substrate/GLints/dict_16_192_64_0p5_0p02_0018_0007.uasset" 6380
"../../../Engine/Content/EngineMaterials/Substrate/GLints/dict_16_192_64_0p5_0p02_0018_0008.uasset" 6381
"../../../Engine/Content/EngineMaterials/Substrate/GLints/dict_16_192_64_0p5_0p02_0018_0006.uasset" 6382
"../../../Engine/Content/EngineMaterials/Substrate/GLints/dict_16_192_64_0p5_0p02_0017_0015.uasset" 6383
"../../../Engine/Content/EngineMaterials/Substrate/GLints/dict_16_192_64_0p5_0p02_0018_0002.uasset" 6384
"../../../Engine/Content/EngineMaterials/Substrate/GLints/dict_16_192_64_0p5_0p02_0018_0001.uasset" 6385
"../../../Engine/Content/EngineMaterials/Substrate/GLints/dict_16_192_64_0p5_0p02_0018_0000.uasset" 6386
"../../../Engine/Content/EngineMaterials/Substrate/GLints/dict_16_192_64_0p5_0p02_0018_0004.uasset" 6387
"../../../Engine/Content/EngineMaterials/Substrate/GLints/dict_16_192_64_0p5_0p02_0018_0005.uasset" 6388
"../../../Engine/Content/EngineMaterials/Substrate/GLints/dict_16_192_64_0p5_0p02_0017_0014.uasset" 6389
"../../../Engine/Content/EngineMaterials/Substrate/GLints/dict_16_192_64_0p5_0p02_0017_0011.uasset" 6390
"../../../Engine/Content/EngineMaterials/Substrate/GLints/dict_16_192_64_0p5_0p02_0018_0003.uasset" 6391
"../../../Engine/Content/EngineMaterials/Substrate/GLints/dict_16_192_64_0p5_0p02_0017_0009.uasset" 6392
"/Engine/EngineMaterials/Substrate/GLints/dict_16_192_64_0p5_0p02_0018_0010" 6393
"../../../Engine/Content/EngineMaterials/Substrate/GLints/dict_16_192_64_0p5_0p02_0017_0010.uasset" 6394
"../../../Engine/Content/EngineMaterials/Substrate/GLints/dict_16_192_64_0p5_0p02_0017_0008.uasset" 6395
"../../../Engine/Content/EngineMaterials/Substrate/GLints/dict_16_192_64_0p5_0p02_0017_0012.uasset" 6396
"../../../Engine/Content/EngineMaterials/Substrate/GLints/dict_16_192_64_0p5_0p02_0017_0006.uasset" 6397
"../../../Engine/Content/EngineMaterials/Substrate/GLints/dict_16_192_64_0p5_0p02_0017_0007.uasset" 6398
"../../../Engine/Content/EngineMaterials/Substrate/GLints/dict_16_192_64_0p5_0p02_0017_0013.uasset" 6399
"../../../Engine/Content/EngineMaterials/Substrate/GLints/dict_16_192_64_0p5_0p02_0017_0005.uasset" 6400
"/Engine/EngineMaterials/Substrate/GLints/dict_16_192_64_0p5_0p02_0018_0009" 6401
"/Engine/EngineMaterials/Substrate/GLints/dict_16_192_64_0p5_0p02_0017_0009" 6402
"../../../Engine/Content/EngineMaterials/Substrate/GLints/dict_16_192_64_0p5_0p02_0017_0004.uasset" 6403
"/Engine/EngineMaterials/Substrate/GLints/dict_16_192_64_0p5_0p02_0017_0011" 6404
"/Engine/EngineMaterials/Substrate/GLints/dict_16_192_64_0p5_0p02_0017_0014" 6405
"/Engine/EngineMaterials/Substrate/GLints/dict_16_192_64_0p5_0p02_0017_0015" 6406
"/Engine/EngineMaterials/Substrate/GLints/dict_16_192_64_0p5_0p02_0018_0000" 6407
"/Engine/EngineMaterials/Substrate/GLints/dict_16_192_64_0p5_0p02_0018_0001" 6408
"/Engine/EngineMaterials/Substrate/GLints/dict_16_192_64_0p5_0p02_0018_0002" 6409
"/Engine/EngineMaterials/Substrate/GLints/dict_16_192_64_0p5_0p02_0018_0003" 6410
"../../../Engine/Content/EngineMaterials/Substrate/GLints/dict_16_192_64_0p5_0p02_0017_0002.uasset" 6411
"/Engine/EngineMaterials/Substrate/GLints/dict_16_192_64_0p5_0p02_0018_0004" 6412
"/Engine/EngineMaterials/Substrate/GLints/dict_16_192_64_0p5_0p02_0018_0005" 6413
"/Engine/EngineMaterials/Substrate/GLints/dict_16_192_64_0p5_0p02_0018_0006" 6414
"/Engine/EngineMaterials/Substrate/GLints/dict_16_192_64_0p5_0p02_0018_0007" 6415
"/Engine/EngineMaterials/Substrate/GLints/dict_16_192_64_0p5_0p02_0018_0008" 6416
"../../../Engine/Content/EngineMaterials/Substrate/GLints/dict_16_192_64_0p5_0p02_0016_0015.uasset" 6417
"../../../Engine/Content/EngineMaterials/Substrate/GLints/dict_16_192_64_0p5_0p02_0016_0013.uasset" 6418
"../../../Engine/Content/EngineMaterials/Substrate/GLints/dict_16_192_64_0p5_0p02_0017_0001.uasset" 6419
"/Engine/EngineMaterials/Substrate/GLints/dict_16_192_64_0p5_0p02_0017_0004" 6420
"../../../Engine/Content/EngineMaterials/Substrate/GLints/dict_16_192_64_0p5_0p02_0016_0011.uasset" 6421
"/Engine/EngineMaterials/Substrate/GLints/dict_16_192_64_0p5_0p02_0017_0005" 6422
"../../../Engine/Content/EngineMaterials/Substrate/GLints/dict_16_192_64_0p5_0p02_0016_0012.uasset" 6423
"/Engine/EngineMaterials/Substrate/GLints/dict_16_192_64_0p5_0p02_0017_0006" 6424
"../../../Engine/Content/EngineMaterials/Substrate/GLints/dict_16_192_64_0p5_0p02_0017_0000.uasset" 6425
"/Engine/EngineMaterials/Substrate/GLints/dict_16_192_64_0p5_0p02_0017_0007" 6426
"/Engine/EngineMaterials/Substrate/GLints/dict_16_192_64_0p5_0p02_0017_0008" 6427
"../../../Engine/Content/EngineMaterials/Substrate/GLints/dict_16_192_64_0p5_0p02_0017_0003.uasset" 6428
"/Engine/EngineMaterials/Substrate/GLints/dict_16_192_64_0p5_0p02_0017_0010" 6429
"/Engine/EngineMaterials/Substrate/GLints/dict_16_192_64_0p5_0p02_0017_0012" 6430
"/Engine/EngineMaterials/Substrate/GLints/dict_16_192_64_0p5_0p02_0017_0013" 6431
"/Engine/EngineMaterials/Substrate/GLints/dict_16_192_64_0p5_0p02_0017_0002" 6432
"/Engine/EngineMaterials/Substrate/GLints/dict_16_192_64_0p5_0p02_0017_0003" 6433
"/Engine/EngineMaterials/Substrate/GLints/dict_16_192_64_0p5_0p02_0016_0012" 6434
"/Engine/EngineMaterials/Substrate/GLints/dict_16_192_64_0p5_0p02_0016_0011" 6435
"/Engine/EngineMaterials/Substrate/GLints/dict_16_192_64_0p5_0p02_0016_0013" 6436
"/Engine/EngineMaterials/Substrate/GLints/dict_16_192_64_0p5_0p02_0016_0015" 6437
"/Engine/EngineMaterials/Substrate/GLints/dict_16_192_64_0p5_0p02_0017_0000" 6438
"/Engine/EngineMaterials/Substrate/GLints/dict_16_192_64_0p5_0p02_0017_0001" 6439
"../../../Engine/Content/EngineMaterials/Substrate/GLints/dict_16_192_64_0p5_0p02_0016_0004.uasset" 6440
"../../../Engine/Content/EngineMaterials/Substrate/GLints/dict_16_192_64_0p5_0p02_0016_0007.uasset" 6441
"../../../Engine/Content/EngineMaterials/Substrate/GLints/dict_16_192_64_0p5_0p02_0016_0002.uasset" 6442
"../../../Engine/Content/EngineMaterials/Substrate/GLints/dict_16_192_64_0p5_0p02_0016_0003.uasset" 6443
"../../../Engine/Content/EngineMaterials/Substrate/GLints/dict_16_192_64_0p5_0p02_0016_0009.uasset" 6444
"../../../Engine/Content/EngineMaterials/Substrate/GLints/dict_16_192_64_0p5_0p02_0016_0008.uasset" 6445
"../../../Engine/Content/EngineMaterials/Substrate/GLints/dict_16_192_64_0p5_0p02_0016_0014.uasset" 6446
"../../../Engine/Content/EngineMaterials/Substrate/GLints/dict_16_192_64_0p5_0p02_0016_0010.uasset" 6447
"../../../Engine/Content/EngineMaterials/Substrate/GLints/dict_16_192_64_0p5_0p02_0016_0005.uasset" 6448
"../../../Engine/Content/EngineMaterials/Substrate/GLints/dict_16_192_64_0p5_0p02_0015_0015.uasset" 6449
"../../../Engine/Content/EngineMaterials/Substrate/GLints/dict_16_192_64_0p5_0p02_0016_0006.uasset" 6450
"../../../Engine/Content/EngineMaterials/Substrate/GLints/dict_16_192_64_0p5_0p02_0016_0001.uasset" 6451
"../../../Engine/Content/EngineMaterials/Substrate/GLints/dict_16_192_64_0p5_0p02_0016_0000.uasset" 6452
"../../../Engine/Content/EngineMaterials/Substrate/GLints/dict_16_192_64_0p5_0p02_0015_0012.uasset" 6453
"../../../Engine/Content/EngineMaterials/Substrate/GLints/dict_16_192_64_0p5_0p02_0015_0014.uasset" 6454
"../../../Engine/Content/EngineMaterials/Substrate/GLints/dict_16_192_64_0p5_0p02_0015_0013.uasset" 6455
"../../../Engine/Content/EngineMaterials/Substrate/GLints/dict_16_192_64_0p5_0p02_0015_0006.uasset" 6456
"../../../Engine/Content/EngineMaterials/Substrate/GLints/dict_16_192_64_0p5_0p02_0015_0011.uasset" 6457
"../../../Engine/Content/EngineMaterials/Substrate/GLints/dict_16_192_64_0p5_0p02_0015_0009.uasset" 6458
"../../../Engine/Content/EngineMaterials/Substrate/GLints/dict_16_192_64_0p5_0p02_0015_0007.uasset" 6459
"../../../Engine/Content/EngineMaterials/Substrate/GLints/dict_16_192_64_0p5_0p02_0015_0005.uasset" 6460
"../../../Engine/Content/EngineMaterials/Substrate/GLints/dict_16_192_64_0p5_0p02_0015_0008.uasset" 6461
"/Engine/EngineMaterials/Substrate/GLints/dict_16_192_64_0p5_0p02_0015_0012" 6462
"../../../Engine/Content/EngineMaterials/Substrate/GLints/dict_16_192_64_0p5_0p02_0015_0010.uasset" 6463
"../../../Engine/Content/EngineMaterials/Substrate/GLints/dict_16_192_64_0p5_0p02_0015_0004.uasset" 6464
"/Engine/EngineMaterials/Substrate/GLints/dict_16_192_64_0p5_0p02_0016_0014" 6465
"/Engine/EngineMaterials/Substrate/GLints/dict_16_192_64_0p5_0p02_0015_0013" 6466
"../../../Engine/Content/EngineMaterials/Substrate/GLints/dict_16_192_64_0p5_0p02_0015_0001.uasset" 6467
"../../../Engine/Content/EngineMaterials/Substrate/GLints/dict_16_192_64_0p5_0p02_0014_0012.uasset" 6468
"../../../Engine/Content/EngineMaterials/Substrate/GLints/dict_16_192_64_0p5_0p02_0014_0015.uasset" 6469
"/Engine/EngineMaterials/Substrate/GLints/dict_16_192_64_0p5_0p02_0015_0005" 6470
"/Engine/EngineMaterials/Substrate/GLints/dict_16_192_64_0p5_0p02_0015_0006" 6471
"/Engine/EngineMaterials/Substrate/GLints/dict_16_192_64_0p5_0p02_0015_0014" 6472
"../../../Engine/Content/EngineMaterials/Substrate/GLints/dict_16_192_64_0p5_0p02_0015_0002.uasset" 6473
"/Engine/EngineMaterials/Substrate/GLints/dict_16_192_64_0p5_0p02_0015_0015" 6474
"../../../Engine/Content/EngineMaterials/Substrate/GLints/dict_16_192_64_0p5_0p02_0014_0013.uasset" 6475
"/Engine/EngineMaterials/Substrate/GLints/dict_16_192_64_0p5_0p02_0015_0009" 6476
"/Engine/EngineMaterials/Substrate/GLints/dict_16_192_64_0p5_0p02_0016_0000" 6477
"../../../Engine/Content/EngineMaterials/Substrate/GLints/dict_16_192_64_0p5_0p02_0015_0000.uasset" 6478
"/Engine/EngineMaterials/Substrate/GLints/dict_16_192_64_0p5_0p02_0016_0001" 6479
"/Engine/EngineMaterials/Substrate/GLints/dict_16_192_64_0p5_0p02_0016_0002" 6480
"/Engine/EngineMaterials/Substrate/GLints/dict_16_192_64_0p5_0p02_0016_0003" 6481
"../../../Engine/Content/EngineMaterials/Substrate/GLints/dict_16_192_64_0p5_0p02_0015_0003.uasset" 6482
"/Engine/EngineMaterials/Substrate/GLints/dict_16_192_64_0p5_0p02_0016_0004" 6483
"/Engine/EngineMaterials/Substrate/GLints/dict_16_192_64_0p5_0p02_0016_0005" 6484
"/Engine/EngineMaterials/Substrate/GLints/dict_16_192_64_0p5_0p02_0016_0006" 6485
"/Engine/EngineMaterials/Substrate/GLints/dict_16_192_64_0p5_0p02_0016_0007" 6486
"/Engine/EngineMaterials/Substrate/GLints/dict_16_192_64_0p5_0p02_0016_0008" 6487
"/Engine/EngineMaterials/Substrate/GLints/dict_16_192_64_0p5_0p02_0016_0009" 6488
"/Engine/EngineMaterials/Substrate/GLints/dict_16_192_64_0p5_0p02_0015_0011" 6489
"/Engine/EngineMaterials/Substrate/GLints/dict_16_192_64_0p5_0p02_0016_0010" 6490
"/Engine/EngineMaterials/Substrate/GLints/dict_16_192_64_0p5_0p02_0014_0012" 6491
"/Engine/EngineMaterials/Substrate/GLints/dict_16_192_64_0p5_0p02_0014_0013" 6492
"/Engine/EngineMaterials/Substrate/GLints/dict_16_192_64_0p5_0p02_0014_0015" 6493
"/Engine/EngineMaterials/Substrate/GLints/dict_16_192_64_0p5_0p02_0015_0000" 6494
"/Engine/EngineMaterials/Substrate/GLints/dict_16_192_64_0p5_0p02_0015_0001" 6495
"/Engine/EngineMaterials/Substrate/GLints/dict_16_192_64_0p5_0p02_0015_0002" 6496
"/Engine/EngineMaterials/Substrate/GLints/dict_16_192_64_0p5_0p02_0015_0003" 6497
"/Engine/EngineMaterials/Substrate/GLints/dict_16_192_64_0p5_0p02_0015_0004" 6498
"/Engine/EngineMaterials/Substrate/GLints/dict_16_192_64_0p5_0p02_0015_0007" 6499
"/Engine/EngineMaterials/Substrate/GLints/dict_16_192_64_0p5_0p02_0015_0008" 6500
"/Engine/EngineMaterials/Substrate/GLints/dict_16_192_64_0p5_0p02_0015_0010" 6501
"../../../Engine/Content/EngineMaterials/Substrate/GLints/dict_16_192_64_0p5_0p02_0014_0005.uasset" 6502
"../../../Engine/Content/EngineMaterials/Substrate/GLints/dict_16_192_64_0p5_0p02_0014_0011.uasset" 6503
"../../../Engine/Content/EngineMaterials/Substrate/GLints/dict_16_192_64_0p5_0p02_0014_0014.uasset" 6504
"../../../Engine/Content/EngineMaterials/Substrate/GLints/dict_16_192_64_0p5_0p02_0014_0002.uasset" 6505
"../../../Engine/Content/EngineMaterials/Substrate/GLints/dict_16_192_64_0p5_0p02_0014_0007.uasset" 6506
"../../../Engine/Content/EngineMaterials/Substrate/GLints/dict_16_192_64_0p5_0p02_0014_0004.uasset" 6507
"../../../Engine/Content/EngineMaterials/Substrate/GLints/dict_16_192_64_0p5_0p02_0014_0003.uasset" 6508
"../../../Engine/Content/EngineMaterials/Substrate/GLints/dict_16_192_64_0p5_0p02_0014_0010.uasset" 6509
"../../../Engine/Content/EngineMaterials/Substrate/GLints/dict_16_192_64_0p5_0p02_0014_0008.uasset" 6510
"../../../Engine/Content/EngineMaterials/Substrate/GLints/dict_16_192_64_0p5_0p02_0013_0012.uasset" 6511
"../../../Engine/Content/EngineMaterials/Substrate/GLints/dict_16_192_64_0p5_0p02_0013_0015.uasset" 6512
"../../../Engine/Content/EngineMaterials/Substrate/GLints/dict_16_192_64_0p5_0p02_0013_0013.uasset" 6513
"../../../Engine/Content/EngineMaterials/Substrate/GLints/dict_16_192_64_0p5_0p02_0013_0014.uasset" 6514
"../../../Engine/Content/EngineMaterials/Substrate/GLints/dict_16_192_64_0p5_0p02_0014_0009.uasset" 6515
"../../../Engine/Content/EngineMaterials/Substrate/GLints/dict_16_192_64_0p5_0p02_0013_0010.uasset" 6516
"../../../Engine/Content/EngineMaterials/Substrate/GLints/dict_16_192_64_0p5_0p02_0013_0011.uasset" 6517
"/Engine/EngineMaterials/Substrate/GLints/dict_16_192_64_0p5_0p02_0014_0014" 6518
"../../../Engine/Content/EngineMaterials/Substrate/GLints/dict_16_192_64_0p5_0p02_0014_0006.uasset" 6519
"../../../Engine/Content/EngineMaterials/Substrate/GLints/dict_16_192_64_0p5_0p02_0014_0001.uasset" 6520
"../../../Engine/Content/EngineMaterials/Substrate/GLints/dict_16_192_64_0p5_0p02_0014_0000.uasset" 6521
"../../../Engine/Content/EngineMaterials/Substrate/GLints/dict_16_192_64_0p5_0p02_0013_0009.uasset" 6522
"/Engine/EngineMaterials/Substrate/GLints/dict_16_192_64_0p5_0p02_0013_0010" 6523
"/Engine/EngineMaterials/Substrate/GLints/dict_16_192_64_0p5_0p02_0013_0011" 6524
"/Engine/EngineMaterials/Substrate/GLints/dict_16_192_64_0p5_0p02_0013_0012" 6525
"/Engine/EngineMaterials/Substrate/GLints/dict_16_192_64_0p5_0p02_0013_0013" 6526
"/Engine/EngineMaterials/Substrate/GLints/dict_16_192_64_0p5_0p02_0013_0014" 6527
"/Engine/EngineMaterials/Substrate/GLints/dict_16_192_64_0p5_0p02_0013_0015" 6528
"/Engine/EngineMaterials/Substrate/GLints/dict_16_192_64_0p5_0p02_0014_0002" 6529
"/Engine/EngineMaterials/Substrate/GLints/dict_16_192_64_0p5_0p02_0014_0003" 6530
"../../../Engine/Content/EngineMaterials/Substrate/GLints/dict_16_192_64_0p5_0p02_0013_0006.uasset" 6531
"../../../Engine/Content/EngineMaterials/Substrate/GLints/dict_16_192_64_0p5_0p02_0013_0002.uasset" 6532
"../../../Engine/Content/EngineMaterials/Substrate/GLints/dict_16_192_64_0p5_0p02_0013_0004.uasset" 6533
"../../../Engine/Content/EngineMaterials/Substrate/GLints/dict_16_192_64_0p5_0p02_0013_0003.uasset" 6534
"../../../Engine/Content/EngineMaterials/Substrate/GLints/dict_16_192_64_0p5_0p02_0013_0005.uasset" 6535
"/Engine/EngineMaterials/Substrate/GLints/dict_16_192_64_0p5_0p02_0014_0004" 6536
"/Engine/EngineMaterials/Substrate/GLints/dict_16_192_64_0p5_0p02_0014_0005" 6537
"../../../Engine/Content/EngineMaterials/Substrate/GLints/dict_16_192_64_0p5_0p02_0013_0007.uasset" 6538
"/Engine/EngineMaterials/Substrate/GLints/dict_16_192_64_0p5_0p02_0014_0007" 6539
"/Engine/EngineMaterials/Substrate/GLints/dict_16_192_64_0p5_0p02_0014_0008" 6540
"../../../Engine/Content/EngineMaterials/Substrate/GLints/dict_16_192_64_0p5_0p02_0013_0001.uasset" 6541
"/Engine/EngineMaterials/Substrate/GLints/dict_16_192_64_0p5_0p02_0014_0009" 6542
"/Engine/EngineMaterials/Substrate/GLints/dict_16_192_64_0p5_0p02_0014_0010" 6543
"/Engine/EngineMaterials/Substrate/GLints/dict_16_192_64_0p5_0p02_0014_0011" 6544
"/Engine/EngineMaterials/Substrate/GLints/dict_16_192_64_0p5_0p02_0013_0009" 6545
"../../../Engine/Content/EngineMaterials/Substrate/GLints/dict_16_192_64_0p5_0p02_0012_0013.uasset" 6546
"/Engine/EngineMaterials/Substrate/GLints/dict_16_192_64_0p5_0p02_0013_0001" 6547
"/Engine/EngineMaterials/Substrate/GLints/dict_16_192_64_0p5_0p02_0013_0002" 6548
"/Engine/EngineMaterials/Substrate/GLints/dict_16_192_64_0p5_0p02_0013_0003" 6549
"/Engine/EngineMaterials/Substrate/GLints/dict_16_192_64_0p5_0p02_0013_0004" 6550
"/Engine/EngineMaterials/Substrate/GLints/dict_16_192_64_0p5_0p02_0013_0005" 6551
"/Engine/EngineMaterials/Substrate/GLints/dict_16_192_64_0p5_0p02_0013_0006" 6552
"/Engine/EngineMaterials/Substrate/GLints/dict_16_192_64_0p5_0p02_0013_0007" 6553
"/Engine/EngineMaterials/Substrate/GLints/dict_16_192_64_0p5_0p02_0014_0000" 6554
"/Engine/EngineMaterials/Substrate/GLints/dict_16_192_64_0p5_0p02_0014_0001" 6555
"../../../Engine/Content/EngineMaterials/Substrate/GLints/dict_16_192_64_0p5_0p02_0012_0015.uasset" 6556
"/Engine/EngineMaterials/Substrate/GLints/dict_16_192_64_0p5_0p02_0014_0006" 6557
"../../../Engine/Content/EngineMaterials/Substrate/GLints/dict_16_192_64_0p5_0p02_0013_0000.uasset" 6558
"/Engine/EngineMaterials/Substrate/GLints/dict_16_192_64_0p5_0p02_0012_0013" 6559
"/Engine/EngineMaterials/Substrate/GLints/dict_16_192_64_0p5_0p02_0012_0015" 6560
"/Engine/EngineMaterials/Substrate/GLints/dict_16_192_64_0p5_0p02_0013_0000" 6561
"../../../Engine/Content/EngineMaterials/Substrate/GLints/dict_16_192_64_0p5_0p02_0012_0012.uasset" 6562
"../../../Engine/Content/EngineMaterials/Substrate/GLints/dict_16_192_64_0p5_0p02_0012_0010.uasset" 6563
"../../../Engine/Content/EngineMaterials/Substrate/GLints/dict_16_192_64_0p5_0p02_0012_0007.uasset" 6564
"../../../Engine/Content/EngineMaterials/Substrate/GLints/dict_16_192_64_0p5_0p02_0012_0004.uasset" 6565
"../../../Engine/Content/EngineMaterials/Substrate/GLints/dict_16_192_64_0p5_0p02_0012_0009.uasset" 6566
"../../../Engine/Content/EngineMaterials/Substrate/GLints/dict_16_192_64_0p5_0p02_0012_0014.uasset" 6567
"../../../Engine/Content/EngineMaterials/Substrate/GLints/dict_16_192_64_0p5_0p02_0012_0006.uasset" 6568
"../../../Engine/Content/EngineMaterials/Substrate/GLints/dict_16_192_64_0p5_0p02_0012_0011.uasset" 6569
"../../../Engine/Content/EngineMaterials/Substrate/GLints/dict_16_192_64_0p5_0p02_0012_0005.uasset" 6570
"../../../Engine/Content/EngineMaterials/Substrate/GLints/dict_16_192_64_0p5_0p02_0012_0008.uasset" 6571
"../../../Engine/Content/EngineMaterials/Substrate/GLints/dict_16_192_64_0p5_0p02_0011_0011.uasset" 6572
"../../../Engine/Content/EngineMaterials/Substrate/GLints/dict_16_192_64_0p5_0p02_0011_0015.uasset" 6573
"../../../Engine/Content/EngineMaterials/Substrate/GLints/dict_16_192_64_0p5_0p02_0011_0013.uasset" 6574
"../../../Engine/Content/EngineMaterials/Substrate/GLints/dict_16_192_64_0p5_0p02_0011_0014.uasset" 6575
"../../../Engine/Content/EngineMaterials/Substrate/GLints/dict_16_192_64_0p5_0p02_0012_0001.uasset" 6576
"../../../Engine/Content/EngineMaterials/Substrate/GLints/dict_16_192_64_0p5_0p02_0012_0003.uasset" 6577
"../../../Engine/Content/EngineMaterials/Substrate/GLints/dict_16_192_64_0p5_0p02_0012_0000.uasset" 6578
"../../../Engine/Content/EngineMaterials/Substrate/GLints/dict_16_192_64_0p5_0p02_0011_0009.uasset" 6579
"/Engine/EngineMaterials/Substrate/GLints/dict_16_192_64_0p5_0p02_0012_0014" 6580
"/Engine/EngineMaterials/Substrate/GLints/dict_16_192_64_0p5_0p02_0011_0013" 6581
"/Engine/EngineMaterials/Substrate/GLints/dict_16_192_64_0p5_0p02_0011_0014" 6582
"../../../Engine/Content/EngineMaterials/Substrate/GLints/dict_16_192_64_0p5_0p02_0011_0007.uasset" 6583
"/Engine/EngineMaterials/Substrate/GLints/dict_16_192_64_0p5_0p02_0011_0015" 6584
"/Engine/EngineMaterials/Substrate/GLints/dict_16_192_64_0p5_0p02_0012_0000" 6585
"../../../Engine/Content/EngineMaterials/Substrate/GLints/dict_16_192_64_0p5_0p02_0011_0012.uasset" 6586
"/Engine/EngineMaterials/Substrate/GLints/dict_16_192_64_0p5_0p02_0012_0001" 6587
"../../../Engine/Content/EngineMaterials/Substrate/GLints/dict_16_192_64_0p5_0p02_0013_0008.uasset" 6588
"/Engine/EngineMaterials/Substrate/GLints/dict_16_192_64_0p5_0p02_0012_0003" 6589
"../../../Engine/Content/EngineMaterials/Substrate/GLints/dict_16_192_64_0p5_0p02_0011_0010.uasset" 6590
"../../../Engine/Content/EngineMaterials/Substrate/GLints/dict_16_192_64_0p5_0p02_0011_0005.uasset" 6591
"../../../Engine/Content/EngineMaterials/Substrate/GLints/dict_16_192_64_0p5_0p02_0011_0003.uasset" 6592
"../../../Engine/Content/EngineMaterials/Substrate/GLints/dict_16_192_64_0p5_0p02_0011_0008.uasset" 6593
"../../../Engine/Content/EngineMaterials/Substrate/GLints/dict_16_192_64_0p5_0p02_0011_0006.uasset" 6594
"../../../Engine/Content/EngineMaterials/Substrate/GLints/dict_16_192_64_0p5_0p02_0011_0004.uasset" 6595
"/Engine/EngineMaterials/Substrate/GLints/dict_16_192_64_0p5_0p02_0011_0009" 6596
"/Engine/EngineMaterials/Substrate/GLints/dict_16_192_64_0p5_0p02_0011_0011" 6597
"/Engine/EngineMaterials/Substrate/GLints/dict_16_192_64_0p5_0p02_0012_0004" 6598
"/Engine/EngineMaterials/Substrate/GLints/dict_16_192_64_0p5_0p02_0012_0005" 6599
"../../../Engine/Content/EngineMaterials/Substrate/GLints/dict_16_192_64_0p5_0p02_0011_0001.uasset" 6600
"/Engine/EngineMaterials/Substrate/GLints/dict_16_192_64_0p5_0p02_0012_0006" 6601
"/Engine/EngineMaterials/Substrate/GLints/dict_16_192_64_0p5_0p02_0012_0007" 6602
"../../../Engine/Content/EngineMaterials/Substrate/GLints/dict_16_192_64_0p5_0p02_0011_0000.uasset" 6603
"/Engine/EngineMaterials/Substrate/GLints/dict_16_192_64_0p5_0p02_0012_0008" 6604
"../../../Engine/Content/EngineMaterials/Substrate/GLints/dict_16_192_64_0p5_0p02_0011_0002.uasset" 6605
"/Engine/EngineMaterials/Substrate/GLints/dict_16_192_64_0p5_0p02_0012_0009" 6606
"/Engine/EngineMaterials/Substrate/GLints/dict_16_192_64_0p5_0p02_0012_0010" 6607
"/Engine/EngineMaterials/Substrate/GLints/dict_16_192_64_0p5_0p02_0012_0011" 6608
"/Engine/EngineMaterials/Substrate/GLints/dict_16_192_64_0p5_0p02_0012_0012" 6609
"../../../Engine/Content/EngineMaterials/Substrate/GLints/dict_16_192_64_0p5_0p02_0012_0002.uasset" 6610
"/Engine/EngineMaterials/Substrate/GLints/dict_16_192_64_0p5_0p02_0011_0000" 6611
"/Engine/EngineMaterials/Substrate/GLints/dict_16_192_64_0p5_0p02_0013_0008" 6612
"/Engine/EngineMaterials/Substrate/GLints/dict_16_192_64_0p5_0p02_0011_0001" 6613
"/Engine/EngineMaterials/Substrate/GLints/dict_16_192_64_0p5_0p02_0011_0002" 6614
"/Engine/EngineMaterials/Substrate/GLints/dict_16_192_64_0p5_0p02_0011_0003" 6615
"/Engine/EngineMaterials/Substrate/GLints/dict_16_192_64_0p5_0p02_0011_0004" 6616
"/Engine/EngineMaterials/Substrate/GLints/dict_16_192_64_0p5_0p02_0011_0005" 6617
"/Engine/EngineMaterials/Substrate/GLints/dict_16_192_64_0p5_0p02_0011_0006" 6618
"/Engine/EngineMaterials/Substrate/GLints/dict_16_192_64_0p5_0p02_0011_0007" 6619
"/Engine/EngineMaterials/Substrate/GLints/dict_16_192_64_0p5_0p02_0011_0008" 6620
"/Engine/EngineMaterials/Substrate/GLints/dict_16_192_64_0p5_0p02_0012_0002" 6621
"../../../Engine/Content/EngineMaterials/Substrate/GLints/dict_16_192_64_0p5_0p02_0010_0015.uasset" 6622
"/Engine/EngineMaterials/Substrate/GLints/dict_16_192_64_0p5_0p02_0011_0010" 6623
"/Engine/EngineMaterials/Substrate/GLints/dict_16_192_64_0p5_0p02_0011_0012" 6624
"/Engine/EngineMaterials/Substrate/GLints/dict_16_192_64_0p5_0p02_0010_0015" 6625
"../../../Engine/Content/EngineMaterials/Substrate/GLints/dict_16_192_64_0p5_0p02_0010_0011.uasset" 6626
"../../../Engine/Content/EngineMaterials/Substrate/GLints/dict_16_192_64_0p5_0p02_0010_0004.uasset" 6627
"../../../Engine/Content/EngineMaterials/Substrate/GLints/dict_16_192_64_0p5_0p02_0010_0012.uasset" 6628
"../../../Engine/Content/EngineMaterials/Substrate/GLints/dict_16_192_64_0p5_0p02_0010_0010.uasset" 6629
"../../../Engine/Content/EngineMaterials/Substrate/GLints/dict_16_192_64_0p5_0p02_0010_0006.uasset" 6630
"../../../Engine/Content/EngineMaterials/Substrate/GLints/dict_16_192_64_0p5_0p02_0010_0009.uasset" 6631
"../../../Engine/Content/EngineMaterials/Substrate/GLints/dict_16_192_64_0p5_0p02_0010_0014.uasset" 6632
"../../../Engine/Content/EngineMaterials/Substrate/GLints/dict_16_192_64_0p5_0p02_0010_0007.uasset" 6633
"../../../Engine/Content/EngineMaterials/Substrate/GLints/dict_16_192_64_0p5_0p02_0010_0008.uasset" 6634
"../../../Engine/Content/EngineMaterials/Substrate/GLints/dict_16_192_64_0p5_0p02_0010_0013.uasset" 6635
"../../../Engine/Content/EngineMaterials/Substrate/GLints/dict_16_192_64_0p5_0p02_0010_0003.uasset" 6636
"../../../Engine/Content/EngineMaterials/Substrate/GLints/dict_16_192_64_0p5_0p02_0010_0005.uasset" 6637
"../../../Engine/Content/EngineMaterials/Substrate/GLints/dict_16_192_64_0p5_0p02_0009_0008.uasset" 6638
"../../../Engine/Content/EngineMaterials/Substrate/GLints/dict_16_192_64_0p5_0p02_0010_0000.uasset" 6639
"../../../Engine/Content/EngineMaterials/Substrate/GLints/dict_16_192_64_0p5_0p02_0009_0012.uasset" 6640
"../../../Engine/Content/EngineMaterials/Substrate/GLints/dict_16_192_64_0p5_0p02_0009_0014.uasset" 6641
"../../../Engine/Content/EngineMaterials/Substrate/GLints/dict_16_192_64_0p5_0p02_0010_0001.uasset" 6642
"../../../Engine/Content/EngineMaterials/Substrate/GLints/dict_16_192_64_0p5_0p02_0009_0007.uasset" 6643
"/Engine/EngineMaterials/Substrate/GLints/dict_16_192_64_0p5_0p02_0009_0014" 6644
"../../../Engine/Content/EngineMaterials/Substrate/GLints/dict_16_192_64_0p5_0p02_0009_0010.uasset" 6645
"../../../Engine/Content/EngineMaterials/Substrate/GLints/dict_16_192_64_0p5_0p02_0009_0009.uasset" 6646
"../../../Engine/Content/EngineMaterials/Substrate/GLints/dict_16_192_64_0p5_0p02_0010_0002.uasset" 6647
"/Engine/EngineMaterials/Substrate/GLints/dict_16_192_64_0p5_0p02_0010_0000" 6648
"/Engine/EngineMaterials/Substrate/GLints/dict_16_192_64_0p5_0p02_0010_0001" 6649
"/Engine/EngineMaterials/Substrate/GLints/dict_16_192_64_0p5_0p02_0009_0008" 6650
"/Engine/EngineMaterials/Substrate/GLints/dict_16_192_64_0p5_0p02_0010_0003" 6651
"/Engine/EngineMaterials/Substrate/GLints/dict_16_192_64_0p5_0p02_0010_0004" 6652
"/Engine/EngineMaterials/Substrate/GLints/dict_16_192_64_0p5_0p02_0010_0005" 6653
"/Engine/EngineMaterials/Substrate/GLints/dict_16_192_64_0p5_0p02_0010_0006" 6654
"../../../Engine/Content/EngineMaterials/Substrate/GLints/dict_16_192_64_0p5_0p02_0009_0015.uasset" 6655
"../../../Engine/Content/EngineMaterials/Substrate/GLints/dict_16_192_64_0p5_0p02_0009_0011.uasset" 6656
"/Engine/EngineMaterials/Substrate/GLints/dict_16_192_64_0p5_0p02_0010_0007" 6657
"../../../Engine/Content/EngineMaterials/Substrate/GLints/dict_16_192_64_0p5_0p02_0009_0013.uasset" 6658
"/Engine/EngineMaterials/Substrate/GLints/dict_16_192_64_0p5_0p02_0010_0008" 6659
"/Engine/EngineMaterials/Substrate/GLints/dict_16_192_64_0p5_0p02_0010_0009" 6660
"/Engine/EngineMaterials/Substrate/GLints/dict_16_192_64_0p5_0p02_0009_0012" 6661
"/Engine/EngineMaterials/Substrate/GLints/dict_16_192_64_0p5_0p02_0010_0010" 6662
"/Engine/EngineMaterials/Substrate/GLints/dict_16_192_64_0p5_0p02_0010_0011" 6663
"/Engine/EngineMaterials/Substrate/GLints/dict_16_192_64_0p5_0p02_0010_0012" 6664
"/Engine/EngineMaterials/Substrate/GLints/dict_16_192_64_0p5_0p02_0010_0013" 6665
"/Engine/EngineMaterials/Substrate/GLints/dict_16_192_64_0p5_0p02_0010_0014" 6666
"../../../Engine/Content/EngineMaterials/Substrate/GLints/dict_16_192_64_0p5_0p02_0009_0004.uasset" 6667
"../../../Engine/Content/EngineMaterials/Substrate/GLints/dict_16_192_64_0p5_0p02_0009_0001.uasset" 6668
"../../../Engine/Content/EngineMaterials/Substrate/GLints/dict_16_192_64_0p5_0p02_0009_0006.uasset" 6669
"../../../Engine/Content/EngineMaterials/Substrate/GLints/dict_16_192_64_0p5_0p02_0009_0003.uasset" 6670
"../../../Engine/Content/EngineMaterials/Substrate/GLints/dict_16_192_64_0p5_0p02_0009_0000.uasset" 6671
"../../../Engine/Content/EngineMaterials/Substrate/GLints/dict_16_192_64_0p5_0p02_0009_0005.uasset" 6672
"/Engine/EngineMaterials/Substrate/GLints/dict_16_192_64_0p5_0p02_0009_0000" 6673
"../../../Engine/Content/EngineMaterials/Substrate/GLints/dict_16_192_64_0p5_0p02_0008_0015.uasset" 6674
"../../../Engine/Content/EngineMaterials/Substrate/GLints/dict_16_192_64_0p5_0p02_0009_0002.uasset" 6675
"/Engine/EngineMaterials/Substrate/GLints/dict_16_192_64_0p5_0p02_0009_0001" 6676
"/Engine/EngineMaterials/Substrate/GLints/dict_16_192_64_0p5_0p02_0009_0013" 6677
"/Engine/EngineMaterials/Substrate/GLints/dict_16_192_64_0p5_0p02_0009_0003" 6678
"/Engine/EngineMaterials/Substrate/GLints/dict_16_192_64_0p5_0p02_0009_0004" 6679
"/Engine/EngineMaterials/Substrate/GLints/dict_16_192_64_0p5_0p02_0009_0015" 6680
"/Engine/EngineMaterials/Substrate/GLints/dict_16_192_64_0p5_0p02_0009_0006" 6681
"/Engine/EngineMaterials/Substrate/GLints/dict_16_192_64_0p5_0p02_0009_0007" 6682
"/Engine/EngineMaterials/Substrate/GLints/dict_16_192_64_0p5_0p02_0010_0002" 6683
"/Engine/EngineMaterials/Substrate/GLints/dict_16_192_64_0p5_0p02_0009_0009" 6684
"/Engine/EngineMaterials/Substrate/GLints/dict_16_192_64_0p5_0p02_0009_0010" 6685
"/Engine/EngineMaterials/Substrate/GLints/dict_16_192_64_0p5_0p02_0009_0011" 6686
"../../../Engine/Content/EngineMaterials/Substrate/GLints/dict_16_192_64_0p5_0p02_0008_0013.uasset" 6687
"../../../Engine/Content/EngineMaterials/Substrate/GLints/dict_16_192_64_0p5_0p02_0008_0010.uasset" 6688
"../../../Engine/Content/EngineMaterials/Substrate/GLints/dict_16_192_64_0p5_0p02_0008_0001.uasset" 6689
"/Engine/EngineMaterials/Substrate/GLints/dict_16_192_64_0p5_0p02_0009_0002" 6690
"/Engine/EngineMaterials/Substrate/GLints/dict_16_192_64_0p5_0p02_0008_0015" 6691
"../../../Engine/Content/EngineMaterials/Substrate/GLints/dict_16_192_64_0p5_0p02_0008_0009.uasset" 6692
"../../../Engine/Content/EngineMaterials/Substrate/GLints/dict_16_192_64_0p5_0p02_0008_0014.uasset" 6693
"/Engine/EngineMaterials/Substrate/GLints/dict_16_192_64_0p5_0p02_0009_0005" 6694
"/Engine/EngineMaterials/Substrate/GLints/dict_16_192_64_0p5_0p02_0008_0001" 6695
"/Engine/EngineMaterials/Substrate/GLints/dict_16_192_64_0p5_0p02_0008_0013" 6696
"../../../Engine/Content/EngineMaterials/Substrate/GLints/dict_16_192_64_0p5_0p02_0008_0008.uasset" 6697
"/Engine/EngineMaterials/Substrate/GLints/dict_16_192_64_0p5_0p02_0008_0008" 6698
"/Engine/EngineMaterials/Substrate/GLints/dict_16_192_64_0p5_0p02_0008_0009" 6699
"/Engine/EngineMaterials/Substrate/GLints/dict_16_192_64_0p5_0p02_0008_0010" 6700
"/Engine/EngineMaterials/Substrate/GLints/dict_16_192_64_0p5_0p02_0008_0014" 6701
"../../../Engine/Content/EngineMaterials/Substrate/GLints/dict_16_192_64_0p5_0p02_0008_0012.uasset" 6702
"../../../Engine/Content/EngineMaterials/Substrate/GLints/dict_16_192_64_0p5_0p02_0008_0007.uasset" 6703
"../../../Engine/Content/EngineMaterials/Substrate/GLints/dict_16_192_64_0p5_0p02_0008_0006.uasset" 6704
"../../../Engine/Content/EngineMaterials/Substrate/GLints/dict_16_192_64_0p5_0p02_0008_0011.uasset" 6705
"../../../Engine/Content/EngineMaterials/Substrate/GLints/dict_16_192_64_0p5_0p02_0008_0000.uasset" 6706
"../../../Engine/Content/EngineMaterials/Substrate/GLints/dict_16_192_64_0p5_0p02_0007_0015.uasset" 6707
"../../../Engine/Content/EngineMaterials/Substrate/GLints/dict_16_192_64_0p5_0p02_0007_0014.uasset" 6708
"../../../Engine/Content/EngineMaterials/Substrate/GLints/dict_16_192_64_0p5_0p02_0007_0012.uasset" 6709
"../../../Engine/Content/EngineMaterials/Substrate/GLints/dict_16_192_64_0p5_0p02_0007_0013.uasset" 6710
"../../../Engine/Content/EngineMaterials/Substrate/GLints/dict_16_192_64_0p5_0p02_0007_0011.uasset" 6711
"../../../Engine/Content/EngineMaterials/Substrate/GLints/dict_16_192_64_0p5_0p02_0008_0004.uasset" 6712
"../../../Engine/Content/EngineMaterials/Substrate/GLints/dict_16_192_64_0p5_0p02_0008_0003.uasset" 6713
"../../../Engine/Content/EngineMaterials/Substrate/GLints/dict_16_192_64_0p5_0p02_0007_0010.uasset" 6714
"../../../Engine/Content/EngineMaterials/Substrate/GLints/dict_16_192_64_0p5_0p02_0007_0005.uasset" 6715
"../../../Engine/Content/EngineMaterials/Substrate/GLints/dict_16_192_64_0p5_0p02_0007_0006.uasset" 6716
"/Engine/EngineMaterials/Substrate/GLints/dict_16_192_64_0p5_0p02_0007_0014" 6717
"../../../Engine/Content/EngineMaterials/Substrate/GLints/dict_16_192_64_0p5_0p02_0008_0002.uasset" 6718
"../../../Engine/Content/EngineMaterials/Substrate/GLints/dict_16_192_64_0p5_0p02_0007_0003.uasset" 6719
"../../../Engine/Content/EngineMaterials/Substrate/GLints/dict_16_192_64_0p5_0p02_0007_0009.uasset" 6720
"/Engine/EngineMaterials/Substrate/GLints/dict_16_192_64_0p5_0p02_0007_0015" 6721
"/Engine/EngineMaterials/Substrate/GLints/dict_16_192_64_0p5_0p02_0008_0000" 6722
"/Engine/EngineMaterials/Substrate/GLints/dict_16_192_64_0p5_0p02_0007_0010" 6723
"/Engine/EngineMaterials/Substrate/GLints/dict_16_192_64_0p5_0p02_0007_0011" 6724
"/Engine/EngineMaterials/Substrate/GLints/dict_16_192_64_0p5_0p02_0007_0012" 6725
"/Engine/EngineMaterials/Substrate/GLints/dict_16_192_64_0p5_0p02_0008_0003" 6726
"/Engine/EngineMaterials/Substrate/GLints/dict_16_192_64_0p5_0p02_0007_0013" 6727
"/Engine/EngineMaterials/Substrate/GLints/dict_16_192_64_0p5_0p02_0008_0004" 6728
"../../../Engine/Content/EngineMaterials/Substrate/GLints/dict_16_192_64_0p5_0p02_0007_0004.uasset" 6729
"/Engine/EngineMaterials/Substrate/GLints/dict_16_192_64_0p5_0p02_0008_0006" 6730
"/Engine/EngineMaterials/Substrate/GLints/dict_16_192_64_0p5_0p02_0008_0007" 6731
"/Engine/EngineMaterials/Substrate/GLints/dict_16_192_64_0p5_0p02_0008_0011" 6732
"/Engine/EngineMaterials/Substrate/GLints/dict_16_192_64_0p5_0p02_0008_0012" 6733
"/Engine/EngineMaterials/Substrate/GLints/dict_16_192_64_0p5_0p02_0007_0003" 6734
"/Engine/EngineMaterials/Substrate/GLints/dict_16_192_64_0p5_0p02_0007_0004" 6735
"/Engine/EngineMaterials/Substrate/GLints/dict_16_192_64_0p5_0p02_0007_0005" 6736
"../../../Engine/Content/EngineMaterials/Substrate/GLints/dict_16_192_64_0p5_0p02_0007_0008.uasset" 6737
"../../../Engine/Content/EngineMaterials/Substrate/GLints/dict_16_192_64_0p5_0p02_0006_0015.uasset" 6738
"../../../Engine/Content/EngineMaterials/Substrate/GLints/dict_16_192_64_0p5_0p02_0008_0005.uasset" 6739
"../../../Engine/Content/EngineMaterials/Substrate/GLints/dict_16_192_64_0p5_0p02_0007_0001.uasset" 6740
"../../../Engine/Content/EngineMaterials/Substrate/GLints/dict_16_192_64_0p5_0p02_0006_0013.uasset" 6741
"/Engine/EngineMaterials/Substrate/GLints/dict_16_192_64_0p5_0p02_0007_0006" 6742
"../../../Engine/Content/EngineMaterials/Substrate/GLints/dict_16_192_64_0p5_0p02_0007_0007.uasset" 6743
"../../../Engine/Content/EngineMaterials/Substrate/GLints/dict_16_192_64_0p5_0p02_0006_0012.uasset" 6744
"../../../Engine/Content/EngineMaterials/Substrate/GLints/dict_16_192_64_0p5_0p02_0006_0010.uasset" 6745
"/Engine/EngineMaterials/Substrate/GLints/dict_16_192_64_0p5_0p02_0007_0009" 6746
"../../../Engine/Content/EngineMaterials/Substrate/GLints/dict_16_192_64_0p5_0p02_0006_0014.uasset" 6747
"/Engine/EngineMaterials/Substrate/GLints/dict_16_192_64_0p5_0p02_0008_0002" 6748
"/Engine/EngineMaterials/Substrate/GLints/dict_16_192_64_0p5_0p02_0006_0013" 6749
"/Engine/EngineMaterials/Substrate/GLints/dict_16_192_64_0p5_0p02_0006_0014" 6750
"/Engine/EngineMaterials/Substrate/GLints/dict_16_192_64_0p5_0p02_0006_0015" 6751
"/Engine/EngineMaterials/Substrate/GLints/dict_16_192_64_0p5_0p02_0007_0007" 6752
"/Engine/EngineMaterials/Substrate/GLints/dict_16_192_64_0p5_0p02_0007_0008" 6753
"/Engine/EngineMaterials/Substrate/GLints/dict_16_192_64_0p5_0p02_0008_0005" 6754
"/Engine/EngineMaterials/Substrate/GLints/dict_16_192_64_0p5_0p02_0006_0010" 6755
"/Engine/EngineMaterials/Substrate/GLints/dict_16_192_64_0p5_0p02_0007_0001" 6756
"../../../Engine/Content/EngineMaterials/Substrate/GLints/dict_16_192_64_0p5_0p02_0006_0011.uasset" 6757
"/Engine/EngineMaterials/Substrate/GLints/dict_16_192_64_0p5_0p02_0006_0012" 6758
"../../../Engine/Content/EngineMaterials/Substrate/GLints/dict_16_192_64_0p5_0p02_0006_0008.uasset" 6759
"/Engine/EngineMaterials/Substrate/GLints/dict_16_192_64_0p5_0p02_0006_0011" 6760
"../../../Engine/Content/EngineMaterials/Substrate/GLints/dict_16_192_64_0p5_0p02_0007_0002.uasset" 6761
"../../../Engine/Content/EngineMaterials/Substrate/GLints/dict_16_192_64_0p5_0p02_0006_0007.uasset" 6762
"/Engine/EngineMaterials/Substrate/GLints/dict_16_192_64_0p5_0p02_0007_0002" 6763
"/Engine/EngineMaterials/Substrate/GLints/dict_16_192_64_0p5_0p02_0006_0007" 6764
"../../../Engine/Content/EngineMaterials/Substrate/GLints/dict_16_192_64_0p5_0p02_0006_0002.uasset" 6765
"/Engine/EngineMaterials/Substrate/GLints/dict_16_192_64_0p5_0p02_0006_0008" 6766
"../../../Engine/Content/EngineMaterials/Substrate/GLints/dict_16_192_64_0p5_0p02_0006_0003.uasset" 6767
"../../../Engine/Content/EngineMaterials/Substrate/GLints/dict_16_192_64_0p5_0p02_0006_0005.uasset" 6768
"/Engine/EngineMaterials/Substrate/GLints/dict_16_192_64_0p5_0p02_0006_0002" 6769
"../../../Engine/Content/EngineMaterials/Substrate/GLints/dict_16_192_64_0p5_0p02_0006_0004.uasset" 6770
"../../../Engine/Content/EngineMaterials/Substrate/GLints/dict_16_192_64_0p5_0p02_0006_0006.uasset" 6771
"/Engine/EngineMaterials/Substrate/GLints/dict_16_192_64_0p5_0p02_0006_0003" 6772
"/Engine/EngineMaterials/Substrate/GLints/dict_16_192_64_0p5_0p02_0006_0004" 6773
"/Engine/EngineMaterials/Substrate/GLints/dict_16_192_64_0p5_0p02_0006_0005" 6774
"/Engine/EngineMaterials/Substrate/GLints/dict_16_192_64_0p5_0p02_0006_0006" 6775
"../../../Engine/Content/EngineMaterials/Substrate/GLints/dict_16_192_64_0p5_0p02_0005_0013.uasset" 6776
"../../../Engine/Content/EngineMaterials/Substrate/GLints/dict_16_192_64_0p5_0p02_0006_0001.uasset" 6777
"../../../Engine/Content/EngineMaterials/Substrate/GLints/dict_16_192_64_0p5_0p02_0005_0015.uasset" 6778
"../../../Engine/Content/EngineMaterials/Substrate/GLints/dict_16_192_64_0p5_0p02_0006_0000.uasset" 6779
"../../../Engine/Content/EngineMaterials/Substrate/GLints/dict_16_192_64_0p5_0p02_0005_0012.uasset" 6780
"../../../Engine/Content/EngineMaterials/Substrate/GLints/dict_16_192_64_0p5_0p02_0005_0011.uasset" 6781
"../../../Engine/Content/EngineMaterials/Substrate/GLints/dict_16_192_64_0p5_0p02_0005_0009.uasset" 6782
"../../../Engine/Content/EngineMaterials/Substrate/GLints/dict_16_192_64_0p5_0p02_0005_0010.uasset" 6783
"../../../Engine/Content/EngineMaterials/Substrate/GLints/dict_16_192_64_0p5_0p02_0005_0008.uasset" 6784
"../../../Engine/Content/EngineMaterials/Substrate/GLints/dict_16_192_64_0p5_0p02_0007_0000.uasset" 6785
"../../../Engine/Content/EngineMaterials/Substrate/GLints/dict_16_192_64_0p5_0p02_0005_0007.uasset" 6786
"../../../Engine/Content/EngineMaterials/Substrate/GLints/dict_16_192_64_0p5_0p02_0005_0006.uasset" 6787
"../../../Engine/Content/EngineMaterials/Substrate/GLints/dict_16_192_64_0p5_0p02_0006_0009.uasset" 6788
"../../../Engine/Content/EngineMaterials/Substrate/GLints/dict_16_192_64_0p5_0p02_0005_0004.uasset" 6789
"../../../Engine/Content/EngineMaterials/Substrate/GLints/dict_16_192_64_0p5_0p02_0005_0002.uasset" 6790
"../../../Engine/Content/EngineMaterials/Substrate/GLints/dict_16_192_64_0p5_0p02_0005_0001.uasset" 6791
"../../../Engine/Content/EngineMaterials/Substrate/GLints/dict_16_192_64_0p5_0p02_0005_0005.uasset" 6792
"/Engine/EngineMaterials/Substrate/GLints/dict_16_192_64_0p5_0p02_0005_0006" 6793
"../../../Engine/Content/EngineMaterials/Substrate/GLints/dict_16_192_64_0p5_0p02_0004_0015.uasset" 6794
"/Engine/EngineMaterials/Substrate/GLints/dict_16_192_64_0p5_0p02_0005_0007" 6795
"../../../Engine/Content/EngineMaterials/Substrate/GLints/dict_16_192_64_0p5_0p02_0005_0003.uasset" 6796
"/Engine/EngineMaterials/Substrate/GLints/dict_16_192_64_0p5_0p02_0005_0012" 6797
"/Engine/EngineMaterials/Substrate/GLints/dict_16_192_64_0p5_0p02_0005_0008" 6798
"/Engine/EngineMaterials/Substrate/GLints/dict_16_192_64_0p5_0p02_0005_0009" 6799
"/Engine/EngineMaterials/Substrate/GLints/dict_16_192_64_0p5_0p02_0005_0001" 6800
"/Engine/EngineMaterials/Substrate/GLints/dict_16_192_64_0p5_0p02_0005_0010" 6801
"/Engine/EngineMaterials/Substrate/GLints/dict_16_192_64_0p5_0p02_0005_0013" 6802
"../../../Engine/Content/EngineMaterials/Substrate/GLints/dict_16_192_64_0p5_0p02_0004_0012.uasset" 6803
"../../../Engine/Content/EngineMaterials/Substrate/GLints/dict_16_192_64_0p5_0p02_0004_0011.uasset" 6804
"../../../Engine/Content/EngineMaterials/Substrate/GLints/dict_16_192_64_0p5_0p02_0004_0009.uasset" 6805
"/Engine/EngineMaterials/Substrate/GLints/dict_16_192_64_0p5_0p02_0007_0000" 6806
"/Engine/EngineMaterials/Substrate/GLints/dict_16_192_64_0p5_0p02_0005_0015" 6807
"/Engine/EngineMaterials/Substrate/GLints/dict_16_192_64_0p5_0p02_0006_0000" 6808
"/Engine/EngineMaterials/Substrate/GLints/dict_16_192_64_0p5_0p02_0006_0001" 6809
"/Engine/EngineMaterials/Substrate/GLints/dict_16_192_64_0p5_0p02_0005_0011" 6810
"/Engine/EngineMaterials/Substrate/GLints/dict_16_192_64_0p5_0p02_0005_0002" 6811
"/Engine/EngineMaterials/Substrate/GLints/dict_16_192_64_0p5_0p02_0006_0009" 6812
"/Engine/EngineMaterials/Substrate/GLints/dict_16_192_64_0p5_0p02_0005_0004" 6813
"../../../Engine/Content/EngineMaterials/Substrate/GLints/dict_16_192_64_0p5_0p02_0004_0014.uasset" 6814
"/Engine/EngineMaterials/Substrate/GLints/dict_16_192_64_0p5_0p02_0005_0005" 6815
"/Engine/EngineMaterials/Substrate/GLints/dict_16_192_64_0p5_0p02_0004_0009" 6816
"../../../Engine/Content/EngineMaterials/Substrate/GLints/dict_16_192_64_0p5_0p02_0004_0008.uasset" 6817
"/Engine/EngineMaterials/Substrate/GLints/dict_16_192_64_0p5_0p02_0004_0014" 6818
"/Engine/EngineMaterials/Substrate/GLints/dict_16_192_64_0p5_0p02_0004_0015" 6819
"../../../Engine/Content/EngineMaterials/Substrate/GLints/dict_16_192_64_0p5_0p02_0004_0007.uasset" 6820
"/Engine/EngineMaterials/Substrate/GLints/dict_16_192_64_0p5_0p02_0005_0003" 6821
"/Engine/EngineMaterials/Substrate/GLints/dict_16_192_64_0p5_0p02_0004_0012" 6822
"../../../Engine/Content/EngineMaterials/Substrate/GLints/dict_16_192_64_0p5_0p02_0005_0014.uasset" 6823
"/Engine/EngineMaterials/Substrate/GLints/dict_16_192_64_0p5_0p02_0004_0011" 6824
"/Engine/EngineMaterials/Substrate/GLints/dict_16_192_64_0p5_0p02_0005_0014" 6825
"/Engine/EngineMaterials/Substrate/GLints/dict_16_192_64_0p5_0p02_0004_0008" 6826
"/Engine/EngineMaterials/Substrate/GLints/dict_16_192_64_0p5_0p02_0004_0007" 6827
"../../../Engine/Content/EngineMaterials/Substrate/GLints/dict_16_192_64_0p5_0p02_0004_0004.uasset" 6828
"../../../Engine/Content/EngineMaterials/Substrate/GLints/dict_16_192_64_0p5_0p02_0005_0000.uasset" 6829
"../../../Engine/Content/EngineMaterials/Substrate/GLints/dict_16_192_64_0p5_0p02_0004_0010.uasset" 6830
"../../../Engine/Content/EngineMaterials/Substrate/GLints/dict_16_192_64_0p5_0p02_0004_0005.uasset" 6831
"../../../Engine/Content/EngineMaterials/Substrate/GLints/dict_16_192_64_0p5_0p02_0004_0002.uasset" 6832
"../../../Engine/Content/EngineMaterials/Substrate/GLints/dict_16_192_64_0p5_0p02_0004_0000.uasset" 6833
"../../../Engine/Content/EngineMaterials/Substrate/GLints/dict_16_192_64_0p5_0p02_0004_0001.uasset" 6834
"../../../Engine/Content/EngineMaterials/Substrate/GLints/dict_16_192_64_0p5_0p02_0004_0003.uasset" 6835
"../../../Engine/Content/EngineMaterials/Substrate/GLints/dict_16_192_64_0p5_0p02_0003_0014.uasset" 6836
"../../../Engine/Content/EngineMaterials/Substrate/GLints/dict_16_192_64_0p5_0p02_0003_0012.uasset" 6837
"../../../Engine/Content/EngineMaterials/Substrate/GLints/dict_16_192_64_0p5_0p02_0003_0011.uasset" 6838
"../../../Engine/Content/EngineMaterials/Substrate/GLints/dict_16_192_64_0p5_0p02_0003_0013.uasset" 6839
"/Engine/EngineMaterials/Substrate/GLints/dict_16_192_64_0p5_0p02_0005_0000" 6840
"../../../Engine/Content/EngineMaterials/Substrate/GLints/dict_16_192_64_0p5_0p02_0003_0006.uasset" 6841
"../../../Engine/Content/EngineMaterials/Substrate/GLints/dict_16_192_64_0p5_0p02_0003_0009.uasset" 6842
"../../../Engine/Content/EngineMaterials/Substrate/GLints/dict_16_192_64_0p5_0p02_0003_0007.uasset" 6843
"../../../Engine/Content/EngineMaterials/Substrate/GLints/dict_16_192_64_0p5_0p02_0003_0008.uasset" 6844
"/Engine/EngineMaterials/Substrate/GLints/dict_16_192_64_0p5_0p02_0003_0012" 6845
"../../../Engine/Content/EngineMaterials/Substrate/GLints/dict_16_192_64_0p5_0p02_0003_0005.uasset" 6846
"/Engine/EngineMaterials/Substrate/GLints/dict_16_192_64_0p5_0p02_0003_0014" 6847
"/Engine/EngineMaterials/Substrate/GLints/dict_16_192_64_0p5_0p02_0004_0004" 6848
"/Engine/EngineMaterials/Substrate/GLints/dict_16_192_64_0p5_0p02_0004_0005" 6849
"/Engine/EngineMaterials/Substrate/GLints/dict_16_192_64_0p5_0p02_0004_0000" 6850
"/Engine/EngineMaterials/Substrate/GLints/dict_16_192_64_0p5_0p02_0004_0001" 6851
"/Engine/EngineMaterials/Substrate/GLints/dict_16_192_64_0p5_0p02_0004_0010" 6852
"/Engine/EngineMaterials/Substrate/GLints/dict_16_192_64_0p5_0p02_0004_0002" 6853
"/Engine/EngineMaterials/Substrate/GLints/dict_16_192_64_0p5_0p02_0004_0003" 6854
"../../../Engine/Content/EngineMaterials/Substrate/GLints/dict_16_192_64_0p5_0p02_0003_0010.uasset" 6855
"/Engine/EngineMaterials/Substrate/GLints/dict_16_192_64_0p5_0p02_0003_0005" 6856
"/Engine/EngineMaterials/Substrate/GLints/dict_16_192_64_0p5_0p02_0003_0006" 6857
"../../../Engine/Content/EngineMaterials/Substrate/GLints/dict_16_192_64_0p5_0p02_0003_0001.uasset" 6858
"../../../Engine/Content/EngineMaterials/Substrate/GLints/dict_16_192_64_0p5_0p02_0003_0004.uasset" 6859
"../../../Engine/Content/EngineMaterials/Substrate/GLints/dict_16_192_64_0p5_0p02_0002_0015.uasset" 6860
"../../../Engine/Content/EngineMaterials/Substrate/GLints/dict_16_192_64_0p5_0p02_0003_0000.uasset" 6861
"/Engine/EngineMaterials/Substrate/GLints/dict_16_192_64_0p5_0p02_0003_0007" 6862
"/Engine/EngineMaterials/Substrate/GLints/dict_16_192_64_0p5_0p02_0003_0008" 6863
"../../../Engine/Content/EngineMaterials/Substrate/GLints/dict_16_192_64_0p5_0p02_0002_0013.uasset" 6864
"/Engine/EngineMaterials/Substrate/GLints/dict_16_192_64_0p5_0p02_0003_0009" 6865
"/Engine/EngineMaterials/Substrate/GLints/dict_16_192_64_0p5_0p02_0003_0010" 6866
"/Engine/EngineMaterials/Substrate/GLints/dict_16_192_64_0p5_0p02_0003_0011" 6867
"../../../Engine/Content/EngineMaterials/Substrate/GLints/dict_16_192_64_0p5_0p02_0003_0002.uasset" 6868
"/Engine/EngineMaterials/Substrate/GLints/dict_16_192_64_0p5_0p02_0003_0013" 6869
"/Engine/EngineMaterials/Substrate/GLints/dict_16_192_64_0p5_0p02_0002_0013" 6870
"../../../Engine/Content/EngineMaterials/Substrate/GLints/dict_16_192_64_0p5_0p02_0004_0006.uasset" 6871
"/Engine/EngineMaterials/Substrate/GLints/dict_16_192_64_0p5_0p02_0003_0004" 6872
"/Engine/EngineMaterials/Substrate/GLints/dict_16_192_64_0p5_0p02_0002_0015" 6873
"/Engine/EngineMaterials/Substrate/GLints/dict_16_192_64_0p5_0p02_0003_0000" 6874
"../../../Engine/Content/EngineMaterials/Substrate/GLints/dict_16_192_64_0p5_0p02_0002_0011.uasset" 6875
"../../../Engine/Content/EngineMaterials/Substrate/GLints/dict_16_192_64_0p5_0p02_0002_0014.uasset" 6876
"../../../Engine/Content/EngineMaterials/Substrate/GLints/dict_16_192_64_0p5_0p02_0003_0003.uasset" 6877
"/Engine/EngineMaterials/Substrate/GLints/dict_16_192_64_0p5_0p02_0003_0001" 6878
"../../../Engine/Content/EngineMaterials/Substrate/GLints/dict_16_192_64_0p5_0p02_0002_0009.uasset" 6879
"/Engine/EngineMaterials/Substrate/GLints/dict_16_192_64_0p5_0p02_0003_0002" 6880
"../../../Engine/Content/EngineMaterials/Substrate/GLints/dict_16_192_64_0p5_0p02_0002_0007.uasset" 6881
"../../../Engine/Content/EngineMaterials/Substrate/GLints/dict_16_192_64_0p5_0p02_0002_0012.uasset" 6882
"../../../Engine/Content/EngineMaterials/Substrate/GLints/dict_16_192_64_0p5_0p02_0002_0008.uasset" 6883
"/Engine/EngineMaterials/Substrate/GLints/dict_16_192_64_0p5_0p02_0003_0003" 6884
"../../../Engine/Content/EngineMaterials/Substrate/GLints/dict_16_192_64_0p5_0p02_0002_0006.uasset" 6885
"../../../Engine/Content/EngineMaterials/Substrate/GLints/dict_16_192_64_0p5_0p02_0002_0005.uasset" 6886
"/Engine/EngineMaterials/Substrate/GLints/dict_16_192_64_0p5_0p02_0002_0014" 6887
"/Engine/EngineMaterials/Substrate/GLints/dict_16_192_64_0p5_0p02_0002_0011" 6888
"/Engine/EngineMaterials/Substrate/GLints/dict_16_192_64_0p5_0p02_0004_0006" 6889
"/Engine/EngineMaterials/Substrate/GLints/dict_16_192_64_0p5_0p02_0002_0007" 6890
"../../../Engine/Content/EngineMaterials/Substrate/GLints/dict_16_192_64_0p5_0p02_0002_0010.uasset" 6891
"/Engine/EngineMaterials/Substrate/GLints/dict_16_192_64_0p5_0p02_0002_0009" 6892
"/Engine/EngineMaterials/Substrate/GLints/dict_16_192_64_0p5_0p02_0002_0010" 6893
"/Engine/EngineMaterials/Substrate/GLints/dict_16_192_64_0p5_0p02_0002_0005" 6894
"/Engine/EngineMaterials/Substrate/GLints/dict_16_192_64_0p5_0p02_0002_0012" 6895
"/Engine/EngineMaterials/Substrate/GLints/dict_16_192_64_0p5_0p02_0002_0006" 6896
"/Engine/EngineMaterials/Substrate/GLints/dict_16_192_64_0p5_0p02_0002_0008" 6897
"../../../Engine/Content/EngineMaterials/Substrate/GLints/dict_16_192_64_0p5_0p02_0002_0004.uasset" 6898
"../../../Engine/Content/EngineMaterials/Substrate/GLints/dict_16_192_64_0p5_0p02_0002_0000.uasset" 6899
"../../../Engine/Content/EngineMaterials/Substrate/GLints/dict_16_192_64_0p5_0p02_0001_0013.uasset" 6900
"../../../Engine/Content/EngineMaterials/Substrate/GLints/dict_16_192_64_0p5_0p02_0001_0015.uasset" 6901
"../../../Engine/Content/EngineMaterials/Substrate/GLints/dict_16_192_64_0p5_0p02_0002_0002.uasset" 6902
"../../../Engine/Content/EngineMaterials/Substrate/GLints/dict_16_192_64_0p5_0p02_0001_0014.uasset" 6903
"../../../Engine/Content/EngineMaterials/Substrate/GLints/dict_16_192_64_0p5_0p02_0003_0015.uasset" 6904
"../../../Engine/Content/EngineMaterials/Substrate/GLints/dict_16_192_64_0p5_0p02_0001_0008.uasset" 6905
"../../../Engine/Content/EngineMaterials/Substrate/GLints/dict_16_192_64_0p5_0p02_0001_0006.uasset" 6906
"../../../Engine/Content/EngineMaterials/Substrate/GLints/dict_16_192_64_0p5_0p02_0001_0005.uasset" 6907
"../../../Engine/Content/EngineMaterials/Substrate/GLints/dict_16_192_64_0p5_0p02_0001_0007.uasset" 6908
"../../../Engine/Content/EngineMaterials/Substrate/GLints/dict_16_192_64_0p5_0p02_0002_0001.uasset" 6909
"../../../Engine/Content/EngineMaterials/Substrate/GLints/dict_16_192_64_0p5_0p02_0001_0009.uasset" 6910
"/Engine/EngineMaterials/Substrate/GLints/dict_16_192_64_0p5_0p02_0001_0008" 6911
"../../../Engine/Content/EngineMaterials/Substrate/GLints/dict_16_192_64_0p5_0p02_0001_0010.uasset" 6912
"/Engine/EngineMaterials/Substrate/GLints/dict_16_192_64_0p5_0p02_0002_0000" 6913
"/Engine/EngineMaterials/Substrate/GLints/dict_16_192_64_0p5_0p02_0001_0013" 6914
"/Engine/EngineMaterials/Substrate/GLints/dict_16_192_64_0p5_0p02_0001_0014" 6915
"../../../Engine/Content/EngineMaterials/Substrate/GLints/dict_16_192_64_0p5_0p02_0001_0012.uasset" 6916
"/Engine/EngineMaterials/Substrate/GLints/dict_16_192_64_0p5_0p02_0002_0001" 6917
"/Engine/EngineMaterials/Substrate/GLints/dict_16_192_64_0p5_0p02_0001_0015" 6918
"/Engine/EngineMaterials/Substrate/GLints/dict_16_192_64_0p5_0p02_0002_0002" 6919
"/Engine/EngineMaterials/Substrate/GLints/dict_16_192_64_0p5_0p02_0003_0015" 6920
"../../../Engine/Content/EngineMaterials/Substrate/GLints/dict_16_192_64_0p5_0p02_0001_0001.uasset" 6921
"../../../Engine/Content/EngineMaterials/Substrate/GLints/dict_16_192_64_0p5_0p02_0001_0000.uasset" 6922
"../../../Engine/Content/EngineMaterials/Substrate/GLints/dict_16_192_64_0p5_0p02_0000_0015.uasset" 6923
"/Engine/EngineMaterials/Substrate/GLints/dict_16_192_64_0p5_0p02_0002_0004" 6924
"/Engine/EngineMaterials/Substrate/GLints/dict_16_192_64_0p5_0p02_0001_0005" 6925
"/Engine/EngineMaterials/Substrate/GLints/dict_16_192_64_0p5_0p02_0001_0006" 6926
"../../../Engine/Content/EngineMaterials/Substrate/GLints/dict_16_192_64_0p5_0p02_0000_0014.uasset" 6927
"../../../Engine/Content/EngineMaterials/Substrate/GLints/dict_16_192_64_0p5_0p02_0000_0012.uasset" 6928
"/Engine/EngineMaterials/Substrate/GLints/dict_16_192_64_0p5_0p02_0001_0007" 6929
"../../../Engine/Content/EngineMaterials/Substrate/GLints/dict_16_192_64_0p5_0p02_0001_0002.uasset" 6930
"/Engine/EngineMaterials/Substrate/GLints/dict_16_192_64_0p5_0p02_0001_0002" 6931
"../../../Engine/Content/EngineMaterials/Substrate/GLints/dict_16_192_64_0p5_0p02_0001_0003.uasset" 6932
"/Engine/EngineMaterials/Substrate/GLints/dict_16_192_64_0p5_0p02_0000_0012" 6933
"/Engine/EngineMaterials/Substrate/GLints/dict_16_192_64_0p5_0p02_0001_0009" 6934
"../../../Engine/Content/EngineMaterials/Substrate/GLints/dict_16_192_64_0p5_0p02_0000_0013.uasset" 6935
"/Engine/EngineMaterials/Substrate/GLints/dict_16_192_64_0p5_0p02_0001_0010" 6936
"/Engine/EngineMaterials/Substrate/GLints/dict_16_192_64_0p5_0p02_0001_0012" 6937
"/Engine/EngineMaterials/Substrate/GLints/dict_16_192_64_0p5_0p02_0000_0014" 6938
"../../../Engine/Content/EngineMaterials/Substrate/GLints/dict_16_192_64_0p5_0p02_0001_0004.uasset" 6939
"/Engine/EngineMaterials/Substrate/GLints/dict_16_192_64_0p5_0p02_0000_0015" 6940
"../../../Engine/Content/EngineMaterials/Substrate/GLints/dict_16_192_64_0p5_0p02_0001_0011.uasset" 6941
"/Engine/EngineMaterials/Substrate/GLints/dict_16_192_64_0p5_0p02_0001_0000" 6942
"/Engine/EngineMaterials/Substrate/GLints/dict_16_192_64_0p5_0p02_0001_0001" 6943
"/Engine/EngineMaterials/Substrate/GLints/dict_16_192_64_0p5_0p02_0001_0003" 6944
"/Engine/EngineMaterials/Substrate/GLints/dict_16_192_64_0p5_0p02_0000_0013" 6945
"/Engine/EngineMaterials/Substrate/GLints/dict_16_192_64_0p5_0p02_0001_0011" 6946
"../../../Engine/Content/EngineMaterials/Substrate/GLints/dict_16_192_64_0p5_0p02_0000_0008.uasset" 6947
"../../../Engine/Content/EngineMaterials/Substrate/GLints/dict_16_192_64_0p5_0p02_0000_0010.uasset" 6948
"../../../Engine/Content/EngineMaterials/Substrate/GLints/dict_16_192_64_0p5_0p02_0004_0013.uasset" 6949
"../../../Engine/Content/EngineMaterials/Substrate/GLints/dict_16_192_64_0p5_0p02_0000_0009.uasset" 6950
"../../../Engine/Content/EngineMaterials/Substrate/GLints/dict_16_192_64_0p5_0p02_0000_0011.uasset" 6951
"../../../Engine/Content/EngineMaterials/Substrate/GLints/dict_16_192_64_0p5_0p02_0000_0007.uasset" 6952
"../../../Engine/Content/EngineMaterials/Substrate/GLints/dict_16_192_64_0p5_0p02_0000_0006.uasset" 6953
"../../../Engine/Content/EngineMaterials/Substrate/GLints/dict_16_192_64_0p5_0p02_0000_0002.uasset" 6954
"../../../Engine/Content/EngineMaterials/Substrate/GLints/dict_16_192_64_0p5_0p02_0000_0004.uasset" 6955
"../../../Engine/Content/EngineMaterials/Substrate/GLints/dict_16_192_64_0p5_0p02_0000_0005.uasset" 6956
"/Engine/EngineMaterials/Substrate/GLints/dict_16_192_64_0p5_0p02_0004_0013" 6957
"../../../Engine/Content/EngineMaterials/Substrate/GLints/dict_16_192_64_0p5_0p02_0000_0003.uasset" 6958
"../../../Engine/Content/EngineMaterials/Substrate/GLints/dict_16_192_64_0p5_0p02_0000_0001.uasset" 6959
"../../../Engine/Content/EngineMaterials/Substrate/GLints/AGlintTex2dArray.uasset" 6960
"/Engine/EngineMaterials/Substrate/GLints/dict_16_192_64_0p5_0p02_0001_0004" 6961
"/Engine/EngineMaterials/Substrate/GLints/dict_16_192_64_0p5_0p02_0000_0007" 6962
"/Engine/EngineMaterials/Substrate/GLints/dict_16_192_64_0p5_0p02_0000_0002" 6963
"/Engine/EngineMaterials/Substrate/GLints/dict_16_192_64_0p5_0p02_0000_0008" 6964
"../../../Engine/Content/EngineMaterials/Substrate/Glints2/dict_0007_0255.uasset" 6965
"/Engine/EngineMaterials/Substrate/GLints/dict_16_192_64_0p5_0p02_0000_0009" 6966
"/Engine/EngineMaterials/Substrate/GLints/dict_16_192_64_0p5_0p02_0000_0010" 6967
"/Engine/EngineMaterials/Substrate/GLints/dict_16_192_64_0p5_0p02_0000_0004" 6968
"../../../Engine/Content/EngineMaterials/Substrate/Glints2/dict_0007_0252.uasset" 6969
"../../../Engine/Content/EngineMaterials/Substrate/Glints2/dict_0007_0247.uasset" 6970
"../../../Engine/Content/EngineMaterials/Substrate/Glints2/dict_0007_0253.uasset" 6971
"/Engine/EngineMaterials/Substrate/GLints/dict_16_192_64_0p5_0p02_0000_0005" 6972
"../../../Engine/Content/EngineMaterials/Substrate/Glints2/dict_0007_0248.uasset" 6973
"/Engine/EngineMaterials/Substrate/GLints/dict_16_192_64_0p5_0p02_0000_0006" 6974
"/Engine/EngineMaterials/Substrate/GLints/dict_16_192_64_0p5_0p02_0000_0011" 6975
"../../../Engine/Content/EngineMaterials/Substrate/Glints2/dict_0007_0250.uasset" 6976
"../../../Engine/Content/EngineMaterials/Substrate/Glints2/dict_0007_0249.uasset" 6977
"../../../Engine/Content/EngineMaterials/Substrate/GLints/dict_16_192_64_0p5_0p02_0002_0003.uasset" 6978
"/Engine/EngineMaterials/Substrate/Glints2/dict_0007_0252" 6979
"/Engine/EngineMaterials/Substrate/Glints2/dict_0007_0253" 6980
"/Engine/EngineMaterials/Substrate/Glints2/dict_0007_0255" 6981
"/Engine/EngineMaterials/Substrate/GLints/dict_16_192_64_0p5_0p02_0000_0001" 6982
"/Engine/EngineMaterials/Substrate/Glints2/dict_0007_0248" 6983
"/Engine/EngineMaterials/Substrate/GLints/dict_16_192_64_0p5_0p02_0000_0003" 6984
"/Engine/EngineMaterials/Substrate/Glints2/dict_0007_0249" 6985
"/Engine/EngineMaterials/Substrate/Glints2/dict_0007_0250" 6986
"../../../Engine/Content/EngineMaterials/Substrate/Glints2/dict_0007_0251.uasset" 6987
"/Engine/EngineMaterials/Substrate/Glints2/dict_0007_0247" 6988
"../../../Engine/Content/EngineMaterials/Substrate/Glints2/dict_0007_0244.uasset" 6989
"../../../Engine/Content/EngineMaterials/Substrate/Glints2/dict_0007_0254.uasset" 6990
"/Engine/EngineMaterials/Substrate/GLints/dict_16_192_64_0p5_0p02_0002_0003" 6991
"/Engine/EngineMaterials/Substrate/Glints2/dict_0007_0251" 6992
"../../../Engine/Content/EngineMaterials/Substrate/Glints2/dict_0007_0241.uasset" 6993
"../../../Engine/Content/EngineMaterials/Substrate/Glints2/dict_0007_0242.uasset" 6994
"/Engine/EngineMaterials/Substrate/Glints2/dict_0007_0244" 6995
"/Engine/EngineMaterials/Substrate/Glints2/dict_0007_0241" 6996
"/Engine/EngineMaterials/Substrate/Glints2/dict_0007_0242" 6997
"/Engine/EngineMaterials/Substrate/Glints2/dict_0007_0254" 6998
"../../../Engine/Content/EngineMaterials/Substrate/Glints2/dict_0007_0243.uasset" 6999
"../../../Engine/Content/EngineMaterials/Substrate/Glints2/dict_0007_0246.uasset" 7000
"../../../Engine/Content/EngineMaterials/Substrate/Glints2/dict_0007_0239.uasset" 7001
"../../../Engine/Content/EngineMaterials/Substrate/Glints2/dict_0007_0245.uasset" 7002
"../../../Engine/Content/EngineMaterials/Substrate/Glints2/dict_0007_0237.uasset" 7003
"../../../Engine/Content/EngineMaterials/Substrate/Glints2/dict_0007_0233.uasset" 7004
"../../../Engine/Content/EngineMaterials/Substrate/Glints2/dict_0007_0236.uasset" 7005
"../../../Engine/Content/EngineMaterials/Substrate/Glints2/dict_0007_0232.uasset" 7006
"../../../Engine/Content/EngineMaterials/Substrate/Glints2/dict_0007_0235.uasset" 7007
"../../../Engine/Content/EngineMaterials/Substrate/Glints2/dict_0007_0238.uasset" 7008
"../../../Engine/Content/EngineMaterials/Substrate/Glints2/dict_0007_0240.uasset" 7009
"/Engine/EngineMaterials/Substrate/Glints2/dict_0007_0243" 7010
"../../../Engine/Content/EngineMaterials/Substrate/Glints2/dict_0007_0228.uasset" 7011
"/Engine/EngineMaterials/Substrate/Glints2/dict_0007_0240" 7012
"/Engine/EngineMaterials/Substrate/Glints2/dict_0007_0245" 7013
"/Engine/EngineMaterials/Substrate/Glints2/dict_0007_0246" 7014
"../../../Engine/Content/EngineMaterials/Substrate/Glints2/dict_0007_0231.uasset" 7015
"/Engine/EngineMaterials/Substrate/Glints2/dict_0007_0232" 7016
"../../../Engine/Content/EngineMaterials/Substrate/Glints2/dict_0007_0226.uasset" 7017
"/Engine/EngineMaterials/Substrate/Glints2/dict_0007_0233" 7018
"../../../Engine/Content/EngineMaterials/Substrate/Glints2/dict_0007_0227.uasset" 7019
"/Engine/EngineMaterials/Substrate/Glints2/dict_0007_0235" 7020
"../../../Engine/Content/EngineMaterials/Substrate/Glints2/dict_0007_0234.uasset" 7021
"/Engine/EngineMaterials/Substrate/Glints2/dict_0007_0236" 7022
"/Engine/EngineMaterials/Substrate/Glints2/dict_0007_0237" 7023
"../../../Engine/Content/EngineMaterials/Substrate/Glints2/dict_0007_0225.uasset" 7024
"/Engine/EngineMaterials/Substrate/Glints2/dict_0007_0238" 7025
"/Engine/EngineMaterials/Substrate/Glints2/dict_0007_0239" 7026
"/Engine/EngineMaterials/Substrate/Glints2/dict_0007_0231" 7027
"/Engine/EngineMaterials/Substrate/Glints2/dict_0007_0225" 7028
"/Engine/EngineMaterials/Substrate/Glints2/dict_0007_0226" 7029
"/Engine/EngineMaterials/Substrate/Glints2/dict_0007_0227" 7030
"../../../Engine/Content/EngineMaterials/Substrate/Glints2/dict_0007_0223.uasset" 7031
"../../../Engine/Content/EngineMaterials/Substrate/Glints2/dict_0007_0229.uasset" 7032
"/Engine/EngineMaterials/Substrate/Glints2/dict_0007_0228" 7033
"/Engine/EngineMaterials/Substrate/Glints2/dict_0007_0229" 7034
"../../../Engine/Content/EngineMaterials/Substrate/Glints2/dict_0007_0230.uasset" 7035
"../../../Engine/Content/EngineMaterials/Substrate/Glints2/dict_0007_0219.uasset" 7036
"/Engine/EngineMaterials/Substrate/Glints2/dict_0007_0223" 7037
"../../../Engine/Content/EngineMaterials/Substrate/Glints2/dict_0007_0220.uasset" 7038
"/Engine/EngineMaterials/Substrate/Glints2/dict_0007_0234" 7039
"/Engine/EngineMaterials/Substrate/Glints2/dict_0007_0230" 7040
"/Engine/EngineMaterials/Substrate/Glints2/dict_0007_0219" 7041
"/Engine/EngineMaterials/Substrate/Glints2/dict_0007_0220" 7042
"../../../Engine/Content/EngineMaterials/Substrate/Glints2/dict_0007_0224.uasset" 7043
"../../../Engine/Content/EngineMaterials/Substrate/Glints2/dict_0007_0222.uasset" 7044
"../../../Engine/Content/EngineMaterials/Substrate/Glints2/dict_0007_0221.uasset" 7045
"../../../Engine/Content/EngineMaterials/Substrate/Glints2/dict_0007_0217.uasset" 7046
"../../../Engine/Content/EngineMaterials/Substrate/Glints2/dict_0007_0218.uasset" 7047
"../../../Engine/Content/EngineMaterials/Substrate/Glints2/dict_0007_0216.uasset" 7048
"../../../Engine/Content/EngineMaterials/Substrate/Glints2/dict_0007_0215.uasset" 7049
"../../../Engine/Content/EngineMaterials/Substrate/Glints2/dict_0007_0210.uasset" 7050
"../../../Engine/Content/EngineMaterials/Substrate/Glints2/dict_0007_0213.uasset" 7051
"../../../Engine/Content/EngineMaterials/Substrate/Glints2/dict_0007_0209.uasset" 7052
"/Engine/EngineMaterials/Substrate/Glints2/dict_0007_0221" 7053
"../../../Engine/Content/EngineMaterials/Substrate/Glints2/dict_0007_0212.uasset" 7054
"../../../Engine/Content/EngineMaterials/Substrate/Glints2/dict_0007_0211.uasset" 7055
"/Engine/EngineMaterials/Substrate/Glints2/dict_0007_0215" 7056
"../../../Engine/Content/EngineMaterials/Substrate/Glints2/dict_0007_0204.uasset" 7057
"../../../Engine/Content/EngineMaterials/Substrate/Glints2/dict_0007_0214.uasset" 7058
"../../../Engine/Content/EngineMaterials/Substrate/Glints2/dict_0007_0208.uasset" 7059
"/Engine/EngineMaterials/Substrate/Glints2/dict_0007_0222" 7060
"../../../Engine/Content/EngineMaterials/Substrate/Glints2/dict_0007_0200.uasset" 7061
"../../../Engine/Content/EngineMaterials/Substrate/Glints2/dict_0007_0201.uasset" 7062
"../../../Engine/Content/EngineMaterials/Substrate/Glints2/dict_0007_0199.uasset" 7063
"/Engine/EngineMaterials/Substrate/Glints2/dict_0007_0216" 7064
"/Engine/EngineMaterials/Substrate/Glints2/dict_0007_0218" 7065
"../../../Engine/Content/EngineMaterials/Substrate/Glints2/dict_0007_0198.uasset" 7066
"/Engine/EngineMaterials/Substrate/Glints2/dict_0007_0217" 7067
"../../../Engine/Content/EngineMaterials/Substrate/Glints2/dict_0007_0196.uasset" 7068
"../../../Engine/Content/EngineMaterials/Substrate/Glints2/dict_0007_0197.uasset" 7069
"../../../Engine/Content/EngineMaterials/Substrate/Glints2/dict_0007_0194.uasset" 7070
"/Engine/EngineMaterials/Substrate/Glints2/dict_0007_0224" 7071
"../../../Engine/Content/EngineMaterials/Substrate/Glints2/dict_0007_0207.uasset" 7072
"/Engine/EngineMaterials/Substrate/Glints2/dict_0007_0210" 7073
"../../../Engine/Content/EngineMaterials/Substrate/Glints2/dict_0007_0203.uasset" 7074
"/Engine/EngineMaterials/Substrate/Glints2/dict_0007_0213" 7075
"../../../Engine/Content/EngineMaterials/Substrate/Glints2/dict_0007_0206.uasset" 7076
"/Engine/EngineMaterials/Substrate/Glints2/dict_0007_0203" 7077
"/Engine/EngineMaterials/Substrate/Glints2/dict_0007_0214" 7078
"../../../Engine/Content/EngineMaterials/Substrate/Glints2/dict_0007_0202.uasset" 7079
"../../../Engine/Content/EngineMaterials/Substrate/Glints2/dict_0007_0205.uasset" 7080
"/Engine/EngineMaterials/Substrate/Glints2/dict_0007_0204" 7081
"/Engine/EngineMaterials/Substrate/Glints2/dict_0007_0206" 7082
"/Engine/EngineMaterials/Substrate/Glints2/dict_0007_0198" 7083
"/Engine/EngineMaterials/Substrate/Glints2/dict_0007_0196" 7084
"/Engine/EngineMaterials/Substrate/Glints2/dict_0007_0207" 7085
"/Engine/EngineMaterials/Substrate/Glints2/dict_0007_0199" 7086
"/Engine/EngineMaterials/Substrate/Glints2/dict_0007_0200" 7087
"/Engine/EngineMaterials/Substrate/Glints2/dict_0007_0208" 7088
"../../../Engine/Content/EngineMaterials/Substrate/Glints2/dict_0007_0193.uasset" 7089
"/Engine/EngineMaterials/Substrate/Glints2/dict_0007_0201" 7090
"/Engine/EngineMaterials/Substrate/Glints2/dict_0007_0197" 7091
"/Engine/EngineMaterials/Substrate/Glints2/dict_0007_0209" 7092
"/Engine/EngineMaterials/Substrate/Glints2/dict_0007_0211" 7093
"/Engine/EngineMaterials/Substrate/Glints2/dict_0007_0212" 7094
"/Engine/EngineMaterials/Substrate/Glints2/dict_0007_0194" 7095
"../../../Engine/Content/EngineMaterials/Substrate/Glints2/dict_0007_0192.uasset" 7096
"/Engine/EngineMaterials/Substrate/Glints2/dict_0007_0205" 7097
"/Engine/EngineMaterials/Substrate/Glints2/dict_0007_0192" 7098
"/Engine/EngineMaterials/Substrate/Glints2/dict_0007_0193" 7099
"/Engine/EngineMaterials/Substrate/Glints2/dict_0007_0202" 7100
"../../../Engine/Content/EngineMaterials/Substrate/Glints2/dict_0007_0190.uasset" 7101
"../../../Engine/Content/EngineMaterials/Substrate/Glints2/dict_0007_0187.uasset" 7102
"../../../Engine/Content/EngineMaterials/Substrate/GLints/dict_16_192_64_0p5_0p02_0000_0000.uasset" 7103
"../../../Engine/Content/EngineMaterials/Substrate/Glints2/dict_0007_0189.uasset" 7104
"../../../Engine/Content/EngineMaterials/Substrate/Glints2/dict_0007_0195.uasset" 7105
"../../../Engine/Content/EngineMaterials/Substrate/Glints2/dict_0007_0186.uasset" 7106
"../../../Engine/Content/EngineMaterials/Substrate/Glints2/dict_0007_0188.uasset" 7107
"../../../Engine/Content/EngineMaterials/Substrate/Glints2/dict_0007_0191.uasset" 7108
"../../../Engine/Content/EngineMaterials/Substrate/Glints2/dict_0007_0185.uasset" 7109
"/Engine/EngineMaterials/Substrate/Glints2/dict_0007_0195" 7110
"../../../Engine/Content/EngineMaterials/Substrate/Glints2/dict_0007_0184.uasset" 7111
"../../../Engine/Content/EngineMaterials/Substrate/Glints2/dict_0007_0179.uasset" 7112
"/Engine/EngineMaterials/Substrate/Glints2/dict_0007_0185" 7113
"../../../Engine/Content/EngineMaterials/Substrate/Glints2/dict_0007_0183.uasset" 7114
"/Engine/EngineMaterials/Substrate/Glints2/dict_0007_0186" 7115
"/Engine/EngineMaterials/Substrate/Glints2/dict_0007_0187" 7116
"/Engine/EngineMaterials/Substrate/Glints2/dict_0007_0188" 7117
"/Engine/EngineMaterials/Substrate/GLints/AGlintTex2dArray" 7118
"../../../Engine/Content/EngineMaterials/Substrate/Glints2/dict_0007_0178.uasset" 7119
"../../../Engine/Content/EngineMaterials/Substrate/Glints2/dict_0007_0182.uasset" 7120
"../../../Engine/Content/EngineMaterials/Substrate/Glints2/dict_0007_0176.uasset" 7121
"../../../Engine/Content/EngineMaterials/Substrate/Glints2/dict_0007_0175.uasset" 7122
"../../../Engine/Content/EngineMaterials/Substrate/Glints2/dict_0007_0173.uasset" 7123
"../../../Engine/Content/EngineMaterials/Substrate/Glints2/dict_0007_0172.uasset" 7124
"../../../Engine/Content/EngineMaterials/Substrate/Glints2/dict_0007_0174.uasset" 7125
"../../../Engine/Content/EngineMaterials/Substrate/Glints2/dict_0007_0180.uasset" 7126
"../../../Engine/Content/EngineMaterials/Substrate/Glints2/dict_0007_0181.uasset" 7127
"../../../Engine/Content/EngineMaterials/Substrate/Glints2/dict_0007_0171.uasset" 7128
"../../../Engine/Content/EngineMaterials/Substrate/Glints2/dict_0007_0169.uasset" 7129
"../../../Engine/Content/EngineMaterials/Substrate/Glints2/dict_0007_0168.uasset" 7130
"../../../Engine/Content/EngineMaterials/Substrate/Glints2/dict_0007_0170.uasset" 7131
"../../../Engine/Content/EngineMaterials/Substrate/Glints2/dict_0007_0167.uasset" 7132
"../../../Engine/Content/EngineMaterials/Substrate/Glints2/dict_0007_0166.uasset" 7133
"../../../Engine/Content/EngineMaterials/Substrate/Glints2/dict_0007_0165.uasset" 7134
"../../../Engine/Content/EngineMaterials/Substrate/Glints2/dict_0007_0163.uasset" 7135
"../../../Engine/Content/EngineMaterials/Substrate/Glints2/dict_0007_0177.uasset" 7136
"/Engine/EngineMaterials/Substrate/Glints2/dict_0007_0189" 7137
"/Engine/EngineMaterials/Substrate/Glints2/dict_0007_0190" 7138
"/Engine/EngineMaterials/Substrate/Glints2/dict_0007_0191" 7139
"/Engine/EngineMaterials/Substrate/Glints2/dict_0007_0167" 7140
"/Engine/EngineMaterials/Substrate/Glints2/dict_0007_0168" 7141
"/Engine/EngineMaterials/Substrate/Glints2/dict_0007_0169" 7142
"/Engine/EngineMaterials/Substrate/Glints2/dict_0007_0183" 7143
"/Engine/EngineMaterials/Substrate/Glints2/dict_0007_0163" 7144
"/Engine/EngineMaterials/Substrate/Glints2/dict_0007_0184" 7145
"/Engine/EngineMaterials/Substrate/Glints2/dict_0007_0170" 7146
"../../../Engine/Content/EngineMaterials/Substrate/Glints2/dict_0007_0164.uasset" 7147
"/Engine/EngineMaterials/Substrate/Glints2/dict_0007_0171" 7148
"/Engine/EngineMaterials/Substrate/Glints2/dict_0007_0172" 7149
"/Engine/EngineMaterials/Substrate/Glints2/dict_0007_0173" 7150
"/Engine/EngineMaterials/Substrate/Glints2/dict_0007_0174" 7151
"/Engine/EngineMaterials/Substrate/Glints2/dict_0007_0165" 7152
"/Engine/EngineMaterials/Substrate/Glints2/dict_0007_0175" 7153
"/Engine/EngineMaterials/Substrate/Glints2/dict_0007_0176" 7154
"/Engine/EngineMaterials/Substrate/Glints2/dict_0007_0177" 7155
"/Engine/EngineMaterials/Substrate/Glints2/dict_0007_0178" 7156
"/Engine/EngineMaterials/Substrate/Glints2/dict_0007_0179" 7157
"/Engine/EngineMaterials/Substrate/Glints2/dict_0007_0180" 7158
"/Engine/EngineMaterials/Substrate/Glints2/dict_0007_0166" 7159
"/Engine/EngineMaterials/Substrate/Glints2/dict_0007_0181" 7160
"/Engine/EngineMaterials/Substrate/Glints2/dict_0007_0182" 7161
"/Engine/EngineMaterials/Substrate/Glints2/dict_0007_0164" 7162
"../../../Engine/Content/EngineMaterials/Substrate/Glints2/dict_0007_0159.uasset" 7163
"../../../Engine/Content/EngineMaterials/Substrate/Glints2/dict_0007_0161.uasset" 7164
"../../../Engine/Content/EngineMaterials/Substrate/Glints2/dict_0007_0157.uasset" 7165
"../../../Engine/Content/EngineMaterials/Substrate/Glints2/dict_0007_0162.uasset" 7166
"../../../Engine/Content/EngineMaterials/Substrate/Glints2/dict_0007_0158.uasset" 7167
"../../../Engine/Content/EngineMaterials/Substrate/Glints2/dict_0007_0160.uasset" 7168
"../../../Engine/Content/EngineMaterials/Substrate/Glints2/dict_0007_0156.uasset" 7169
"../../../Engine/Content/EngineMaterials/Substrate/Glints2/dict_0007_0153.uasset" 7170
"../../../Engine/Content/EngineMaterials/Substrate/Glints2/dict_0007_0154.uasset" 7171
"../../../Engine/Content/EngineMaterials/Substrate/Glints2/dict_0007_0151.uasset" 7172
"../../../Engine/Content/EngineMaterials/Substrate/Glints2/dict_0007_0152.uasset" 7173
"../../../Engine/Content/EngineMaterials/Substrate/Glints2/dict_0007_0155.uasset" 7174
"../../../Engine/Content/EngineMaterials/Substrate/Glints2/dict_0007_0150.uasset" 7175
"../../../Engine/Content/EngineMaterials/Substrate/Glints2/dict_0007_0149.uasset" 7176
"../../../Engine/Content/EngineMaterials/Substrate/Glints2/dict_0007_0148.uasset" 7177
"../../../Engine/Content/EngineMaterials/Substrate/Glints2/dict_0007_0146.uasset" 7178
"../../../Engine/Content/EngineMaterials/Substrate/Glints2/dict_0007_0147.uasset" 7179
"../../../Engine/Content/EngineMaterials/Substrate/Glints2/dict_0007_0138.uasset" 7180
"../../../Engine/Content/EngineMaterials/Substrate/Glints2/dict_0007_0141.uasset" 7181
"../../../Engine/Content/EngineMaterials/Substrate/Glints2/dict_0007_0143.uasset" 7182
"../../../Engine/Content/EngineMaterials/Substrate/Glints2/dict_0007_0142.uasset" 7183
"../../../Engine/Content/EngineMaterials/Substrate/Glints2/dict_0007_0139.uasset" 7184
"../../../Engine/Content/EngineMaterials/Substrate/Glints2/dict_0007_0145.uasset" 7185
"../../../Engine/Content/EngineMaterials/Substrate/Glints2/dict_0007_0140.uasset" 7186
"../../../Engine/Content/EngineMaterials/Substrate/Glints2/dict_0007_0144.uasset" 7187
"../../../Engine/Content/EngineMaterials/Substrate/Glints2/dict_0007_0133.uasset" 7188
"../../../Engine/Content/EngineMaterials/Substrate/Glints2/dict_0007_0132.uasset" 7189
"../../../Engine/Content/EngineMaterials/Substrate/Glints2/dict_0007_0136.uasset" 7190
"../../../Engine/Content/EngineMaterials/Substrate/Glints2/dict_0007_0135.uasset" 7191
"../../../Engine/Content/EngineMaterials/Substrate/Glints2/dict_0007_0134.uasset" 7192
"../../../Engine/Content/EngineMaterials/Substrate/Glints2/dict_0007_0137.uasset" 7193
"../../../Engine/Content/EngineMaterials/Substrate/Glints2/dict_0007_0131.uasset" 7194
"/Engine/EngineMaterials/Substrate/Glints2/dict_0007_0132" 7195
"/Engine/EngineMaterials/Substrate/Glints2/dict_0007_0133" 7196
"/Engine/EngineMaterials/Substrate/Glints2/dict_0007_0134" 7197
"/Engine/EngineMaterials/Substrate/Glints2/dict_0007_0135" 7198
"/Engine/EngineMaterials/Substrate/Glints2/dict_0007_0153" 7199
"/Engine/EngineMaterials/Substrate/Glints2/dict_0007_0136" 7200
"/Engine/EngineMaterials/Substrate/Glints2/dict_0007_0137" 7201
"/Engine/EngineMaterials/Substrate/Glints2/dict_0007_0138" 7202
"/Engine/EngineMaterials/Substrate/Glints2/dict_0007_0131" 7203
"/Engine/EngineMaterials/Substrate/Glints2/dict_0007_0154" 7204
"/Engine/EngineMaterials/Substrate/Glints2/dict_0007_0155" 7205
"/Engine/EngineMaterials/Substrate/Glints2/dict_0007_0156" 7206
"/Engine/EngineMaterials/Substrate/Glints2/dict_0007_0157" 7207
"/Engine/EngineMaterials/Substrate/Glints2/dict_0007_0139" 7208
"/Engine/EngineMaterials/Substrate/Glints2/dict_0007_0140" 7209
"/Engine/EngineMaterials/Substrate/Glints2/dict_0007_0158" 7210
"/Engine/EngineMaterials/Substrate/Glints2/dict_0007_0159" 7211
"/Engine/EngineMaterials/Substrate/Glints2/dict_0007_0160" 7212
"/Engine/EngineMaterials/Substrate/Glints2/dict_0007_0141" 7213
"/Engine/EngineMaterials/Substrate/Glints2/dict_0007_0142" 7214
"/Engine/EngineMaterials/Substrate/Glints2/dict_0007_0143" 7215
"/Engine/EngineMaterials/Substrate/Glints2/dict_0007_0144" 7216
"/Engine/EngineMaterials/Substrate/Glints2/dict_0007_0145" 7217
"/Engine/EngineMaterials/Substrate/Glints2/dict_0007_0146" 7218
"/Engine/EngineMaterials/Substrate/Glints2/dict_0007_0147" 7219
"/Engine/EngineMaterials/Substrate/Glints2/dict_0007_0148" 7220
"/Engine/EngineMaterials/Substrate/Glints2/dict_0007_0161" 7221
"/Engine/EngineMaterials/Substrate/Glints2/dict_0007_0149" 7222
"/Engine/EngineMaterials/Substrate/Glints2/dict_0007_0150" 7223
"/Engine/EngineMaterials/Substrate/Glints2/dict_0007_0151" 7224
"/Engine/EngineMaterials/Substrate/Glints2/dict_0007_0162" 7225
"/Engine/EngineMaterials/Substrate/Glints2/dict_0007_0152" 7226
"../../../Engine/Content/EngineMaterials/Substrate/Glints2/dict_0007_0129.uasset" 7227
"../../../Engine/Content/EngineMaterials/Substrate/Glints2/dict_0007_0124.uasset" 7228
"../../../Engine/Content/EngineMaterials/Substrate/Glints2/dict_0007_0130.uasset" 7229
"../../../Engine/Content/EngineMaterials/Substrate/Glints2/dict_0007_0128.uasset" 7230
"../../../Engine/Content/EngineMaterials/Substrate/Glints2/dict_0007_0127.uasset" 7231
"../../../Engine/Content/EngineMaterials/Substrate/Glints2/dict_0007_0126.uasset" 7232
"../../../Engine/Content/EngineMaterials/Substrate/Glints2/dict_0007_0125.uasset" 7233
"../../../Engine/Content/EngineMaterials/Substrate/Glints2/dict_0007_0120.uasset" 7234
"../../../Engine/Content/EngineMaterials/Substrate/Glints2/dict_0007_0118.uasset" 7235
"/Engine/EngineMaterials/Substrate/Glints2/dict_0007_0124" 7236
"../../../Engine/Content/EngineMaterials/Substrate/Glints2/dict_0007_0122.uasset" 7237
"../../../Engine/Content/EngineMaterials/Substrate/Glints2/dict_0007_0121.uasset" 7238
"/Engine/EngineMaterials/Substrate/Glints2/dict_0007_0126" 7239
"/Engine/EngineMaterials/Substrate/Glints2/dict_0007_0127" 7240
"/Engine/EngineMaterials/Substrate/Glints2/dict_0007_0128" 7241
"../../../Engine/Content/EngineMaterials/Substrate/Glints2/dict_0007_0119.uasset" 7242
"/Engine/EngineMaterials/Substrate/Glints2/dict_0007_0129" 7243
"../../../Engine/Content/EngineMaterials/Substrate/Glints2/dict_0007_0123.uasset" 7244
"/Engine/EngineMaterials/Substrate/Glints2/dict_0007_0130" 7245
"/Engine/EngineMaterials/Substrate/Glints2/dict_0007_0118" 7246
"../../../Engine/Content/EngineMaterials/Substrate/Glints2/dict_0007_0117.uasset" 7247
"/Engine/EngineMaterials/Substrate/Glints2/dict_0007_0119" 7248
"/Engine/EngineMaterials/Substrate/Glints2/dict_0007_0120" 7249
"/Engine/EngineMaterials/Substrate/Glints2/dict_0007_0121" 7250
"/Engine/EngineMaterials/Substrate/Glints2/dict_0007_0122" 7251
"/Engine/EngineMaterials/Substrate/Glints2/dict_0007_0123" 7252
"/Engine/EngineMaterials/Substrate/Glints2/dict_0007_0125" 7253
"/Engine/EngineMaterials/Substrate/Glints2/dict_0007_0117" 7254
"../../../Engine/Content/EngineMaterials/Substrate/Glints2/dict_0007_0114.uasset" 7255
"../../../Engine/Content/EngineMaterials/Substrate/Glints2/dict_0007_0115.uasset" 7256
"../../../Engine/Content/EngineMaterials/Substrate/Glints2/dict_0007_0113.uasset" 7257
"/Engine/EngineMaterials/Substrate/Glints2/dict_0007_0113" 7258
"../../../Engine/Content/EngineMaterials/Substrate/Glints2/dict_0007_0116.uasset" 7259
"../../../Engine/Content/EngineMaterials/Substrate/Glints2/dict_0007_0111.uasset" 7260
"/Engine/EngineMaterials/Substrate/Glints2/dict_0007_0114" 7261
"../../../Engine/Content/EngineMaterials/Substrate/Glints2/dict_0007_0107.uasset" 7262
"../../../Engine/Content/EngineMaterials/Substrate/Glints2/dict_0007_0112.uasset" 7263
"../../../Engine/Content/EngineMaterials/Substrate/Glints2/dict_0007_0108.uasset" 7264
"/Engine/EngineMaterials/Substrate/Glints2/dict_0007_0115" 7265
"/Engine/EngineMaterials/Substrate/Glints2/dict_0007_0107" 7266
"/Engine/EngineMaterials/Substrate/Glints2/dict_0007_0108" 7267
"/Engine/EngineMaterials/Substrate/Glints2/dict_0007_0111" 7268
"/Engine/EngineMaterials/Substrate/Glints2/dict_0007_0112" 7269
"../../../Engine/Content/EngineMaterials/Substrate/Glints2/dict_0007_0110.uasset" 7270
"../../../Engine/Content/EngineMaterials/Substrate/Glints2/dict_0007_0109.uasset" 7271
"/Engine/EngineMaterials/Substrate/Glints2/dict_0007_0116" 7272
"/Engine/EngineMaterials/Substrate/Glints2/dict_0007_0109" 7273
"/Engine/EngineMaterials/Substrate/Glints2/dict_0007_0110" 7274
"../../../Engine/Content/EngineMaterials/Substrate/Glints2/dict_0007_0104.uasset" 7275
"../../../Engine/Content/EngineMaterials/Substrate/Glints2/dict_0007_0102.uasset" 7276
"../../../Engine/Content/EngineMaterials/Substrate/Glints2/dict_0007_0105.uasset" 7277
"../../../Engine/Content/EngineMaterials/Substrate/Glints2/dict_0007_0103.uasset" 7278
"../../../Engine/Content/EngineMaterials/Substrate/Glints2/dict_0007_0101.uasset" 7279
"/Engine/EngineMaterials/Substrate/Glints2/dict_0007_0101" 7280
"../../../Engine/Content/EngineMaterials/Substrate/Glints2/dict_0007_0100.uasset" 7281
"../../../Engine/Content/EngineMaterials/Substrate/Glints2/dict_0007_0098.uasset" 7282
"/Engine/EngineMaterials/Substrate/Glints2/dict_0007_0102" 7283
"../../../Engine/Content/EngineMaterials/Substrate/Glints2/dict_0007_0095.uasset" 7284
"../../../Engine/Content/EngineMaterials/Substrate/Glints2/dict_0007_0096.uasset" 7285
"/Engine/EngineMaterials/Substrate/Glints2/dict_0007_0103" 7286
"../../../Engine/Content/EngineMaterials/Substrate/Glints2/dict_0007_0099.uasset" 7287
"/Engine/EngineMaterials/Substrate/Glints2/dict_0007_0104" 7288
"/Engine/EngineMaterials/Substrate/Glints2/dict_0007_0105" 7289
"/Engine/EngineMaterials/Substrate/Glints2/dict_0007_0099" 7290
"/Engine/EngineMaterials/Substrate/Glints2/dict_0007_0100" 7291
"/Engine/EngineMaterials/Substrate/Glints2/dict_0007_0095" 7292
"/Engine/EngineMaterials/Substrate/Glints2/dict_0007_0096" 7293
"../../../Engine/Content/EngineMaterials/Substrate/Glints2/dict_0007_0094.uasset" 7294
"../../../Engine/Content/EngineMaterials/Substrate/Glints2/dict_0007_0106.uasset" 7295
"/Engine/EngineMaterials/Substrate/Glints2/dict_0007_0098" 7296
"/Engine/EngineMaterials/Substrate/Glints2/dict_0007_0106" 7297
"/Engine/EngineMaterials/Substrate/Glints2/dict_0007_0094" 7298
"../../../Engine/Content/EngineMaterials/Substrate/Glints2/dict_0007_0093.uasset" 7299
"../../../Engine/Content/EngineMaterials/Substrate/Glints2/dict_0007_0090.uasset" 7300
"../../../Engine/Content/EngineMaterials/Substrate/Glints2/dict_0007_0092.uasset" 7301
"/Engine/EngineMaterials/Substrate/Glints2/dict_0007_0090" 7302
"/Engine/EngineMaterials/Substrate/Glints2/dict_0007_0093" 7303
"/Engine/EngineMaterials/Substrate/Glints2/dict_0007_0092" 7304
"../../../Engine/Content/EngineMaterials/Substrate/Glints2/dict_0007_0097.uasset" 7305
"../../../Engine/Content/EngineMaterials/Substrate/Glints2/dict_0007_0089.uasset" 7306
"/Engine/EngineMaterials/Substrate/Glints2/dict_0007_0097" 7307
"/Engine/EngineMaterials/Substrate/Glints2/dict_0007_0089" 7308
"../../../Engine/Content/EngineMaterials/Substrate/Glints2/dict_0007_0088.uasset" 7309
"../../../Engine/Content/EngineMaterials/Substrate/Glints2/dict_0007_0087.uasset" 7310
"../../../Engine/Content/EngineMaterials/Substrate/Glints2/dict_0007_0091.uasset" 7311
"../../../Engine/Content/EngineMaterials/Substrate/Glints2/dict_0007_0086.uasset" 7312
"../../../Engine/Content/EngineMaterials/Substrate/Glints2/dict_0007_0085.uasset" 7313
"/Engine/EngineMaterials/Substrate/Glints2/dict_0007_0085" 7314
"/Engine/EngineMaterials/Substrate/Glints2/dict_0007_0086" 7315
"../../../Engine/Content/EngineMaterials/Substrate/Glints2/dict_0007_0083.uasset" 7316
"../../../Engine/Content/EngineMaterials/Substrate/Glints2/dict_0007_0081.uasset" 7317
"../../../Engine/Content/EngineMaterials/Substrate/Glints2/dict_0007_0082.uasset" 7318
"/Engine/EngineMaterials/Substrate/Glints2/dict_0007_0087" 7319
"../../../Engine/Content/EngineMaterials/Substrate/Glints2/dict_0007_0080.uasset" 7320
"../../../Engine/Content/EngineMaterials/Substrate/Glints2/dict_0007_0078.uasset" 7321
"/Engine/EngineMaterials/Substrate/Glints2/dict_0007_0088" 7322
"/Engine/EngineMaterials/Substrate/Glints2/dict_0007_0091" 7323
"/Engine/EngineMaterials/Substrate/Glints2/dict_0007_0078" 7324
"/Engine/EngineMaterials/Substrate/Glints2/dict_0007_0080" 7325
"/Engine/EngineMaterials/Substrate/Glints2/dict_0007_0082" 7326
"/Engine/EngineMaterials/Substrate/Glints2/dict_0007_0083" 7327
"/Engine/EngineMaterials/Substrate/Glints2/dict_0007_0081" 7328
"../../../Engine/Content/EngineMaterials/Substrate/Glints2/dict_0007_0079.uasset" 7329
"../../../Engine/Content/EngineMaterials/Substrate/Glints2/dict_0007_0076.uasset" 7330
"../../../Engine/Content/EngineMaterials/Substrate/Glints2/dict_0007_0077.uasset" 7331
"../../../Engine/Content/EngineMaterials/Substrate/Glints2/dict_0007_0075.uasset" 7332
"../../../Engine/Content/EngineMaterials/Substrate/Glints2/dict_0007_0073.uasset" 7333
"/Engine/EngineMaterials/Substrate/Glints2/dict_0007_0073" 7334
"../../../Engine/Content/EngineMaterials/Substrate/Glints2/dict_0007_0070.uasset" 7335
"../../../Engine/Content/EngineMaterials/Substrate/Glints2/dict_0007_0084.uasset" 7336
"../../../Engine/Content/EngineMaterials/Substrate/Glints2/dict_0007_0072.uasset" 7337
"../../../Engine/Content/EngineMaterials/Substrate/Glints2/dict_0007_0071.uasset" 7338
"/Engine/EngineMaterials/Substrate/Glints2/dict_0007_0077" 7339
"../../../Engine/Content/EngineMaterials/Substrate/Glints2/dict_0007_0074.uasset" 7340
"/Engine/EngineMaterials/Substrate/Glints2/dict_0007_0075" 7341
"/Engine/EngineMaterials/Substrate/Glints2/dict_0007_0076" 7342
"/Engine/EngineMaterials/Substrate/Glints2/dict_0007_0079" 7343
"/Engine/EngineMaterials/Substrate/Glints2/dict_0007_0070" 7344
"../../../Engine/Content/EngineMaterials/Substrate/Glints2/dict_0007_0067.uasset" 7345
"../../../Engine/Content/EngineMaterials/Substrate/Glints2/dict_0007_0069.uasset" 7346
"/Engine/EngineMaterials/Substrate/Glints2/dict_0007_0071" 7347
"../../../Engine/Content/EngineMaterials/Substrate/Glints2/dict_0007_0068.uasset" 7348
"/Engine/EngineMaterials/Substrate/Glints2/dict_0007_0072" 7349
"/Engine/EngineMaterials/Substrate/Glints2/dict_0007_0074" 7350
"/Engine/EngineMaterials/Substrate/Glints2/dict_0007_0084" 7351
"/Engine/EngineMaterials/Substrate/Glints2/dict_0007_0067" 7352
"/Engine/EngineMaterials/Substrate/Glints2/dict_0007_0068" 7353
"/Engine/EngineMaterials/Substrate/Glints2/dict_0007_0069" 7354
"../../../Engine/Content/EngineMaterials/Substrate/Glints2/dict_0007_0061.uasset" 7355
"../../../Engine/Content/EngineMaterials/Substrate/Glints2/dict_0007_0065.uasset" 7356
"../../../Engine/Content/EngineMaterials/Substrate/Glints2/dict_0007_0066.uasset" 7357
"../../../Engine/Content/EngineMaterials/Substrate/Glints2/dict_0007_0062.uasset" 7358
"../../../Engine/Content/EngineMaterials/Substrate/Glints2/dict_0007_0064.uasset" 7359
"../../../Engine/Content/EngineMaterials/Substrate/Glints2/dict_0007_0063.uasset" 7360
"/Engine/EngineMaterials/Substrate/Glints2/dict_0007_0065" 7361
"../../../Engine/Content/EngineMaterials/Substrate/Glints2/dict_0007_0059.uasset" 7362
"/Engine/EngineMaterials/Substrate/Glints2/dict_0007_0066" 7363
"../../../Engine/Content/EngineMaterials/Substrate/Glints2/dict_0007_0060.uasset" 7364
"/Engine/EngineMaterials/Substrate/Glints2/dict_0007_0061" 7365
"/Engine/EngineMaterials/Substrate/Glints2/dict_0007_0062" 7366
"/Engine/EngineMaterials/Substrate/Glints2/dict_0007_0063" 7367
"/Engine/EngineMaterials/Substrate/Glints2/dict_0007_0060" 7368
"/Engine/EngineMaterials/Substrate/Glints2/dict_0007_0064" 7369
"/Engine/EngineMaterials/Substrate/Glints2/dict_0007_0059" 7370
"../../../Engine/Content/EngineMaterials/Substrate/Glints2/dict_0007_0058.uasset" 7371
"../../../Engine/Content/EngineMaterials/Substrate/Glints2/dict_0007_0057.uasset" 7372
"../../../Engine/Content/EngineMaterials/Substrate/Glints2/dict_0007_0054.uasset" 7373
"../../../Engine/Content/EngineMaterials/Substrate/Glints2/dict_0007_0053.uasset" 7374
"../../../Engine/Content/EngineMaterials/Substrate/Glints2/dict_0007_0056.uasset" 7375
"../../../Engine/Content/EngineMaterials/Substrate/Glints2/dict_0007_0052.uasset" 7376
"/Engine/EngineMaterials/Substrate/Glints2/dict_0007_0054" 7377
"../../../Engine/Content/EngineMaterials/Substrate/Glints2/dict_0007_0055.uasset" 7378
"../../../Engine/Content/EngineMaterials/Substrate/Glints2/dict_0007_0049.uasset" 7379
"../../../Engine/Content/EngineMaterials/Substrate/Glints2/dict_0007_0050.uasset" 7380
"/Engine/EngineMaterials/Substrate/Glints2/dict_0007_0058" 7381
"../../../Engine/Content/EngineMaterials/Substrate/Glints2/dict_0007_0048.uasset" 7382
"/Engine/EngineMaterials/Substrate/Glints2/dict_0007_0057" 7383
"/Engine/EngineMaterials/Substrate/Glints2/dict_0007_0048" 7384
"/Engine/EngineMaterials/Substrate/Glints2/dict_0007_0049" 7385
"/Engine/EngineMaterials/Substrate/Glints2/dict_0007_0050" 7386
"../../../Engine/Content/EngineMaterials/Substrate/Glints2/dict_0007_0043.uasset" 7387
"/Engine/EngineMaterials/Substrate/Glints2/dict_0007_0052" 7388
"../../../Engine/Content/EngineMaterials/Substrate/Glints2/dict_0007_0046.uasset" 7389
"../../../Engine/Content/EngineMaterials/Substrate/Glints2/dict_0007_0042.uasset" 7390
"/Engine/EngineMaterials/Substrate/Glints2/dict_0007_0053" 7391
"../../../Engine/Content/EngineMaterials/Substrate/Glints2/dict_0007_0047.uasset" 7392
"/Engine/EngineMaterials/Substrate/Glints2/dict_0007_0055" 7393
"../../../Engine/Content/EngineMaterials/Substrate/Glints2/dict_0007_0051.uasset" 7394
"/Engine/EngineMaterials/Substrate/Glints2/dict_0007_0056" 7395
"../../../Engine/Content/EngineMaterials/Substrate/Glints2/dict_0007_0044.uasset" 7396
"/Engine/EngineMaterials/Substrate/Glints2/dict_0007_0043" 7397
"/Engine/EngineMaterials/Substrate/Glints2/dict_0007_0044" 7398
"/Engine/EngineMaterials/Substrate/Glints2/dict_0007_0046" 7399
"/Engine/EngineMaterials/Substrate/Glints2/dict_0007_0047" 7400
"../../../Engine/Content/EngineMaterials/Substrate/Glints2/dict_0007_0041.uasset" 7401
"/Engine/EngineMaterials/Substrate/Glints2/dict_0007_0051" 7402
"../../../Engine/Content/EngineMaterials/Substrate/Glints2/dict_0007_0045.uasset" 7403
"/Engine/EngineMaterials/Substrate/Glints2/dict_0007_0042" 7404
"../../../Engine/Content/EngineMaterials/Substrate/Glints2/dict_0007_0038.uasset" 7405
"../../../Engine/Content/EngineMaterials/Substrate/Glints2/dict_0007_0039.uasset" 7406
"../../../Engine/Content/EngineMaterials/Substrate/Glints2/dict_0007_0040.uasset" 7407
"../../../Engine/Content/EngineMaterials/Substrate/Glints2/dict_0007_0037.uasset" 7408
"/Engine/EngineMaterials/Substrate/Glints2/dict_0007_0038" 7409
"/Engine/EngineMaterials/Substrate/Glints2/dict_0007_0039" 7410
"/Engine/EngineMaterials/Substrate/Glints2/dict_0007_0040" 7411
"/Engine/EngineMaterials/Substrate/Glints2/dict_0007_0041" 7412
"/Engine/EngineMaterials/Substrate/Glints2/dict_0007_0045" 7413
"../../../Engine/Content/EngineMaterials/Substrate/Glints2/dict_0007_0035.uasset" 7414
"/Engine/EngineMaterials/Substrate/Glints2/dict_0007_0037" 7415
"../../../Engine/Content/EngineMaterials/Substrate/Glints2/dict_0007_0034.uasset" 7416
"../../../Engine/Content/EngineMaterials/Substrate/Glints2/dict_0007_0036.uasset" 7417
"/Engine/EngineMaterials/Substrate/Glints2/dict_0007_0034" 7418
"/Engine/EngineMaterials/Substrate/Glints2/dict_0007_0035" 7419
"/Engine/EngineMaterials/Substrate/Glints2/dict_0007_0036" 7420
"../../../Engine/Content/EngineMaterials/Substrate/Glints2/dict_0007_0029.uasset" 7421
"../../../Engine/Content/EngineMaterials/Substrate/Glints2/dict_0007_0031.uasset" 7422
"../../../Engine/Content/EngineMaterials/Substrate/Glints2/dict_0007_0032.uasset" 7423
"../../../Engine/Content/EngineMaterials/Substrate/Glints2/dict_0007_0023.uasset" 7424
"../../../Engine/Content/EngineMaterials/Substrate/Glints2/dict_0007_0024.uasset" 7425
"../../../Engine/Content/EngineMaterials/Substrate/Glints2/dict_0007_0027.uasset" 7426
"../../../Engine/Content/EngineMaterials/Substrate/Glints2/dict_0007_0025.uasset" 7427
"../../../Engine/Content/EngineMaterials/Substrate/Glints2/dict_0007_0033.uasset" 7428
"../../../Engine/Content/EngineMaterials/Substrate/Glints2/dict_0007_0026.uasset" 7429
"/Engine/EngineMaterials/Substrate/Glints2/dict_0007_0031" 7430
"/Engine/EngineMaterials/Substrate/Glints2/dict_0007_0032" 7431
"/Engine/EngineMaterials/Substrate/Glints2/dict_0007_0027" 7432
"/Engine/EngineMaterials/Substrate/Glints2/dict_0007_0024" 7433
"/Engine/EngineMaterials/Substrate/Glints2/dict_0007_0023" 7434
"../../../Engine/Content/EngineMaterials/Substrate/Glints2/dict_0007_0028.uasset" 7435
"../../../Engine/Content/EngineMaterials/Substrate/Glints2/dict_0007_0022.uasset" 7436
"/Engine/EngineMaterials/Substrate/Glints2/dict_0007_0025" 7437
"/Engine/EngineMaterials/Substrate/Glints2/dict_0007_0026" 7438
"/Engine/EngineMaterials/Substrate/Glints2/dict_0007_0029" 7439
"../../../Engine/Content/EngineMaterials/Substrate/Glints2/dict_0007_0019.uasset" 7440
"../../../Engine/Content/EngineMaterials/Substrate/Glints2/dict_0007_0020.uasset" 7441
"../../../Engine/Content/EngineMaterials/Substrate/Glints2/dict_0007_0021.uasset" 7442
"/Engine/EngineMaterials/Substrate/Glints2/dict_0007_0019" 7443
"../../../Engine/Content/EngineMaterials/Substrate/Glints2/dict_0007_0030.uasset" 7444
"/Engine/EngineMaterials/Substrate/Glints2/dict_0007_0022" 7445
"/Engine/EngineMaterials/Substrate/Glints2/dict_0007_0028" 7446
"../../../Engine/Content/EngineMaterials/Substrate/Glints2/dict_0007_0018.uasset" 7447
"/Engine/EngineMaterials/Substrate/Glints2/dict_0007_0033" 7448
"/Engine/EngineMaterials/Substrate/Glints2/dict_0007_0018" 7449
"/Engine/EngineMaterials/Substrate/Glints2/dict_0007_0020" 7450
"/Engine/EngineMaterials/Substrate/Glints2/dict_0007_0021" 7451
"/Engine/EngineMaterials/Substrate/Glints2/dict_0007_0030" 7452
"../../../Engine/Content/EngineMaterials/Substrate/Glints2/dict_0007_0017.uasset" 7453
"../../../Engine/Content/EngineMaterials/Substrate/Glints2/dict_0007_0010.uasset" 7454
"../../../Engine/Content/EngineMaterials/Substrate/Glints2/dict_0007_0012.uasset" 7455
"../../../Engine/Content/EngineMaterials/Substrate/Glints2/dict_0007_0015.uasset" 7456
"../../../Engine/Content/EngineMaterials/Substrate/Glints2/dict_0007_0013.uasset" 7457
"../../../Engine/Content/EngineMaterials/Substrate/Glints2/dict_0007_0011.uasset" 7458
"../../../Engine/Content/EngineMaterials/Substrate/Glints2/dict_0007_0016.uasset" 7459
"/Engine/EngineMaterials/Substrate/Glints2/dict_0007_0011" 7460
"../../../Engine/Content/EngineMaterials/Substrate/Glints2/dict_0007_0014.uasset" 7461
"/Engine/EngineMaterials/Substrate/Glints2/dict_0007_0012" 7462
"/Engine/EngineMaterials/Substrate/Glints2/dict_0007_0017" 7463
"/Engine/EngineMaterials/Substrate/Glints2/dict_0007_0013" 7464
"/Engine/EngineMaterials/Substrate/Glints2/dict_0007_0015" 7465
"/Engine/EngineMaterials/Substrate/Glints2/dict_0007_0016" 7466
"/Engine/EngineMaterials/Substrate/Glints2/dict_0007_0010" 7467
"../../../Engine/Content/EngineMaterials/Substrate/Glints2/dict_0007_0006.uasset" 7468
"../../../Engine/Content/EngineMaterials/Substrate/Glints2/dict_0007_0004.uasset" 7469
"../../../Engine/Content/EngineMaterials/Substrate/Glints2/dict_0007_0003.uasset" 7470
"/Engine/EngineMaterials/Substrate/Glints2/dict_0007_0014" 7471
"../../../Engine/Content/EngineMaterials/Substrate/Glints2/dict_0007_0008.uasset" 7472
"../../../Engine/Content/EngineMaterials/Substrate/Glints2/dict_0007_0002.uasset" 7473
"/Engine/EngineMaterials/Substrate/Glints2/dict_0007_0006" 7474
"/Engine/EngineMaterials/Substrate/Glints2/dict_0007_0008" 7475
"/Engine/EngineMaterials/Substrate/Glints2/dict_0007_0003" 7476
"../../../Engine/Content/EngineMaterials/Substrate/Glints2/dict_0007_0007.uasset" 7477
"/Engine/EngineMaterials/Substrate/Glints2/dict_0007_0004" 7478
"../../../Engine/Content/EngineMaterials/Substrate/Glints2/dict_0007_0005.uasset" 7479
"/Engine/EngineMaterials/Substrate/Glints2/dict_0007_0005" 7480
"../../../Engine/Content/EngineMaterials/Substrate/Glints2/dict_0007_0009.uasset" 7481
"/Engine/EngineMaterials/Substrate/Glints2/dict_0007_0007" 7482
"/Engine/EngineMaterials/Substrate/Glints2/dict_0007_0002" 7483
"/Engine/EngineMaterials/Substrate/Glints2/dict_0007_0009" 7484
"../../../Engine/Content/EngineMaterials/Substrate/Glints2/dict_0006_0253.uasset" 7485
"../../../Engine/Content/EngineMaterials/Substrate/Glints2/dict_0006_0251.uasset" 7486
"../../../Engine/Content/EngineMaterials/Substrate/Glints2/dict_0006_0255.uasset" 7487
"../../../Engine/Content/EngineMaterials/Substrate/Glints2/dict_0006_0252.uasset" 7488
"../../../Engine/Content/EngineMaterials/Substrate/Glints2/dict_0006_0254.uasset" 7489
"/Engine/EngineMaterials/Substrate/Glints2/dict_0006_0251" 7490
"../../../Engine/Content/EngineMaterials/Substrate/Glints2/dict_0006_0247.uasset" 7491
"../../../Engine/Content/EngineMaterials/Substrate/Glints2/dict_0006_0249.uasset" 7492
"/Engine/EngineMaterials/Substrate/Glints2/dict_0006_0252" 7493
"../../../Engine/Content/EngineMaterials/Substrate/Glints2/dict_0006_0245.uasset" 7494
"../../../Engine/Content/EngineMaterials/Substrate/Glints2/dict_0006_0244.uasset" 7495
"../../../Engine/Content/EngineMaterials/Substrate/Glints2/dict_0006_0250.uasset" 7496
"/Engine/EngineMaterials/Substrate/Glints2/dict_0006_0253" 7497
"/Engine/EngineMaterials/Substrate/Glints2/dict_0006_0254" 7498
"../../../Engine/Content/EngineMaterials/Substrate/Glints2/dict_0006_0241.uasset" 7499
"../../../Engine/Content/EngineMaterials/Substrate/Glints2/dict_0006_0238.uasset" 7500
"../../../Engine/Content/EngineMaterials/Substrate/Glints2/dict_0006_0239.uasset" 7501
"/Engine/EngineMaterials/Substrate/Glints2/dict_0006_0255" 7502
"/Engine/EngineMaterials/Substrate/Glints2/dict_0006_0250" 7503
"../../../Engine/Content/EngineMaterials/Substrate/Glints2/dict_0006_0236.uasset" 7504
"../../../Engine/Content/EngineMaterials/Substrate/Glints2/dict_0006_0234.uasset" 7505
"../../../Engine/Content/EngineMaterials/Substrate/Glints2/dict_0006_0235.uasset" 7506
"/Engine/EngineMaterials/Substrate/Glints2/dict_0006_0238" 7507
"../../../Engine/Content/EngineMaterials/Substrate/Glints2/dict_0007_0000.uasset" 7508
"/Engine/EngineMaterials/Substrate/Glints2/dict_0006_0239" 7509
"../../../Engine/Content/EngineMaterials/Substrate/Glints2/dict_0006_0237.uasset" 7510
"../../../Engine/Content/EngineMaterials/Substrate/Glints2/dict_0006_0246.uasset" 7511
"/Engine/EngineMaterials/Substrate/Glints2/dict_0006_0244" 7512
"/Engine/EngineMaterials/Substrate/Glints2/dict_0006_0247" 7513
"../../../Engine/Content/EngineMaterials/Substrate/Glints2/dict_0006_0243.uasset" 7514
"/Engine/EngineMaterials/Substrate/Glints2/dict_0006_0249" 7515
"/Engine/EngineMaterials/Substrate/Glints2/dict_0006_0245" 7516
"/Engine/EngineMaterials/Substrate/Glints2/dict_0006_0241" 7517
"/Engine/EngineMaterials/Substrate/Glints2/dict_0006_0235" 7518
"/Engine/EngineMaterials/Substrate/Glints2/dict_0006_0236" 7519
"../../../Engine/Content/EngineMaterials/Substrate/Glints2/dict_0006_0240.uasset" 7520
"/Engine/EngineMaterials/Substrate/Glints2/dict_0006_0237" 7521
"../../../Engine/Content/EngineMaterials/Substrate/Glints2/dict_0006_0242.uasset" 7522
"/Engine/EngineMaterials/Substrate/Glints2/dict_0006_0234" 7523
"/Engine/EngineMaterials/Substrate/Glints2/dict_0006_0246" 7524
"../../../Engine/Content/EngineMaterials/Substrate/Glints2/dict_0007_0001.uasset" 7525
"/Engine/EngineMaterials/Substrate/Glints2/dict_0006_0243" 7526
"/Engine/EngineMaterials/Substrate/Glints2/dict_0007_0000" 7527
"/Engine/EngineMaterials/Substrate/Glints2/dict_0006_0242" 7528
"/Engine/EngineMaterials/Substrate/Glints2/dict_0006_0240" 7529
"/Engine/EngineMaterials/Substrate/Glints2/dict_0007_0001" 7530
"../../../Engine/Content/EngineMaterials/Substrate/Glints2/dict_0006_0248.uasset" 7531
"../../../Engine/Content/EngineMaterials/Substrate/Glints2/dict_0006_0233.uasset" 7532
"../../../Engine/Content/EngineMaterials/Substrate/Glints2/dict_0006_0231.uasset" 7533
"../../../Engine/Content/EngineMaterials/Substrate/Glints2/dict_0006_0232.uasset" 7534
"/Engine/EngineMaterials/Substrate/Glints2/dict_0006_0231" 7535
"../../../Engine/Content/EngineMaterials/Substrate/Glints2/dict_0006_0222.uasset" 7536
"../../../Engine/Content/EngineMaterials/Substrate/Glints2/dict_0006_0220.uasset" 7537
"../../../Engine/Content/EngineMaterials/Substrate/Glints2/dict_0006_0229.uasset" 7538
"../../../Engine/Content/EngineMaterials/Substrate/Glints2/dict_0006_0228.uasset" 7539
"/Engine/EngineMaterials/Substrate/Glints2/dict_0006_0248" 7540
"../../../Engine/Content/EngineMaterials/Substrate/Glints2/dict_0006_0230.uasset" 7541
"../../../Engine/Content/EngineMaterials/Substrate/Glints2/dict_0006_0219.uasset" 7542
"../../../Engine/Content/EngineMaterials/Substrate/Glints2/dict_0006_0225.uasset" 7543
"../../../Engine/Content/EngineMaterials/Substrate/Glints2/dict_0006_0221.uasset" 7544
"/Engine/EngineMaterials/Substrate/Glints2/dict_0006_0232" 7545
"../../../Engine/Content/EngineMaterials/Substrate/Glints2/dict_0006_0226.uasset" 7546
"/Engine/EngineMaterials/Substrate/Glints2/dict_0006_0233" 7547
"/Engine/EngineMaterials/Substrate/Glints2/dict_0006_0221" 7548
"/Engine/EngineMaterials/Substrate/Glints2/dict_0006_0230" 7549
"../../../Engine/Content/EngineMaterials/Substrate/Glints2/dict_0006_0223.uasset" 7550
"../../../Engine/Content/EngineMaterials/Substrate/Glints2/dict_0006_0224.uasset" 7551
"/Engine/EngineMaterials/Substrate/Glints2/dict_0006_0228" 7552
"/Engine/EngineMaterials/Substrate/Glints2/dict_0006_0222" 7553
"/Engine/EngineMaterials/Substrate/Glints2/dict_0006_0226" 7554
"../../../Engine/Content/EngineMaterials/Substrate/Glints2/dict_0006_0218.uasset" 7555
"/Engine/EngineMaterials/Substrate/Glints2/dict_0006_0225" 7556
"/Engine/EngineMaterials/Substrate/Glints2/dict_0006_0229" 7557
"/Engine/EngineMaterials/Substrate/Glints2/dict_0006_0219" 7558
"/Engine/EngineMaterials/Substrate/Glints2/dict_0006_0220" 7559
"../../../Engine/Content/EngineMaterials/Substrate/Glints2/dict_0006_0211.uasset" 7560
"/Engine/EngineMaterials/Substrate/Glints2/dict_0006_0211" 7561
"/Engine/EngineMaterials/Substrate/Glints2/dict_0006_0224" 7562
"/Engine/EngineMaterials/Substrate/Glints2/dict_0006_0218" 7563
"../../../Engine/Content/EngineMaterials/Substrate/Glints2/dict_0006_0217.uasset" 7564
"../../../Engine/Content/EngineMaterials/Substrate/Glints2/dict_0006_0227.uasset" 7565
"../../../Engine/Content/EngineMaterials/Substrate/Glints2/dict_0006_0213.uasset" 7566
"../../../Engine/Content/EngineMaterials/Substrate/Glints2/dict_0006_0208.uasset" 7567
"../../../Engine/Content/EngineMaterials/Substrate/Glints2/dict_0006_0210.uasset" 7568
"../../../Engine/Content/EngineMaterials/Substrate/Glints2/dict_0006_0207.uasset" 7569
"../../../Engine/Content/EngineMaterials/Substrate/Glints2/dict_0006_0209.uasset" 7570
"../../../Engine/Content/EngineMaterials/Substrate/Glints2/dict_0006_0212.uasset" 7571
"/Engine/EngineMaterials/Substrate/Glints2/dict_0006_0213" 7572
"../../../Engine/Content/EngineMaterials/Substrate/Glints2/dict_0006_0215.uasset" 7573
"../../../Engine/Content/EngineMaterials/Substrate/Glints2/dict_0006_0214.uasset" 7574
"/Engine/EngineMaterials/Substrate/Glints2/dict_0006_0227" 7575
"/Engine/EngineMaterials/Substrate/Glints2/dict_0006_0207" 7576
"/Engine/EngineMaterials/Substrate/Glints2/dict_0006_0208" 7577
"../../../Engine/Content/EngineMaterials/Substrate/Glints2/dict_0006_0216.uasset" 7578
"/Engine/EngineMaterials/Substrate/Glints2/dict_0006_0209" 7579
"/Engine/EngineMaterials/Substrate/Glints2/dict_0006_0210" 7580
"/Engine/EngineMaterials/Substrate/Glints2/dict_0006_0223" 7581
"/Engine/EngineMaterials/Substrate/Glints2/dict_0006_0217" 7582
"/Engine/EngineMaterials/Substrate/Glints2/dict_0006_0212" 7583
"/Engine/EngineMaterials/Substrate/Glints2/dict_0006_0214" 7584
"/Engine/EngineMaterials/Substrate/Glints2/dict_0006_0215" 7585
"/Engine/EngineMaterials/Substrate/Glints2/dict_0006_0216" 7586
"../../../Engine/Content/EngineMaterials/Substrate/Glints2/dict_0006_0206.uasset" 7587
"../../../Engine/Content/EngineMaterials/Substrate/Glints2/dict_0006_0203.uasset" 7588
"../../../Engine/Content/EngineMaterials/Substrate/Glints2/dict_0006_0200.uasset" 7589
"../../../Engine/Content/EngineMaterials/Substrate/Glints2/dict_0006_0204.uasset" 7590
"../../../Engine/Content/EngineMaterials/Substrate/Glints2/dict_0006_0202.uasset" 7591
"../../../Engine/Content/EngineMaterials/Substrate/Glints2/dict_0006_0198.uasset" 7592
"../../../Engine/Content/EngineMaterials/Substrate/Glints2/dict_0006_0199.uasset" 7593
"/Engine/EngineMaterials/Substrate/Glints2/dict_0006_0206" 7594
"../../../Engine/Content/EngineMaterials/Substrate/Glints2/dict_0006_0193.uasset" 7595
"../../../Engine/Content/EngineMaterials/Substrate/Glints2/dict_0006_0195.uasset" 7596
"../../../Engine/Content/EngineMaterials/Substrate/Glints2/dict_0006_0194.uasset" 7597
"/Engine/EngineMaterials/Substrate/Glints2/dict_0006_0199" 7598
"/Engine/EngineMaterials/Substrate/Glints2/dict_0006_0203" 7599
"/Engine/EngineMaterials/Substrate/Glints2/dict_0006_0204" 7600
"/Engine/EngineMaterials/Substrate/Glints2/dict_0006_0200" 7601
"/Engine/EngineMaterials/Substrate/Glints2/dict_0006_0202" 7602
"/Engine/EngineMaterials/Substrate/Glints2/dict_0006_0198" 7603
"../../../Engine/Content/EngineMaterials/Substrate/Glints2/dict_0006_0201.uasset" 7604
"/Engine/EngineMaterials/Substrate/Glints2/dict_0006_0193" 7605
"/Engine/EngineMaterials/Substrate/Glints2/dict_0006_0194" 7606
"/Engine/EngineMaterials/Substrate/Glints2/dict_0006_0195" 7607
"../../../Engine/Content/EngineMaterials/Substrate/Glints2/dict_0006_0192.uasset" 7608
"/Engine/EngineMaterials/Substrate/Glints2/dict_0006_0192" 7609
"../../../Engine/Content/EngineMaterials/Substrate/Glints2/dict_0006_0191.uasset" 7610
"/Engine/EngineMaterials/Substrate/Glints2/dict_0006_0201" 7611
"/Engine/EngineMaterials/Substrate/Glints2/dict_0006_0191" 7612
"../../../Engine/Content/EngineMaterials/Substrate/Glints2/dict_0006_0187.uasset" 7613
"../../../Engine/Content/EngineMaterials/Substrate/Glints2/dict_0006_0186.uasset" 7614
"../../../Engine/Content/EngineMaterials/Substrate/Glints2/dict_0006_0185.uasset" 7615
"../../../Engine/Content/EngineMaterials/Substrate/Glints2/dict_0006_0189.uasset" 7616
"/Engine/EngineMaterials/Substrate/Glints2/dict_0006_0187" 7617
"/Engine/EngineMaterials/Substrate/Glints2/dict_0006_0185" 7618
"../../../Engine/Content/EngineMaterials/Substrate/Glints2/dict_0006_0184.uasset" 7619
"/Engine/EngineMaterials/Substrate/Glints2/dict_0006_0186" 7620
"../../../Engine/Content/EngineMaterials/Substrate/Glints2/dict_0006_0181.uasset" 7621
"../../../Engine/Content/EngineMaterials/Substrate/Glints2/dict_0006_0178.uasset" 7622
"../../../Engine/Content/EngineMaterials/Substrate/Glints2/dict_0006_0179.uasset" 7623
"../../../Engine/Content/EngineMaterials/Substrate/Glints2/dict_0006_0183.uasset" 7624
"../../../Engine/Content/EngineMaterials/Substrate/Glints2/dict_0006_0188.uasset" 7625
"../../../Engine/Content/EngineMaterials/Substrate/Glints2/dict_0006_0180.uasset" 7626
"/Engine/EngineMaterials/Substrate/Glints2/dict_0006_0189" 7627
"../../../Engine/Content/EngineMaterials/Substrate/Glints2/dict_0006_0190.uasset" 7628
"../../../Engine/Content/EngineMaterials/Substrate/Glints2/dict_0006_0182.uasset" 7629
"/Engine/EngineMaterials/Substrate/Glints2/dict_0006_0178" 7630
"../../../Engine/Content/EngineMaterials/Substrate/Glints2/dict_0006_0205.uasset" 7631
"/Engine/EngineMaterials/Substrate/Glints2/dict_0006_0190" 7632
"/Engine/EngineMaterials/Substrate/Glints2/dict_0006_0179" 7633
"/Engine/EngineMaterials/Substrate/Glints2/dict_0006_0180" 7634
"/Engine/EngineMaterials/Substrate/Glints2/dict_0006_0181" 7635
"../../../Engine/Content/EngineMaterials/Substrate/Glints2/dict_0006_0175.uasset" 7636
"../../../Engine/Content/EngineMaterials/Substrate/Glints2/dict_0006_0173.uasset" 7637
"../../../Engine/Content/EngineMaterials/Substrate/Glints2/dict_0006_0170.uasset" 7638
"../../../Engine/Content/EngineMaterials/Substrate/Glints2/dict_0006_0169.uasset" 7639
"/Engine/EngineMaterials/Substrate/Glints2/dict_0006_0182" 7640
"/Engine/EngineMaterials/Substrate/Glints2/dict_0006_0183" 7641
"/Engine/EngineMaterials/Substrate/Glints2/dict_0006_0184" 7642
"/Engine/EngineMaterials/Substrate/Glints2/dict_0006_0188" 7643
"/Engine/EngineMaterials/Substrate/Glints2/dict_0006_0169" 7644
"/Engine/EngineMaterials/Substrate/Glints2/dict_0006_0175" 7645
"/Engine/EngineMaterials/Substrate/Glints2/dict_0006_0170" 7646
"../../../Engine/Content/EngineMaterials/Substrate/Glints2/dict_0006_0172.uasset" 7647
"/Engine/EngineMaterials/Substrate/Glints2/dict_0006_0173" 7648
"../../../Engine/Content/EngineMaterials/Substrate/Glints2/dict_0006_0176.uasset" 7649
"../../../Engine/Content/EngineMaterials/Substrate/Glints2/dict_0006_0177.uasset" 7650
"/Engine/EngineMaterials/Substrate/Glints2/dict_0006_0176" 7651
"../../../Engine/Content/EngineMaterials/Substrate/Glints2/dict_0006_0174.uasset" 7652
"/Engine/EngineMaterials/Substrate/Glints2/dict_0006_0172" 7653
"/Engine/EngineMaterials/Substrate/Glints2/dict_0006_0177" 7654
"../../../Engine/Content/EngineMaterials/Substrate/Glints2/dict_0006_0171.uasset" 7655
"../../../Engine/Content/EngineMaterials/Substrate/Glints2/dict_0006_0167.uasset" 7656
"/Engine/EngineMaterials/Substrate/Glints2/dict_0006_0174" 7657
"/Engine/EngineMaterials/Substrate/Glints2/dict_0006_0171" 7658
"/Engine/EngineMaterials/Substrate/Glints2/dict_0006_0167" 7659
"../../../Engine/Content/EngineMaterials/Substrate/Glints2/dict_0006_0163.uasset" 7660
"../../../Engine/Content/EngineMaterials/Substrate/Glints2/dict_0006_0164.uasset" 7661
"../../../Engine/Content/EngineMaterials/Substrate/Glints2/dict_0006_0196.uasset" 7662
"/Engine/EngineMaterials/Substrate/Glints2/dict_0006_0163" 7663
"/Engine/EngineMaterials/Substrate/Glints2/dict_0006_0164" 7664
"../../../Engine/Content/EngineMaterials/Substrate/Glints2/dict_0006_0161.uasset" 7665
"/Engine/EngineMaterials/Substrate/Glints2/dict_0006_0205" 7666
"../../../Engine/Content/EngineMaterials/Substrate/Glints2/dict_0006_0160.uasset" 7667
"/Engine/EngineMaterials/Substrate/Glints2/dict_0006_0196" 7668
"/Engine/EngineMaterials/Substrate/Glints2/dict_0006_0160" 7669
"../../../Engine/Content/EngineMaterials/Substrate/Glints2/dict_0006_0155.uasset" 7670
"../../../Engine/Content/EngineMaterials/Substrate/Glints2/dict_0006_0162.uasset" 7671
"../../../Engine/Content/EngineMaterials/Substrate/Glints2/dict_0006_0159.uasset" 7672
"../../../Engine/Content/EngineMaterials/Substrate/Glints2/dict_0006_0166.uasset" 7673
"../../../Engine/Content/EngineMaterials/Substrate/Glints2/dict_0006_0158.uasset" 7674
"../../../Engine/Content/EngineMaterials/Substrate/Glints2/dict_0006_0165.uasset" 7675
"../../../Engine/Content/EngineMaterials/Substrate/Glints2/dict_0006_0197.uasset" 7676
"../../../Engine/Content/EngineMaterials/Substrate/Glints2/dict_0006_0157.uasset" 7677
"/Engine/EngineMaterials/Substrate/Glints2/dict_0006_0162" 7678
"../../../Engine/Content/EngineMaterials/Substrate/Glints2/dict_0006_0151.uasset" 7679
"/Engine/EngineMaterials/Substrate/Glints2/dict_0006_0165" 7680
"../../../Engine/Content/EngineMaterials/Substrate/Glints2/dict_0006_0154.uasset" 7681
"../../../Engine/Content/EngineMaterials/Substrate/Glints2/dict_0006_0149.uasset" 7682
"/Engine/EngineMaterials/Substrate/Glints2/dict_0006_0166" 7683
"/Engine/EngineMaterials/Substrate/Glints2/dict_0006_0155" 7684
"/Engine/EngineMaterials/Substrate/Glints2/dict_0006_0158" 7685
"/Engine/EngineMaterials/Substrate/Glints2/dict_0006_0159" 7686
"/Engine/EngineMaterials/Substrate/Glints2/dict_0006_0161" 7687
"/Engine/EngineMaterials/Substrate/Glints2/dict_0006_0197" 7688
"../../../Engine/Content/EngineMaterials/Substrate/Glints2/dict_0006_0145.uasset" 7689
"/Engine/EngineMaterials/Substrate/Glints2/dict_0006_0149" 7690
"/Engine/EngineMaterials/Substrate/Glints2/dict_0006_0151" 7691
"../../../Engine/Content/EngineMaterials/Substrate/Glints2/dict_0006_0150.uasset" 7692
"/Engine/EngineMaterials/Substrate/Glints2/dict_0006_0145" 7693
"/Engine/EngineMaterials/Substrate/Glints2/dict_0006_0154" 7694
"/Engine/EngineMaterials/Substrate/Glints2/dict_0006_0157" 7695
"../../../Engine/Content/EngineMaterials/Substrate/Glints2/dict_0006_0146.uasset" 7696
"../../../Engine/Content/EngineMaterials/Substrate/Glints2/dict_0006_0152.uasset" 7697
"../../../Engine/Content/EngineMaterials/Substrate/Glints2/dict_0006_0147.uasset" 7698
"../../../Engine/Content/EngineMaterials/Substrate/Glints2/dict_0006_0142.uasset" 7699
"../../../Engine/Content/EngineMaterials/Substrate/Glints2/dict_0006_0168.uasset" 7700
"../../../Engine/Content/EngineMaterials/Substrate/Glints2/dict_0006_0139.uasset" 7701
"../../../Engine/Content/EngineMaterials/Substrate/Glints2/dict_0006_0153.uasset" 7702
"../../../Engine/Content/EngineMaterials/Substrate/Glints2/dict_0006_0148.uasset" 7703
"../../../Engine/Content/EngineMaterials/Substrate/Glints2/dict_0006_0137.uasset" 7704
"../../../Engine/Content/EngineMaterials/Substrate/Glints2/dict_0006_0134.uasset" 7705
"../../../Engine/Content/EngineMaterials/Substrate/Glints2/dict_0006_0135.uasset" 7706
"../../../Engine/Content/EngineMaterials/Substrate/Glints2/dict_0006_0143.uasset" 7707
"../../../Engine/Content/EngineMaterials/Substrate/Glints2/dict_0006_0132.uasset" 7708
"../../../Engine/Content/EngineMaterials/Substrate/Glints2/dict_0006_0141.uasset" 7709
"../../../Engine/Content/EngineMaterials/Substrate/Glints2/dict_0006_0140.uasset" 7710
"/Engine/EngineMaterials/Substrate/Glints2/dict_0006_0150" 7711
"../../../Engine/Content/EngineMaterials/Substrate/Glints2/dict_0006_0129.uasset" 7712
"/Engine/EngineMaterials/Substrate/Glints2/dict_0006_0135" 7713
"/Engine/EngineMaterials/Substrate/Glints2/dict_0006_0168" 7714
"/Engine/EngineMaterials/Substrate/Glints2/dict_0006_0152" 7715
"/Engine/EngineMaterials/Substrate/Glints2/dict_0006_0153" 7716
"/Engine/EngineMaterials/Substrate/Glints2/dict_0006_0146" 7717
"/Engine/EngineMaterials/Substrate/Glints2/dict_0006_0147" 7718
"/Engine/EngineMaterials/Substrate/Glints2/dict_0006_0143" 7719
"/Engine/EngineMaterials/Substrate/Glints2/dict_0006_0141" 7720
"/Engine/EngineMaterials/Substrate/Glints2/dict_0006_0139" 7721
"/Engine/EngineMaterials/Substrate/Glints2/dict_0006_0134" 7722
"/Engine/EngineMaterials/Substrate/Glints2/dict_0006_0132" 7723
"../../../Engine/Content/EngineMaterials/Substrate/Glints2/dict_0006_0126.uasset" 7724
"/Engine/EngineMaterials/Substrate/Glints2/dict_0006_0137" 7725
"../../../Engine/Content/EngineMaterials/Substrate/Glints2/dict_0006_0133.uasset" 7726
"../../../Engine/Content/EngineMaterials/Substrate/Glints2/dict_0006_0130.uasset" 7727
"../../../Engine/Content/EngineMaterials/Substrate/Glints2/dict_0006_0125.uasset" 7728
"/Engine/EngineMaterials/Substrate/Glints2/dict_0006_0148" 7729
"../../../Engine/Content/EngineMaterials/Substrate/Glints2/dict_0006_0138.uasset" 7730
"/Engine/EngineMaterials/Substrate/Glints2/dict_0006_0142" 7731
"/Engine/EngineMaterials/Substrate/Glints2/dict_0006_0126" 7732
"/Engine/EngineMaterials/Substrate/Glints2/dict_0006_0129" 7733
"/Engine/EngineMaterials/Substrate/Glints2/dict_0006_0140" 7734
"/Engine/EngineMaterials/Substrate/Glints2/dict_0006_0130" 7735
"/Engine/EngineMaterials/Substrate/Glints2/dict_0006_0125" 7736
"/Engine/EngineMaterials/Substrate/Glints2/dict_0006_0138" 7737
"/Engine/EngineMaterials/Substrate/Glints2/dict_0006_0133" 7738
"../../../Engine/Content/EngineMaterials/Substrate/Glints2/dict_0006_0122.uasset" 7739
"../../../Engine/Content/EngineMaterials/Substrate/Glints2/dict_0006_0127.uasset" 7740
"../../../Engine/Content/EngineMaterials/Substrate/Glints2/dict_0006_0123.uasset" 7741
"../../../Engine/Content/EngineMaterials/Substrate/Glints2/dict_0006_0124.uasset" 7742
"../../../Engine/Content/EngineMaterials/Substrate/Glints2/dict_0006_0121.uasset" 7743
"/Engine/EngineMaterials/Substrate/Glints2/dict_0006_0122" 7744
"../../../Engine/Content/EngineMaterials/Substrate/Glints2/dict_0006_0120.uasset" 7745
"/Engine/EngineMaterials/Substrate/Glints2/dict_0006_0123" 7746
"../../../Engine/Content/EngineMaterials/Substrate/Glints2/dict_0006_0119.uasset" 7747
"/Engine/EngineMaterials/Substrate/Glints2/dict_0006_0127" 7748
"/Engine/EngineMaterials/Substrate/Glints2/dict_0006_0124" 7749
"/Engine/EngineMaterials/Substrate/Glints2/dict_0006_0121" 7750
"/Engine/EngineMaterials/Substrate/Glints2/dict_0006_0119" 7751
"/Engine/EngineMaterials/Substrate/Glints2/dict_0006_0120" 7752
"../../../Engine/Content/EngineMaterials/Substrate/Glints2/dict_0006_0128.uasset" 7753
"../../../Engine/Content/EngineMaterials/Substrate/Glints2/dict_0006_0117.uasset" 7754
"../../../Engine/Content/EngineMaterials/Substrate/Glints2/dict_0006_0118.uasset" 7755
"../../../Engine/Content/EngineMaterials/Substrate/Glints2/dict_0006_0114.uasset" 7756
"../../../Engine/Content/EngineMaterials/Substrate/Glints2/dict_0006_0115.uasset" 7757
"../../../Engine/Content/EngineMaterials/Substrate/Glints2/dict_0006_0131.uasset" 7758
"../../../Engine/Content/EngineMaterials/Substrate/Glints2/dict_0006_0156.uasset" 7759
"/Engine/EngineMaterials/Substrate/Glints2/dict_0006_0128" 7760
"../../../Engine/Content/EngineMaterials/Substrate/Glints2/dict_0006_0110.uasset" 7761
"../../../Engine/Content/EngineMaterials/Substrate/Glints2/dict_0006_0111.uasset" 7762
"../../../Engine/Content/EngineMaterials/Substrate/Glints2/dict_0006_0109.uasset" 7763
"../../../Engine/Content/EngineMaterials/Substrate/Glints2/dict_0006_0113.uasset" 7764
"../../../Engine/Content/EngineMaterials/Substrate/Glints2/dict_0006_0108.uasset" 7765
"/Engine/EngineMaterials/Substrate/Glints2/dict_0006_0114" 7766
"/Engine/EngineMaterials/Substrate/Glints2/dict_0006_0156" 7767
"/Engine/EngineMaterials/Substrate/Glints2/dict_0006_0131" 7768
"/Engine/EngineMaterials/Substrate/Glints2/dict_0006_0115" 7769
"/Engine/EngineMaterials/Substrate/Glints2/dict_0006_0117" 7770
"/Engine/EngineMaterials/Substrate/Glints2/dict_0006_0118" 7771
"/Engine/EngineMaterials/Substrate/Glints2/dict_0006_0108" 7772
"/Engine/EngineMaterials/Substrate/Glints2/dict_0006_0109" 7773
"/Engine/EngineMaterials/Substrate/Glints2/dict_0006_0110" 7774
"/Engine/EngineMaterials/Substrate/Glints2/dict_0006_0111" 7775
"/Engine/EngineMaterials/Substrate/Glints2/dict_0006_0113" 7776
"../../../Engine/Content/EngineMaterials/Substrate/Glints2/dict_0006_0107.uasset" 7777
"../../../Engine/Content/EngineMaterials/Substrate/Glints2/dict_0006_0100.uasset" 7778
"../../../Engine/Content/EngineMaterials/Substrate/Glints2/dict_0006_0101.uasset" 7779
"../../../Engine/Content/EngineMaterials/Substrate/Glints2/dict_0006_0102.uasset" 7780
"../../../Engine/Content/EngineMaterials/Substrate/Glints2/dict_0006_0103.uasset" 7781
"../../../Engine/Content/EngineMaterials/Substrate/Glints2/dict_0006_0105.uasset" 7782
"/Engine/EngineMaterials/Substrate/Glints2/dict_0006_0107" 7783
"../../../Engine/Content/EngineMaterials/Substrate/Glints2/dict_0006_0104.uasset" 7784
"../../../Engine/Content/EngineMaterials/Substrate/Glints2/dict_0006_0092.uasset" 7785
"../../../Engine/Content/EngineMaterials/Substrate/Glints2/dict_0006_0099.uasset" 7786
"../../../Engine/Content/EngineMaterials/Substrate/Glints2/dict_0006_0093.uasset" 7787
"../../../Engine/Content/EngineMaterials/Substrate/Glints2/dict_0006_0094.uasset" 7788
"/Engine/EngineMaterials/Substrate/Glints2/dict_0006_0100" 7789
"../../../Engine/Content/EngineMaterials/Substrate/Glints2/dict_0006_0095.uasset" 7790
"/Engine/EngineMaterials/Substrate/Glints2/dict_0006_0101" 7791
"../../../Engine/Content/EngineMaterials/Substrate/Glints2/dict_0006_0096.uasset" 7792
"/Engine/EngineMaterials/Substrate/Glints2/dict_0006_0102" 7793
"/Engine/EngineMaterials/Substrate/Glints2/dict_0006_0103" 7794
"../../../Engine/Content/EngineMaterials/Substrate/Glints2/dict_0006_0097.uasset" 7795
"/Engine/EngineMaterials/Substrate/Glints2/dict_0006_0105" 7796
"/Engine/EngineMaterials/Substrate/Glints2/dict_0006_0092" 7797
"/Engine/EngineMaterials/Substrate/Glints2/dict_0006_0095" 7798
"/Engine/EngineMaterials/Substrate/Glints2/dict_0006_0099" 7799
"/Engine/EngineMaterials/Substrate/Glints2/dict_0006_0096" 7800
"/Engine/EngineMaterials/Substrate/Glints2/dict_0006_0097" 7801
"/Engine/EngineMaterials/Substrate/Glints2/dict_0006_0093" 7802
"/Engine/EngineMaterials/Substrate/Glints2/dict_0006_0104" 7803
"/Engine/EngineMaterials/Substrate/Glints2/dict_0006_0094" 7804
"../../../Engine/Content/EngineMaterials/Substrate/Glints2/dict_0006_0098.uasset" 7805
"../../../Engine/Content/EngineMaterials/Substrate/Glints2/dict_0006_0087.uasset" 7806
"../../../Engine/Content/EngineMaterials/Substrate/Glints2/dict_0006_0085.uasset" 7807
"../../../Engine/Content/EngineMaterials/Substrate/Glints2/dict_0006_0088.uasset" 7808
"../../../Engine/Content/EngineMaterials/Substrate/Glints2/dict_0006_0089.uasset" 7809
"../../../Engine/Content/EngineMaterials/Substrate/Glints2/dict_0006_0086.uasset" 7810
"../../../Engine/Content/EngineMaterials/Substrate/Glints2/dict_0006_0091.uasset" 7811
"/Engine/EngineMaterials/Substrate/Glints2/dict_0006_0085" 7812
"../../../Engine/Content/EngineMaterials/Substrate/Glints2/dict_0006_0112.uasset" 7813
"/Engine/EngineMaterials/Substrate/Glints2/dict_0006_0098" 7814
"/Engine/EngineMaterials/Substrate/Glints2/dict_0006_0086" 7815
"../../../Engine/Content/EngineMaterials/Substrate/Glints2/dict_0006_0080.uasset" 7816
"../../../Engine/Content/EngineMaterials/Substrate/Glints2/dict_0006_0079.uasset" 7817
"/Engine/EngineMaterials/Substrate/Glints2/dict_0006_0087" 7818
"../../../Engine/Content/EngineMaterials/Substrate/Glints2/dict_0006_0081.uasset" 7819
"/Engine/EngineMaterials/Substrate/Glints2/dict_0006_0088" 7820
"/Engine/EngineMaterials/Substrate/Glints2/dict_0006_0089" 7821
"/Engine/EngineMaterials/Substrate/Glints2/dict_0006_0091" 7822
"/Engine/EngineMaterials/Substrate/Glints2/dict_0006_0080" 7823
"/Engine/EngineMaterials/Substrate/Glints2/dict_0006_0081" 7824
"/Engine/EngineMaterials/Substrate/Glints2/dict_0006_0112" 7825
"/Engine/EngineMaterials/Substrate/Glints2/dict_0006_0079" 7826
"../../../Engine/Content/EngineMaterials/Substrate/Glints2/dict_0006_0082.uasset" 7827
"../../../Engine/Content/EngineMaterials/Substrate/Glints2/dict_0006_0083.uasset" 7828
"/Engine/EngineMaterials/Substrate/Glints2/dict_0006_0082" 7829
"/Engine/EngineMaterials/Substrate/Glints2/dict_0006_0083" 7830
"../../../Engine/Content/EngineMaterials/Substrate/Glints2/dict_0006_0090.uasset" 7831
"../../../Engine/Content/EngineMaterials/Substrate/Glints2/dict_0006_0077.uasset" 7832
"/Engine/EngineMaterials/Substrate/Glints2/dict_0006_0077" 7833
"../../../Engine/Content/EngineMaterials/Substrate/Glints2/dict_0006_0072.uasset" 7834
"../../../Engine/Content/EngineMaterials/Substrate/Glints2/dict_0006_0075.uasset" 7835
"/Engine/EngineMaterials/Substrate/Glints2/dict_0006_0090" 7836
"../../../Engine/Content/EngineMaterials/Substrate/Glints2/dict_0006_0144.uasset" 7837
"../../../Engine/Content/EngineMaterials/Substrate/Glints2/dict_0006_0074.uasset" 7838
"../../../Engine/Content/EngineMaterials/Substrate/Glints2/dict_0006_0136.uasset" 7839
"/Engine/EngineMaterials/Substrate/Glints2/dict_0006_0075" 7840
"../../../Engine/Content/EngineMaterials/Substrate/Glints2/dict_0006_0073.uasset" 7841
"/Engine/EngineMaterials/Substrate/Glints2/dict_0006_0144" 7842
"/Engine/EngineMaterials/Substrate/Glints2/dict_0006_0072" 7843
"/Engine/EngineMaterials/Substrate/Glints2/dict_0006_0074" 7844
"/Engine/EngineMaterials/Substrate/Glints2/dict_0006_0136" 7845
"/Engine/EngineMaterials/Substrate/Glints2/dict_0006_0073" 7846
"../../../Engine/Content/EngineMaterials/Substrate/Glints2/dict_0006_0070.uasset" 7847
"/Engine/EngineMaterials/Substrate/Glints2/dict_0006_0070" 7848
"../../../Engine/Content/EngineMaterials/Substrate/Glints2/dict_0006_0069.uasset" 7849
"../../../Engine/Content/EngineMaterials/Substrate/Glints2/dict_0006_0067.uasset" 7850
"../../../Engine/Content/EngineMaterials/Substrate/Glints2/dict_0006_0063.uasset" 7851
"../../../Engine/Content/EngineMaterials/Substrate/Glints2/dict_0006_0071.uasset" 7852
"../../../Engine/Content/EngineMaterials/Substrate/Glints2/dict_0006_0068.uasset" 7853
"/Engine/EngineMaterials/Substrate/Glints2/dict_0006_0067" 7854
"../../../Engine/Content/EngineMaterials/Substrate/Glints2/dict_0006_0064.uasset" 7855
"../../../Engine/Content/EngineMaterials/Substrate/Glints2/dict_0006_0061.uasset" 7856
"../../../Engine/Content/EngineMaterials/Substrate/Glints2/dict_0006_0062.uasset" 7857
"/Engine/EngineMaterials/Substrate/Glints2/dict_0006_0068" 7858
"../../../Engine/Content/EngineMaterials/Substrate/Glints2/dict_0006_0078.uasset" 7859
"/Engine/EngineMaterials/Substrate/Glints2/dict_0006_0069" 7860
"../../../Engine/Content/EngineMaterials/Substrate/Glints2/dict_0006_0066.uasset" 7861
"/Engine/EngineMaterials/Substrate/Glints2/dict_0006_0063" 7862
"/Engine/EngineMaterials/Substrate/Glints2/dict_0006_0071" 7863
"/Engine/EngineMaterials/Substrate/Glints2/dict_0006_0066" 7864
"/Engine/EngineMaterials/Substrate/Glints2/dict_0006_0061" 7865
"/Engine/EngineMaterials/Substrate/Glints2/dict_0006_0062" 7866
"/Engine/EngineMaterials/Substrate/Glints2/dict_0006_0078" 7867
"/Engine/EngineMaterials/Substrate/Glints2/dict_0006_0064" 7868
"../../../Engine/Content/EngineMaterials/Substrate/Glints2/dict_0006_0084.uasset" 7869
"../../../Engine/Content/EngineMaterials/Substrate/Glints2/dict_0006_0060.uasset" 7870
"../../../Engine/Content/EngineMaterials/Substrate/Glints2/dict_0006_0057.uasset" 7871
"../../../Engine/Content/EngineMaterials/Substrate/Glints2/dict_0006_0059.uasset" 7872
"../../../Engine/Content/EngineMaterials/Substrate/Glints2/dict_0006_0116.uasset" 7873
"../../../Engine/Content/EngineMaterials/Substrate/Glints2/dict_0006_0058.uasset" 7874
"../../../Engine/Content/EngineMaterials/Substrate/Glints2/dict_0006_0056.uasset" 7875
"/Engine/EngineMaterials/Substrate/Glints2/dict_0006_0056" 7876
"/Engine/EngineMaterials/Substrate/Glints2/dict_0006_0059" 7877
"/Engine/EngineMaterials/Substrate/Glints2/dict_0006_0060" 7878
"../../../Engine/Content/EngineMaterials/Substrate/Glints2/dict_0006_0076.uasset" 7879
"/Engine/EngineMaterials/Substrate/Glints2/dict_0006_0057" 7880
"../../../Engine/Content/EngineMaterials/Substrate/Glints2/dict_0006_0051.uasset" 7881
"/Engine/EngineMaterials/Substrate/Glints2/dict_0006_0084" 7882
"../../../Engine/Content/EngineMaterials/Substrate/Glints2/dict_0006_0046.uasset" 7883
"../../../Engine/Content/EngineMaterials/Substrate/Glints2/dict_0006_0050.uasset" 7884
"../../../Engine/Content/EngineMaterials/Substrate/Glints2/dict_0006_0054.uasset" 7885
"/Engine/EngineMaterials/Substrate/Glints2/dict_0006_0116" 7886
"/Engine/EngineMaterials/Substrate/Glints2/dict_0006_0058" 7887
"../../../Engine/Content/EngineMaterials/Substrate/Glints2/dict_0006_0055.uasset" 7888
"/Engine/EngineMaterials/Substrate/Glints2/dict_0006_0054" 7889
"../../../Engine/Content/EngineMaterials/Substrate/Glints2/dict_0006_0045.uasset" 7890
"../../../Engine/Content/EngineMaterials/Substrate/Glints2/dict_0006_0065.uasset" 7891
"/Engine/EngineMaterials/Substrate/Glints2/dict_0006_0076" 7892
"/Engine/EngineMaterials/Substrate/Glints2/dict_0006_0051" 7893
"../../../Engine/Content/EngineMaterials/Substrate/Glints2/dict_0006_0049.uasset" 7894
"/Engine/EngineMaterials/Substrate/Glints2/dict_0006_0046" 7895
"/Engine/EngineMaterials/Substrate/Glints2/dict_0006_0050" 7896
"/Engine/EngineMaterials/Substrate/Glints2/dict_0006_0045" 7897
"/Engine/EngineMaterials/Substrate/Glints2/dict_0006_0055" 7898
"/Engine/EngineMaterials/Substrate/Glints2/dict_0006_0049" 7899
"/Engine/EngineMaterials/Substrate/Glints2/dict_0006_0065" 7900
"../../../Engine/Content/EngineMaterials/Substrate/Glints2/dict_0006_0037.uasset" 7901
"../../../Engine/Content/EngineMaterials/Substrate/Glints2/dict_0006_0106.uasset" 7902
"../../../Engine/Content/EngineMaterials/Substrate/Glints2/dict_0006_0044.uasset" 7903
"../../../Engine/Content/EngineMaterials/Substrate/Glints2/dict_0006_0041.uasset" 7904
"../../../Engine/Content/EngineMaterials/Substrate/Glints2/dict_0006_0048.uasset" 7905
"../../../Engine/Content/EngineMaterials/Substrate/Glints2/dict_0006_0043.uasset" 7906
"../../../Engine/Content/EngineMaterials/Substrate/Glints2/dict_0006_0039.uasset" 7907
"../../../Engine/Content/EngineMaterials/Substrate/Glints2/dict_0006_0038.uasset" 7908
"/Engine/EngineMaterials/Substrate/Glints2/dict_0006_0106" 7909
"../../../Engine/Content/EngineMaterials/Substrate/Glints2/dict_0006_0042.uasset" 7910
"../../../Engine/Content/EngineMaterials/Substrate/Glints2/dict_0006_0053.uasset" 7911
"../../../Engine/Content/EngineMaterials/Substrate/Glints2/dict_0006_0040.uasset" 7912
"/Engine/EngineMaterials/Substrate/Glints2/dict_0006_0039" 7913
"../../../Engine/Content/EngineMaterials/Substrate/Glints2/dict_0006_0035.uasset" 7914
"../../../Engine/Content/EngineMaterials/Substrate/Glints2/dict_0006_0036.uasset" 7915
"/Engine/EngineMaterials/Substrate/Glints2/dict_0006_0041" 7916
"../../../Engine/Content/EngineMaterials/Substrate/Glints2/dict_0006_0032.uasset" 7917
"../../../Engine/Content/EngineMaterials/Substrate/Glints2/dict_0006_0052.uasset" 7918
"/Engine/EngineMaterials/Substrate/Glints2/dict_0006_0044" 7919
"/Engine/EngineMaterials/Substrate/Glints2/dict_0006_0048" 7920
"/Engine/EngineMaterials/Substrate/Glints2/dict_0006_0037" 7921
"/Engine/EngineMaterials/Substrate/Glints2/dict_0006_0038" 7922
"/Engine/EngineMaterials/Substrate/Glints2/dict_0006_0043" 7923
"/Engine/EngineMaterials/Substrate/Glints2/dict_0006_0040" 7924
"../../../Engine/Content/EngineMaterials/Substrate/Glints2/dict_0006_0030.uasset" 7925
"/Engine/EngineMaterials/Substrate/Glints2/dict_0006_0053" 7926
"../../../Engine/Content/EngineMaterials/Substrate/Glints2/dict_0006_0033.uasset" 7927
"../../../Engine/Content/EngineMaterials/Substrate/Glints2/dict_0006_0034.uasset" 7928
"/Engine/EngineMaterials/Substrate/Glints2/dict_0006_0035" 7929
"../../../Engine/Content/EngineMaterials/Substrate/Glints2/dict_0006_0029.uasset" 7930
"../../../Engine/Content/EngineMaterials/Substrate/Glints2/dict_0006_0022.uasset" 7931
"../../../Engine/Content/EngineMaterials/Substrate/Glints2/dict_0006_0024.uasset" 7932
"../../../Engine/Content/EngineMaterials/Substrate/Glints2/dict_0006_0026.uasset" 7933
"/Engine/EngineMaterials/Substrate/Glints2/dict_0006_0036" 7934
"/Engine/EngineMaterials/Substrate/Glints2/dict_0006_0042" 7935
"/Engine/EngineMaterials/Substrate/Glints2/dict_0006_0032" 7936
"/Engine/EngineMaterials/Substrate/Glints2/dict_0006_0052" 7937
"/Engine/EngineMaterials/Substrate/Glints2/dict_0006_0034" 7938
"/Engine/EngineMaterials/Substrate/Glints2/dict_0006_0022" 7939
"/Engine/EngineMaterials/Substrate/Glints2/dict_0006_0029" 7940
"/Engine/EngineMaterials/Substrate/Glints2/dict_0006_0030" 7941
"/Engine/EngineMaterials/Substrate/Glints2/dict_0006_0024" 7942
"/Engine/EngineMaterials/Substrate/Glints2/dict_0006_0026" 7943
"/Engine/EngineMaterials/Substrate/Glints2/dict_0006_0033" 7944
"../../../Engine/Content/EngineMaterials/Substrate/Glints2/dict_0006_0047.uasset" 7945
"../../../Engine/Content/EngineMaterials/Substrate/Glints2/dict_0006_0020.uasset" 7946
"../../../Engine/Content/EngineMaterials/Substrate/Glints2/dict_0006_0016.uasset" 7947
"../../../Engine/Content/EngineMaterials/Substrate/Glints2/dict_0006_0017.uasset" 7948
"../../../Engine/Content/EngineMaterials/Substrate/Glints2/dict_0006_0015.uasset" 7949
"../../../Engine/Content/EngineMaterials/Substrate/Glints2/dict_0006_0014.uasset" 7950
"../../../Engine/Content/EngineMaterials/Substrate/Glints2/dict_0006_0031.uasset" 7951
"../../../Engine/Content/EngineMaterials/Substrate/Glints2/dict_0006_0011.uasset" 7952
"../../../Engine/Content/EngineMaterials/Substrate/Glints2/dict_0006_0012.uasset" 7953
"/Engine/EngineMaterials/Substrate/Glints2/dict_0006_0011" 7954
"../../../Engine/Content/EngineMaterials/Substrate/Glints2/dict_0006_0025.uasset" 7955
"../../../Engine/Content/EngineMaterials/Substrate/Glints2/dict_0006_0009.uasset" 7956
"/Engine/EngineMaterials/Substrate/Glints2/dict_0006_0012" 7957
"/Engine/EngineMaterials/Substrate/Glints2/dict_0006_0014" 7958
"../../../Engine/Content/EngineMaterials/Substrate/Glints2/dict_0006_0019.uasset" 7959
"/Engine/EngineMaterials/Substrate/Glints2/dict_0006_0031" 7960
"../../../Engine/Content/EngineMaterials/Substrate/Glints2/dict_0006_0028.uasset" 7961
"../../../Engine/Content/EngineMaterials/Substrate/Glints2/dict_0006_0021.uasset" 7962
"/Engine/EngineMaterials/Substrate/Glints2/dict_0006_0015" 7963
"../../../Engine/Content/EngineMaterials/Substrate/Glints2/dict_0006_0023.uasset" 7964
"/Engine/EngineMaterials/Substrate/Glints2/dict_0006_0016" 7965
"../../../Engine/Content/EngineMaterials/Substrate/Glints2/dict_0006_0027.uasset" 7966
"/Engine/EngineMaterials/Substrate/Glints2/dict_0006_0020" 7967
"/Engine/EngineMaterials/Substrate/Glints2/dict_0006_0017" 7968
"../../../Engine/Content/EngineMaterials/Substrate/Glints2/dict_0006_0010.uasset" 7969
"../../../Engine/Content/EngineMaterials/Substrate/Glints2/dict_0006_0003.uasset" 7970
"../../../Engine/Content/EngineMaterials/Substrate/Glints2/dict_0006_0005.uasset" 7971
"../../../Engine/Content/EngineMaterials/Substrate/Glints2/dict_0006_0006.uasset" 7972
"/Engine/EngineMaterials/Substrate/Glints2/dict_0006_0047" 7973
"../../../Engine/Content/EngineMaterials/Substrate/Glints2/dict_0006_0008.uasset" 7974
"/Engine/EngineMaterials/Substrate/Glints2/dict_0006_0010" 7975
"/Engine/EngineMaterials/Substrate/Glints2/dict_0006_0003" 7976
"/Engine/EngineMaterials/Substrate/Glints2/dict_0006_0019" 7977
"/Engine/EngineMaterials/Substrate/Glints2/dict_0006_0027" 7978
"/Engine/EngineMaterials/Substrate/Glints2/dict_0006_0028" 7979
"/Engine/EngineMaterials/Substrate/Glints2/dict_0006_0023" 7980
"/Engine/EngineMaterials/Substrate/Glints2/dict_0006_0005" 7981
"../../../Engine/Content/EngineMaterials/Substrate/Glints2/dict_0006_0013.uasset" 7982
"/Engine/EngineMaterials/Substrate/Glints2/dict_0006_0006" 7983
"/Engine/EngineMaterials/Substrate/Glints2/dict_0006_0009" 7984
"/Engine/EngineMaterials/Substrate/Glints2/dict_0006_0025" 7985
"/Engine/EngineMaterials/Substrate/Glints2/dict_0006_0021" 7986
"../../../Engine/Content/EngineMaterials/Substrate/Glints2/dict_0006_0018.uasset" 7987
"/Engine/EngineMaterials/Substrate/Glints2/dict_0006_0013" 7988
"/Engine/EngineMaterials/Substrate/Glints2/dict_0006_0008" 7989
"../../../Engine/Content/EngineMaterials/Substrate/Glints2/dict_0006_0000.uasset" 7990
"../../../Engine/Content/EngineMaterials/Substrate/Glints2/dict_0005_0252.uasset" 7991
"../../../Engine/Content/EngineMaterials/Substrate/Glints2/dict_0005_0255.uasset" 7992
"../../../Engine/Content/EngineMaterials/Substrate/Glints2/dict_0005_0253.uasset" 7993
"../../../Engine/Content/EngineMaterials/Substrate/Glints2/dict_0005_0251.uasset" 7994
"../../../Engine/Content/EngineMaterials/Substrate/Glints2/dict_0005_0250.uasset" 7995
"../../../Engine/Content/EngineMaterials/Substrate/Glints2/dict_0006_0001.uasset" 7996
"/Engine/EngineMaterials/Substrate/Glints2/dict_0005_0252" 7997
"../../../Engine/Content/EngineMaterials/Substrate/Glints2/dict_0005_0245.uasset" 7998
"../../../Engine/Content/EngineMaterials/Substrate/Glints2/dict_0006_0004.uasset" 7999
"/Engine/EngineMaterials/Substrate/Glints2/dict_0006_0018" 8000
"../../../Engine/Content/EngineMaterials/Substrate/Glints2/dict_0005_0247.uasset" 8001
"../../../Engine/Content/EngineMaterials/Substrate/Glints2/dict_0005_0241.uasset" 8002
"../../../Engine/Content/EngineMaterials/Substrate/Glints2/dict_0005_0243.uasset" 8003
"/Engine/EngineMaterials/Substrate/Glints2/dict_0005_0253" 8004
"../../../Engine/Content/EngineMaterials/Substrate/Glints2/dict_0006_0002.uasset" 8005
"../../../Engine/Content/EngineMaterials/Substrate/Glints2/dict_0005_0248.uasset" 8006
"../../../Engine/Content/EngineMaterials/Substrate/Glints2/dict_0005_0240.uasset" 8007
"/Engine/EngineMaterials/Substrate/Glints2/dict_0005_0255" 8008
"/Engine/EngineMaterials/Substrate/Glints2/dict_0006_0000" 8009
"/Engine/EngineMaterials/Substrate/Glints2/dict_0005_0250" 8010
"../../../Engine/Content/EngineMaterials/Substrate/Glints2/dict_0005_0239.uasset" 8011
"/Engine/EngineMaterials/Substrate/Glints2/dict_0006_0001" 8012
"../../../Engine/Content/EngineMaterials/Substrate/Glints2/dict_0005_0242.uasset" 8013
"/Engine/EngineMaterials/Substrate/Glints2/dict_0005_0251" 8014
"/Engine/EngineMaterials/Substrate/Glints2/dict_0005_0243" 8015
"/Engine/EngineMaterials/Substrate/Glints2/dict_0006_0004" 8016
"../../../Engine/Content/EngineMaterials/Substrate/Glints2/dict_0005_0254.uasset" 8017
"/Engine/EngineMaterials/Substrate/Glints2/dict_0005_0245" 8018
"/Engine/EngineMaterials/Substrate/Glints2/dict_0005_0247" 8019
"/Engine/EngineMaterials/Substrate/Glints2/dict_0005_0248" 8020
"/Engine/EngineMaterials/Substrate/Glints2/dict_0005_0240" 8021
"/Engine/EngineMaterials/Substrate/Glints2/dict_0005_0241" 8022
"../../../Engine/Content/EngineMaterials/Substrate/Glints2/dict_0005_0244.uasset" 8023
"/Engine/EngineMaterials/Substrate/Glints2/dict_0005_0242" 8024
"../../../Engine/Content/EngineMaterials/Substrate/Glints2/dict_0005_0235.uasset" 8025
"../../../Engine/Content/EngineMaterials/Substrate/Glints2/dict_0006_0007.uasset" 8026
"/Engine/EngineMaterials/Substrate/Glints2/dict_0006_0002" 8027
"/Engine/EngineMaterials/Substrate/Glints2/dict_0005_0244" 8028
"/Engine/EngineMaterials/Substrate/Glints2/dict_0005_0235" 8029
"../../../Engine/Content/EngineMaterials/Substrate/Glints2/dict_0005_0237.uasset" 8030
"/Engine/EngineMaterials/Substrate/Glints2/dict_0005_0254" 8031
"/Engine/EngineMaterials/Substrate/Glints2/dict_0005_0239" 8032
"/Engine/EngineMaterials/Substrate/Glints2/dict_0006_0007" 8033
"../../../Engine/Content/EngineMaterials/Substrate/Glints2/dict_0005_0246.uasset" 8034
"../../../Engine/Content/EngineMaterials/Substrate/Glints2/dict_0005_0249.uasset" 8035
"../../../Engine/Content/EngineMaterials/Substrate/Glints2/dict_0005_0232.uasset" 8036
"/Engine/EngineMaterials/Substrate/Glints2/dict_0005_0232" 8037
"/Engine/EngineMaterials/Substrate/Glints2/dict_0005_0246" 8038
"/Engine/EngineMaterials/Substrate/Glints2/dict_0005_0237" 8039
"../../../Engine/Content/EngineMaterials/Substrate/Glints2/dict_0005_0231.uasset" 8040
"/Engine/EngineMaterials/Substrate/Glints2/dict_0005_0249" 8041
"/Engine/EngineMaterials/Substrate/Glints2/dict_0005_0231" 8042
"../../../Engine/Content/EngineMaterials/Substrate/Glints2/dict_0005_0227.uasset" 8043
"../../../Engine/Content/EngineMaterials/Substrate/Glints2/dict_0005_0234.uasset" 8044
"../../../Engine/Content/EngineMaterials/Substrate/Glints2/dict_0005_0223.uasset" 8045
"../../../Engine/Content/EngineMaterials/Substrate/Glints2/dict_0005_0225.uasset" 8046
"../../../Engine/Content/EngineMaterials/Substrate/Glints2/dict_0005_0230.uasset" 8047
"../../../Engine/Content/EngineMaterials/Substrate/Glints2/dict_0005_0220.uasset" 8048
"../../../Engine/Content/EngineMaterials/Substrate/Glints2/dict_0005_0221.uasset" 8049
"../../../Engine/Content/EngineMaterials/Substrate/Glints2/dict_0005_0236.uasset" 8050
"/Engine/EngineMaterials/Substrate/Glints2/dict_0005_0223" 8051
"/Engine/EngineMaterials/Substrate/Glints2/dict_0005_0234" 8052
"../../../Engine/Content/EngineMaterials/Substrate/Glints2/dict_0005_0238.uasset" 8053
"../../../Engine/Content/EngineMaterials/Substrate/Glints2/dict_0005_0216.uasset" 8054
"/Engine/EngineMaterials/Substrate/Glints2/dict_0005_0230" 8055
"../../../Engine/Content/EngineMaterials/Substrate/Glints2/dict_0005_0228.uasset" 8056
"../../../Engine/Content/EngineMaterials/Substrate/Glints2/dict_0005_0229.uasset" 8057
"/Engine/EngineMaterials/Substrate/Glints2/dict_0005_0225" 8058
"../../../Engine/Content/EngineMaterials/Substrate/Glints2/dict_0005_0217.uasset" 8059
"../../../Engine/Content/EngineMaterials/Substrate/Glints2/dict_0005_0219.uasset" 8060
"/Engine/EngineMaterials/Substrate/Glints2/dict_0005_0220" 8061
"../../../Engine/Content/EngineMaterials/Substrate/Glints2/dict_0005_0226.uasset" 8062
"/Engine/EngineMaterials/Substrate/Glints2/dict_0005_0227" 8063
"/Engine/EngineMaterials/Substrate/Glints2/dict_0005_0221" 8064
"../../../Engine/Content/EngineMaterials/Substrate/Glints2/dict_0005_0215.uasset" 8065
"../../../Engine/Content/EngineMaterials/Substrate/Glints2/dict_0005_0214.uasset" 8066
"/Engine/EngineMaterials/Substrate/Glints2/dict_0005_0236" 8067
"/Engine/EngineMaterials/Substrate/Glints2/dict_0005_0215" 8068
"/Engine/EngineMaterials/Substrate/Glints2/dict_0005_0226" 8069
"/Engine/EngineMaterials/Substrate/Glints2/dict_0005_0238" 8070
"../../../Engine/Content/EngineMaterials/Substrate/Glints2/dict_0005_0218.uasset" 8071
"/Engine/EngineMaterials/Substrate/Glints2/dict_0005_0216" 8072
"/Engine/EngineMaterials/Substrate/Glints2/dict_0005_0217" 8073
"/Engine/EngineMaterials/Substrate/Glints2/dict_0005_0219" 8074
"/Engine/EngineMaterials/Substrate/Glints2/dict_0005_0228" 8075
"/Engine/EngineMaterials/Substrate/Glints2/dict_0005_0229" 8076
"/Engine/EngineMaterials/Substrate/Glints2/dict_0005_0214" 8077
"/Engine/EngineMaterials/Substrate/Glints2/dict_0005_0218" 8078
"../../../Engine/Content/EngineMaterials/Substrate/Glints2/dict_0005_0211.uasset" 8079
"../../../Engine/Content/EngineMaterials/Substrate/Glints2/dict_0005_0212.uasset" 8080
"../../../Engine/Content/EngineMaterials/Substrate/Glints2/dict_0005_0204.uasset" 8081
"../../../Engine/Content/EngineMaterials/Substrate/Glints2/dict_0005_0207.uasset" 8082
"../../../Engine/Content/EngineMaterials/Substrate/Glints2/dict_0005_0205.uasset" 8083
"../../../Engine/Content/EngineMaterials/Substrate/Glints2/dict_0005_0233.uasset" 8084
"../../../Engine/Content/EngineMaterials/Substrate/Glints2/dict_0005_0224.uasset" 8085
"/Engine/EngineMaterials/Substrate/Glints2/dict_0005_0205" 8086
"/Engine/EngineMaterials/Substrate/Glints2/dict_0005_0233" 8087
"../../../Engine/Content/EngineMaterials/Substrate/Glints2/dict_0005_0201.uasset" 8088
"../../../Engine/Content/EngineMaterials/Substrate/Glints2/dict_0005_0202.uasset" 8089
"../../../Engine/Content/EngineMaterials/Substrate/Glints2/dict_0005_0208.uasset" 8090
"../../../Engine/Content/EngineMaterials/Substrate/Glints2/dict_0005_0200.uasset" 8091
"/Engine/EngineMaterials/Substrate/Glints2/dict_0005_0224" 8092
"../../../Engine/Content/EngineMaterials/Substrate/Glints2/dict_0005_0203.uasset" 8093
"../../../Engine/Content/EngineMaterials/Substrate/Glints2/dict_0005_0199.uasset" 8094
"/Engine/EngineMaterials/Substrate/Glints2/dict_0005_0207" 8095
"../../../Engine/Content/EngineMaterials/Substrate/Glints2/dict_0005_0196.uasset" 8096
"/Engine/EngineMaterials/Substrate/Glints2/dict_0005_0211" 8097
"/Engine/EngineMaterials/Substrate/Glints2/dict_0005_0212" 8098
"../../../Engine/Content/EngineMaterials/Substrate/Glints2/dict_0005_0206.uasset" 8099
"../../../Engine/Content/EngineMaterials/Substrate/Glints2/dict_0005_0198.uasset" 8100
"/Engine/EngineMaterials/Substrate/Glints2/dict_0005_0204" 8101
"/Engine/EngineMaterials/Substrate/Glints2/dict_0005_0196" 8102
"../../../Engine/Content/EngineMaterials/Substrate/Glints2/dict_0005_0193.uasset" 8103
"/Engine/EngineMaterials/Substrate/Glints2/dict_0005_0208" 8104
"../../../Engine/Content/EngineMaterials/Substrate/Glints2/dict_0005_0194.uasset" 8105
"../../../Engine/Content/EngineMaterials/Substrate/Glints2/dict_0005_0195.uasset" 8106
"/Engine/EngineMaterials/Substrate/Glints2/dict_0005_0198" 8107
"/Engine/EngineMaterials/Substrate/Glints2/dict_0005_0199" 8108
"/Engine/EngineMaterials/Substrate/Glints2/dict_0005_0206" 8109
"../../../Engine/Content/EngineMaterials/Substrate/Glints2/dict_0005_0222.uasset" 8110
"/Engine/EngineMaterials/Substrate/Glints2/dict_0005_0203" 8111
"/Engine/EngineMaterials/Substrate/Glints2/dict_0005_0200" 8112
"/Engine/EngineMaterials/Substrate/Glints2/dict_0005_0201" 8113
"../../../Engine/Content/EngineMaterials/Substrate/Glints2/dict_0005_0186.uasset" 8114
"../../../Engine/Content/EngineMaterials/Substrate/Glints2/dict_0005_0189.uasset" 8115
"/Engine/EngineMaterials/Substrate/Glints2/dict_0005_0202" 8116
"../../../Engine/Content/EngineMaterials/Substrate/Glints2/dict_0005_0185.uasset" 8117
"../../../Engine/Content/EngineMaterials/Substrate/Glints2/dict_0005_0188.uasset" 8118
"../../../Engine/Content/EngineMaterials/Substrate/Glints2/dict_0005_0191.uasset" 8119
"/Engine/EngineMaterials/Substrate/Glints2/dict_0005_0222" 8120
"../../../Engine/Content/EngineMaterials/Substrate/Glints2/dict_0005_0209.uasset" 8121
"/Engine/EngineMaterials/Substrate/Glints2/dict_0005_0185" 8122
"../../../Engine/Content/EngineMaterials/Substrate/Glints2/dict_0005_0210.uasset" 8123
"../../../Engine/Content/EngineMaterials/Substrate/Glints2/dict_0005_0190.uasset" 8124
"/Engine/EngineMaterials/Substrate/Glints2/dict_0005_0188" 8125
"/Engine/EngineMaterials/Substrate/Glints2/dict_0005_0189" 8126
"/Engine/EngineMaterials/Substrate/Glints2/dict_0005_0186" 8127
"/Engine/EngineMaterials/Substrate/Glints2/dict_0005_0193" 8128
"/Engine/EngineMaterials/Substrate/Glints2/dict_0005_0194" 8129
"../../../Engine/Content/EngineMaterials/Substrate/Glints2/dict_0005_0187.uasset" 8130
"/Engine/EngineMaterials/Substrate/Glints2/dict_0005_0195" 8131
"/Engine/EngineMaterials/Substrate/Glints2/dict_0005_0209" 8132
"../../../Engine/Content/EngineMaterials/Substrate/Glints2/dict_0005_0213.uasset" 8133
"/Engine/EngineMaterials/Substrate/Glints2/dict_0005_0187" 8134
"../../../Engine/Content/EngineMaterials/Substrate/Glints2/dict_0005_0182.uasset" 8135
"/Engine/EngineMaterials/Substrate/Glints2/dict_0005_0210" 8136
"../../../Engine/Content/EngineMaterials/Substrate/Glints2/dict_0005_0184.uasset" 8137
"../../../Engine/Content/EngineMaterials/Substrate/Glints2/dict_0005_0197.uasset" 8138
"../../../Engine/Content/EngineMaterials/Substrate/Glints2/dict_0005_0180.uasset" 8139
"/Engine/EngineMaterials/Substrate/Glints2/dict_0005_0190" 8140
"../../../Engine/Content/EngineMaterials/Substrate/Glints2/dict_0005_0177.uasset" 8141
"/Engine/EngineMaterials/Substrate/Glints2/dict_0005_0191" 8142
"/Engine/EngineMaterials/Substrate/Glints2/dict_0005_0213" 8143
"/Engine/EngineMaterials/Substrate/Glints2/dict_0005_0197" 8144
"/Engine/EngineMaterials/Substrate/Glints2/dict_0005_0180" 8145
"../../../Engine/Content/EngineMaterials/Substrate/Glints2/dict_0005_0175.uasset" 8146
"../../../Engine/Content/EngineMaterials/Substrate/Glints2/dict_0005_0172.uasset" 8147
"/Engine/EngineMaterials/Substrate/Glints2/dict_0005_0182" 8148
"../../../Engine/Content/EngineMaterials/Substrate/Glints2/dict_0005_0179.uasset" 8149
"/Engine/EngineMaterials/Substrate/Glints2/dict_0005_0184" 8150
"../../../Engine/Content/EngineMaterials/Substrate/Glints2/dict_0005_0176.uasset" 8151
"../../../Engine/Content/EngineMaterials/Substrate/Glints2/dict_0005_0178.uasset" 8152
"/Engine/EngineMaterials/Substrate/Glints2/dict_0005_0177" 8153
"/Engine/EngineMaterials/Substrate/Glints2/dict_0005_0178" 8154
"/Engine/EngineMaterials/Substrate/Glints2/dict_0005_0179" 8155
"/Engine/EngineMaterials/Substrate/Glints2/dict_0005_0172" 8156
"/Engine/EngineMaterials/Substrate/Glints2/dict_0005_0175" 8157
"../../../Engine/Content/EngineMaterials/Substrate/Glints2/dict_0005_0170.uasset" 8158
"../../../Engine/Content/EngineMaterials/Substrate/Glints2/dict_0005_0169.uasset" 8159
"/Engine/EngineMaterials/Substrate/Glints2/dict_0005_0176" 8160
"/Engine/EngineMaterials/Substrate/Glints2/dict_0005_0169" 8161
"/Engine/EngineMaterials/Substrate/Glints2/dict_0005_0170" 8162
"../../../Engine/Content/EngineMaterials/Substrate/Glints2/dict_0005_0165.uasset" 8163
"../../../Engine/Content/EngineMaterials/Substrate/Glints2/dict_0005_0162.uasset" 8164
"../../../Engine/Content/EngineMaterials/Substrate/Glints2/dict_0005_0168.uasset" 8165
"../../../Engine/Content/EngineMaterials/Substrate/Glints2/dict_0005_0166.uasset" 8166
"../../../Engine/Content/EngineMaterials/Substrate/Glints2/dict_0005_0174.uasset" 8167
"../../../Engine/Content/EngineMaterials/Substrate/Glints2/dict_0005_0167.uasset" 8168
"../../../Engine/Content/EngineMaterials/Substrate/Glints2/dict_0005_0161.uasset" 8169
"/Engine/EngineMaterials/Substrate/Glints2/dict_0005_0162" 8170
"../../../Engine/Content/EngineMaterials/Substrate/Glints2/dict_0005_0171.uasset" 8171
"/Engine/EngineMaterials/Substrate/Glints2/dict_0005_0174" 8172
"../../../Engine/Content/EngineMaterials/Substrate/Glints2/dict_0005_0164.uasset" 8173
"/Engine/EngineMaterials/Substrate/Glints2/dict_0005_0165" 8174
"/Engine/EngineMaterials/Substrate/Glints2/dict_0005_0166" 8175
"/Engine/EngineMaterials/Substrate/Glints2/dict_0005_0167" 8176
"/Engine/EngineMaterials/Substrate/Glints2/dict_0005_0168" 8177
"/Engine/EngineMaterials/Substrate/Glints2/dict_0005_0161" 8178
"../../../Engine/Content/EngineMaterials/Substrate/Glints2/dict_0005_0159.uasset" 8179
"../../../Engine/Content/EngineMaterials/Substrate/Glints2/dict_0005_0160.uasset" 8180
"../../../Engine/Content/EngineMaterials/Substrate/Glints2/dict_0005_0181.uasset" 8181
"../../../Engine/Content/EngineMaterials/Substrate/Glints2/dict_0005_0158.uasset" 8182
"../../../Engine/Content/EngineMaterials/Substrate/Glints2/dict_0005_0157.uasset" 8183
"/Engine/EngineMaterials/Substrate/Glints2/dict_0005_0171" 8184
"/Engine/EngineMaterials/Substrate/Glints2/dict_0005_0164" 8185
"../../../Engine/Content/EngineMaterials/Substrate/Glints2/dict_0005_0155.uasset" 8186
"/Engine/EngineMaterials/Substrate/Glints2/dict_0005_0157" 8187
"/Engine/EngineMaterials/Substrate/Glints2/dict_0005_0158" 8188
"/Engine/EngineMaterials/Substrate/Glints2/dict_0005_0181" 8189
"/Engine/EngineMaterials/Substrate/Glints2/dict_0005_0159" 8190
"/Engine/EngineMaterials/Substrate/Glints2/dict_0005_0160" 8191
"/Engine/EngineMaterials/Substrate/Glints2/dict_0005_0155" 8192
"../../../Engine/Content/EngineMaterials/Substrate/Glints2/dict_0005_0154.uasset" 8193
"../../../Engine/Content/EngineMaterials/Substrate/Glints2/dict_0005_0156.uasset" 8194
"../../../Engine/Content/EngineMaterials/Substrate/Glints2/dict_0005_0150.uasset" 8195
"../../../Engine/Content/EngineMaterials/Substrate/Glints2/dict_0005_0147.uasset" 8196
"../../../Engine/Content/EngineMaterials/Substrate/Glints2/dict_0005_0152.uasset" 8197
"../../../Engine/Content/EngineMaterials/Substrate/Glints2/dict_0005_0146.uasset" 8198
"../../../Engine/Content/EngineMaterials/Substrate/Glints2/dict_0005_0163.uasset" 8199
"../../../Engine/Content/EngineMaterials/Substrate/Glints2/dict_0005_0149.uasset" 8200
"../../../Engine/Content/EngineMaterials/Substrate/Glints2/dict_0005_0148.uasset" 8201
"/Engine/EngineMaterials/Substrate/Glints2/dict_0005_0150" 8202
"../../../Engine/Content/EngineMaterials/Substrate/Glints2/dict_0005_0151.uasset" 8203
"../../../Engine/Content/EngineMaterials/Substrate/Glints2/dict_0005_0144.uasset" 8204
"../../../Engine/Content/EngineMaterials/Substrate/Glints2/dict_0005_0153.uasset" 8205
"/Engine/EngineMaterials/Substrate/Glints2/dict_0005_0146" 8206
"../../../Engine/Content/EngineMaterials/Substrate/Glints2/dict_0005_0183.uasset" 8207
"../../../Engine/Content/EngineMaterials/Substrate/Glints2/dict_0005_0173.uasset" 8208
"../../../Engine/Content/EngineMaterials/Substrate/Glints2/dict_0005_0192.uasset" 8209
"/Engine/EngineMaterials/Substrate/Glints2/dict_0005_0156" 8210
"/Engine/EngineMaterials/Substrate/Glints2/dict_0005_0152" 8211
"/Engine/EngineMaterials/Substrate/Glints2/dict_0005_0147" 8212
"/Engine/EngineMaterials/Substrate/Glints2/dict_0005_0163" 8213
"/Engine/EngineMaterials/Substrate/Glints2/dict_0005_0154" 8214
"../../../Engine/Content/EngineMaterials/Substrate/Glints2/dict_0005_0143.uasset" 8215
"../../../Engine/Content/EngineMaterials/Substrate/Glints2/dict_0005_0140.uasset" 8216
"/Engine/EngineMaterials/Substrate/Glints2/dict_0005_0148" 8217
"/Engine/EngineMaterials/Substrate/Glints2/dict_0005_0149" 8218
"/Engine/EngineMaterials/Substrate/Glints2/dict_0005_0143" 8219
"../../../Engine/Content/EngineMaterials/Substrate/Glints2/dict_0005_0142.uasset" 8220
"/Engine/EngineMaterials/Substrate/Glints2/dict_0005_0151" 8221
"/Engine/EngineMaterials/Substrate/Glints2/dict_0005_0144" 8222
"../../../Engine/Content/EngineMaterials/Substrate/Glints2/dict_0005_0137.uasset" 8223
"../../../Engine/Content/EngineMaterials/Substrate/Glints2/dict_0005_0138.uasset" 8224
"/Engine/EngineMaterials/Substrate/Glints2/dict_0005_0173" 8225
"/Engine/EngineMaterials/Substrate/Glints2/dict_0005_0153" 8226
"/Engine/EngineMaterials/Substrate/Glints2/dict_0005_0183" 8227
"../../../Engine/Content/EngineMaterials/Substrate/Glints2/dict_0005_0145.uasset" 8228
"/Engine/EngineMaterials/Substrate/Glints2/dict_0005_0192" 8229
"../../../Engine/Content/EngineMaterials/Substrate/Glints2/dict_0005_0134.uasset" 8230
"/Engine/EngineMaterials/Substrate/Glints2/dict_0005_0140" 8231
"/Engine/EngineMaterials/Substrate/Glints2/dict_0005_0134" 8232
"../../../Engine/Content/EngineMaterials/Substrate/Glints2/dict_0005_0131.uasset" 8233
"../../../Engine/Content/EngineMaterials/Substrate/Glints2/dict_0005_0135.uasset" 8234
"/Engine/EngineMaterials/Substrate/Glints2/dict_0005_0145" 8235
"../../../Engine/Content/EngineMaterials/Substrate/Glints2/dict_0005_0130.uasset" 8236
"/Engine/EngineMaterials/Substrate/Glints2/dict_0005_0137" 8237
"/Engine/EngineMaterials/Substrate/Glints2/dict_0005_0138" 8238
"../../../Engine/Content/EngineMaterials/Substrate/Glints2/dict_0005_0129.uasset" 8239
"/Engine/EngineMaterials/Substrate/Glints2/dict_0005_0142" 8240
"/Engine/EngineMaterials/Substrate/Glints2/dict_0005_0135" 8241
"../../../Engine/Content/EngineMaterials/Substrate/Glints2/dict_0005_0133.uasset" 8242
"../../../Engine/Content/EngineMaterials/Substrate/Glints2/dict_0005_0126.uasset" 8243
"../../../Engine/Content/EngineMaterials/Substrate/Glints2/dict_0005_0125.uasset" 8244
"../../../Engine/Content/EngineMaterials/Substrate/Glints2/dict_0005_0127.uasset" 8245
"/Engine/EngineMaterials/Substrate/Glints2/dict_0005_0129" 8246
"../../../Engine/Content/EngineMaterials/Substrate/Glints2/dict_0005_0136.uasset" 8247
"/Engine/EngineMaterials/Substrate/Glints2/dict_0005_0130" 8248
"../../../Engine/Content/EngineMaterials/Substrate/Glints2/dict_0005_0120.uasset" 8249
"../../../Engine/Content/EngineMaterials/Substrate/Glints2/dict_0005_0123.uasset" 8250
"../../../Engine/Content/EngineMaterials/Substrate/Glints2/dict_0005_0122.uasset" 8251
"../../../Engine/Content/EngineMaterials/Substrate/Glints2/dict_0005_0141.uasset" 8252
"../../../Engine/Content/EngineMaterials/Substrate/Glints2/dict_0005_0128.uasset" 8253
"/Engine/EngineMaterials/Substrate/Glints2/dict_0005_0131" 8254
"/Engine/EngineMaterials/Substrate/Glints2/dict_0005_0120" 8255
"/Engine/EngineMaterials/Substrate/Glints2/dict_0005_0122" 8256
"/Engine/EngineMaterials/Substrate/Glints2/dict_0005_0128" 8257
"/Engine/EngineMaterials/Substrate/Glints2/dict_0005_0123" 8258
"/Engine/EngineMaterials/Substrate/Glints2/dict_0005_0136" 8259
"/Engine/EngineMaterials/Substrate/Glints2/dict_0005_0125" 8260
"/Engine/EngineMaterials/Substrate/Glints2/dict_0005_0126" 8261
"/Engine/EngineMaterials/Substrate/Glints2/dict_0005_0127" 8262
"../../../Engine/Content/EngineMaterials/Substrate/Glints2/dict_0005_0118.uasset" 8263
"../../../Engine/Content/EngineMaterials/Substrate/Glints2/dict_0005_0116.uasset" 8264
"/Engine/EngineMaterials/Substrate/Glints2/dict_0005_0141" 8265
"/Engine/EngineMaterials/Substrate/Glints2/dict_0005_0133" 8266
"/Engine/EngineMaterials/Substrate/Glints2/dict_0005_0116" 8267
"/Engine/EngineMaterials/Substrate/Glints2/dict_0005_0118" 8268
"../../../Engine/Content/EngineMaterials/Substrate/Glints2/dict_0005_0114.uasset" 8269
"../../../Engine/Content/EngineMaterials/Substrate/Glints2/dict_0005_0113.uasset" 8270
"../../../Engine/Content/EngineMaterials/Substrate/Glints2/dict_0005_0117.uasset" 8271
"../../../Engine/Content/EngineMaterials/Substrate/Glints2/dict_0005_0112.uasset" 8272
"../../../Engine/Content/EngineMaterials/Substrate/Glints2/dict_0005_0108.uasset" 8273
"../../../Engine/Content/EngineMaterials/Substrate/Glints2/dict_0005_0109.uasset" 8274
"../../../Engine/Content/EngineMaterials/Substrate/Glints2/dict_0005_0107.uasset" 8275
"/Engine/EngineMaterials/Substrate/Glints2/dict_0005_0112" 8276
"../../../Engine/Content/EngineMaterials/Substrate/Glints2/dict_0005_0104.uasset" 8277
"../../../Engine/Content/EngineMaterials/Substrate/Glints2/dict_0005_0106.uasset" 8278
"/Engine/EngineMaterials/Substrate/Glints2/dict_0005_0113" 8279
"/Engine/EngineMaterials/Substrate/Glints2/dict_0005_0108" 8280
"/Engine/EngineMaterials/Substrate/Glints2/dict_0005_0114" 8281
"/Engine/EngineMaterials/Substrate/Glints2/dict_0005_0117" 8282
"/Engine/EngineMaterials/Substrate/Glints2/dict_0005_0109" 8283
"/Engine/EngineMaterials/Substrate/Glints2/dict_0005_0106" 8284
"/Engine/EngineMaterials/Substrate/Glints2/dict_0005_0107" 8285
"/Engine/EngineMaterials/Substrate/Glints2/dict_0005_0104" 8286
"../../../Engine/Content/EngineMaterials/Substrate/Glints2/dict_0005_0105.uasset" 8287
"../../../Engine/Content/EngineMaterials/Substrate/Glints2/dict_0005_0139.uasset" 8288
"../../../Engine/Content/EngineMaterials/Substrate/Glints2/dict_0005_0099.uasset" 8289
"../../../Engine/Content/EngineMaterials/Substrate/Glints2/dict_0005_0103.uasset" 8290
"../../../Engine/Content/EngineMaterials/Substrate/Glints2/dict_0005_0102.uasset" 8291
"../../../Engine/Content/EngineMaterials/Substrate/Glints2/dict_0005_0101.uasset" 8292
"../../../Engine/Content/EngineMaterials/Substrate/Glints2/dict_0005_0110.uasset" 8293
"../../../Engine/Content/EngineMaterials/Substrate/Glints2/dict_0005_0132.uasset" 8294
"../../../Engine/Content/EngineMaterials/Substrate/Glints2/dict_0005_0121.uasset" 8295
"../../../Engine/Content/EngineMaterials/Substrate/Glints2/dict_0005_0111.uasset" 8296
"../../../Engine/Content/EngineMaterials/Substrate/Glints2/dict_0005_0100.uasset" 8297
"/Engine/EngineMaterials/Substrate/Glints2/dict_0005_0111" 8298
"../../../Engine/Content/EngineMaterials/Substrate/Glints2/dict_0005_0124.uasset" 8299
"/Engine/EngineMaterials/Substrate/Glints2/dict_0005_0102" 8300
"../../../Engine/Content/EngineMaterials/Substrate/Glints2/dict_0005_0096.uasset" 8301
"../../../Engine/Content/EngineMaterials/Substrate/Glints2/dict_0005_0094.uasset" 8302
"../../../Engine/Content/EngineMaterials/Substrate/Glints2/dict_0005_0095.uasset" 8303
"../../../Engine/Content/EngineMaterials/Substrate/Glints2/dict_0005_0093.uasset" 8304
"/Engine/EngineMaterials/Substrate/Glints2/dict_0005_0121" 8305
"../../../Engine/Content/EngineMaterials/Substrate/Glints2/dict_0005_0115.uasset" 8306
"/Engine/EngineMaterials/Substrate/Glints2/dict_0005_0103" 8307
"../../../Engine/Content/EngineMaterials/Substrate/Glints2/dict_0005_0083.uasset" 8308
"../../../Engine/Content/EngineMaterials/Substrate/Glints2/dict_0005_0088.uasset" 8309
"../../../Engine/Content/EngineMaterials/Substrate/Glints2/dict_0005_0085.uasset" 8310
"/Engine/EngineMaterials/Substrate/Glints2/dict_0005_0105" 8311
"../../../Engine/Content/EngineMaterials/Substrate/Glints2/dict_0005_0084.uasset" 8312
"../../../Engine/Content/EngineMaterials/Substrate/Glints2/dict_0005_0089.uasset" 8313
"../../../Engine/Content/EngineMaterials/Substrate/Glints2/dict_0005_0086.uasset" 8314
"../../../Engine/Content/EngineMaterials/Substrate/Glints2/dict_0005_0098.uasset" 8315
"/Engine/EngineMaterials/Substrate/Glints2/dict_0005_0132" 8316
"../../../Engine/Content/EngineMaterials/Substrate/Glints2/dict_0005_0092.uasset" 8317
"../../../Engine/Content/EngineMaterials/Substrate/Glints2/dict_0005_0097.uasset" 8318
"../../../Engine/Content/EngineMaterials/Substrate/Glints2/dict_0005_0119.uasset" 8319
"../../../Engine/Content/EngineMaterials/Substrate/Glints2/dict_0005_0091.uasset" 8320
"/Engine/EngineMaterials/Substrate/Glints2/dict_0005_0139" 8321
"../../../Engine/Content/EngineMaterials/Substrate/Glints2/dict_0005_0082.uasset" 8322
"/Engine/EngineMaterials/Substrate/Glints2/dict_0005_0099" 8323
"/Engine/EngineMaterials/Substrate/Glints2/dict_0005_0100" 8324
"/Engine/EngineMaterials/Substrate/Glints2/dict_0005_0101" 8325
"/Engine/EngineMaterials/Substrate/Glints2/dict_0005_0110" 8326
"/Engine/EngineMaterials/Substrate/Glints2/dict_0005_0082" 8327
"/Engine/EngineMaterials/Substrate/Glints2/dict_0005_0119" 8328
"/Engine/EngineMaterials/Substrate/Glints2/dict_0005_0092" 8329
"/Engine/EngineMaterials/Substrate/Glints2/dict_0005_0084" 8330
"/Engine/EngineMaterials/Substrate/Glints2/dict_0005_0085" 8331
"/Engine/EngineMaterials/Substrate/Glints2/dict_0005_0093" 8332
"/Engine/EngineMaterials/Substrate/Glints2/dict_0005_0094" 8333
"/Engine/EngineMaterials/Substrate/Glints2/dict_0005_0086" 8334
"/Engine/EngineMaterials/Substrate/Glints2/dict_0005_0095" 8335
"../../../Engine/Content/EngineMaterials/Substrate/Glints2/dict_0005_0081.uasset" 8336
"/Engine/EngineMaterials/Substrate/Glints2/dict_0005_0124" 8337
"/Engine/EngineMaterials/Substrate/Glints2/dict_0005_0083" 8338
"/Engine/EngineMaterials/Substrate/Glints2/dict_0005_0096" 8339
"/Engine/EngineMaterials/Substrate/Glints2/dict_0005_0115" 8340
"/Engine/EngineMaterials/Substrate/Glints2/dict_0005_0088" 8341
"/Engine/EngineMaterials/Substrate/Glints2/dict_0005_0097" 8342
"/Engine/EngineMaterials/Substrate/Glints2/dict_0005_0089" 8343
"/Engine/EngineMaterials/Substrate/Glints2/dict_0005_0091" 8344
"/Engine/EngineMaterials/Substrate/Glints2/dict_0005_0098" 8345
"/Engine/EngineMaterials/Substrate/Glints2/dict_0005_0081" 8346
"../../../Engine/Content/EngineMaterials/Substrate/Glints2/dict_0005_0090.uasset" 8347
"../../../Engine/Content/EngineMaterials/Substrate/Glints2/dict_0005_0080.uasset" 8348
"../../../Engine/Content/EngineMaterials/Substrate/Glints2/dict_0005_0079.uasset" 8349
"../../../Engine/Content/EngineMaterials/Substrate/Glints2/dict_0005_0077.uasset" 8350
"../../../Engine/Content/EngineMaterials/Substrate/Glints2/dict_0005_0078.uasset" 8351
"/Engine/EngineMaterials/Substrate/Glints2/dict_0005_0090" 8352
"../../../Engine/Content/EngineMaterials/Substrate/Glints2/dict_0005_0075.uasset" 8353
"../../../Engine/Content/EngineMaterials/Substrate/Glints2/dict_0005_0076.uasset" 8354
"../../../Engine/Content/EngineMaterials/Substrate/Glints2/dict_0005_0087.uasset" 8355
"../../../Engine/Content/EngineMaterials/Substrate/Glints2/dict_0005_0074.uasset" 8356
"/Engine/EngineMaterials/Substrate/Glints2/dict_0005_0077" 8357
"/Engine/EngineMaterials/Substrate/Glints2/dict_0005_0078" 8358
"../../../Engine/Content/EngineMaterials/Substrate/Glints2/dict_0005_0073.uasset" 8359
"/Engine/EngineMaterials/Substrate/Glints2/dict_0005_0079" 8360
"/Engine/EngineMaterials/Substrate/Glints2/dict_0005_0080" 8361
"/Engine/EngineMaterials/Substrate/Glints2/dict_0005_0073" 8362
"/Engine/EngineMaterials/Substrate/Glints2/dict_0005_0087" 8363
"/Engine/EngineMaterials/Substrate/Glints2/dict_0005_0074" 8364
"/Engine/EngineMaterials/Substrate/Glints2/dict_0005_0075" 8365
"/Engine/EngineMaterials/Substrate/Glints2/dict_0005_0076" 8366
"../../../Engine/Content/EngineMaterials/Substrate/Glints2/dict_0005_0069.uasset" 8367
"../../../Engine/Content/EngineMaterials/Substrate/Glints2/dict_0005_0067.uasset" 8368
"../../../Engine/Content/EngineMaterials/Substrate/Glints2/dict_0005_0068.uasset" 8369
"../../../Engine/Content/EngineMaterials/Substrate/Glints2/dict_0005_0071.uasset" 8370
"../../../Engine/Content/EngineMaterials/Substrate/Glints2/dict_0005_0072.uasset" 8371
"/Engine/EngineMaterials/Substrate/Glints2/dict_0005_0071" 8372
"../../../Engine/Content/EngineMaterials/Substrate/Glints2/dict_0005_0070.uasset" 8373
"../../../Engine/Content/EngineMaterials/Substrate/Glints2/dict_0005_0065.uasset" 8374
"../../../Engine/Content/EngineMaterials/Substrate/Glints2/dict_0005_0063.uasset" 8375
"../../../Engine/Content/EngineMaterials/Substrate/Glints2/dict_0005_0062.uasset" 8376
"/Engine/EngineMaterials/Substrate/Glints2/dict_0005_0072" 8377
"../../../Engine/Content/EngineMaterials/Substrate/Glints2/dict_0005_0064.uasset" 8378
"/Engine/EngineMaterials/Substrate/Glints2/dict_0005_0067" 8379
"/Engine/EngineMaterials/Substrate/Glints2/dict_0005_0068" 8380
"../../../Engine/Content/EngineMaterials/Substrate/Glints2/dict_0005_0066.uasset" 8381
"/Engine/EngineMaterials/Substrate/Glints2/dict_0005_0069" 8382
"/Engine/EngineMaterials/Substrate/Glints2/dict_0005_0070" 8383
"/Engine/EngineMaterials/Substrate/Glints2/dict_0005_0062" 8384
"/Engine/EngineMaterials/Substrate/Glints2/dict_0005_0063" 8385
"/Engine/EngineMaterials/Substrate/Glints2/dict_0005_0064" 8386
"/Engine/EngineMaterials/Substrate/Glints2/dict_0005_0065" 8387
"/Engine/EngineMaterials/Substrate/Glints2/dict_0005_0066" 8388
"../../../Engine/Content/EngineMaterials/Substrate/Glints2/dict_0005_0061.uasset" 8389
"../../../Engine/Content/EngineMaterials/Substrate/Glints2/dict_0005_0058.uasset" 8390
"../../../Engine/Content/EngineMaterials/Substrate/Glints2/dict_0005_0060.uasset" 8391
"../../../Engine/Content/EngineMaterials/Substrate/Glints2/dict_0005_0059.uasset" 8392
"../../../Engine/Content/EngineMaterials/Substrate/Glints2/dict_0005_0057.uasset" 8393
"../../../Engine/Content/EngineMaterials/Substrate/Glints2/dict_0005_0056.uasset" 8394
"/Engine/EngineMaterials/Substrate/Glints2/dict_0005_0056" 8395
"../../../Engine/Content/EngineMaterials/Substrate/Glints2/dict_0005_0052.uasset" 8396
"../../../Engine/Content/EngineMaterials/Substrate/Glints2/dict_0005_0050.uasset" 8397
"../../../Engine/Content/EngineMaterials/Substrate/Glints2/dict_0005_0053.uasset" 8398
"../../../Engine/Content/EngineMaterials/Substrate/Glints2/dict_0005_0055.uasset" 8399
"/Engine/EngineMaterials/Substrate/Glints2/dict_0005_0057" 8400
"/Engine/EngineMaterials/Substrate/Glints2/dict_0005_0058" 8401
"/Engine/EngineMaterials/Substrate/Glints2/dict_0005_0059" 8402
"/Engine/EngineMaterials/Substrate/Glints2/dict_0005_0060" 8403
"/Engine/EngineMaterials/Substrate/Glints2/dict_0005_0061" 8404
"/Engine/EngineMaterials/Substrate/Glints2/dict_0005_0052" 8405
"../../../Engine/Content/EngineMaterials/Substrate/Glints2/dict_0005_0049.uasset" 8406
"../../../Engine/Content/EngineMaterials/Substrate/Glints2/dict_0005_0054.uasset" 8407
"/Engine/EngineMaterials/Substrate/Glints2/dict_0005_0053" 8408
"/Engine/EngineMaterials/Substrate/Glints2/dict_0005_0055" 8409
"/Engine/EngineMaterials/Substrate/Glints2/dict_0005_0050" 8410
"/Engine/EngineMaterials/Substrate/Glints2/dict_0005_0054" 8411
"/Engine/EngineMaterials/Substrate/Glints2/dict_0005_0049" 8412
"../../../Engine/Content/EngineMaterials/Substrate/Glints2/dict_0005_0051.uasset" 8413
"../../../Engine/Content/EngineMaterials/Substrate/Glints2/dict_0005_0047.uasset" 8414
"../../../Engine/Content/EngineMaterials/Substrate/Glints2/dict_0005_0048.uasset" 8415
"../../../Engine/Content/EngineMaterials/Substrate/Glints2/dict_0005_0046.uasset" 8416
"../../../Engine/Content/EngineMaterials/Substrate/Glints2/dict_0005_0045.uasset" 8417
"../../../Engine/Content/EngineMaterials/Substrate/Glints2/dict_0005_0044.uasset" 8418
"/Engine/EngineMaterials/Substrate/Glints2/dict_0005_0051" 8419
"/Engine/EngineMaterials/Substrate/Glints2/dict_0005_0046" 8420
"/Engine/EngineMaterials/Substrate/Glints2/dict_0005_0044" 8421
"../../../Engine/Content/EngineMaterials/Substrate/Glints2/dict_0005_0041.uasset" 8422
"/Engine/EngineMaterials/Substrate/Glints2/dict_0005_0045" 8423
"../../../Engine/Content/EngineMaterials/Substrate/Glints2/dict_0005_0042.uasset" 8424
"../../../Engine/Content/EngineMaterials/Substrate/Glints2/dict_0005_0040.uasset" 8425
"/Engine/EngineMaterials/Substrate/Glints2/dict_0005_0047" 8426
"/Engine/EngineMaterials/Substrate/Glints2/dict_0005_0048" 8427
"/Engine/EngineMaterials/Substrate/Glints2/dict_0005_0041" 8428
"/Engine/EngineMaterials/Substrate/Glints2/dict_0005_0042" 8429
"/Engine/EngineMaterials/Substrate/Glints2/dict_0005_0040" 8430
"../../../Engine/Content/EngineMaterials/Substrate/Glints2/dict_0005_0043.uasset" 8431
"../../../Engine/Content/EngineMaterials/Substrate/Glints2/dict_0005_0035.uasset" 8432
"../../../Engine/Content/EngineMaterials/Substrate/Glints2/dict_0005_0034.uasset" 8433
"../../../Engine/Content/EngineMaterials/Substrate/Glints2/dict_0005_0037.uasset" 8434
"../../../Engine/Content/EngineMaterials/Substrate/Glints2/dict_0005_0036.uasset" 8435
"/Engine/EngineMaterials/Substrate/Glints2/dict_0005_0036" 8436
"/Engine/EngineMaterials/Substrate/Glints2/dict_0005_0037" 8437
"/Engine/EngineMaterials/Substrate/Glints2/dict_0005_0043" 8438
"/Engine/EngineMaterials/Substrate/Glints2/dict_0005_0034" 8439
"/Engine/EngineMaterials/Substrate/Glints2/dict_0005_0035" 8440
"../../../Engine/Content/EngineMaterials/Substrate/Glints2/dict_0005_0030.uasset" 8441
"../../../Engine/Content/EngineMaterials/Substrate/Glints2/dict_0005_0031.uasset" 8442
"../../../Engine/Content/EngineMaterials/Substrate/Glints2/dict_0005_0029.uasset" 8443
"../../../Engine/Content/EngineMaterials/Substrate/Glints2/dict_0005_0033.uasset" 8444
"../../../Engine/Content/EngineMaterials/Substrate/Glints2/dict_0005_0038.uasset" 8445
"../../../Engine/Content/EngineMaterials/Substrate/Glints2/dict_0005_0039.uasset" 8446
"/Engine/EngineMaterials/Substrate/Glints2/dict_0005_0030" 8447
"/Engine/EngineMaterials/Substrate/Glints2/dict_0005_0029" 8448
"/Engine/EngineMaterials/Substrate/Glints2/dict_0005_0031" 8449
"../../../Engine/Content/EngineMaterials/Substrate/Glints2/dict_0005_0027.uasset" 8450
"/Engine/EngineMaterials/Substrate/Glints2/dict_0005_0033" 8451
"/Engine/EngineMaterials/Substrate/Glints2/dict_0005_0038" 8452
"../../../Engine/Content/EngineMaterials/Substrate/Glints2/dict_0005_0028.uasset" 8453
"/Engine/EngineMaterials/Substrate/Glints2/dict_0005_0039" 8454
"/Engine/EngineMaterials/Substrate/Glints2/dict_0005_0027" 8455
"/Engine/EngineMaterials/Substrate/Glints2/dict_0005_0028" 8456
"../../../Engine/Content/EngineMaterials/Substrate/Glints2/dict_0005_0025.uasset" 8457
"../../../Engine/Content/EngineMaterials/Substrate/Glints2/dict_0005_0032.uasset" 8458
"../../../Engine/Content/EngineMaterials/Substrate/Glints2/dict_0005_0026.uasset" 8459
"/Engine/EngineMaterials/Substrate/Glints2/dict_0005_0025" 8460
"../../../Engine/Content/EngineMaterials/Substrate/Glints2/dict_0005_0022.uasset" 8461
"../../../Engine/Content/EngineMaterials/Substrate/Glints2/dict_0005_0020.uasset" 8462
"../../../Engine/Content/EngineMaterials/Substrate/Glints2/dict_0005_0021.uasset" 8463
"../../../Engine/Content/EngineMaterials/Substrate/Glints2/dict_0005_0018.uasset" 8464
"/Engine/EngineMaterials/Substrate/Glints2/dict_0005_0026" 8465
"/Engine/EngineMaterials/Substrate/Glints2/dict_0005_0032" 8466
"/Engine/EngineMaterials/Substrate/Glints2/dict_0005_0020" 8467
"/Engine/EngineMaterials/Substrate/Glints2/dict_0005_0021" 8468
"/Engine/EngineMaterials/Substrate/Glints2/dict_0005_0018" 8469
"../../../Engine/Content/EngineMaterials/Substrate/Glints2/dict_0005_0019.uasset" 8470
"../../../Engine/Content/EngineMaterials/Substrate/Glints2/dict_0005_0017.uasset" 8471
"/Engine/EngineMaterials/Substrate/Glints2/dict_0005_0022" 8472
"../../../Engine/Content/EngineMaterials/Substrate/Glints2/dict_0005_0023.uasset" 8473
"../../../Engine/Content/EngineMaterials/Substrate/Glints2/dict_0005_0016.uasset" 8474
"../../../Engine/Content/EngineMaterials/Substrate/Glints2/dict_0005_0024.uasset" 8475
"/Engine/EngineMaterials/Substrate/Glints2/dict_0005_0017" 8476
"/Engine/EngineMaterials/Substrate/Glints2/dict_0005_0019" 8477
"/Engine/EngineMaterials/Substrate/Glints2/dict_0005_0023" 8478
"/Engine/EngineMaterials/Substrate/Glints2/dict_0005_0024" 8479
"/Engine/EngineMaterials/Substrate/Glints2/dict_0005_0016" 8480
"../../../Engine/Content/EngineMaterials/Substrate/Glints2/dict_0005_0014.uasset" 8481
"../../../Engine/Content/EngineMaterials/Substrate/Glints2/dict_0005_0013.uasset" 8482
"../../../Engine/Content/EngineMaterials/Substrate/Glints2/dict_0005_0012.uasset" 8483
"/Engine/EngineMaterials/Substrate/Glints2/dict_0005_0012" 8484
"../../../Engine/Content/EngineMaterials/Substrate/Glints2/dict_0005_0007.uasset" 8485
"../../../Engine/Content/EngineMaterials/Substrate/Glints2/dict_0005_0006.uasset" 8486
"../../../Engine/Content/EngineMaterials/Substrate/Glints2/dict_0005_0011.uasset" 8487
"../../../Engine/Content/EngineMaterials/Substrate/Glints2/dict_0005_0009.uasset" 8488
"/Engine/EngineMaterials/Substrate/Glints2/dict_0005_0013" 8489
"../../../Engine/Content/EngineMaterials/Substrate/Glints2/dict_0005_0008.uasset" 8490
"/Engine/EngineMaterials/Substrate/Glints2/dict_0005_0014" 8491
"../../../Engine/Content/EngineMaterials/Substrate/Glints2/dict_0005_0010.uasset" 8492
"/Engine/EngineMaterials/Substrate/Glints2/dict_0005_0009" 8493
"/Engine/EngineMaterials/Substrate/Glints2/dict_0005_0006" 8494
"/Engine/EngineMaterials/Substrate/Glints2/dict_0005_0007" 8495
"../../../Engine/Content/EngineMaterials/Substrate/Glints2/dict_0005_0015.uasset" 8496
"/Engine/EngineMaterials/Substrate/Glints2/dict_0005_0008" 8497
"/Engine/EngineMaterials/Substrate/Glints2/dict_0005_0011" 8498
"/Engine/EngineMaterials/Substrate/Glints2/dict_0005_0010" 8499
"../../../Engine/Content/EngineMaterials/Substrate/Glints2/dict_0005_0005.uasset" 8500
"../../../Engine/Content/EngineMaterials/Substrate/Glints2/dict_0005_0004.uasset" 8501
"/Engine/EngineMaterials/Substrate/Glints2/dict_0005_0015" 8502
"/Engine/EngineMaterials/Substrate/Glints2/dict_0005_0004" 8503
"../../../Engine/Content/EngineMaterials/Substrate/Glints2/dict_0005_0002.uasset" 8504
"/Engine/EngineMaterials/Substrate/Glints2/dict_0005_0005" 8505
"/Engine/EngineMaterials/Substrate/Glints2/dict_0005_0002" 8506
"../../../Engine/Content/EngineMaterials/Substrate/Glints2/dict_0005_0003.uasset" 8507
"/Engine/EngineMaterials/Substrate/Glints2/dict_0005_0003" 8508
"../../../Engine/Content/EngineMaterials/Substrate/Glints2/dict_0004_0253.uasset" 8509
"../../../Engine/Content/EngineMaterials/Substrate/Glints2/dict_0004_0254.uasset" 8510
"../../../Engine/Content/EngineMaterials/Substrate/Glints2/dict_0005_0001.uasset" 8511
"../../../Engine/Content/EngineMaterials/Substrate/Glints2/dict_0004_0251.uasset" 8512
"../../../Engine/Content/EngineMaterials/Substrate/Glints2/dict_0004_0252.uasset" 8513
"../../../Engine/Content/EngineMaterials/Substrate/Glints2/dict_0005_0000.uasset" 8514
"/Engine/EngineMaterials/Substrate/Glints2/dict_0004_0254" 8515
"/Engine/EngineMaterials/Substrate/Glints2/dict_0004_0252" 8516
"../../../Engine/Content/EngineMaterials/Substrate/Glints2/dict_0004_0249.uasset" 8517
"../../../Engine/Content/EngineMaterials/Substrate/Glints2/dict_0004_0250.uasset" 8518
"../../../Engine/Content/EngineMaterials/Substrate/Glints2/dict_0004_0247.uasset" 8519
"../../../Engine/Content/EngineMaterials/Substrate/Glints2/dict_0004_0246.uasset" 8520
"../../../Engine/Content/EngineMaterials/Substrate/Glints2/dict_0004_0248.uasset" 8521
"../../../Engine/Content/EngineMaterials/Substrate/Glints2/dict_0004_0255.uasset" 8522
"/Engine/EngineMaterials/Substrate/Glints2/dict_0004_0253" 8523
"/Engine/EngineMaterials/Substrate/Glints2/dict_0004_0251" 8524
"../../../Engine/Content/EngineMaterials/Substrate/Glints2/dict_0004_0245.uasset" 8525
"/Engine/EngineMaterials/Substrate/Glints2/dict_0005_0001" 8526
"/Engine/EngineMaterials/Substrate/Glints2/dict_0004_0245" 8527
"../../../Engine/Content/EngineMaterials/Substrate/Glints2/dict_0004_0244.uasset" 8528
"/Engine/EngineMaterials/Substrate/Glints2/dict_0004_0246" 8529
"/Engine/EngineMaterials/Substrate/Glints2/dict_0004_0247" 8530
"/Engine/EngineMaterials/Substrate/Glints2/dict_0004_0248" 8531
"/Engine/EngineMaterials/Substrate/Glints2/dict_0004_0249" 8532
"/Engine/EngineMaterials/Substrate/Glints2/dict_0004_0250" 8533
"/Engine/EngineMaterials/Substrate/Glints2/dict_0004_0255" 8534
"/Engine/EngineMaterials/Substrate/Glints2/dict_0005_0000" 8535
"/Engine/EngineMaterials/Substrate/Glints2/dict_0004_0244" 8536
"../../../Engine/Content/EngineMaterials/Substrate/Glints2/dict_0004_0243.uasset" 8537
"../../../Engine/Content/EngineMaterials/Substrate/Glints2/dict_0004_0242.uasset" 8538
"../../../Engine/Content/EngineMaterials/Substrate/Glints2/dict_0004_0239.uasset" 8539
"../../../Engine/Content/EngineMaterials/Substrate/Glints2/dict_0004_0238.uasset" 8540
"../../../Engine/Content/EngineMaterials/Substrate/Glints2/dict_0004_0241.uasset" 8541
"/Engine/EngineMaterials/Substrate/Glints2/dict_0004_0238" 8542
"../../../Engine/Content/EngineMaterials/Substrate/Glints2/dict_0004_0236.uasset" 8543
"/Engine/EngineMaterials/Substrate/Glints2/dict_0004_0239" 8544
"../../../Engine/Content/EngineMaterials/Substrate/Glints2/dict_0004_0235.uasset" 8545
"../../../Engine/Content/EngineMaterials/Substrate/Glints2/dict_0004_0240.uasset" 8546
"/Engine/EngineMaterials/Substrate/Glints2/dict_0004_0241" 8547
"../../../Engine/Content/EngineMaterials/Substrate/Glints2/dict_0004_0234.uasset" 8548
"/Engine/EngineMaterials/Substrate/Glints2/dict_0004_0242" 8549
"/Engine/EngineMaterials/Substrate/Glints2/dict_0004_0243" 8550
"/Engine/EngineMaterials/Substrate/Glints2/dict_0004_0240" 8551
"/Engine/EngineMaterials/Substrate/Glints2/dict_0004_0234" 8552
"/Engine/EngineMaterials/Substrate/Glints2/dict_0004_0235" 8553
"/Engine/EngineMaterials/Substrate/Glints2/dict_0004_0236" 8554
"../../../Engine/Content/EngineMaterials/Substrate/Glints2/dict_0004_0232.uasset" 8555
"/Engine/EngineMaterials/Substrate/Glints2/dict_0004_0232" 8556
"../../../Engine/Content/EngineMaterials/Substrate/Glints2/dict_0004_0237.uasset" 8557
"../../../Engine/Content/EngineMaterials/Substrate/Glints2/dict_0004_0230.uasset" 8558
"../../../Engine/Content/EngineMaterials/Substrate/Glints2/dict_0004_0233.uasset" 8559
"../../../Engine/Content/EngineMaterials/Substrate/Glints2/dict_0004_0231.uasset" 8560
"/Engine/EngineMaterials/Substrate/Glints2/dict_0004_0237" 8561
"../../../Engine/Content/EngineMaterials/Substrate/Glints2/dict_0004_0228.uasset" 8562
"../../../Engine/Content/EngineMaterials/Substrate/Glints2/dict_0004_0226.uasset" 8563
"../../../Engine/Content/EngineMaterials/Substrate/Glints2/dict_0004_0227.uasset" 8564
"../../../Engine/Content/EngineMaterials/Substrate/Glints2/dict_0004_0229.uasset" 8565
"/Engine/EngineMaterials/Substrate/Glints2/dict_0004_0230" 8566
"/Engine/EngineMaterials/Substrate/Glints2/dict_0004_0233" 8567
"/Engine/EngineMaterials/Substrate/Glints2/dict_0004_0231" 8568
"/Engine/EngineMaterials/Substrate/Glints2/dict_0004_0228" 8569
"/Engine/EngineMaterials/Substrate/Glints2/dict_0004_0229" 8570
"/Engine/EngineMaterials/Substrate/Glints2/dict_0004_0227" 8571
"/Engine/EngineMaterials/Substrate/Glints2/dict_0004_0226" 8572
"../../../Engine/Content/EngineMaterials/Substrate/Glints2/dict_0004_0224.uasset" 8573
"../../../Engine/Content/EngineMaterials/Substrate/Glints2/dict_0004_0223.uasset" 8574
"../../../Engine/Content/EngineMaterials/Substrate/Glints2/dict_0004_0225.uasset" 8575
"../../../Engine/Content/EngineMaterials/Substrate/Glints2/dict_0004_0221.uasset" 8576
"../../../Engine/Content/EngineMaterials/Substrate/Glints2/dict_0004_0220.uasset" 8577
"/Engine/EngineMaterials/Substrate/Glints2/dict_0004_0221" 8578
"../../../Engine/Content/EngineMaterials/Substrate/Glints2/dict_0004_0218.uasset" 8579
"../../../Engine/Content/EngineMaterials/Substrate/Glints2/dict_0004_0217.uasset" 8580
"../../../Engine/Content/EngineMaterials/Substrate/Glints2/dict_0004_0219.uasset" 8581
"/Engine/EngineMaterials/Substrate/Glints2/dict_0004_0223" 8582
"../../../Engine/Content/EngineMaterials/Substrate/Glints2/dict_0004_0214.uasset" 8583
"/Engine/EngineMaterials/Substrate/Glints2/dict_0004_0220" 8584
"../../../Engine/Content/EngineMaterials/Substrate/Glints2/dict_0004_0215.uasset" 8585
"/Engine/EngineMaterials/Substrate/Glints2/dict_0004_0224" 8586
"../../../Engine/Content/EngineMaterials/Substrate/Glints2/dict_0004_0213.uasset" 8587
"/Engine/EngineMaterials/Substrate/Glints2/dict_0004_0225" 8588
"/Engine/EngineMaterials/Substrate/Glints2/dict_0004_0213" 8589
"/Engine/EngineMaterials/Substrate/Glints2/dict_0004_0214" 8590
"/Engine/EngineMaterials/Substrate/Glints2/dict_0004_0215" 8591
"/Engine/EngineMaterials/Substrate/Glints2/dict_0004_0217" 8592
"../../../Engine/Content/EngineMaterials/Substrate/Glints2/dict_0004_0211.uasset" 8593
"../../../Engine/Content/EngineMaterials/Substrate/Glints2/dict_0004_0222.uasset" 8594
"/Engine/EngineMaterials/Substrate/Glints2/dict_0004_0218" 8595
"../../../Engine/Content/EngineMaterials/Substrate/Glints2/dict_0004_0216.uasset" 8596
"../../../Engine/Content/EngineMaterials/Substrate/Glints2/dict_0004_0210.uasset" 8597
"/Engine/EngineMaterials/Substrate/Glints2/dict_0004_0219" 8598
"/Engine/EngineMaterials/Substrate/Glints2/dict_0004_0216" 8599
"/Engine/EngineMaterials/Substrate/Glints2/dict_0004_0222" 8600
"/Engine/EngineMaterials/Substrate/Glints2/dict_0004_0210" 8601
"/Engine/EngineMaterials/Substrate/Glints2/dict_0004_0211" 8602
"../../../Engine/Content/EngineMaterials/Substrate/Glints2/dict_0004_0209.uasset" 8603
"../../../Engine/Content/EngineMaterials/Substrate/Glints2/dict_0004_0212.uasset" 8604
"../../../Engine/Content/EngineMaterials/Substrate/Glints2/dict_0004_0208.uasset" 8605
"../../../Engine/Content/EngineMaterials/Substrate/Glints2/dict_0004_0207.uasset" 8606
"../../../Engine/Content/EngineMaterials/Substrate/Glints2/dict_0004_0203.uasset" 8607
"/Engine/EngineMaterials/Substrate/Glints2/dict_0004_0203" 8608
"../../../Engine/Content/EngineMaterials/Substrate/Glints2/dict_0004_0206.uasset" 8609
"/Engine/EngineMaterials/Substrate/Glints2/dict_0004_0207" 8610
"../../../Engine/Content/EngineMaterials/Substrate/Glints2/dict_0004_0202.uasset" 8611
"../../../Engine/Content/EngineMaterials/Substrate/Glints2/dict_0004_0201.uasset" 8612
"/Engine/EngineMaterials/Substrate/Glints2/dict_0004_0208" 8613
"/Engine/EngineMaterials/Substrate/Glints2/dict_0004_0209" 8614
"/Engine/EngineMaterials/Substrate/Glints2/dict_0004_0212" 8615
"/Engine/EngineMaterials/Substrate/Glints2/dict_0004_0202" 8616
"/Engine/EngineMaterials/Substrate/Glints2/dict_0004_0201" 8617
"/Engine/EngineMaterials/Substrate/Glints2/dict_0004_0206" 8618
"../../../Engine/Content/EngineMaterials/Substrate/Glints2/dict_0004_0204.uasset" 8619
"../../../Engine/Content/EngineMaterials/Substrate/Glints2/dict_0004_0205.uasset" 8620
"../../../Engine/Content/EngineMaterials/Substrate/Glints2/dict_0004_0200.uasset" 8621
"../../../Engine/Content/EngineMaterials/Substrate/Glints2/dict_0004_0199.uasset" 8622
"../../../Engine/Content/EngineMaterials/Substrate/Glints2/dict_0004_0198.uasset" 8623
"../../../Engine/Content/EngineMaterials/Substrate/Glints2/dict_0004_0196.uasset" 8624
"../../../Engine/Content/EngineMaterials/Substrate/Glints2/dict_0004_0197.uasset" 8625
"../../../Engine/Content/EngineMaterials/Substrate/Glints2/dict_0004_0195.uasset" 8626
"/Engine/EngineMaterials/Substrate/Glints2/dict_0004_0198" 8627
"/Engine/EngineMaterials/Substrate/Glints2/dict_0004_0195" 8628
"../../../Engine/Content/EngineMaterials/Substrate/Glints2/dict_0004_0189.uasset" 8629
"../../../Engine/Content/EngineMaterials/Substrate/Glints2/dict_0004_0188.uasset" 8630
"../../../Engine/Content/EngineMaterials/Substrate/Glints2/dict_0004_0191.uasset" 8631
"../../../Engine/Content/EngineMaterials/Substrate/Glints2/dict_0004_0193.uasset" 8632
"../../../Engine/Content/EngineMaterials/Substrate/Glints2/dict_0004_0194.uasset" 8633
"../../../Engine/Content/EngineMaterials/Substrate/Glints2/dict_0004_0190.uasset" 8634
"../../../Engine/Content/EngineMaterials/Substrate/Glints2/dict_0004_0187.uasset" 8635
"/Engine/EngineMaterials/Substrate/Glints2/dict_0004_0199" 8636
"/Engine/EngineMaterials/Substrate/Glints2/dict_0004_0200" 8637
"/Engine/EngineMaterials/Substrate/Glints2/dict_0004_0204" 8638
"../../../Engine/Content/EngineMaterials/Substrate/Glints2/dict_0004_0183.uasset" 8639
"../../../Engine/Content/EngineMaterials/Substrate/Glints2/dict_0004_0186.uasset" 8640
"../../../Engine/Content/EngineMaterials/Substrate/Glints2/dict_0004_0184.uasset" 8641
"../../../Engine/Content/EngineMaterials/Substrate/Glints2/dict_0004_0182.uasset" 8642
"../../../Engine/Content/EngineMaterials/Substrate/Glints2/dict_0004_0185.uasset" 8643
"../../../Engine/Content/EngineMaterials/Substrate/Glints2/dict_0004_0192.uasset" 8644
"/Engine/EngineMaterials/Substrate/Glints2/dict_0004_0205" 8645
"/Engine/EngineMaterials/Substrate/Glints2/dict_0004_0196" 8646
"../../../Engine/Content/EngineMaterials/Substrate/Glints2/dict_0004_0181.uasset" 8647
"/Engine/EngineMaterials/Substrate/Glints2/dict_0004_0197" 8648
"../../../Engine/Content/EngineMaterials/Substrate/Glints2/dict_0004_0180.uasset" 8649
"/Engine/EngineMaterials/Substrate/Glints2/dict_0004_0183" 8650
"/Engine/EngineMaterials/Substrate/Glints2/dict_0004_0184" 8651
"/Engine/EngineMaterials/Substrate/Glints2/dict_0004_0185" 8652
"../../../Engine/Content/EngineMaterials/Substrate/Glints2/dict_0004_0179.uasset" 8653
"/Engine/EngineMaterials/Substrate/Glints2/dict_0004_0189" 8654
"/Engine/EngineMaterials/Substrate/Glints2/dict_0004_0194" 8655
"/Engine/EngineMaterials/Substrate/Glints2/dict_0004_0186" 8656
"/Engine/EngineMaterials/Substrate/Glints2/dict_0004_0187" 8657
"/Engine/EngineMaterials/Substrate/Glints2/dict_0004_0190" 8658
"/Engine/EngineMaterials/Substrate/Glints2/dict_0004_0188" 8659
"/Engine/EngineMaterials/Substrate/Glints2/dict_0004_0191" 8660
"/Engine/EngineMaterials/Substrate/Glints2/dict_0004_0192" 8661
"/Engine/EngineMaterials/Substrate/Glints2/dict_0004_0193" 8662
"/Engine/EngineMaterials/Substrate/Glints2/dict_0004_0182" 8663
"/Engine/EngineMaterials/Substrate/Glints2/dict_0004_0179" 8664
"/Engine/EngineMaterials/Substrate/Glints2/dict_0004_0180" 8665
"/Engine/EngineMaterials/Substrate/Glints2/dict_0004_0181" 8666
"../../../Engine/Content/EngineMaterials/Substrate/Glints2/dict_0004_0178.uasset" 8667
"../../../Engine/Content/EngineMaterials/Substrate/Glints2/dict_0004_0177.uasset" 8668
"../../../Engine/Content/EngineMaterials/Substrate/Glints2/dict_0004_0173.uasset" 8669
"../../../Engine/Content/EngineMaterials/Substrate/Glints2/dict_0004_0174.uasset" 8670
"../../../Engine/Content/EngineMaterials/Substrate/Glints2/dict_0004_0171.uasset" 8671
"../../../Engine/Content/EngineMaterials/Substrate/Glints2/dict_0004_0176.uasset" 8672
"../../../Engine/Content/EngineMaterials/Substrate/Glints2/dict_0004_0172.uasset" 8673
"../../../Engine/Content/EngineMaterials/Substrate/Glints2/dict_0004_0175.uasset" 8674
"../../../Engine/Content/EngineMaterials/Substrate/Glints2/dict_0004_0167.uasset" 8675
"../../../Engine/Content/EngineMaterials/Substrate/Glints2/dict_0004_0170.uasset" 8676
"../../../Engine/Content/EngineMaterials/Substrate/Glints2/dict_0004_0169.uasset" 8677
"../../../Engine/Content/EngineMaterials/Substrate/Glints2/dict_0004_0166.uasset" 8678
"../../../Engine/Content/EngineMaterials/Substrate/Glints2/dict_0004_0164.uasset" 8679
"../../../Engine/Content/EngineMaterials/Substrate/Glints2/dict_0004_0163.uasset" 8680
"../../../Engine/Content/EngineMaterials/Substrate/Glints2/dict_0004_0160.uasset" 8681
"../../../Engine/Content/EngineMaterials/Substrate/Glints2/dict_0004_0162.uasset" 8682
"../../../Engine/Content/EngineMaterials/Substrate/Glints2/dict_0004_0159.uasset" 8683
"../../../Engine/Content/EngineMaterials/Substrate/Glints2/dict_0004_0161.uasset" 8684
"../../../Engine/Content/EngineMaterials/Substrate/Glints2/dict_0004_0158.uasset" 8685
"../../../Engine/Content/EngineMaterials/Substrate/Glints2/dict_0004_0157.uasset" 8686
"../../../Engine/Content/EngineMaterials/Substrate/Glints2/dict_0004_0165.uasset" 8687
"../../../Engine/Content/EngineMaterials/Substrate/Glints2/dict_0004_0154.uasset" 8688
"../../../Engine/Content/EngineMaterials/Substrate/Glints2/dict_0004_0152.uasset" 8689
"../../../Engine/Content/EngineMaterials/Substrate/Glints2/dict_0004_0150.uasset" 8690
"../../../Engine/Content/EngineMaterials/Substrate/Glints2/dict_0004_0156.uasset" 8691
"../../../Engine/Content/EngineMaterials/Substrate/Glints2/dict_0004_0155.uasset" 8692
"../../../Engine/Content/EngineMaterials/Substrate/Glints2/dict_0004_0168.uasset" 8693
"../../../Engine/Content/EngineMaterials/Substrate/Glints2/dict_0004_0153.uasset" 8694
"../../../Engine/Content/EngineMaterials/Substrate/Glints2/dict_0004_0149.uasset" 8695
"../../../Engine/Content/EngineMaterials/Substrate/Glints2/dict_0004_0151.uasset" 8696
"../../../Engine/Content/EngineMaterials/Substrate/Glints2/dict_0004_0148.uasset" 8697
"../../../Engine/Content/EngineMaterials/Substrate/Glints2/dict_0004_0147.uasset" 8698
"C:/Users/alsha/AppData/Local/Temp/UnrealShaderWorkingDir/D55BCE64402C21B7A0B5D38687952F5D/3/WorkerOutputOnly.out" 8699
"C:/Users/alsha/AppData/Local/Temp/UnrealShaderWorkingDir/D55BCE64402C21B7A0B5D38687952F5D/0/WorkerOutputOnly.out" 8700
"C:/Users/alsha/AppData/Local/Temp/UnrealShaderWorkingDir/D55BCE64402C21B7A0B5D38687952F5D/2/WorkerOutputOnly.out" 8701
"C:/Users/alsha/AppData/Local/Temp/UnrealShaderWorkingDir/D55BCE64402C21B7A0B5D38687952F5D/1/WorkerOutputOnly.out" 8702
"C:/Users/alsha/AppData/Local/Temp/UnrealShaderWorkingDir/D55BCE64402C21B7A0B5D38687952F5D/6/WorkerOutputOnly.out" 8703
"C:/Users/alsha/AppData/Local/Temp/UnrealShaderWorkingDir/D55BCE64402C21B7A0B5D38687952F5D/5/WorkerOutputOnly.out" 8704
"C:/Users/alsha/AppData/Local/Temp/UnrealShaderWorkingDir/D55BCE64402C21B7A0B5D38687952F5D/4/WorkerOutputOnly.out" 8705
"C:/Users/alsha/OneDrive/Documents/GitHub/Verdant_Ash/DerivedDataCache/VT/TEXTURE_7C16439390E24F1F9468894FB4D4BC55_VTCHUNKD2DAB16BFF152507817E734DBB935160EA97A322" 8706
"C:/Users/alsha/OneDrive/Documents/GitHub/Verdant_Ash/DerivedDataCache/VT/TEXTURE_7C16439390E24F1F9468894FB4D4BC55_VTCHUNK38740DBD4108040D6985AA56705D97D46F27920C" 8707
"C:/Users/alsha/OneDrive/Documents/GitHub/Verdant_Ash/DerivedDataCache/VT/TEXTURE_7C16439390E24F1F9468894FB4D4BC55_VTCHUNK84C05FFC339C0CEFE446DED1628C0AFB5362331E" 8708
"C:/Users/alsha/OneDrive/Documents/GitHub/Verdant_Ash/DerivedDataCache/VT/TEXTURE_7C16439390E24F1F9468894FB4D4BC55_VTCHUNKC0393DE8C5B4673D99D1BECB92AA8C1F72FEB491" 8709
"C:/Users/alsha/OneDrive/Documents/GitHub/Verdant_Ash/DerivedDataCache/VT/TEXTURE_7C16439390E24F1F9468894FB4D4BC55_VTCHUNK02D4C3BCAD7DFA48AB32B8281FB06B8B83DB6275" 8710
"/Engine/EngineMaterials/Substrate/Glints2/dict_0004_0163" 8711
"/Engine/EngineMaterials/Substrate/Glints2/dict_0004_0150" 8712
"/Engine/EngineMaterials/Substrate/Glints2/dict_0004_0151" 8713
"/Engine/EngineMaterials/Substrate/Glints2/dict_0004_0152" 8714
"/Engine/EngineMaterials/Substrate/Glints2/dict_0004_0153" 8715
"/Engine/EngineMaterials/Substrate/Glints2/dict_0004_0147" 8716
"/Engine/EngineMaterials/Substrate/Glints2/dict_0004_0174" 8717
"/Engine/EngineMaterials/Substrate/Glints2/dict_0004_0154" 8718
"/Engine/EngineMaterials/Substrate/Glints2/dict_0004_0164" 8719
"/Engine/EngineMaterials/Substrate/Glints2/dict_0004_0155" 8720
"/Engine/EngineMaterials/Substrate/Glints2/dict_0004_0156" 8721
"/Engine/EngineMaterials/Substrate/Glints2/dict_0004_0148" 8722
"/Engine/EngineMaterials/Substrate/Glints2/dict_0004_0171" 8723
"/Engine/EngineMaterials/Substrate/Glints2/dict_0004_0157" 8724
"/Engine/EngineMaterials/Substrate/Glints2/dict_0004_0158" 8725
"/Engine/EngineMaterials/Substrate/Glints2/dict_0004_0165" 8726
"/Engine/EngineMaterials/Substrate/Glints2/dict_0004_0159" 8727
"/Engine/EngineMaterials/Substrate/Glints2/dict_0004_0160" 8728
"/Engine/EngineMaterials/Substrate/Glints2/dict_0004_0166" 8729
"/Engine/EngineMaterials/Substrate/Glints2/dict_0004_0161" 8730
"/Engine/EngineMaterials/Substrate/Glints2/dict_0004_0175" 8731
"/Engine/EngineMaterials/Substrate/Glints2/dict_0004_0176" 8732
"/Engine/EngineMaterials/Substrate/Glints2/dict_0004_0167" 8733
"/Engine/EngineMaterials/Substrate/Glints2/dict_0004_0168" 8734
"/Engine/EngineMaterials/Substrate/Glints2/dict_0004_0169" 8735
"/Engine/EngineMaterials/Substrate/Glints2/dict_0004_0172" 8736
"/Engine/EngineMaterials/Substrate/Glints2/dict_0004_0170" 8737
"/Engine/EngineMaterials/Substrate/Glints2/dict_0004_0173" 8738
"/Engine/EngineMaterials/Substrate/Glints2/dict_0004_0177" 8739
"/Engine/EngineMaterials/Substrate/Glints2/dict_0004_0149" 8740
"/Engine/EngineMaterials/Substrate/Glints2/dict_0004_0162" 8741
"/Engine/EngineMaterials/Substrate/Glints2/dict_0004_0178" 8742
"../../../Engine/Content/EngineMaterials/Substrate/Glints2/dict_0004_0145.uasset" 8743
"../../../Engine/Content/EngineMaterials/Substrate/Glints2/dict_0004_0146.uasset" 8744
"../../../Engine/Content/EngineMaterials/Substrate/Glints2/dict_0004_0144.uasset" 8745
"/Engine/EngineMaterials/Substrate/Glints2/dict_0004_0144" 8746
"/Engine/EngineMaterials/Substrate/Glints2/dict_0004_0145" 8747
"/Engine/EngineMaterials/Substrate/Glints2/dict_0004_0146" 8748
"../../../Engine/Content/EngineMaterials/Substrate/Glints2/dict_0004_0143.uasset" 8749
"../../../Engine/Content/EngineMaterials/Substrate/Glints2/dict_0004_0141.uasset" 8750
"../../../Engine/Content/EngineMaterials/Substrate/Glints2/dict_0004_0140.uasset" 8751
"../../../Engine/Content/EngineMaterials/Substrate/Glints2/dict_0004_0142.uasset" 8752
"../../../Engine/Content/EngineMaterials/Substrate/Glints2/dict_0004_0138.uasset" 8753
"../../../Engine/Content/EngineMaterials/Substrate/Glints2/dict_0004_0139.uasset" 8754
"/Engine/EngineMaterials/Substrate/Glints2/dict_0004_0138" 8755
"../../../Engine/Content/EngineMaterials/Substrate/Glints2/dict_0004_0137.uasset" 8756
"../../../Engine/Content/EngineMaterials/Substrate/Glints2/dict_0004_0136.uasset" 8757
"/Engine/EngineMaterials/Substrate/Glints2/dict_0004_0139" 8758
"../../../Engine/Content/EngineMaterials/Substrate/Glints2/dict_0004_0135.uasset" 8759
"/Engine/EngineMaterials/Substrate/Glints2/dict_0004_0140" 8760
"../../../Engine/Content/EngineMaterials/Substrate/Glints2/dict_0004_0134.uasset" 8761
"/Engine/EngineMaterials/Substrate/Glints2/dict_0004_0141" 8762
"/Engine/EngineMaterials/Substrate/Glints2/dict_0004_0142" 8763
"/Engine/EngineMaterials/Substrate/Glints2/dict_0004_0143" 8764
"../../../Engine/Content/EngineMaterials/Substrate/Glints2/dict_0004_0133.uasset" 8765
"/Engine/EngineMaterials/Substrate/Glints2/dict_0004_0133" 8766
"/Engine/EngineMaterials/Substrate/Glints2/dict_0004_0134" 8767
"/Engine/EngineMaterials/Substrate/Glints2/dict_0004_0135" 8768
"/Engine/EngineMaterials/Substrate/Glints2/dict_0004_0136" 8769
"/Engine/EngineMaterials/Substrate/Glints2/dict_0004_0137" 8770
"../../../Engine/Content/EngineMaterials/Substrate/Glints2/dict_0004_0132.uasset" 8771
"../../../Engine/Content/EngineMaterials/Substrate/Glints2/dict_0004_0131.uasset" 8772
"../../../Engine/Content/EngineMaterials/Substrate/Glints2/dict_0004_0129.uasset" 8773
"../../../Engine/Content/EngineMaterials/Substrate/Glints2/dict_0004_0130.uasset" 8774
"../../../Engine/Content/EngineMaterials/Substrate/Glints2/dict_0004_0127.uasset" 8775
"../../../Engine/Content/EngineMaterials/Substrate/Glints2/dict_0004_0125.uasset" 8776
"../../../Engine/Content/EngineMaterials/Substrate/Glints2/dict_0004_0128.uasset" 8777
"../../../Engine/Content/EngineMaterials/Substrate/Glints2/dict_0004_0126.uasset" 8778
"../../../Engine/Content/EngineMaterials/Substrate/Glints2/dict_0004_0124.uasset" 8779
"../../../Engine/Content/EngineMaterials/Substrate/Glints2/dict_0004_0123.uasset" 8780
"../../../Engine/Content/EngineMaterials/Substrate/Glints2/dict_0004_0121.uasset" 8781
"../../../Engine/Content/EngineMaterials/Substrate/Glints2/dict_0004_0119.uasset" 8782
"../../../Engine/Content/EngineMaterials/Substrate/Glints2/dict_0004_0122.uasset" 8783
"../../../Engine/Content/EngineMaterials/Substrate/Glints2/dict_0004_0120.uasset" 8784
"../../../Engine/Content/EngineMaterials/Substrate/Glints2/dict_0004_0118.uasset" 8785
"../../../Engine/Content/EngineMaterials/Substrate/Glints2/dict_0004_0114.uasset" 8786
"/Engine/EngineMaterials/Substrate/Glints2/dict_0004_0118" 8787
"/Engine/EngineMaterials/Substrate/Glints2/dict_0004_0119" 8788
"/Engine/EngineMaterials/Substrate/Glints2/dict_0004_0120" 8789
"/Engine/EngineMaterials/Substrate/Glints2/dict_0004_0121" 8790
"/Engine/EngineMaterials/Substrate/Glints2/dict_0004_0122" 8791
"/Engine/EngineMaterials/Substrate/Glints2/dict_0004_0123" 8792
"/Engine/EngineMaterials/Substrate/Glints2/dict_0004_0124" 8793
"../../../Engine/Content/EngineMaterials/Substrate/Glints2/dict_0004_0117.uasset" 8794
"/Engine/EngineMaterials/Substrate/Glints2/dict_0004_0125" 8795
"/Engine/EngineMaterials/Substrate/Glints2/dict_0004_0126" 8796
"/Engine/EngineMaterials/Substrate/Glints2/dict_0004_0127" 8797
"/Engine/EngineMaterials/Substrate/Glints2/dict_0004_0128" 8798
"/Engine/EngineMaterials/Substrate/Glints2/dict_0004_0129" 8799
"/Engine/EngineMaterials/Substrate/Glints2/dict_0004_0130" 8800
"../../../Engine/Content/EngineMaterials/Substrate/Glints2/dict_0004_0112.uasset" 8801
"../../../Engine/Content/EngineMaterials/Substrate/Glints2/dict_0004_0113.uasset" 8802
"/Engine/EngineMaterials/Substrate/Glints2/dict_0004_0131" 8803
"../../../Engine/Content/EngineMaterials/Substrate/Glints2/dict_0004_0115.uasset" 8804
"/Engine/EngineMaterials/Substrate/Glints2/dict_0004_0132" 8805
"/Engine/EngineMaterials/Substrate/Glints2/dict_0004_0115" 8806
"/Engine/EngineMaterials/Substrate/Glints2/dict_0004_0117" 8807
"/Engine/EngineMaterials/Substrate/Glints2/dict_0004_0112" 8808
"/Engine/EngineMaterials/Substrate/Glints2/dict_0004_0113" 8809
"../../../Engine/Content/EngineMaterials/Substrate/Glints2/dict_0004_0107.uasset" 8810
"../../../Engine/Content/EngineMaterials/Substrate/Glints2/dict_0004_0116.uasset" 8811
"/Engine/EngineMaterials/Substrate/Glints2/dict_0004_0114" 8812
"/Engine/EngineMaterials/Substrate/Glints2/dict_0004_0116" 8813
"../../../Engine/Content/EngineMaterials/Substrate/Glints2/dict_0004_0110.uasset" 8814
"../../../Engine/Content/EngineMaterials/Substrate/Glints2/dict_0004_0109.uasset" 8815
"/Engine/EngineMaterials/Substrate/Glints2/dict_0004_0107" 8816
"/Engine/EngineMaterials/Substrate/Glints2/dict_0004_0109" 8817
"../../../Engine/Content/EngineMaterials/Substrate/Glints2/dict_0004_0111.uasset" 8818
"/Engine/EngineMaterials/Substrate/Glints2/dict_0004_0110" 8819
"/Engine/EngineMaterials/Substrate/Glints2/dict_0004_0111" 8820
"../../../Engine/Content/EngineMaterials/Substrate/Glints2/dict_0004_0105.uasset" 8821
"../../../Engine/Content/EngineMaterials/Substrate/Glints2/dict_0004_0104.uasset" 8822
"../../../Engine/Content/EngineMaterials/Substrate/Glints2/dict_0004_0106.uasset" 8823
"../../../Engine/Content/EngineMaterials/Substrate/Glints2/dict_0004_0103.uasset" 8824
"../../../Engine/Content/EngineMaterials/Substrate/Glints2/dict_0004_0108.uasset" 8825
"../../../Engine/Content/EngineMaterials/Substrate/Glints2/dict_0004_0101.uasset" 8826
"../../../Engine/Content/EngineMaterials/Substrate/Glints2/dict_0004_0099.uasset" 8827
"../../../Engine/Content/EngineMaterials/Substrate/Glints2/dict_0004_0102.uasset" 8828
"../../../Engine/Content/EngineMaterials/Substrate/Glints2/dict_0004_0098.uasset" 8829
"../../../Engine/Content/EngineMaterials/Substrate/Glints2/dict_0004_0097.uasset" 8830
"/Engine/EngineMaterials/Substrate/Glints2/dict_0004_0097" 8831
"/Engine/EngineMaterials/Substrate/Glints2/dict_0004_0098" 8832
"/Engine/EngineMaterials/Substrate/Glints2/dict_0004_0099" 8833
"/Engine/EngineMaterials/Substrate/Glints2/dict_0004_0101" 8834
"/Engine/EngineMaterials/Substrate/Glints2/dict_0004_0102" 8835
"/Engine/EngineMaterials/Substrate/Glints2/dict_0004_0103" 8836
"../../../Engine/Content/EngineMaterials/Substrate/Glints2/dict_0004_0094.uasset" 8837
"../../../Engine/Content/EngineMaterials/Substrate/Glints2/dict_0004_0100.uasset" 8838
"../../../Engine/Content/EngineMaterials/Substrate/Glints2/dict_0004_0096.uasset" 8839
"../../../Engine/Content/EngineMaterials/Substrate/Glints2/dict_0004_0092.uasset" 8840
"/Engine/EngineMaterials/Substrate/Glints2/dict_0004_0104" 8841
"../../../Engine/Content/EngineMaterials/Substrate/Glints2/dict_0004_0095.uasset" 8842
"../../../Engine/Content/EngineMaterials/Substrate/Glints2/dict_0004_0093.uasset" 8843
"/Engine/EngineMaterials/Substrate/Glints2/dict_0004_0105" 8844
"/Engine/EngineMaterials/Substrate/Glints2/dict_0004_0106" 8845
"../../../Engine/Content/EngineMaterials/Substrate/Glints2/dict_0004_0089.uasset" 8846
"../../../Engine/Content/EngineMaterials/Substrate/Glints2/dict_0004_0090.uasset" 8847
"/Engine/EngineMaterials/Substrate/Glints2/dict_0004_0108" 8848
"../../../Engine/Content/EngineMaterials/Substrate/Glints2/dict_0004_0088.uasset" 8849
"/Engine/EngineMaterials/Substrate/Glints2/dict_0004_0088" 8850
"/Engine/EngineMaterials/Substrate/Glints2/dict_0004_0089" 8851
"../../../Engine/Content/EngineMaterials/Substrate/Glints2/dict_0004_0087.uasset" 8852
"/Engine/EngineMaterials/Substrate/Glints2/dict_0004_0090" 8853
"/Engine/EngineMaterials/Substrate/Glints2/dict_0004_0092" 8854
"/Engine/EngineMaterials/Substrate/Glints2/dict_0004_0093" 8855
"/Engine/EngineMaterials/Substrate/Glints2/dict_0004_0094" 8856
"../../../Engine/Content/EngineMaterials/Substrate/Glints2/dict_0004_0086.uasset" 8857
"/Engine/EngineMaterials/Substrate/Glints2/dict_0004_0095" 8858
"/Engine/EngineMaterials/Substrate/Glints2/dict_0004_0096" 8859
"/Engine/EngineMaterials/Substrate/Glints2/dict_0004_0100" 8860
"/Engine/EngineMaterials/Substrate/Glints2/dict_0004_0086" 8861
"/Engine/EngineMaterials/Substrate/Glints2/dict_0004_0087" 8862
"../../../Engine/Content/EngineMaterials/Substrate/Glints2/dict_0004_0091.uasset" 8863
"../../../Engine/Content/EngineMaterials/Substrate/Glints2/dict_0004_0077.uasset" 8864
"../../../Engine/Content/EngineMaterials/Substrate/Glints2/dict_0004_0084.uasset" 8865
"../../../Engine/Content/EngineMaterials/Substrate/Glints2/dict_0004_0080.uasset" 8866
"../../../Engine/Content/EngineMaterials/Substrate/Glints2/dict_0004_0079.uasset" 8867
"../../../Engine/Content/EngineMaterials/Substrate/Glints2/dict_0004_0081.uasset" 8868
"../../../Engine/Content/EngineMaterials/Substrate/Glints2/dict_0004_0083.uasset" 8869
"../../../Engine/Content/EngineMaterials/Substrate/Glints2/dict_0004_0085.uasset" 8870
"../../../Engine/Content/EngineMaterials/Substrate/Glints2/dict_0004_0082.uasset" 8871
"../../../Engine/Content/EngineMaterials/Substrate/Glints2/dict_0004_0076.uasset" 8872
"../../../Engine/Content/EngineMaterials/Substrate/Glints2/dict_0004_0078.uasset" 8873
"../../../Engine/Content/EngineMaterials/Substrate/Glints2/dict_0004_0075.uasset" 8874
"/Engine/EngineMaterials/Substrate/Glints2/dict_0004_0081" 8875
"../../../Engine/Content/EngineMaterials/Substrate/Glints2/dict_0004_0073.uasset" 8876
"../../../Engine/Content/EngineMaterials/Substrate/Glints2/dict_0004_0069.uasset" 8877
"../../../Engine/Content/EngineMaterials/Substrate/Glints2/dict_0004_0065.uasset" 8878
"../../../Engine/Content/EngineMaterials/Substrate/Glints2/dict_0004_0067.uasset" 8879
"/Engine/EngineMaterials/Substrate/Glints2/dict_0004_0079" 8880
"../../../Engine/Content/EngineMaterials/Substrate/Glints2/dict_0004_0066.uasset" 8881
"../../../Engine/Content/EngineMaterials/Substrate/Glints2/dict_0004_0068.uasset" 8882
"../../../Engine/Content/EngineMaterials/Substrate/Glints2/dict_0004_0070.uasset" 8883
"/Engine/EngineMaterials/Substrate/Glints2/dict_0004_0082" 8884
"/Engine/EngineMaterials/Substrate/Glints2/dict_0004_0091" 8885
"../../../Engine/Content/EngineMaterials/Substrate/Glints2/dict_0004_0072.uasset" 8886
"/Engine/EngineMaterials/Substrate/Glints2/dict_0004_0080" 8887
"/Engine/EngineMaterials/Substrate/Glints2/dict_0004_0077" 8888
"../../../Engine/Content/EngineMaterials/Substrate/Glints2/dict_0004_0071.uasset" 8889
"/Engine/EngineMaterials/Substrate/Glints2/dict_0004_0078" 8890
"/Engine/EngineMaterials/Substrate/Glints2/dict_0004_0076" 8891
"/Engine/EngineMaterials/Substrate/Glints2/dict_0004_0083" 8892
"/Engine/EngineMaterials/Substrate/Glints2/dict_0004_0084" 8893
"../../../Engine/Content/EngineMaterials/Substrate/Glints2/dict_0004_0063.uasset" 8894
"/Engine/EngineMaterials/Substrate/Glints2/dict_0004_0085" 8895
"../../../Engine/Content/EngineMaterials/Substrate/Glints2/dict_0004_0064.uasset" 8896
"/Engine/EngineMaterials/Substrate/Glints2/dict_0004_0063" 8897
"/Engine/EngineMaterials/Substrate/Glints2/dict_0004_0066" 8898
"../../../Engine/Content/EngineMaterials/Substrate/Glints2/dict_0004_0074.uasset" 8899
"../../../Engine/Content/EngineMaterials/Substrate/Glints2/dict_0004_0056.uasset" 8900
"../../../Engine/Content/EngineMaterials/Substrate/Glints2/dict_0004_0062.uasset" 8901
"/Engine/EngineMaterials/Substrate/Glints2/dict_0004_0067" 8902
"/Engine/EngineMaterials/Substrate/Glints2/dict_0004_0068" 8903
"../../../Engine/Content/EngineMaterials/Substrate/Glints2/dict_0004_0059.uasset" 8904
"/Engine/EngineMaterials/Substrate/Glints2/dict_0004_0065" 8905
"/Engine/EngineMaterials/Substrate/Glints2/dict_0004_0069" 8906
"../../../Engine/Content/EngineMaterials/Substrate/Glints2/dict_0004_0055.uasset" 8907
"/Engine/EngineMaterials/Substrate/Glints2/dict_0004_0070" 8908
"../../../Engine/Content/EngineMaterials/Substrate/Glints2/dict_0004_0061.uasset" 8909
"/Engine/EngineMaterials/Substrate/Glints2/dict_0004_0071" 8910
"/Engine/EngineMaterials/Substrate/Glints2/dict_0004_0072" 8911
"/Engine/EngineMaterials/Substrate/Glints2/dict_0004_0073" 8912
"/Engine/EngineMaterials/Substrate/Glints2/dict_0004_0075" 8913
"/Engine/EngineMaterials/Substrate/Glints2/dict_0004_0055" 8914
"../../../Engine/Content/EngineMaterials/Substrate/Glints2/dict_0004_0058.uasset" 8915
"/Engine/EngineMaterials/Substrate/Glints2/dict_0004_0056" 8916
"../../../Engine/Content/EngineMaterials/Substrate/Glints2/dict_0004_0057.uasset" 8917
"/Engine/EngineMaterials/Substrate/Glints2/dict_0004_0059" 8918
"../../../Engine/Content/EngineMaterials/Substrate/Glints2/dict_0004_0053.uasset" 8919
"/Engine/EngineMaterials/Substrate/Glints2/dict_0004_0061" 8920
"/Engine/EngineMaterials/Substrate/Glints2/dict_0004_0062" 8921
"../../../Engine/Content/EngineMaterials/Substrate/Glints2/dict_0004_0054.uasset" 8922
"/Engine/EngineMaterials/Substrate/Glints2/dict_0004_0064" 8923
"/Engine/EngineMaterials/Substrate/Glints2/dict_0004_0074" 8924
"../../../Engine/Content/EngineMaterials/Substrate/Glints2/dict_0004_0060.uasset" 8925
"/Engine/EngineMaterials/Substrate/Glints2/dict_0004_0057" 8926
"../../../Engine/Content/EngineMaterials/Substrate/Glints2/dict_0004_0052.uasset" 8927
"/Engine/EngineMaterials/Substrate/Glints2/dict_0004_0058" 8928
"../../../Engine/Content/EngineMaterials/Substrate/Glints2/dict_0004_0049.uasset" 8929
"/Engine/EngineMaterials/Substrate/Glints2/dict_0004_0053" 8930
"/Engine/EngineMaterials/Substrate/Glints2/dict_0004_0054" 8931
"/Engine/EngineMaterials/Substrate/Glints2/dict_0004_0060" 8932
"../../../Engine/Content/EngineMaterials/Substrate/Glints2/dict_0004_0048.uasset" 8933
"/Engine/EngineMaterials/Substrate/Glints2/dict_0004_0049" 8934
"/Engine/EngineMaterials/Substrate/Glints2/dict_0004_0052" 8935
"/Engine/EngineMaterials/Substrate/Glints2/dict_0004_0048" 8936
"../../../Engine/Content/EngineMaterials/Substrate/Glints2/dict_0004_0051.uasset" 8937
"../../../Engine/Content/EngineMaterials/Substrate/Glints2/dict_0004_0050.uasset" 8938
"../../../Engine/Content/EngineMaterials/Substrate/Glints2/dict_0004_0044.uasset" 8939
"../../../Engine/Content/EngineMaterials/Substrate/Glints2/dict_0004_0047.uasset" 8940
"../../../Engine/Content/EngineMaterials/Substrate/Glints2/dict_0004_0046.uasset" 8941
"../../../Engine/Content/EngineMaterials/Substrate/Glints2/dict_0004_0043.uasset" 8942
"../../../Engine/Content/EngineMaterials/Substrate/Glints2/dict_0004_0045.uasset" 8943
"../../../Engine/Content/EngineMaterials/Substrate/Glints2/dict_0004_0041.uasset" 8944
"../../../Engine/Content/EngineMaterials/Substrate/Glints2/dict_0004_0042.uasset" 8945
"../../../Engine/Content/EngineMaterials/Substrate/Glints2/dict_0004_0040.uasset" 8946
"../../../Engine/Content/EngineMaterials/Substrate/Glints2/dict_0004_0039.uasset" 8947
"/Engine/EngineMaterials/Substrate/Glints2/dict_0004_0044" 8948
"/Engine/EngineMaterials/Substrate/Glints2/dict_0004_0045" 8949
"/Engine/EngineMaterials/Substrate/Glints2/dict_0004_0046" 8950
"/Engine/EngineMaterials/Substrate/Glints2/dict_0004_0047" 8951
"../../../Engine/Content/EngineMaterials/Substrate/Glints2/dict_0004_0033.uasset" 8952
"../../../Engine/Content/EngineMaterials/Substrate/Glints2/dict_0004_0035.uasset" 8953
"/Engine/EngineMaterials/Substrate/Glints2/dict_0004_0039" 8954
"../../../Engine/Content/EngineMaterials/Substrate/Glints2/dict_0004_0038.uasset" 8955
"../../../Engine/Content/EngineMaterials/Substrate/Glints2/dict_0004_0037.uasset" 8956
"/Engine/EngineMaterials/Substrate/Glints2/dict_0004_0040" 8957
"/Engine/EngineMaterials/Substrate/Glints2/dict_0004_0041" 8958
"/Engine/EngineMaterials/Substrate/Glints2/dict_0004_0042" 8959
"../../../Engine/Content/EngineMaterials/Substrate/Glints2/dict_0004_0036.uasset" 8960
"../../../Engine/Content/EngineMaterials/Substrate/Glints2/dict_0004_0031.uasset" 8961
"../../../Engine/Content/EngineMaterials/Substrate/Glints2/dict_0004_0029.uasset" 8962
"/Engine/EngineMaterials/Substrate/Glints2/dict_0004_0043" 8963
"../../../Engine/Content/EngineMaterials/Substrate/Glints2/dict_0004_0030.uasset" 8964
"../../../Engine/Content/EngineMaterials/Substrate/Glints2/dict_0004_0028.uasset" 8965
"../../../Engine/Content/EngineMaterials/Substrate/Glints2/dict_0004_0034.uasset" 8966
"/Engine/EngineMaterials/Substrate/Glints2/dict_0004_0050" 8967
"/Engine/EngineMaterials/Substrate/Glints2/dict_0004_0051" 8968
"/Engine/EngineMaterials/Substrate/Glints2/dict_0004_0028" 8969
"../../../Engine/Content/EngineMaterials/Substrate/Glints2/dict_0004_0027.uasset" 8970
"/Engine/EngineMaterials/Substrate/Glints2/dict_0004_0029" 8971
"../../../Engine/Content/EngineMaterials/Substrate/Glints2/dict_0004_0032.uasset" 8972
"/Engine/EngineMaterials/Substrate/Glints2/dict_0004_0030" 8973
"/Engine/EngineMaterials/Substrate/Glints2/dict_0004_0033" 8974
"/Engine/EngineMaterials/Substrate/Glints2/dict_0004_0031" 8975
"/Engine/EngineMaterials/Substrate/Glints2/dict_0004_0034" 8976
"/Engine/EngineMaterials/Substrate/Glints2/dict_0004_0035" 8977
"../../../Engine/Content/EngineMaterials/Substrate/Glints2/dict_0004_0026.uasset" 8978
"/Engine/EngineMaterials/Substrate/Glints2/dict_0004_0036" 8979
"/Engine/EngineMaterials/Substrate/Glints2/dict_0004_0037" 8980
"/Engine/EngineMaterials/Substrate/Glints2/dict_0004_0038" 8981
"/Engine/EngineMaterials/Substrate/Glints2/dict_0004_0026" 8982
"/Engine/EngineMaterials/Substrate/Glints2/dict_0004_0027" 8983
"../../../Engine/Content/EngineMaterials/Substrate/Glints2/dict_0004_0023.uasset" 8984
"../../../Engine/Content/EngineMaterials/Substrate/Glints2/dict_0004_0025.uasset" 8985
"/Engine/EngineMaterials/Substrate/Glints2/dict_0004_0032" 8986
"../../../Engine/Content/EngineMaterials/Substrate/Glints2/dict_0004_0018.uasset" 8987
"../../../Engine/Content/EngineMaterials/Substrate/Glints2/dict_0004_0020.uasset" 8988
"../../../Engine/Content/EngineMaterials/Substrate/Glints2/dict_0004_0019.uasset" 8989
"/Engine/EngineMaterials/Substrate/Glints2/dict_0004_0023" 8990
"/Engine/EngineMaterials/Substrate/Glints2/dict_0004_0019" 8991
"../../../Engine/Content/EngineMaterials/Substrate/Glints2/dict_0004_0021.uasset" 8992
"/Engine/EngineMaterials/Substrate/Glints2/dict_0004_0018" 8993
"/Engine/EngineMaterials/Substrate/Glints2/dict_0004_0020" 8994
"../../../Engine/Content/EngineMaterials/Substrate/Glints2/dict_0004_0024.uasset" 8995
"/Engine/EngineMaterials/Substrate/Glints2/dict_0004_0025" 8996
"../../../Engine/Content/EngineMaterials/Substrate/Glints2/dict_0004_0016.uasset" 8997
"../../../Engine/Content/EngineMaterials/Substrate/Glints2/dict_0004_0017.uasset" 8998
"/Engine/EngineMaterials/Substrate/Glints2/dict_0004_0016" 8999
"/Engine/EngineMaterials/Substrate/Glints2/dict_0004_0017" 9000
"/Engine/EngineMaterials/Substrate/Glints2/dict_0004_0021" 9001
"/Engine/EngineMaterials/Substrate/Glints2/dict_0004_0024" 9002
"../../../Engine/Content/EngineMaterials/Substrate/Glints2/dict_0004_0015.uasset" 9003
"../../../Engine/Content/EngineMaterials/Substrate/Glints2/dict_0004_0022.uasset" 9004
"../../../Engine/Content/EngineMaterials/Substrate/Glints2/dict_0004_0010.uasset" 9005
"../../../Engine/Content/EngineMaterials/Substrate/Glints2/dict_0004_0014.uasset" 9006
"../../../Engine/Content/EngineMaterials/Substrate/Glints2/dict_0004_0013.uasset" 9007
"../../../Engine/Content/EngineMaterials/Substrate/Glints2/dict_0004_0012.uasset" 9008
"../../../Engine/Content/EngineMaterials/Substrate/Glints2/dict_0004_0011.uasset" 9009
"../../../Engine/Content/EngineMaterials/Substrate/Glints2/dict_0004_0009.uasset" 9010
"../../../Engine/Content/EngineMaterials/Substrate/Glints2/dict_0004_0007.uasset" 9011
"/Engine/EngineMaterials/Substrate/Glints2/dict_0004_0007" 9012
"../../../Engine/Content/EngineMaterials/Substrate/Glints2/dict_0004_0006.uasset" 9013
"../../../Engine/Content/EngineMaterials/Substrate/Glints2/dict_0004_0008.uasset" 9014
"/Engine/EngineMaterials/Substrate/Glints2/dict_0004_0009" 9015
"../../../Engine/Content/EngineMaterials/Substrate/Glints2/dict_0004_0004.uasset" 9016
"../../../Engine/Content/EngineMaterials/Substrate/Glints2/dict_0004_0005.uasset" 9017
"/Engine/EngineMaterials/Substrate/Glints2/dict_0004_0022" 9018
"../../../Engine/Content/EngineMaterials/Substrate/Glints2/dict_0004_0002.uasset" 9019
"../../../Engine/Content/EngineMaterials/Substrate/Glints2/dict_0003_0255.uasset" 9020
"/Engine/EngineMaterials/Substrate/Glints2/dict_0004_0010" 9021
"/Engine/EngineMaterials/Substrate/Glints2/dict_0004_0011" 9022
"/Engine/EngineMaterials/Substrate/Glints2/dict_0004_0012" 9023
"../../../Engine/Content/EngineMaterials/Substrate/Glints2/dict_0004_0000.uasset" 9024
"/Engine/EngineMaterials/Substrate/Glints2/dict_0004_0013" 9025
"../../../Engine/Content/EngineMaterials/Substrate/Glints2/dict_0004_0003.uasset" 9026
"../../../Engine/Content/EngineMaterials/Substrate/Glints2/dict_0004_0001.uasset" 9027
"../../../Engine/Content/EngineMaterials/Substrate/Glints2/dict_0003_0254.uasset" 9028
"/Engine/EngineMaterials/Substrate/Glints2/dict_0004_0014" 9029
"../../../Engine/Content/EngineMaterials/Substrate/Glints2/dict_0003_0253.uasset" 9030
"/Engine/EngineMaterials/Substrate/Glints2/dict_0004_0015" 9031
"/Engine/EngineMaterials/Substrate/Glints2/dict_0004_0008" 9032
"/Engine/EngineMaterials/Substrate/Glints2/dict_0003_0253" 9033
"/Engine/EngineMaterials/Substrate/Glints2/dict_0003_0254" 9034
"/Engine/EngineMaterials/Substrate/Glints2/dict_0003_0255" 9035
"../../../Engine/Content/EngineMaterials/Substrate/Glints2/dict_0003_0249.uasset" 9036
"/Engine/EngineMaterials/Substrate/Glints2/dict_0004_0000" 9037
"/Engine/EngineMaterials/Substrate/Glints2/dict_0004_0001" 9038
"/Engine/EngineMaterials/Substrate/Glints2/dict_0004_0002" 9039
"../../../Engine/Content/EngineMaterials/Substrate/Glints2/dict_0003_0248.uasset" 9040
"../../../Engine/Content/EngineMaterials/Substrate/Glints2/dict_0003_0252.uasset" 9041
"/Engine/EngineMaterials/Substrate/Glints2/dict_0004_0003" 9042
"../../../Engine/Content/EngineMaterials/Substrate/Glints2/dict_0003_0250.uasset" 9043
"/Engine/EngineMaterials/Substrate/Glints2/dict_0004_0004" 9044
"/Engine/EngineMaterials/Substrate/Glints2/dict_0004_0005" 9045
"../../../Engine/Content/EngineMaterials/Substrate/Glints2/dict_0003_0247.uasset" 9046
"/Engine/EngineMaterials/Substrate/Glints2/dict_0004_0006" 9047
"/Engine/EngineMaterials/Substrate/Glints2/dict_0003_0250" 9048
"/Engine/EngineMaterials/Substrate/Glints2/dict_0003_0252" 9049
"/Engine/EngineMaterials/Substrate/Glints2/dict_0003_0247" 9050
"/Engine/EngineMaterials/Substrate/Glints2/dict_0003_0248" 9051
"/Engine/EngineMaterials/Substrate/Glints2/dict_0003_0249" 9052
"../../../Engine/Content/EngineMaterials/Substrate/Glints2/dict_0003_0245.uasset" 9053
"../../../Engine/Content/EngineMaterials/Substrate/Glints2/dict_0003_0246.uasset" 9054
"/Engine/EngineMaterials/Substrate/Glints2/dict_0003_0245" 9055
"../../../Engine/Content/EngineMaterials/Substrate/Glints2/dict_0003_0244.uasset" 9056
"/Engine/EngineMaterials/Substrate/Glints2/dict_0003_0246" 9057
"../../../Engine/Content/EngineMaterials/Substrate/Glints2/dict_0003_0243.uasset" 9058
"/Engine/EngineMaterials/Substrate/Glints2/dict_0003_0243" 9059
"/Engine/EngineMaterials/Substrate/Glints2/dict_0003_0244" 9060
"../../../Engine/Content/EngineMaterials/Substrate/Glints2/dict_0003_0241.uasset" 9061
"../../../Engine/Content/EngineMaterials/Substrate/Glints2/dict_0003_0251.uasset" 9062
"/Engine/EngineMaterials/Substrate/Glints2/dict_0003_0241" 9063
"/Engine/EngineMaterials/Substrate/Glints2/dict_0003_0251" 9064
"../../../Engine/Content/EngineMaterials/Substrate/Glints2/dict_0003_0240.uasset" 9065
"../../../Engine/Content/EngineMaterials/Substrate/Glints2/dict_0003_0242.uasset" 9066
"../../../Engine/Content/EngineMaterials/Substrate/Glints2/dict_0003_0237.uasset" 9067
"../../../Engine/Content/EngineMaterials/Substrate/Glints2/dict_0003_0236.uasset" 9068
"../../../Engine/Content/EngineMaterials/Substrate/Glints2/dict_0003_0239.uasset" 9069
"../../../Engine/Content/EngineMaterials/Substrate/Glints2/dict_0003_0238.uasset" 9070
"../../../Engine/Content/EngineMaterials/Substrate/Glints2/dict_0003_0233.uasset" 9071
"../../../Engine/Content/EngineMaterials/Substrate/Glints2/dict_0003_0234.uasset" 9072
"../../../Engine/Content/EngineMaterials/Substrate/Glints2/dict_0003_0235.uasset" 9073
"../../../Engine/Content/EngineMaterials/Substrate/Glints2/dict_0003_0232.uasset" 9074
"../../../Engine/Content/EngineMaterials/Substrate/Glints2/dict_0003_0231.uasset" 9075
"/Engine/EngineMaterials/Substrate/Glints2/dict_0003_0232" 9076
"../../../Engine/Content/EngineMaterials/Substrate/Glints2/dict_0003_0229.uasset" 9077
"../../../Engine/Content/EngineMaterials/Substrate/Glints2/dict_0003_0228.uasset" 9078
"/Engine/EngineMaterials/Substrate/Glints2/dict_0003_0233" 9079
"../../../Engine/Content/EngineMaterials/Substrate/Glints2/dict_0003_0227.uasset" 9080
"../../../Engine/Content/EngineMaterials/Substrate/Glints2/dict_0003_0230.uasset" 9081
"../../../Engine/Content/EngineMaterials/Substrate/Glints2/dict_0003_0226.uasset" 9082
"/Engine/EngineMaterials/Substrate/Glints2/dict_0003_0234" 9083
"../../../Engine/Content/EngineMaterials/Substrate/Glints2/dict_0003_0225.uasset" 9084
"/Engine/EngineMaterials/Substrate/Glints2/dict_0003_0235" 9085
"/Engine/EngineMaterials/Substrate/Glints2/dict_0003_0231" 9086
"/Engine/EngineMaterials/Substrate/Glints2/dict_0003_0236" 9087
"../../../Engine/Content/EngineMaterials/Substrate/Glints2/dict_0003_0222.uasset" 9088
"../../../Engine/Content/EngineMaterials/Substrate/Glints2/dict_0003_0223.uasset" 9089
"../../../Engine/Content/EngineMaterials/Substrate/Glints2/dict_0003_0224.uasset" 9090
"/Engine/EngineMaterials/Substrate/Glints2/dict_0003_0237" 9091
"/Engine/EngineMaterials/Substrate/Glints2/dict_0003_0238" 9092
"/Engine/EngineMaterials/Substrate/Glints2/dict_0003_0239" 9093
"../../../Engine/Content/EngineMaterials/Substrate/Glints2/dict_0003_0220.uasset" 9094
"/Engine/EngineMaterials/Substrate/Glints2/dict_0003_0240" 9095
"../../../Engine/Content/EngineMaterials/Substrate/Glints2/dict_0003_0221.uasset" 9096
"/Engine/EngineMaterials/Substrate/Glints2/dict_0003_0242" 9097
"/Engine/EngineMaterials/Substrate/Glints2/dict_0003_0221" 9098
"/Engine/EngineMaterials/Substrate/Glints2/dict_0003_0222" 9099
"/Engine/EngineMaterials/Substrate/Glints2/dict_0003_0223" 9100
"../../../Engine/Content/EngineMaterials/Substrate/Glints2/dict_0003_0217.uasset" 9101
"../../../Engine/Content/EngineMaterials/Substrate/Glints2/dict_0003_0218.uasset" 9102
"../../../Engine/Content/EngineMaterials/Substrate/Glints2/dict_0003_0219.uasset" 9103
"/Engine/EngineMaterials/Substrate/Glints2/dict_0003_0224" 9104
"/Engine/EngineMaterials/Substrate/Glints2/dict_0003_0225" 9105
"../../../Engine/Content/EngineMaterials/Substrate/Glints2/dict_0003_0216.uasset" 9106
"/Engine/EngineMaterials/Substrate/Glints2/dict_0003_0226" 9107
"/Engine/EngineMaterials/Substrate/Glints2/dict_0003_0227" 9108
"/Engine/EngineMaterials/Substrate/Glints2/dict_0003_0228" 9109
"/Engine/EngineMaterials/Substrate/Glints2/dict_0003_0229" 9110
"/Engine/EngineMaterials/Substrate/Glints2/dict_0003_0230" 9111
"/Engine/EngineMaterials/Substrate/Glints2/dict_0003_0220" 9112
"/Engine/EngineMaterials/Substrate/Glints2/dict_0003_0216" 9113
"../../../Engine/Content/EngineMaterials/Substrate/Glints2/dict_0003_0214.uasset" 9114
"/Engine/EngineMaterials/Substrate/Glints2/dict_0003_0217" 9115
"/Engine/EngineMaterials/Substrate/Glints2/dict_0003_0218" 9116
"../../../Engine/Content/EngineMaterials/Substrate/Glints2/dict_0003_0212.uasset" 9117
"/Engine/EngineMaterials/Substrate/Glints2/dict_0003_0219" 9118
"/Engine/EngineMaterials/Substrate/Glints2/dict_0003_0214" 9119
"/Engine/EngineMaterials/Substrate/Glints2/dict_0003_0212" 9120
"../../../Engine/Content/EngineMaterials/Substrate/Glints2/dict_0003_0213.uasset" 9121
"/Engine/EngineMaterials/Substrate/Glints2/dict_0003_0213" 9122
"../../../Engine/Content/EngineMaterials/Substrate/Glints2/dict_0003_0211.uasset" 9123
"../../../Engine/Content/EngineMaterials/Substrate/Glints2/dict_0003_0215.uasset" 9124
"../../../Engine/Content/EngineMaterials/Substrate/Glints2/dict_0003_0205.uasset" 9125
"../../../Engine/Content/EngineMaterials/Substrate/Glints2/dict_0003_0206.uasset" 9126
"../../../Engine/Content/EngineMaterials/Substrate/Glints2/dict_0003_0207.uasset" 9127
"../../../Engine/Content/EngineMaterials/Substrate/Glints2/dict_0003_0209.uasset" 9128
"../../../Engine/Content/EngineMaterials/Substrate/Glints2/dict_0003_0203.uasset" 9129
"../../../Engine/Content/EngineMaterials/Substrate/Glints2/dict_0003_0204.uasset" 9130
"../../../Engine/Content/EngineMaterials/Substrate/Glints2/dict_0003_0208.uasset" 9131
"../../../Engine/Content/EngineMaterials/Substrate/Glints2/dict_0003_0202.uasset" 9132
"../../../Engine/Content/EngineMaterials/Substrate/Glints2/dict_0003_0199.uasset" 9133
"../../../Engine/Content/EngineMaterials/Substrate/Glints2/dict_0003_0200.uasset" 9134
"../../../Engine/Content/EngineMaterials/Substrate/Glints2/dict_0003_0201.uasset" 9135
"../../../Engine/Content/EngineMaterials/Substrate/Glints2/dict_0003_0198.uasset" 9136
"../../../Engine/Content/EngineMaterials/Substrate/Glints2/dict_0003_0197.uasset" 9137
"../../../Engine/Content/EngineMaterials/Substrate/Glints2/dict_0003_0210.uasset" 9138
"../../../Engine/Content/EngineMaterials/Substrate/Glints2/dict_0003_0195.uasset" 9139
"../../../Engine/Content/EngineMaterials/Substrate/Glints2/dict_0003_0196.uasset" 9140
"../../../Engine/Content/EngineMaterials/Substrate/Glints2/dict_0003_0193.uasset" 9141
"../../../Engine/Content/EngineMaterials/Substrate/Glints2/dict_0003_0194.uasset" 9142
"../../../Engine/Content/EngineMaterials/Substrate/Glints2/dict_0003_0191.uasset" 9143
"../../../Engine/Content/EngineMaterials/Substrate/Glints2/dict_0003_0187.uasset" 9144
"../../../Engine/Content/EngineMaterials/Substrate/Glints2/dict_0003_0184.uasset" 9145
"../../../Engine/Content/EngineMaterials/Substrate/Glints2/dict_0003_0186.uasset" 9146
"../../../Engine/Content/EngineMaterials/Substrate/Glints2/dict_0003_0182.uasset" 9147
"../../../Engine/Content/EngineMaterials/Substrate/Glints2/dict_0003_0183.uasset" 9148
"../../../Engine/Content/EngineMaterials/Substrate/Glints2/dict_0003_0189.uasset" 9149
"../../../Engine/Content/EngineMaterials/Substrate/Glints2/dict_0003_0188.uasset" 9150
"../../../Engine/Content/EngineMaterials/Substrate/Glints2/dict_0003_0190.uasset" 9151
"../../../Engine/Content/EngineMaterials/Substrate/Glints2/dict_0003_0181.uasset" 9152
"../../../Engine/Content/EngineMaterials/Substrate/Glints2/dict_0003_0185.uasset" 9153
"/Engine/EngineMaterials/Substrate/Glints2/dict_0003_0199" 9154
"/Engine/EngineMaterials/Substrate/Glints2/dict_0003_0188" 9155
"/Engine/EngineMaterials/Substrate/Glints2/dict_0003_0200" 9156
"../../../Engine/Content/EngineMaterials/Substrate/Glints2/dict_0003_0192.uasset" 9157
"/Engine/EngineMaterials/Substrate/Glints2/dict_0003_0184" 9158
"/Engine/EngineMaterials/Substrate/Glints2/dict_0003_0210" 9159
"/Engine/EngineMaterials/Substrate/Glints2/dict_0003_0201" 9160
"/Engine/EngineMaterials/Substrate/Glints2/dict_0003_0182" 9161
"/Engine/EngineMaterials/Substrate/Glints2/dict_0003_0189" 9162
"/Engine/EngineMaterials/Substrate/Glints2/dict_0003_0202" 9163
"/Engine/EngineMaterials/Substrate/Glints2/dict_0003_0215" 9164
"/Engine/EngineMaterials/Substrate/Glints2/dict_0003_0190" 9165
"/Engine/EngineMaterials/Substrate/Glints2/dict_0003_0191" 9166
"/Engine/EngineMaterials/Substrate/Glints2/dict_0003_0193" 9167
"/Engine/EngineMaterials/Substrate/Glints2/dict_0003_0194" 9168
"/Engine/EngineMaterials/Substrate/Glints2/dict_0003_0195" 9169
"/Engine/EngineMaterials/Substrate/Glints2/dict_0003_0196" 9170
"/Engine/EngineMaterials/Substrate/Glints2/dict_0003_0197" 9171
"/Engine/EngineMaterials/Substrate/Glints2/dict_0003_0203" 9172
"/Engine/EngineMaterials/Substrate/Glints2/dict_0003_0204" 9173
"/Engine/EngineMaterials/Substrate/Glints2/dict_0003_0205" 9174
"/Engine/EngineMaterials/Substrate/Glints2/dict_0003_0206" 9175
"/Engine/EngineMaterials/Substrate/Glints2/dict_0003_0207" 9176
"/Engine/EngineMaterials/Substrate/Glints2/dict_0003_0185" 9177
"/Engine/EngineMaterials/Substrate/Glints2/dict_0003_0186" 9178
"/Engine/EngineMaterials/Substrate/Glints2/dict_0003_0208" 9179
"/Engine/EngineMaterials/Substrate/Glints2/dict_0003_0187" 9180
"/Engine/EngineMaterials/Substrate/Glints2/dict_0003_0211" 9181
"/Engine/EngineMaterials/Substrate/Glints2/dict_0003_0209" 9182
"/Engine/EngineMaterials/Substrate/Glints2/dict_0003_0183" 9183
"/Engine/EngineMaterials/Substrate/Glints2/dict_0003_0181" 9184
"/Engine/EngineMaterials/Substrate/Glints2/dict_0003_0198" 9185
"/Engine/EngineMaterials/Substrate/Glints2/dict_0003_0192" 9186
"../../../Engine/Content/EngineMaterials/Substrate/Glints2/dict_0003_0179.uasset" 9187
"../../../Engine/Content/EngineMaterials/Substrate/Glints2/dict_0003_0180.uasset" 9188
"/Engine/EngineMaterials/Substrate/Glints2/dict_0003_0179" 9189
"/Engine/EngineMaterials/Substrate/Glints2/dict_0003_0180" 9190
"../../../Engine/Content/EngineMaterials/Substrate/Glints2/dict_0003_0177.uasset" 9191
"../../../Engine/Content/EngineMaterials/Substrate/Glints2/dict_0003_0176.uasset" 9192
"../../../Engine/Content/EngineMaterials/Substrate/Glints2/dict_0003_0178.uasset" 9193
"/Engine/EngineMaterials/Substrate/Glints2/dict_0003_0176" 9194
"/Engine/EngineMaterials/Substrate/Glints2/dict_0003_0177" 9195
"/Engine/EngineMaterials/Substrate/Glints2/dict_0003_0178" 9196
"../../../Engine/Content/EngineMaterials/Substrate/Glints2/dict_0003_0175.uasset" 9197
"../../../Engine/Content/EngineMaterials/Substrate/Glints2/dict_0003_0172.uasset" 9198
"../../../Engine/Content/EngineMaterials/Substrate/Glints2/dict_0003_0173.uasset" 9199
"../../../Engine/Content/EngineMaterials/Substrate/Glints2/dict_0003_0171.uasset" 9200
"/Engine/EngineMaterials/Substrate/Glints2/dict_0003_0171" 9201
"/Engine/EngineMaterials/Substrate/Glints2/dict_0003_0172" 9202
"../../../Engine/Content/EngineMaterials/Substrate/Glints2/dict_0003_0169.uasset" 9203
"../../../Engine/Content/EngineMaterials/Substrate/Glints2/dict_0003_0170.uasset" 9204
"/Engine/EngineMaterials/Substrate/Glints2/dict_0003_0173" 9205
"/Engine/EngineMaterials/Substrate/Glints2/dict_0003_0175" 9206
"/Engine/EngineMaterials/Substrate/Glints2/dict_0003_0169" 9207
"../../../Engine/Content/EngineMaterials/Substrate/Glints2/dict_0003_0174.uasset" 9208
"../../../Engine/Content/EngineMaterials/Substrate/Glints2/dict_0003_0168.uasset" 9209
"/Engine/EngineMaterials/Substrate/Glints2/dict_0003_0170" 9210
"../../../Engine/Content/EngineMaterials/Substrate/Glints2/dict_0003_0166.uasset" 9211
"/Engine/EngineMaterials/Substrate/Glints2/dict_0003_0166" 9212
"../../../Engine/Content/EngineMaterials/Substrate/Glints2/dict_0003_0165.uasset" 9213
"/Engine/EngineMaterials/Substrate/Glints2/dict_0003_0168" 9214
"/Engine/EngineMaterials/Substrate/Glints2/dict_0003_0174" 9215
"/Engine/EngineMaterials/Substrate/Glints2/dict_0003_0165" 9216
"../../../Engine/Content/EngineMaterials/Substrate/Glints2/dict_0003_0167.uasset" 9217
"../../../Engine/Content/EngineMaterials/Substrate/Glints2/dict_0003_0162.uasset" 9218
"../../../Engine/Content/EngineMaterials/Substrate/Glints2/dict_0003_0163.uasset" 9219
"../../../Engine/Content/EngineMaterials/Substrate/Glints2/dict_0003_0164.uasset" 9220
"../../../Engine/Content/EngineMaterials/Substrate/Glints2/dict_0003_0160.uasset" 9221
"../../../Engine/Content/EngineMaterials/Substrate/Glints2/dict_0003_0159.uasset" 9222
"../../../Engine/Content/EngineMaterials/Substrate/Glints2/dict_0003_0158.uasset" 9223
"../../../Engine/Content/EngineMaterials/Substrate/Glints2/dict_0003_0157.uasset" 9224
"../../../Engine/Content/EngineMaterials/Substrate/Glints2/dict_0003_0156.uasset" 9225
"../../../Engine/Content/EngineMaterials/Substrate/Glints2/dict_0003_0154.uasset" 9226
"../../../Engine/Content/EngineMaterials/Substrate/Glints2/dict_0003_0155.uasset" 9227
"/Engine/EngineMaterials/Substrate/Glints2/dict_0003_0154" 9228
"../../../Engine/Content/EngineMaterials/Substrate/Glints2/dict_0003_0153.uasset" 9229
"../../../Engine/Content/EngineMaterials/Substrate/Glints2/dict_0003_0151.uasset" 9230
"/Engine/EngineMaterials/Substrate/Glints2/dict_0003_0156" 9231
"../../../Engine/Content/EngineMaterials/Substrate/Glints2/dict_0003_0161.uasset" 9232
"/Engine/EngineMaterials/Substrate/Glints2/dict_0003_0157" 9233
"/Engine/EngineMaterials/Substrate/Glints2/dict_0003_0158" 9234
"../../../Engine/Content/EngineMaterials/Substrate/Glints2/dict_0003_0149.uasset" 9235
"../../../Engine/Content/EngineMaterials/Substrate/Glints2/dict_0003_0150.uasset" 9236
"../../../Engine/Content/EngineMaterials/Substrate/Glints2/dict_0003_0148.uasset" 9237
"/Engine/EngineMaterials/Substrate/Glints2/dict_0003_0159" 9238
"../../../Engine/Content/EngineMaterials/Substrate/Glints2/dict_0003_0152.uasset" 9239
"/Engine/EngineMaterials/Substrate/Glints2/dict_0003_0160" 9240
"../../../Engine/Content/EngineMaterials/Substrate/Glints2/dict_0003_0147.uasset" 9241
"/Engine/EngineMaterials/Substrate/Glints2/dict_0003_0162" 9242
"/Engine/EngineMaterials/Substrate/Glints2/dict_0003_0163" 9243
"/Engine/EngineMaterials/Substrate/Glints2/dict_0003_0164" 9244
"/Engine/EngineMaterials/Substrate/Glints2/dict_0003_0167" 9245
"/Engine/EngineMaterials/Substrate/Glints2/dict_0003_0150" 9246
"/Engine/EngineMaterials/Substrate/Glints2/dict_0003_0151" 9247
"../../../Engine/Content/EngineMaterials/Substrate/Glints2/dict_0003_0145.uasset" 9248
"../../../Engine/Content/EngineMaterials/Substrate/Glints2/dict_0003_0146.uasset" 9249
"/Engine/EngineMaterials/Substrate/Glints2/dict_0003_0152" 9250
"/Engine/EngineMaterials/Substrate/Glints2/dict_0003_0153" 9251
"/Engine/EngineMaterials/Substrate/Glints2/dict_0003_0155" 9252
"/Engine/EngineMaterials/Substrate/Glints2/dict_0003_0161" 9253
"/Engine/EngineMaterials/Substrate/Glints2/dict_0003_0149" 9254
"/Engine/EngineMaterials/Substrate/Glints2/dict_0003_0147" 9255
"../../../Engine/Content/EngineMaterials/Substrate/Glints2/dict_0003_0143.uasset" 9256
"/Engine/EngineMaterials/Substrate/Glints2/dict_0003_0148" 9257
"../../../Engine/Content/EngineMaterials/Substrate/Glints2/dict_0003_0142.uasset" 9258
"/Engine/EngineMaterials/Substrate/Glints2/dict_0003_0143" 9259
"/Engine/EngineMaterials/Substrate/Glints2/dict_0003_0145" 9260
"../../../Engine/Content/EngineMaterials/Substrate/Glints2/dict_0003_0136.uasset" 9261
"/Engine/EngineMaterials/Substrate/Glints2/dict_0003_0146" 9262
"../../../Engine/Content/EngineMaterials/Substrate/Glints2/dict_0003_0139.uasset" 9263
"../../../Engine/Content/EngineMaterials/Substrate/Glints2/dict_0003_0137.uasset" 9264
"/Engine/EngineMaterials/Substrate/Glints2/dict_0003_0136" 9265
"../../../Engine/Content/EngineMaterials/Substrate/Glints2/dict_0003_0144.uasset" 9266
"/Engine/EngineMaterials/Substrate/Glints2/dict_0003_0139" 9267
"/Engine/EngineMaterials/Substrate/Glints2/dict_0003_0142" 9268
"/Engine/EngineMaterials/Substrate/Glints2/dict_0003_0137" 9269
"/Engine/EngineMaterials/Substrate/Glints2/dict_0003_0144" 9270
"../../../Engine/Content/EngineMaterials/Substrate/Glints2/dict_0003_0134.uasset" 9271
"/Engine/EngineMaterials/Substrate/Glints2/dict_0003_0134" 9272
"../../../Engine/Content/EngineMaterials/Substrate/Glints2/dict_0003_0140.uasset" 9273
"../../../Engine/Content/EngineMaterials/Substrate/Glints2/dict_0003_0135.uasset" 9274
"../../../Engine/Content/EngineMaterials/Substrate/Glints2/dict_0003_0133.uasset" 9275
"../../../Engine/Content/EngineMaterials/Substrate/Glints2/dict_0003_0138.uasset" 9276
"../../../Engine/Content/EngineMaterials/Substrate/Glints2/dict_0003_0130.uasset" 9277
"../../../Engine/Content/EngineMaterials/Substrate/Glints2/dict_0003_0131.uasset" 9278
"../../../Engine/Content/EngineMaterials/Substrate/Glints2/dict_0003_0132.uasset" 9279
"../../../Engine/Content/EngineMaterials/Substrate/Glints2/dict_0003_0128.uasset" 9280
"../../../Engine/Content/EngineMaterials/Substrate/Glints2/dict_0003_0127.uasset" 9281
"/Engine/EngineMaterials/Substrate/Glints2/dict_0003_0127" 9282
"../../../Engine/Content/EngineMaterials/Substrate/Glints2/dict_0003_0125.uasset" 9283
"../../../Engine/Content/EngineMaterials/Substrate/Glints2/dict_0003_0129.uasset" 9284
"../../../Engine/Content/EngineMaterials/Substrate/Glints2/dict_0003_0126.uasset" 9285
"../../../Engine/Content/EngineMaterials/Substrate/Glints2/dict_0003_0124.uasset" 9286
"/Engine/EngineMaterials/Substrate/Glints2/dict_0003_0128" 9287
"/Engine/EngineMaterials/Substrate/Glints2/dict_0003_0130" 9288
"../../../Engine/Content/EngineMaterials/Substrate/Glints2/dict_0003_0121.uasset" 9289
"../../../Engine/Content/EngineMaterials/Substrate/Glints2/dict_0003_0123.uasset" 9290
"/Engine/EngineMaterials/Substrate/Glints2/dict_0003_0131" 9291
"/Engine/EngineMaterials/Substrate/Glints2/dict_0003_0132" 9292
"../../../Engine/Content/EngineMaterials/Substrate/Glints2/dict_0003_0120.uasset" 9293
"/Engine/EngineMaterials/Substrate/Glints2/dict_0003_0135" 9294
"/Engine/EngineMaterials/Substrate/Glints2/dict_0003_0133" 9295
"/Engine/EngineMaterials/Substrate/Glints2/dict_0003_0138" 9296
"../../../Engine/Content/EngineMaterials/Substrate/Glints2/dict_0003_0122.uasset" 9297
"/Engine/EngineMaterials/Substrate/Glints2/dict_0003_0140" 9298
"/Engine/EngineMaterials/Substrate/Glints2/dict_0003_0124" 9299
"../../../Engine/Content/EngineMaterials/Substrate/Glints2/dict_0003_0118.uasset" 9300
"/Engine/EngineMaterials/Substrate/Glints2/dict_0003_0125" 9301
"../../../Engine/Content/EngineMaterials/Substrate/Glints2/dict_0003_0115.uasset" 9302
"/Engine/EngineMaterials/Substrate/Glints2/dict_0003_0126" 9303
"/Engine/EngineMaterials/Substrate/Glints2/dict_0003_0129" 9304
"/Engine/EngineMaterials/Substrate/Glints2/dict_0003_0120" 9305
"../../../Engine/Content/EngineMaterials/Substrate/Glints2/dict_0003_0117.uasset" 9306
"/Engine/EngineMaterials/Substrate/Glints2/dict_0003_0121" 9307
"../../../Engine/Content/EngineMaterials/Substrate/Glints2/dict_0003_0141.uasset" 9308
"/Engine/EngineMaterials/Substrate/Glints2/dict_0003_0122" 9309
"../../../Engine/Content/EngineMaterials/Substrate/Glints2/dict_0003_0119.uasset" 9310
"../../../Engine/Content/EngineMaterials/Substrate/Glints2/dict_0003_0116.uasset" 9311
"/Engine/EngineMaterials/Substrate/Glints2/dict_0003_0123" 9312
"../../../Engine/Content/EngineMaterials/Substrate/Glints2/dict_0003_0114.uasset" 9313
"/Engine/EngineMaterials/Substrate/Glints2/dict_0003_0115" 9314
"/Engine/EngineMaterials/Substrate/Glints2/dict_0003_0116" 9315
"/Engine/EngineMaterials/Substrate/Glints2/dict_0003_0117" 9316
"../../../Engine/Content/EngineMaterials/Substrate/Glints2/dict_0003_0110.uasset" 9317
"../../../Engine/Content/EngineMaterials/Substrate/Glints2/dict_0003_0112.uasset" 9318
"../../../Engine/Content/EngineMaterials/Substrate/Glints2/dict_0003_0113.uasset" 9319
"/Engine/EngineMaterials/Substrate/Glints2/dict_0003_0118" 9320
"/Engine/EngineMaterials/Substrate/Glints2/dict_0003_0119" 9321
"../../../Engine/Content/EngineMaterials/Substrate/Glints2/dict_0003_0109.uasset" 9322
"/Engine/EngineMaterials/Substrate/Glints2/dict_0003_0141" 9323
"../../../Engine/Content/EngineMaterials/Substrate/Glints2/dict_0003_0108.uasset" 9324
"../../../Engine/Content/EngineMaterials/Substrate/Glints2/dict_0003_0111.uasset" 9325
"/Engine/EngineMaterials/Substrate/Glints2/dict_0003_0114" 9326
"/Engine/EngineMaterials/Substrate/Glints2/dict_0003_0108" 9327
"/Engine/EngineMaterials/Substrate/Glints2/dict_0003_0109" 9328
"../../../Engine/Content/EngineMaterials/Substrate/Glints2/dict_0003_0107.uasset" 9329
"/Engine/EngineMaterials/Substrate/Glints2/dict_0003_0110" 9330
"/Engine/EngineMaterials/Substrate/Glints2/dict_0003_0111" 9331
"/Engine/EngineMaterials/Substrate/Glints2/dict_0003_0112" 9332
"../../../Engine/Content/EngineMaterials/Substrate/Glints2/dict_0003_0106.uasset" 9333
"/Engine/EngineMaterials/Substrate/Glints2/dict_0003_0113" 9334
"../../../Engine/Content/EngineMaterials/Substrate/Glints2/dict_0003_0105.uasset" 9335
"/Engine/EngineMaterials/Substrate/Glints2/dict_0003_0106" 9336
"/Engine/EngineMaterials/Substrate/Glints2/dict_0003_0105" 9337
"/Engine/EngineMaterials/Substrate/Glints2/dict_0003_0107" 9338
"../../../Engine/Content/EngineMaterials/Substrate/Glints2/dict_0003_0100.uasset" 9339
"../../../Engine/Content/EngineMaterials/Substrate/Glints2/dict_0003_0102.uasset" 9340
"../../../Engine/Content/EngineMaterials/Substrate/Glints2/dict_0003_0103.uasset" 9341
"../../../Engine/Content/EngineMaterials/Substrate/Glints2/dict_0003_0104.uasset" 9342
"../../../Engine/Content/EngineMaterials/Substrate/Glints2/dict_0003_0094.uasset" 9343
"../../../Engine/Content/EngineMaterials/Substrate/Glints2/dict_0003_0095.uasset" 9344
"../../../Engine/Content/EngineMaterials/Substrate/Glints2/dict_0003_0096.uasset" 9345
"../../../Engine/Content/EngineMaterials/Substrate/Glints2/dict_0003_0093.uasset" 9346
"../../../Engine/Content/EngineMaterials/Substrate/Glints2/dict_0003_0098.uasset" 9347
"../../../Engine/Content/EngineMaterials/Substrate/Glints2/dict_0003_0099.uasset" 9348
"../../../Engine/Content/EngineMaterials/Substrate/Glints2/dict_0003_0092.uasset" 9349
"../../../Engine/Content/EngineMaterials/Substrate/Glints2/dict_0003_0097.uasset" 9350
"../../../Engine/Content/EngineMaterials/Substrate/Glints2/dict_0003_0091.uasset" 9351
"../../../Engine/Content/EngineMaterials/Substrate/Glints2/dict_0003_0101.uasset" 9352
"/Engine/EngineMaterials/Substrate/Glints2/dict_0003_0091" 9353
"/Engine/EngineMaterials/Substrate/Glints2/dict_0003_0097" 9354
"/Engine/EngineMaterials/Substrate/Glints2/dict_0003_0098" 9355
"../../../Engine/Content/EngineMaterials/Substrate/Glints2/dict_0003_0090.uasset" 9356
"/Engine/EngineMaterials/Substrate/Glints2/dict_0003_0092" 9357
"/Engine/EngineMaterials/Substrate/Glints2/dict_0003_0093" 9358
"/Engine/EngineMaterials/Substrate/Glints2/dict_0003_0094" 9359
"../../../Engine/Content/EngineMaterials/Substrate/Glints2/dict_0003_0084.uasset" 9360
"/Engine/EngineMaterials/Substrate/Glints2/dict_0003_0099" 9361
"/Engine/EngineMaterials/Substrate/Glints2/dict_0003_0100" 9362
"../../../Engine/Content/EngineMaterials/Substrate/Glints2/dict_0003_0083.uasset" 9363
"/Engine/EngineMaterials/Substrate/Glints2/dict_0003_0101" 9364
"/Engine/EngineMaterials/Substrate/Glints2/dict_0003_0102" 9365
"../../../Engine/Content/EngineMaterials/Substrate/Glints2/dict_0003_0085.uasset" 9366
"../../../Engine/Content/EngineMaterials/Substrate/Glints2/dict_0003_0087.uasset" 9367
"../../../Engine/Content/EngineMaterials/Substrate/Glints2/dict_0003_0088.uasset" 9368
"/Engine/EngineMaterials/Substrate/Glints2/dict_0003_0103" 9369
"../../../Engine/Content/EngineMaterials/Substrate/Glints2/dict_0003_0089.uasset" 9370
"/Engine/EngineMaterials/Substrate/Glints2/dict_0003_0104" 9371
"/Engine/EngineMaterials/Substrate/Glints2/dict_0003_0095" 9372
"/Engine/EngineMaterials/Substrate/Glints2/dict_0003_0096" 9373
"/Engine/EngineMaterials/Substrate/Glints2/dict_0003_0083" 9374
"../../../Engine/Content/EngineMaterials/Substrate/Glints2/dict_0003_0080.uasset" 9375
"../../../Engine/Content/EngineMaterials/Substrate/Glints2/dict_0003_0081.uasset" 9376
"../../../Engine/Content/EngineMaterials/Substrate/Glints2/dict_0003_0079.uasset" 9377
"/Engine/EngineMaterials/Substrate/Glints2/dict_0003_0084" 9378
"/Engine/EngineMaterials/Substrate/Glints2/dict_0003_0085" 9379
"/Engine/EngineMaterials/Substrate/Glints2/dict_0003_0089" 9380
"/Engine/EngineMaterials/Substrate/Glints2/dict_0003_0090" 9381
"/Engine/EngineMaterials/Substrate/Glints2/dict_0003_0087" 9382
"/Engine/EngineMaterials/Substrate/Glints2/dict_0003_0088" 9383
"/Engine/EngineMaterials/Substrate/Glints2/dict_0003_0079" 9384
"/Engine/EngineMaterials/Substrate/Glints2/dict_0003_0080" 9385
"../../../Engine/Content/EngineMaterials/Substrate/Glints2/dict_0003_0086.uasset" 9386
"/Engine/EngineMaterials/Substrate/Glints2/dict_0003_0081" 9387
"../../../Engine/Content/EngineMaterials/Substrate/Glints2/dict_0003_0076.uasset" 9388
"../../../Engine/Content/EngineMaterials/Substrate/Glints2/dict_0003_0082.uasset" 9389
"../../../Engine/Content/EngineMaterials/Substrate/Glints2/dict_0003_0074.uasset" 9390
"../../../Engine/Content/EngineMaterials/Substrate/Glints2/dict_0003_0077.uasset" 9391
"../../../Engine/Content/EngineMaterials/Substrate/Glints2/dict_0003_0075.uasset" 9392
"../../../Engine/Content/EngineMaterials/Substrate/Glints2/dict_0003_0078.uasset" 9393
"../../../Engine/Content/EngineMaterials/Substrate/Glints2/dict_0003_0072.uasset" 9394
"../../../Engine/Content/EngineMaterials/Substrate/Glints2/dict_0003_0070.uasset" 9395
"../../../Engine/Content/EngineMaterials/Substrate/Glints2/dict_0003_0071.uasset" 9396
"../../../Engine/Content/EngineMaterials/Substrate/Glints2/dict_0003_0068.uasset" 9397
"/Engine/EngineMaterials/Substrate/Glints2/dict_0003_0082" 9398
"/Engine/EngineMaterials/Substrate/Glints2/dict_0003_0086" 9399
"../../../Engine/Content/EngineMaterials/Substrate/Glints2/dict_0003_0065.uasset" 9400
"../../../Engine/Content/EngineMaterials/Substrate/Glints2/dict_0003_0073.uasset" 9401
"/Engine/EngineMaterials/Substrate/Glints2/dict_0003_0068" 9402
"../../../Engine/Content/EngineMaterials/Substrate/Glints2/dict_0003_0064.uasset" 9403
"/Engine/EngineMaterials/Substrate/Glints2/dict_0003_0076" 9404
"/Engine/EngineMaterials/Substrate/Glints2/dict_0003_0070" 9405
"/Engine/EngineMaterials/Substrate/Glints2/dict_0003_0077" 9406
"/Engine/EngineMaterials/Substrate/Glints2/dict_0003_0074" 9407
"../../../Engine/Content/EngineMaterials/Substrate/Glints2/dict_0003_0066.uasset" 9408
"../../../Engine/Content/EngineMaterials/Substrate/Glints2/dict_0003_0067.uasset" 9409
"/Engine/EngineMaterials/Substrate/Glints2/dict_0003_0078" 9410
"/Engine/EngineMaterials/Substrate/Glints2/dict_0003_0075" 9411
"../../../Engine/Content/EngineMaterials/Substrate/Glints2/dict_0003_0063.uasset" 9412
"/Engine/EngineMaterials/Substrate/Glints2/dict_0003_0071" 9413
"/Engine/EngineMaterials/Substrate/Glints2/dict_0003_0072" 9414
"/Engine/EngineMaterials/Substrate/Glints2/dict_0003_0063" 9415
"/Engine/EngineMaterials/Substrate/Glints2/dict_0003_0064" 9416
"/Engine/EngineMaterials/Substrate/Glints2/dict_0003_0065" 9417
"/Engine/EngineMaterials/Substrate/Glints2/dict_0003_0066" 9418
"../../../Engine/Content/EngineMaterials/Substrate/Glints2/dict_0003_0062.uasset" 9419
"/Engine/EngineMaterials/Substrate/Glints2/dict_0003_0067" 9420
"../../../Engine/Content/EngineMaterials/Substrate/Glints2/dict_0003_0061.uasset" 9421
"/Engine/EngineMaterials/Substrate/Glints2/dict_0003_0073" 9422
"/Engine/EngineMaterials/Substrate/Glints2/dict_0003_0061" 9423
"../../../Engine/Content/EngineMaterials/Substrate/Glints2/dict_0003_0069.uasset" 9424
"/Engine/EngineMaterials/Substrate/Glints2/dict_0003_0062" 9425
"/Engine/EngineMaterials/Substrate/Glints2/dict_0003_0069" 9426
"../../../Engine/Content/EngineMaterials/Substrate/Glints2/dict_0003_0059.uasset" 9427
"../../../Engine/Content/EngineMaterials/Substrate/Glints2/dict_0003_0058.uasset" 9428
"/Engine/EngineMaterials/Substrate/Glints2/dict_0003_0059" 9429
"../../../Engine/Content/EngineMaterials/Substrate/Glints2/dict_0003_0060.uasset" 9430
"/Engine/EngineMaterials/Substrate/Glints2/dict_0003_0058" 9431
"/Engine/EngineMaterials/Substrate/Glints2/dict_0003_0060" 9432
"../../../Engine/Content/EngineMaterials/Substrate/Glints2/dict_0003_0056.uasset" 9433
"../../../Engine/Content/EngineMaterials/Substrate/Glints2/dict_0003_0057.uasset" 9434
"../../../Engine/Content/EngineMaterials/Substrate/Glints2/dict_0003_0055.uasset" 9435
"../../../Engine/Content/EngineMaterials/Substrate/Glints2/dict_0003_0054.uasset" 9436
"../../../Engine/Content/EngineMaterials/Substrate/Glints2/dict_0003_0053.uasset" 9437
"../../../Engine/Content/EngineMaterials/Substrate/Glints2/dict_0003_0052.uasset" 9438
"../../../Engine/Content/EngineMaterials/Substrate/Glints2/dict_0003_0051.uasset" 9439
"../../../Engine/Content/EngineMaterials/Substrate/Glints2/dict_0003_0049.uasset" 9440
"../../../Engine/Content/EngineMaterials/Substrate/Glints2/dict_0003_0047.uasset" 9441
"../../../Engine/Content/EngineMaterials/Substrate/Glints2/dict_0003_0050.uasset" 9442
"../../../Engine/Content/EngineMaterials/Substrate/Glints2/dict_0003_0045.uasset" 9443
"../../../Engine/Content/EngineMaterials/Substrate/Glints2/dict_0003_0046.uasset" 9444
"../../../Engine/Content/EngineMaterials/Substrate/Glints2/dict_0003_0044.uasset" 9445
"../../../Engine/Content/EngineMaterials/Substrate/Glints2/dict_0003_0048.uasset" 9446
"/Engine/EngineMaterials/Substrate/Glints2/dict_0003_0052" 9447
"/Engine/EngineMaterials/Substrate/Glints2/dict_0003_0053" 9448
"../../../Engine/Content/EngineMaterials/Substrate/Glints2/dict_0003_0041.uasset" 9449
"../../../Engine/Content/EngineMaterials/Substrate/Glints2/dict_0003_0043.uasset" 9450
"/Engine/EngineMaterials/Substrate/Glints2/dict_0003_0054" 9451
"/Engine/EngineMaterials/Substrate/Glints2/dict_0003_0055" 9452
"/Engine/EngineMaterials/Substrate/Glints2/dict_0003_0056" 9453
"/Engine/EngineMaterials/Substrate/Glints2/dict_0003_0044" 9454
"/Engine/EngineMaterials/Substrate/Glints2/dict_0003_0057" 9455
"/Engine/EngineMaterials/Substrate/Glints2/dict_0003_0045" 9456
"/Engine/EngineMaterials/Substrate/Glints2/dict_0003_0049" 9457
"/Engine/EngineMaterials/Substrate/Glints2/dict_0003_0050" 9458
"../../../Engine/Content/EngineMaterials/Substrate/Glints2/dict_0003_0042.uasset" 9459
"../../../Engine/Content/EngineMaterials/Substrate/Glints2/dict_0003_0037.uasset" 9460
"../../../Engine/Content/EngineMaterials/Substrate/Glints2/dict_0003_0038.uasset" 9461
"/Engine/EngineMaterials/Substrate/Glints2/dict_0003_0046" 9462
"../../../Engine/Content/EngineMaterials/Substrate/Glints2/dict_0003_0033.uasset" 9463
"../../../Engine/Content/EngineMaterials/Substrate/Glints2/dict_0003_0039.uasset" 9464
"../../../Engine/Content/EngineMaterials/Substrate/Glints2/dict_0003_0034.uasset" 9465
"../../../Engine/Content/EngineMaterials/Substrate/Glints2/dict_0003_0040.uasset" 9466
"/Engine/EngineMaterials/Substrate/Glints2/dict_0003_0051" 9467
"../../../Engine/Content/EngineMaterials/Substrate/Glints2/dict_0003_0035.uasset" 9468
"../../../Engine/Content/EngineMaterials/Substrate/Glints2/dict_0003_0036.uasset" 9469
"/Engine/EngineMaterials/Substrate/Glints2/dict_0003_0047" 9470
"../../../Engine/Content/EngineMaterials/Substrate/Glints2/dict_0003_0032.uasset" 9471
"/Engine/EngineMaterials/Substrate/Glints2/dict_0003_0048" 9472
"/Engine/EngineMaterials/Substrate/Glints2/dict_0003_0038" 9473
"/Engine/EngineMaterials/Substrate/Glints2/dict_0003_0039" 9474
"../../../Engine/Content/EngineMaterials/Substrate/Glints2/dict_0003_0031.uasset" 9475
"../../../Engine/Content/EngineMaterials/Substrate/Glints2/dict_0003_0030.uasset" 9476
"/Engine/EngineMaterials/Substrate/Glints2/dict_0003_0032" 9477
"/Engine/EngineMaterials/Substrate/Glints2/dict_0003_0033" 9478
"/Engine/EngineMaterials/Substrate/Glints2/dict_0003_0034" 9479
"/Engine/EngineMaterials/Substrate/Glints2/dict_0003_0035" 9480
"/Engine/EngineMaterials/Substrate/Glints2/dict_0003_0036" 9481
"/Engine/EngineMaterials/Substrate/Glints2/dict_0003_0037" 9482
"/Engine/EngineMaterials/Substrate/Glints2/dict_0003_0040" 9483
"/Engine/EngineMaterials/Substrate/Glints2/dict_0003_0041" 9484
"/Engine/EngineMaterials/Substrate/Glints2/dict_0003_0042" 9485
"/Engine/EngineMaterials/Substrate/Glints2/dict_0003_0043" 9486
"/Engine/EngineMaterials/Substrate/Glints2/dict_0003_0030" 9487
"/Engine/EngineMaterials/Substrate/Glints2/dict_0003_0031" 9488
"../../../Engine/Content/EngineMaterials/Substrate/Glints2/dict_0003_0029.uasset" 9489
"../../../Engine/Content/EngineMaterials/Substrate/Glints2/dict_0003_0027.uasset" 9490
"../../../Engine/Content/EngineMaterials/Substrate/Glints2/dict_0003_0028.uasset" 9491
"../../../Engine/Content/EngineMaterials/Substrate/Glints2/dict_0003_0026.uasset" 9492
"../../../Engine/Content/EngineMaterials/Substrate/Glints2/dict_0003_0023.uasset" 9493
"../../../Engine/Content/EngineMaterials/Substrate/Glints2/dict_0003_0022.uasset" 9494
"../../../Engine/Content/EngineMaterials/Substrate/Glints2/dict_0003_0025.uasset" 9495
"../../../Engine/Content/EngineMaterials/Substrate/Glints2/dict_0003_0024.uasset" 9496
"../../../Engine/Content/EngineMaterials/Substrate/Glints2/dict_0003_0020.uasset" 9497
"../../../Engine/Content/EngineMaterials/Substrate/Glints2/dict_0003_0019.uasset" 9498
"/Engine/EngineMaterials/Substrate/Glints2/dict_0003_0027" 9499
"../../../Engine/Content/EngineMaterials/Substrate/Glints2/dict_0003_0018.uasset" 9500
"../../../Engine/Content/EngineMaterials/Substrate/Glints2/dict_0003_0021.uasset" 9501
"../../../Engine/Content/EngineMaterials/Substrate/Glints2/dict_0003_0017.uasset" 9502
"/Engine/EngineMaterials/Substrate/Glints2/dict_0003_0026" 9503
"/Engine/EngineMaterials/Substrate/Glints2/dict_0003_0029" 9504
"../../../Engine/Content/EngineMaterials/Substrate/Glints2/dict_0003_0016.uasset" 9505
"/Engine/EngineMaterials/Substrate/Glints2/dict_0003_0019" 9506
"../../../Engine/Content/EngineMaterials/Substrate/Glints2/dict_0003_0015.uasset" 9507
"/Engine/EngineMaterials/Substrate/Glints2/dict_0003_0020" 9508
"/Engine/EngineMaterials/Substrate/Glints2/dict_0003_0022" 9509
"/Engine/EngineMaterials/Substrate/Glints2/dict_0003_0023" 9510
"../../../Engine/Content/EngineMaterials/Substrate/Glints2/dict_0003_0014.uasset" 9511
"/Engine/EngineMaterials/Substrate/Glints2/dict_0003_0028" 9512
"/Engine/EngineMaterials/Substrate/Glints2/dict_0003_0024" 9513
"/Engine/EngineMaterials/Substrate/Glints2/dict_0003_0025" 9514
"../../../Engine/Content/EngineMaterials/Substrate/Glints2/dict_0003_0013.uasset" 9515
"/Engine/EngineMaterials/Substrate/Glints2/dict_0003_0013" 9516
"/Engine/EngineMaterials/Substrate/Glints2/dict_0003_0015" 9517
"/Engine/EngineMaterials/Substrate/Glints2/dict_0003_0016" 9518
"/Engine/EngineMaterials/Substrate/Glints2/dict_0003_0017" 9519
"/Engine/EngineMaterials/Substrate/Glints2/dict_0003_0018" 9520
"/Engine/EngineMaterials/Substrate/Glints2/dict_0003_0021" 9521
"/Engine/EngineMaterials/Substrate/Glints2/dict_0003_0014" 9522
"../../../Engine/Content/EngineMaterials/Substrate/Glints2/dict_0003_0010.uasset" 9523
"../../../Engine/Content/EngineMaterials/Substrate/Glints2/dict_0003_0012.uasset" 9524
"../../../Engine/Content/EngineMaterials/Substrate/Glints2/dict_0003_0009.uasset" 9525
"../../../Engine/Content/EngineMaterials/Substrate/Glints2/dict_0003_0011.uasset" 9526
"/Engine/EngineMaterials/Substrate/Glints2/dict_0003_0012" 9527
"/Engine/EngineMaterials/Substrate/Glints2/dict_0003_0009" 9528
"../../../Engine/Content/EngineMaterials/Substrate/Glints2/dict_0003_0007.uasset" 9529
"/Engine/EngineMaterials/Substrate/Glints2/dict_0003_0010" 9530
"/Engine/EngineMaterials/Substrate/Glints2/dict_0003_0011" 9531
"../../../Engine/Content/EngineMaterials/Substrate/Glints2/dict_0003_0008.uasset" 9532
"/Engine/EngineMaterials/Substrate/Glints2/dict_0003_0007" 9533
"/Engine/EngineMaterials/Substrate/Glints2/dict_0003_0008" 9534
"../../../Engine/Content/EngineMaterials/Substrate/Glints2/dict_0003_0006.uasset" 9535
"../../../Engine/Content/EngineMaterials/Substrate/Glints2/dict_0003_0004.uasset" 9536
"../../../Engine/Content/EngineMaterials/Substrate/Glints2/dict_0003_0005.uasset" 9537
"../../../Engine/Content/EngineMaterials/Substrate/Glints2/dict_0003_0001.uasset" 9538
"../../../Engine/Content/EngineMaterials/Substrate/Glints2/dict_0002_0255.uasset" 9539
"../../../Engine/Content/EngineMaterials/Substrate/Glints2/dict_0003_0002.uasset" 9540
"../../../Engine/Content/EngineMaterials/Substrate/Glints2/dict_0003_0003.uasset" 9541
"../../../Engine/Content/EngineMaterials/Substrate/Glints2/dict_0003_0000.uasset" 9542
"../../../Engine/Content/EngineMaterials/Substrate/Glints2/dict_0002_0251.uasset" 9543
"../../../Engine/Content/EngineMaterials/Substrate/Glints2/dict_0002_0252.uasset" 9544
"../../../Engine/Content/EngineMaterials/Substrate/Glints2/dict_0002_0254.uasset" 9545
"../../../Engine/Content/EngineMaterials/Substrate/Glints2/dict_0002_0249.uasset" 9546
"../../../Engine/Content/EngineMaterials/Substrate/Glints2/dict_0002_0246.uasset" 9547
"../../../Engine/Content/EngineMaterials/Substrate/Glints2/dict_0002_0247.uasset" 9548
"../../../Engine/Content/EngineMaterials/Substrate/Glints2/dict_0002_0250.uasset" 9549
"../../../Engine/Content/EngineMaterials/Substrate/Glints2/dict_0002_0248.uasset" 9550
"../../../Engine/Content/EngineMaterials/Substrate/Glints2/dict_0002_0243.uasset" 9551
"../../../Engine/Content/EngineMaterials/Substrate/Glints2/dict_0002_0241.uasset" 9552
"../../../Engine/Content/EngineMaterials/Substrate/Glints2/dict_0002_0242.uasset" 9553
"/Engine/EngineMaterials/Substrate/Glints2/dict_0003_0000" 9554
"../../../Engine/Content/EngineMaterials/Substrate/Glints2/dict_0002_0253.uasset" 9555
"../../../Engine/Content/EngineMaterials/Substrate/Glints2/dict_0002_0245.uasset" 9556
"/Engine/EngineMaterials/Substrate/Glints2/dict_0003_0001" 9557
"/Engine/EngineMaterials/Substrate/Glints2/dict_0002_0254" 9558
"/Engine/EngineMaterials/Substrate/Glints2/dict_0002_0255" 9559
"/Engine/EngineMaterials/Substrate/Glints2/dict_0003_0002" 9560
"../../../Engine/Content/EngineMaterials/Substrate/Glints2/dict_0002_0238.uasset" 9561
"../../../Engine/Content/EngineMaterials/Substrate/Glints2/dict_0002_0240.uasset" 9562
"/Engine/EngineMaterials/Substrate/Glints2/dict_0003_0003" 9563
"/Engine/EngineMaterials/Substrate/Glints2/dict_0003_0004" 9564
"../../../Engine/Content/EngineMaterials/Substrate/Glints2/dict_0002_0239.uasset" 9565
"/Engine/EngineMaterials/Substrate/Glints2/dict_0003_0005" 9566
"/Engine/EngineMaterials/Substrate/Glints2/dict_0003_0006" 9567
"/Engine/EngineMaterials/Substrate/Glints2/dict_0002_0246" 9568
"/Engine/EngineMaterials/Substrate/Glints2/dict_0002_0241" 9569
"/Engine/EngineMaterials/Substrate/Glints2/dict_0002_0242" 9570
"../../../Engine/Content/EngineMaterials/Substrate/Glints2/dict_0002_0244.uasset" 9571
"/Engine/EngineMaterials/Substrate/Glints2/dict_0002_0247" 9572
"/Engine/EngineMaterials/Substrate/Glints2/dict_0002_0248" 9573
"../../../Engine/Content/EngineMaterials/Substrate/Glints2/dict_0002_0233.uasset" 9574
"../../../Engine/Content/EngineMaterials/Substrate/Glints2/dict_0002_0235.uasset" 9575
"../../../Engine/Content/EngineMaterials/Substrate/Glints2/dict_0002_0234.uasset" 9576
"../../../Engine/Content/EngineMaterials/Substrate/Glints2/dict_0002_0231.uasset" 9577
"/Engine/EngineMaterials/Substrate/Glints2/dict_0002_0243" 9578
"../../../Engine/Content/EngineMaterials/Substrate/Glints2/dict_0002_0232.uasset" 9579
"/Engine/EngineMaterials/Substrate/Glints2/dict_0002_0249" 9580
"../../../Engine/Content/EngineMaterials/Substrate/Glints2/dict_0002_0237.uasset" 9581
"/Engine/EngineMaterials/Substrate/Glints2/dict_0002_0250" 9582
"/Engine/EngineMaterials/Substrate/Glints2/dict_0002_0251" 9583
"/Engine/EngineMaterials/Substrate/Glints2/dict_0002_0252" 9584
"/Engine/EngineMaterials/Substrate/Glints2/dict_0002_0233" 9585
"/Engine/EngineMaterials/Substrate/Glints2/dict_0002_0238" 9586
"/Engine/EngineMaterials/Substrate/Glints2/dict_0002_0237" 9587
"/Engine/EngineMaterials/Substrate/Glints2/dict_0002_0239" 9588
"/Engine/EngineMaterials/Substrate/Glints2/dict_0002_0240" 9589
"/Engine/EngineMaterials/Substrate/Glints2/dict_0002_0244" 9590
"/Engine/EngineMaterials/Substrate/Glints2/dict_0002_0245" 9591
"../../../Engine/Content/EngineMaterials/Substrate/Glints2/dict_0002_0236.uasset" 9592
"/Engine/EngineMaterials/Substrate/Glints2/dict_0002_0232" 9593
"/Engine/EngineMaterials/Substrate/Glints2/dict_0002_0231" 9594
"/Engine/EngineMaterials/Substrate/Glints2/dict_0002_0234" 9595
"/Engine/EngineMaterials/Substrate/Glints2/dict_0002_0235" 9596
"/Engine/EngineMaterials/Substrate/Glints2/dict_0002_0253" 9597
"/Engine/EngineMaterials/Substrate/Glints2/dict_0002_0236" 9598
"../../../Engine/Content/EngineMaterials/Substrate/Glints2/dict_0002_0229.uasset" 9599
"../../../Engine/Content/EngineMaterials/Substrate/Glints2/dict_0002_0230.uasset" 9600
"../../../Engine/Content/EngineMaterials/Substrate/Glints2/dict_0002_0228.uasset" 9601
"../../../Engine/Content/EngineMaterials/Substrate/Glints2/dict_0002_0227.uasset" 9602
"../../../Engine/Content/EngineMaterials/Substrate/Glints2/dict_0002_0226.uasset" 9603
"/Engine/EngineMaterials/Substrate/Glints2/dict_0002_0226" 9604
"../../../Engine/Content/EngineMaterials/Substrate/Glints2/dict_0002_0225.uasset" 9605
"../../../Engine/Content/EngineMaterials/Substrate/Glints2/dict_0002_0223.uasset" 9606
"/Engine/EngineMaterials/Substrate/Glints2/dict_0002_0227" 9607
"../../../Engine/Content/EngineMaterials/Substrate/Glints2/dict_0002_0224.uasset" 9608
"/Engine/EngineMaterials/Substrate/Glints2/dict_0002_0228" 9609
"/Engine/EngineMaterials/Substrate/Glints2/dict_0002_0229" 9610
"/Engine/EngineMaterials/Substrate/Glints2/dict_0002_0230" 9611
"/Engine/EngineMaterials/Substrate/Glints2/dict_0002_0223" 9612
"/Engine/EngineMaterials/Substrate/Glints2/dict_0002_0224" 9613
"/Engine/EngineMaterials/Substrate/Glints2/dict_0002_0225" 9614
"../../../Engine/Content/EngineMaterials/Substrate/Glints2/dict_0002_0222.uasset" 9615
"../../../Engine/Content/EngineMaterials/Substrate/Glints2/dict_0002_0221.uasset" 9616
"../../../Engine/Content/EngineMaterials/Substrate/Glints2/dict_0002_0220.uasset" 9617
"../../../Engine/Content/EngineMaterials/Substrate/Glints2/dict_0002_0217.uasset" 9618
"../../../Engine/Content/EngineMaterials/Substrate/Glints2/dict_0002_0219.uasset" 9619
"../../../Engine/Content/EngineMaterials/Substrate/Glints2/dict_0002_0218.uasset" 9620
"../../../Engine/Content/EngineMaterials/Substrate/Glints2/dict_0002_0216.uasset" 9621
"/Engine/EngineMaterials/Substrate/Glints2/dict_0002_0216" 9622
"../../../Engine/Content/EngineMaterials/Substrate/Glints2/dict_0002_0215.uasset" 9623
"/Engine/EngineMaterials/Substrate/Glints2/dict_0002_0217" 9624
"../../../Engine/Content/EngineMaterials/Substrate/Glints2/dict_0002_0214.uasset" 9625
"/Engine/EngineMaterials/Substrate/Glints2/dict_0002_0218" 9626
"../../../Engine/Content/EngineMaterials/Substrate/Glints2/dict_0002_0213.uasset" 9627
"/Engine/EngineMaterials/Substrate/Glints2/dict_0002_0219" 9628
"/Engine/EngineMaterials/Substrate/Glints2/dict_0002_0220" 9629
"/Engine/EngineMaterials/Substrate/Glints2/dict_0002_0221" 9630
"/Engine/EngineMaterials/Substrate/Glints2/dict_0002_0222" 9631
"/Engine/EngineMaterials/Substrate/Glints2/dict_0002_0213" 9632
"../../../Engine/Content/EngineMaterials/Substrate/Glints2/dict_0002_0212.uasset" 9633
"../../../Engine/Content/EngineMaterials/Substrate/Glints2/dict_0002_0210.uasset" 9634
"/Engine/EngineMaterials/Substrate/Glints2/dict_0002_0214" 9635
"/Engine/EngineMaterials/Substrate/Glints2/dict_0002_0215" 9636
"../../../Engine/Content/EngineMaterials/Substrate/Glints2/dict_0002_0211.uasset" 9637
"/Engine/EngineMaterials/Substrate/Glints2/dict_0002_0212" 9638
"/Engine/EngineMaterials/Substrate/Glints2/dict_0002_0210" 9639
"/Engine/EngineMaterials/Substrate/Glints2/dict_0002_0211" 9640
"../../../Engine/Content/EngineMaterials/Substrate/Glints2/dict_0002_0209.uasset" 9641
"../../../Engine/Content/EngineMaterials/Substrate/Glints2/dict_0002_0208.uasset" 9642
"/Engine/EngineMaterials/Substrate/Glints2/dict_0002_0209" 9643
"/Engine/EngineMaterials/Substrate/Glints2/dict_0002_0208" 9644
"../../../Engine/Content/EngineMaterials/Substrate/Glints2/dict_0002_0207.uasset" 9645
"../../../Engine/Content/EngineMaterials/Substrate/Glints2/dict_0002_0205.uasset" 9646
"../../../Engine/Content/EngineMaterials/Substrate/Glints2/dict_0002_0203.uasset" 9647
"../../../Engine/Content/EngineMaterials/Substrate/Glints2/dict_0002_0204.uasset" 9648
"../../../Engine/Content/EngineMaterials/Substrate/Glints2/dict_0002_0206.uasset" 9649
"../../../Engine/Content/EngineMaterials/Substrate/Glints2/dict_0002_0202.uasset" 9650
"../../../Engine/Content/EngineMaterials/Substrate/Glints2/dict_0002_0201.uasset" 9651
"../../../Engine/Content/EngineMaterials/Substrate/Glints2/dict_0002_0200.uasset" 9652
"/Engine/EngineMaterials/Substrate/Glints2/dict_0002_0200" 9653
"../../../Engine/Content/EngineMaterials/Substrate/Glints2/dict_0002_0199.uasset" 9654
"/Engine/EngineMaterials/Substrate/Glints2/dict_0002_0201" 9655
"/Engine/EngineMaterials/Substrate/Glints2/dict_0002_0202" 9656
"/Engine/EngineMaterials/Substrate/Glints2/dict_0002_0203" 9657
"../../../Engine/Content/EngineMaterials/Substrate/Glints2/dict_0002_0194.uasset" 9658
"/Engine/EngineMaterials/Substrate/Glints2/dict_0002_0204" 9659
"../../../Engine/Content/EngineMaterials/Substrate/Glints2/dict_0002_0196.uasset" 9660
"../../../Engine/Content/EngineMaterials/Substrate/Glints2/dict_0002_0195.uasset" 9661
"../../../Engine/Content/EngineMaterials/Substrate/Glints2/dict_0002_0192.uasset" 9662
"/Engine/EngineMaterials/Substrate/Glints2/dict_0002_0205" 9663
"../../../Engine/Content/EngineMaterials/Substrate/Glints2/dict_0002_0198.uasset" 9664
"../../../Engine/Content/EngineMaterials/Substrate/Glints2/dict_0002_0191.uasset" 9665
"/Engine/EngineMaterials/Substrate/Glints2/dict_0002_0206" 9666
"/Engine/EngineMaterials/Substrate/Glints2/dict_0002_0207" 9667
"/Engine/EngineMaterials/Substrate/Glints2/dict_0002_0199" 9668
"../../../Engine/Content/EngineMaterials/Substrate/Glints2/dict_0002_0190.uasset" 9669
"../../../Engine/Content/EngineMaterials/Substrate/Glints2/dict_0002_0197.uasset" 9670
"/Engine/EngineMaterials/Substrate/Glints2/dict_0002_0191" 9671
"/Engine/EngineMaterials/Substrate/Glints2/dict_0002_0192" 9672
"/Engine/EngineMaterials/Substrate/Glints2/dict_0002_0194" 9673
"/Engine/EngineMaterials/Substrate/Glints2/dict_0002_0195" 9674
"/Engine/EngineMaterials/Substrate/Glints2/dict_0002_0196" 9675
"/Engine/EngineMaterials/Substrate/Glints2/dict_0002_0198" 9676
"/Engine/EngineMaterials/Substrate/Glints2/dict_0002_0190" 9677
"/Engine/EngineMaterials/Substrate/Glints2/dict_0002_0197" 9678
"../../../Engine/Content/EngineMaterials/Substrate/Glints2/dict_0002_0193.uasset" 9679
"../../../Engine/Content/EngineMaterials/Substrate/Glints2/dict_0002_0189.uasset" 9680
"../../../Engine/Content/EngineMaterials/Substrate/Glints2/dict_0002_0188.uasset" 9681
"../../../Engine/Content/EngineMaterials/Substrate/Glints2/dict_0002_0187.uasset" 9682
"../../../Engine/Content/EngineMaterials/Substrate/Glints2/dict_0002_0186.uasset" 9683
"../../../Engine/Content/EngineMaterials/Substrate/Glints2/dict_0002_0185.uasset" 9684
"../../../Engine/Content/EngineMaterials/Substrate/Glints2/dict_0002_0184.uasset" 9685
"../../../Engine/Content/EngineMaterials/Substrate/Glints2/dict_0002_0183.uasset" 9686
"../../../Engine/Content/EngineMaterials/Substrate/Glints2/dict_0002_0182.uasset" 9687
"../../../Engine/Content/EngineMaterials/Substrate/Glints2/dict_0002_0181.uasset" 9688
"../../../Engine/Content/EngineMaterials/Substrate/Glints2/dict_0002_0180.uasset" 9689
"../../../Engine/Content/EngineMaterials/Substrate/Glints2/dict_0002_0179.uasset" 9690
"../../../Engine/Content/EngineMaterials/Substrate/Glints2/dict_0002_0178.uasset" 9691
"../../../Engine/Content/EngineMaterials/Substrate/Glints2/dict_0002_0176.uasset" 9692
"../../../Engine/Content/EngineMaterials/Substrate/Glints2/dict_0002_0177.uasset" 9693
"/Engine/EngineMaterials/Substrate/Glints2/dict_0002_0181" 9694
"../../../Engine/Content/EngineMaterials/Substrate/Glints2/dict_0002_0175.uasset" 9695
"../../../Engine/Content/EngineMaterials/Substrate/Glints2/dict_0002_0174.uasset" 9696
"../../../Engine/Content/EngineMaterials/Substrate/Glints2/dict_0002_0173.uasset" 9697
"/Engine/EngineMaterials/Substrate/Glints2/dict_0002_0182" 9698
"../../../Engine/Content/EngineMaterials/Substrate/Glints2/dict_0002_0172.uasset" 9699
"/Engine/EngineMaterials/Substrate/Glints2/dict_0002_0183" 9700
"/Engine/EngineMaterials/Substrate/Glints2/dict_0002_0184" 9701
"/Engine/EngineMaterials/Substrate/Glints2/dict_0002_0185" 9702
"/Engine/EngineMaterials/Substrate/Glints2/dict_0002_0186" 9703
"/Engine/EngineMaterials/Substrate/Glints2/dict_0002_0187" 9704
"/Engine/EngineMaterials/Substrate/Glints2/dict_0002_0188" 9705
"/Engine/EngineMaterials/Substrate/Glints2/dict_0002_0189" 9706
"/Engine/EngineMaterials/Substrate/Glints2/dict_0002_0179" 9707
"/Engine/EngineMaterials/Substrate/Glints2/dict_0002_0193" 9708
"../../../Engine/Content/EngineMaterials/Substrate/Glints2/dict_0002_0171.uasset" 9709
"/Engine/EngineMaterials/Substrate/Glints2/dict_0002_0180" 9710
"../../../Engine/Content/EngineMaterials/Substrate/Glints2/dict_0002_0167.uasset" 9711
"/Engine/EngineMaterials/Substrate/Glints2/dict_0002_0178" 9712
"../../../Engine/Content/EngineMaterials/Substrate/Glints2/dict_0002_0166.uasset" 9713
"../../../Engine/Content/EngineMaterials/Substrate/Glints2/dict_0002_0164.uasset" 9714
"/Engine/EngineMaterials/Substrate/Glints2/dict_0002_0171" 9715
"../../../Engine/Content/EngineMaterials/Substrate/Glints2/dict_0002_0169.uasset" 9716
"/Engine/EngineMaterials/Substrate/Glints2/dict_0002_0172" 9717
"/Engine/EngineMaterials/Substrate/Glints2/dict_0002_0173" 9718
"/Engine/EngineMaterials/Substrate/Glints2/dict_0002_0174" 9719
"../../../Engine/Content/EngineMaterials/Substrate/Glints2/dict_0002_0170.uasset" 9720
"/Engine/EngineMaterials/Substrate/Glints2/dict_0002_0175" 9721
"/Engine/EngineMaterials/Substrate/Glints2/dict_0002_0176" 9722
"../../../Engine/Content/EngineMaterials/Substrate/Glints2/dict_0002_0162.uasset" 9723
"../../../Engine/Content/EngineMaterials/Substrate/Glints2/dict_0002_0168.uasset" 9724
"/Engine/EngineMaterials/Substrate/Glints2/dict_0002_0177" 9725
"../../../Engine/Content/EngineMaterials/Substrate/Glints2/dict_0002_0165.uasset" 9726
"../../../Engine/Content/EngineMaterials/Substrate/Glints2/dict_0002_0163.uasset" 9727
"/Engine/EngineMaterials/Substrate/Glints2/dict_0002_0168" 9728
"/Engine/EngineMaterials/Substrate/Glints2/dict_0002_0169" 9729
"/Engine/EngineMaterials/Substrate/Glints2/dict_0002_0170" 9730
"/Engine/EngineMaterials/Substrate/Glints2/dict_0002_0162" 9731
"/Engine/EngineMaterials/Substrate/Glints2/dict_0002_0163" 9732
"/Engine/EngineMaterials/Substrate/Glints2/dict_0002_0164" 9733
"/Engine/EngineMaterials/Substrate/Glints2/dict_0002_0165" 9734
"/Engine/EngineMaterials/Substrate/Glints2/dict_0002_0166" 9735
"/Engine/EngineMaterials/Substrate/Glints2/dict_0002_0167" 9736
"../../../Engine/Content/EngineMaterials/Substrate/Glints2/dict_0002_0159.uasset" 9737
"../../../Engine/Content/EngineMaterials/Substrate/Glints2/dict_0002_0160.uasset" 9738
"../../../Engine/Content/EngineMaterials/Substrate/Glints2/dict_0002_0158.uasset" 9739
"../../../Engine/Content/EngineMaterials/Substrate/Glints2/dict_0002_0161.uasset" 9740
"../../../Engine/Content/EngineMaterials/Substrate/Glints2/dict_0002_0157.uasset" 9741
"../../../Engine/Content/EngineMaterials/Substrate/Glints2/dict_0002_0152.uasset" 9742
"../../../Engine/Content/EngineMaterials/Substrate/Glints2/dict_0002_0153.uasset" 9743
"../../../Engine/Content/EngineMaterials/Substrate/Glints2/dict_0002_0154.uasset" 9744
"../../../Engine/Content/EngineMaterials/Substrate/Glints2/dict_0002_0156.uasset" 9745
"../../../Engine/Content/EngineMaterials/Substrate/Glints2/dict_0002_0155.uasset" 9746
"/Engine/EngineMaterials/Substrate/Glints2/dict_0002_0152" 9747
"/Engine/EngineMaterials/Substrate/Glints2/dict_0002_0153" 9748
"/Engine/EngineMaterials/Substrate/Glints2/dict_0002_0154" 9749
"../../../Engine/Content/EngineMaterials/Substrate/Glints2/dict_0002_0147.uasset" 9750
"/Engine/EngineMaterials/Substrate/Glints2/dict_0002_0155" 9751
"/Engine/EngineMaterials/Substrate/Glints2/dict_0002_0156" 9752
"../../../Engine/Content/EngineMaterials/Substrate/Glints2/dict_0002_0148.uasset" 9753
"../../../Engine/Content/EngineMaterials/Substrate/Glints2/dict_0002_0149.uasset" 9754
"../../../Engine/Content/EngineMaterials/Substrate/Glints2/dict_0002_0150.uasset" 9755
"/Engine/EngineMaterials/Substrate/Glints2/dict_0002_0161" 9756
"../../../Engine/Content/EngineMaterials/Substrate/Glints2/dict_0002_0151.uasset" 9757
"../../../Engine/Content/EngineMaterials/Substrate/Glints2/dict_0002_0146.uasset" 9758
"/Engine/EngineMaterials/Substrate/Glints2/dict_0002_0159" 9759
"/Engine/EngineMaterials/Substrate/Glints2/dict_0002_0157" 9760
"/Engine/EngineMaterials/Substrate/Glints2/dict_0002_0160" 9761
"/Engine/EngineMaterials/Substrate/Glints2/dict_0002_0158" 9762
"/Engine/EngineMaterials/Substrate/Glints2/dict_0002_0147" 9763
"/Engine/EngineMaterials/Substrate/Glints2/dict_0002_0148" 9764
"/Engine/EngineMaterials/Substrate/Glints2/dict_0002_0149" 9765
"/Engine/EngineMaterials/Substrate/Glints2/dict_0002_0150" 9766
"/Engine/EngineMaterials/Substrate/Glints2/dict_0002_0151" 9767
"../../../Engine/Content/EngineMaterials/Substrate/Glints2/dict_0002_0141.uasset" 9768
"/Engine/EngineMaterials/Substrate/Glints2/dict_0002_0146" 9769
"../../../Engine/Content/EngineMaterials/Substrate/Glints2/dict_0002_0144.uasset" 9770
"/Engine/EngineMaterials/Substrate/Glints2/dict_0002_0141" 9771
"/Engine/EngineMaterials/Substrate/Glints2/dict_0002_0144" 9772
"../../../Engine/Content/EngineMaterials/Substrate/Glints2/dict_0002_0142.uasset" 9773
"../../../Engine/Content/EngineMaterials/Substrate/Glints2/dict_0002_0143.uasset" 9774
"../../../Engine/Content/EngineMaterials/Substrate/Glints2/dict_0002_0140.uasset" 9775
"../../../Engine/Content/EngineMaterials/Substrate/Glints2/dict_0002_0145.uasset" 9776
"../../../Engine/Content/EngineMaterials/Substrate/Glints2/dict_0002_0138.uasset" 9777
"../../../Engine/Content/EngineMaterials/Substrate/Glints2/dict_0002_0139.uasset" 9778
"../../../Engine/Content/EngineMaterials/Substrate/Glints2/dict_0002_0135.uasset" 9779
"../../../Engine/Content/EngineMaterials/Substrate/Glints2/dict_0002_0136.uasset" 9780
"../../../Engine/Content/EngineMaterials/Substrate/Glints2/dict_0002_0137.uasset" 9781
"../../../Engine/Content/EngineMaterials/Substrate/Glints2/dict_0002_0133.uasset" 9782
"../../../Engine/Content/EngineMaterials/Substrate/Glints2/dict_0002_0131.uasset" 9783
"../../../Engine/Content/EngineMaterials/Substrate/Glints2/dict_0002_0129.uasset" 9784
"../../../Engine/Content/EngineMaterials/Substrate/Glints2/dict_0002_0134.uasset" 9785
"../../../Engine/Content/EngineMaterials/Substrate/Glints2/dict_0002_0126.uasset" 9786
"../../../Engine/Content/EngineMaterials/Substrate/Glints2/dict_0002_0128.uasset" 9787
"../../../Engine/Content/EngineMaterials/Substrate/Glints2/dict_0002_0127.uasset" 9788
"../../../Engine/Content/EngineMaterials/Substrate/Glints2/dict_0002_0132.uasset" 9789
"../../../Engine/Content/EngineMaterials/Substrate/Glints2/dict_0002_0123.uasset" 9790
"../../../Engine/Content/EngineMaterials/Substrate/Glints2/dict_0002_0125.uasset" 9791
"../../../Engine/Content/EngineMaterials/Substrate/Glints2/dict_0002_0122.uasset" 9792
"../../../Engine/Content/EngineMaterials/Substrate/Glints2/dict_0002_0124.uasset" 9793
"/Engine/EngineMaterials/Substrate/Glints2/dict_0002_0139" 9794
"/Engine/EngineMaterials/Substrate/Glints2/dict_0002_0131" 9795
"../../../Engine/Content/EngineMaterials/Substrate/Glints2/dict_0002_0130.uasset" 9796
"/Engine/EngineMaterials/Substrate/Glints2/dict_0002_0132" 9797
"/Engine/EngineMaterials/Substrate/Glints2/dict_0002_0140" 9798
"/Engine/EngineMaterials/Substrate/Glints2/dict_0002_0142" 9799
"/Engine/EngineMaterials/Substrate/Glints2/dict_0002_0143" 9800
"/Engine/EngineMaterials/Substrate/Glints2/dict_0002_0145" 9801
"/Engine/EngineMaterials/Substrate/Glints2/dict_0002_0123" 9802
"/Engine/EngineMaterials/Substrate/Glints2/dict_0002_0126" 9803
"../../../Engine/Content/EngineMaterials/Substrate/Glints2/dict_0002_0121.uasset" 9804
"/Engine/EngineMaterials/Substrate/Glints2/dict_0002_0133" 9805
"../../../Engine/Content/EngineMaterials/Substrate/Glints2/dict_0002_0115.uasset" 9806
"/Engine/EngineMaterials/Substrate/Glints2/dict_0002_0134" 9807
"../../../Engine/Content/EngineMaterials/Substrate/Glints2/dict_0002_0118.uasset" 9808
"../../../Engine/Content/EngineMaterials/Substrate/Glints2/dict_0002_0117.uasset" 9809
"../../../Engine/Content/EngineMaterials/Substrate/Glints2/dict_0002_0114.uasset" 9810
"/Engine/EngineMaterials/Substrate/Glints2/dict_0002_0127" 9811
"../../../Engine/Content/EngineMaterials/Substrate/Glints2/dict_0002_0119.uasset" 9812
"/Engine/EngineMaterials/Substrate/Glints2/dict_0002_0135" 9813
"/Engine/EngineMaterials/Substrate/Glints2/dict_0002_0136" 9814
"../../../Engine/Content/EngineMaterials/Substrate/Glints2/dict_0002_0120.uasset" 9815
"/Engine/EngineMaterials/Substrate/Glints2/dict_0002_0137" 9816
"../../../Engine/Content/EngineMaterials/Substrate/Glints2/dict_0002_0112.uasset" 9817
"/Engine/EngineMaterials/Substrate/Glints2/dict_0002_0128" 9818
"../../../Engine/Content/EngineMaterials/Substrate/Glints2/dict_0002_0116.uasset" 9819
"/Engine/EngineMaterials/Substrate/Glints2/dict_0002_0138" 9820
"/Engine/EngineMaterials/Substrate/Glints2/dict_0002_0129" 9821
"/Engine/EngineMaterials/Substrate/Glints2/dict_0002_0130" 9822
"/Engine/EngineMaterials/Substrate/Glints2/dict_0002_0114" 9823
"/Engine/EngineMaterials/Substrate/Glints2/dict_0002_0112" 9824
"/Engine/EngineMaterials/Substrate/Glints2/dict_0002_0115" 9825
"/Engine/EngineMaterials/Substrate/Glints2/dict_0002_0116" 9826
"/Engine/EngineMaterials/Substrate/Glints2/dict_0002_0117" 9827
"/Engine/EngineMaterials/Substrate/Glints2/dict_0002_0118" 9828
"/Engine/EngineMaterials/Substrate/Glints2/dict_0002_0120" 9829
"/Engine/EngineMaterials/Substrate/Glints2/dict_0002_0121" 9830
"/Engine/EngineMaterials/Substrate/Glints2/dict_0002_0122" 9831
"/Engine/EngineMaterials/Substrate/Glints2/dict_0002_0119" 9832
"../../../Engine/Content/EngineMaterials/Substrate/Glints2/dict_0002_0113.uasset" 9833
"/Engine/EngineMaterials/Substrate/Glints2/dict_0002_0124" 9834
"/Engine/EngineMaterials/Substrate/Glints2/dict_0002_0125" 9835
"/Engine/EngineMaterials/Substrate/Glints2/dict_0002_0113" 9836
"../../../Engine/Content/EngineMaterials/Substrate/Glints2/dict_0002_0111.uasset" 9837
"../../../Engine/Content/EngineMaterials/Substrate/Glints2/dict_0002_0110.uasset" 9838
"../../../Engine/Content/EngineMaterials/Substrate/Glints2/dict_0002_0108.uasset" 9839
"../../../Engine/Content/EngineMaterials/Substrate/Glints2/dict_0002_0109.uasset" 9840
"../../../Engine/Content/EngineMaterials/Substrate/Glints2/dict_0002_0107.uasset" 9841
"/Engine/EngineMaterials/Substrate/Glints2/dict_0002_0108" 9842
"/Engine/EngineMaterials/Substrate/Glints2/dict_0002_0109" 9843
"/Engine/EngineMaterials/Substrate/Glints2/dict_0002_0110" 9844
"../../../Engine/Content/EngineMaterials/Substrate/Glints2/dict_0002_0106.uasset" 9845
"/Engine/EngineMaterials/Substrate/Glints2/dict_0002_0111" 9846
"../../../Engine/Content/EngineMaterials/Substrate/Glints2/dict_0002_0105.uasset" 9847
"../../../Engine/Content/EngineMaterials/Substrate/Glints2/dict_0002_0104.uasset" 9848
"/Engine/EngineMaterials/Substrate/Glints2/dict_0002_0105" 9849
"/Engine/EngineMaterials/Substrate/Glints2/dict_0002_0106" 9850
"/Engine/EngineMaterials/Substrate/Glints2/dict_0002_0107" 9851
"/Engine/EngineMaterials/Substrate/Glints2/dict_0002_0104" 9852
"../../../Engine/Content/EngineMaterials/Substrate/Glints2/dict_0002_0103.uasset" 9853
"../../../Engine/Content/EngineMaterials/Substrate/Glints2/dict_0002_0102.uasset" 9854
"../../../Engine/Content/EngineMaterials/Substrate/Glints2/dict_0002_0101.uasset" 9855
"../../../Engine/Content/EngineMaterials/Substrate/Glints2/dict_0002_0099.uasset" 9856
"../../../Engine/Content/EngineMaterials/Substrate/Glints2/dict_0002_0100.uasset" 9857
"../../../Engine/Content/EngineMaterials/Substrate/Glints2/dict_0002_0098.uasset" 9858
"/Engine/EngineMaterials/Substrate/Glints2/dict_0002_0098" 9859
"../../../Engine/Content/EngineMaterials/Substrate/Glints2/dict_0002_0097.uasset" 9860
"/Engine/EngineMaterials/Substrate/Glints2/dict_0002_0099" 9861
"../../../Engine/Content/EngineMaterials/Substrate/Glints2/dict_0002_0096.uasset" 9862
"/Engine/EngineMaterials/Substrate/Glints2/dict_0002_0100" 9863
"/Engine/EngineMaterials/Substrate/Glints2/dict_0002_0101" 9864
"../../../Engine/Content/EngineMaterials/Substrate/Glints2/dict_0002_0095.uasset" 9865
"../../../Engine/Content/EngineMaterials/Substrate/Glints2/dict_0002_0091.uasset" 9866
"../../../Engine/Content/EngineMaterials/Substrate/Glints2/dict_0002_0094.uasset" 9867
"../../../Engine/Content/EngineMaterials/Substrate/Glints2/dict_0002_0093.uasset" 9868
"/Engine/EngineMaterials/Substrate/Glints2/dict_0002_0102" 9869
"../../../Engine/Content/EngineMaterials/Substrate/Glints2/dict_0002_0092.uasset" 9870
"/Engine/EngineMaterials/Substrate/Glints2/dict_0002_0103" 9871
"../../../Engine/Content/EngineMaterials/Substrate/Glints2/dict_0002_0090.uasset" 9872
"../../../Engine/Content/EngineMaterials/Substrate/Glints2/dict_0002_0089.uasset" 9873
"../../../Engine/Content/EngineMaterials/Substrate/Glints2/dict_0002_0088.uasset" 9874
"/Engine/EngineMaterials/Substrate/Glints2/dict_0002_0094" 9875
"/Engine/EngineMaterials/Substrate/Glints2/dict_0002_0095" 9876
"../../../Engine/Content/EngineMaterials/Substrate/Glints2/dict_0002_0087.uasset" 9877
"/Engine/EngineMaterials/Substrate/Glints2/dict_0002_0096" 9878
"/Engine/EngineMaterials/Substrate/Glints2/dict_0002_0097" 9879
"../../../Engine/Content/EngineMaterials/Substrate/Glints2/dict_0002_0086.uasset" 9880
"../../../Engine/Content/EngineMaterials/Substrate/Glints2/dict_0002_0084.uasset" 9881
"../../../Engine/Content/EngineMaterials/Substrate/Glints2/dict_0002_0085.uasset" 9882
"/Engine/EngineMaterials/Substrate/Glints2/dict_0002_0090" 9883
"../../../Engine/Content/EngineMaterials/Substrate/Glints2/dict_0002_0082.uasset" 9884
"/Engine/EngineMaterials/Substrate/Glints2/dict_0002_0091" 9885
"../../../Engine/Content/EngineMaterials/Substrate/Glints2/dict_0002_0081.uasset" 9886
"../../../Engine/Content/EngineMaterials/Substrate/Glints2/dict_0002_0079.uasset" 9887
"../../../Engine/Content/EngineMaterials/Substrate/Glints2/dict_0002_0083.uasset" 9888
"/Engine/EngineMaterials/Substrate/Glints2/dict_0002_0092" 9889
"/Engine/EngineMaterials/Substrate/Glints2/dict_0002_0093" 9890
"../../../Engine/Content/EngineMaterials/Substrate/Glints2/dict_0002_0078.uasset" 9891
"/Engine/EngineMaterials/Substrate/Glints2/dict_0002_0081" 9892
"/Engine/EngineMaterials/Substrate/Glints2/dict_0002_0082" 9893
"/Engine/EngineMaterials/Substrate/Glints2/dict_0002_0083" 9894
"/Engine/EngineMaterials/Substrate/Glints2/dict_0002_0084" 9895
"/Engine/EngineMaterials/Substrate/Glints2/dict_0002_0085" 9896
"/Engine/EngineMaterials/Substrate/Glints2/dict_0002_0086" 9897
"/Engine/EngineMaterials/Substrate/Glints2/dict_0002_0087" 9898
"/Engine/EngineMaterials/Substrate/Glints2/dict_0002_0088" 9899
"/Engine/EngineMaterials/Substrate/Glints2/dict_0002_0089" 9900
"../../../Engine/Content/EngineMaterials/Substrate/Glints2/dict_0002_0076.uasset" 9901
"../../../Engine/Content/EngineMaterials/Substrate/Glints2/dict_0002_0075.uasset" 9902
"../../../Engine/Content/EngineMaterials/Substrate/Glints2/dict_0002_0074.uasset" 9903
"/Engine/EngineMaterials/Substrate/Glints2/dict_0002_0079" 9904
"/Engine/EngineMaterials/Substrate/Glints2/dict_0002_0074" 9905
"/Engine/EngineMaterials/Substrate/Glints2/dict_0002_0075" 9906
"/Engine/EngineMaterials/Substrate/Glints2/dict_0002_0076" 9907
"/Engine/EngineMaterials/Substrate/Glints2/dict_0002_0078" 9908
"../../../Engine/Content/EngineMaterials/Substrate/Glints2/dict_0002_0071.uasset" 9909
"../../../Engine/Content/EngineMaterials/Substrate/Glints2/dict_0002_0069.uasset" 9910
"/Engine/EngineMaterials/Substrate/Glints2/dict_0002_0069" 9911
"../../../Engine/Content/EngineMaterials/Substrate/Glints2/dict_0002_0072.uasset" 9912
"../../../Engine/Content/EngineMaterials/Substrate/Glints2/dict_0002_0070.uasset" 9913
"/Engine/EngineMaterials/Substrate/Glints2/dict_0002_0071" 9914
"/Engine/EngineMaterials/Substrate/Glints2/dict_0002_0070" 9915
"/Engine/EngineMaterials/Substrate/Glints2/dict_0002_0072" 9916
"../../../Engine/Content/EngineMaterials/Substrate/Glints2/dict_0002_0080.uasset" 9917
"../../../Engine/Content/EngineMaterials/Substrate/Glints2/dict_0002_0073.uasset" 9918
"../../../Engine/Content/EngineMaterials/Substrate/Glints2/dict_0002_0067.uasset" 9919
"../../../Engine/Content/EngineMaterials/Substrate/Glints2/dict_0002_0077.uasset" 9920
"../../../Engine/Content/EngineMaterials/Substrate/Glints2/dict_0002_0066.uasset" 9921
"../../../Engine/Content/EngineMaterials/Substrate/Glints2/dict_0002_0064.uasset" 9922
"../../../Engine/Content/EngineMaterials/Substrate/Glints2/dict_0002_0065.uasset" 9923
"../../../Engine/Content/EngineMaterials/Substrate/Glints2/dict_0002_0063.uasset" 9924
"../../../Engine/Content/EngineMaterials/Substrate/Glints2/dict_0002_0062.uasset" 9925
"../../../Engine/Content/EngineMaterials/Substrate/Glints2/dict_0002_0059.uasset" 9926
"../../../Engine/Content/EngineMaterials/Substrate/Glints2/dict_0002_0061.uasset" 9927
"../../../Engine/Content/EngineMaterials/Substrate/Glints2/dict_0002_0058.uasset" 9928
"/Engine/EngineMaterials/Substrate/Glints2/dict_0002_0058" 9929
"../../../Engine/Content/EngineMaterials/Substrate/Glints2/dict_0002_0056.uasset" 9930
"../../../Engine/Content/EngineMaterials/Substrate/Glints2/dict_0002_0055.uasset" 9931
"../../../Engine/Content/EngineMaterials/Substrate/Glints2/dict_0002_0060.uasset" 9932
"../../../Engine/Content/EngineMaterials/Substrate/Glints2/dict_0002_0057.uasset" 9933
"../../../Engine/Content/EngineMaterials/Substrate/Glints2/dict_0002_0068.uasset" 9934
"/Engine/EngineMaterials/Substrate/Glints2/dict_0002_0059" 9935
"/Engine/EngineMaterials/Substrate/Glints2/dict_0002_0061" 9936
"/Engine/EngineMaterials/Substrate/Glints2/dict_0002_0066" 9937
"/Engine/EngineMaterials/Substrate/Glints2/dict_0002_0067" 9938
"/Engine/EngineMaterials/Substrate/Glints2/dict_0002_0062" 9939
"/Engine/EngineMaterials/Substrate/Glints2/dict_0002_0080" 9940
"../../../Engine/Content/EngineMaterials/Substrate/Glints2/dict_0002_0052.uasset" 9941
"../../../Engine/Content/EngineMaterials/Substrate/Glints2/dict_0002_0054.uasset" 9942
"/Engine/EngineMaterials/Substrate/Glints2/dict_0002_0063" 9943
"/Engine/EngineMaterials/Substrate/Glints2/dict_0002_0064" 9944
"../../../Engine/Content/EngineMaterials/Substrate/Glints2/dict_0002_0053.uasset" 9945
"../../../Engine/Content/EngineMaterials/Substrate/Glints2/dict_0002_0051.uasset" 9946
"/Engine/EngineMaterials/Substrate/Glints2/dict_0002_0065" 9947
"../../../Engine/Content/EngineMaterials/Substrate/Glints2/dict_0002_0050.uasset" 9948
"/Engine/EngineMaterials/Substrate/Glints2/dict_0002_0073" 9949
"../../../Engine/Content/EngineMaterials/Substrate/Glints2/dict_0002_0049.uasset" 9950
"/Engine/EngineMaterials/Substrate/Glints2/dict_0002_0077" 9951
"/Engine/EngineMaterials/Substrate/Glints2/dict_0002_0060" 9952
"/Engine/EngineMaterials/Substrate/Glints2/dict_0002_0049" 9953
"/Engine/EngineMaterials/Substrate/Glints2/dict_0002_0050" 9954
"../../../Engine/Content/EngineMaterials/Substrate/Glints2/dict_0002_0048.uasset" 9955
"/Engine/EngineMaterials/Substrate/Glints2/dict_0002_0051" 9956
"/Engine/EngineMaterials/Substrate/Glints2/dict_0002_0052" 9957
"/Engine/EngineMaterials/Substrate/Glints2/dict_0002_0053" 9958
"/Engine/EngineMaterials/Substrate/Glints2/dict_0002_0054" 9959
"../../../Engine/Content/EngineMaterials/Substrate/Glints2/dict_0002_0042.uasset" 9960
"../../../Engine/Content/EngineMaterials/Substrate/Glints2/dict_0002_0047.uasset" 9961
"../../../Engine/Content/EngineMaterials/Substrate/Glints2/dict_0002_0046.uasset" 9962
"/Engine/EngineMaterials/Substrate/Glints2/dict_0002_0055" 9963
"/Engine/EngineMaterials/Substrate/Glints2/dict_0002_0056" 9964
"/Engine/EngineMaterials/Substrate/Glints2/dict_0002_0068" 9965
"/Engine/EngineMaterials/Substrate/Glints2/dict_0002_0057" 9966
"../../../Engine/Content/EngineMaterials/Substrate/Glints2/dict_0002_0045.uasset" 9967
"../../../Engine/Content/EngineMaterials/Substrate/Glints2/dict_0002_0044.uasset" 9968
"../../../Engine/Content/EngineMaterials/Substrate/Glints2/dict_0002_0040.uasset" 9969
"/Engine/EngineMaterials/Substrate/Glints2/dict_0002_0048" 9970
"../../../Engine/Content/EngineMaterials/Substrate/Glints2/dict_0002_0041.uasset" 9971
"../../../Engine/Content/EngineMaterials/Substrate/Glints2/dict_0002_0043.uasset" 9972
"/Engine/EngineMaterials/Substrate/Glints2/dict_0002_0042" 9973
"/Engine/EngineMaterials/Substrate/Glints2/dict_0002_0046" 9974
"/Engine/EngineMaterials/Substrate/Glints2/dict_0002_0047" 9975
"/Engine/EngineMaterials/Substrate/Glints2/dict_0002_0040" 9976
"/Engine/EngineMaterials/Substrate/Glints2/dict_0002_0043" 9977
"/Engine/EngineMaterials/Substrate/Glints2/dict_0002_0041" 9978
"../../../Engine/Content/EngineMaterials/Substrate/Glints2/dict_0002_0039.uasset" 9979
"/Engine/EngineMaterials/Substrate/Glints2/dict_0002_0044" 9980
"../../../Engine/Content/EngineMaterials/Substrate/Glints2/dict_0002_0038.uasset" 9981
"/Engine/EngineMaterials/Substrate/Glints2/dict_0002_0045" 9982
"/Engine/EngineMaterials/Substrate/Glints2/dict_0002_0038" 9983
"../../../Engine/Content/EngineMaterials/Substrate/Glints2/dict_0002_0037.uasset" 9984
"../../../Engine/Content/EngineMaterials/Substrate/Glints2/dict_0002_0036.uasset" 9985
"/Engine/EngineMaterials/Substrate/Glints2/dict_0002_0039" 9986
"../../../Engine/Content/EngineMaterials/Substrate/Glints2/dict_0002_0034.uasset" 9987
"/Engine/EngineMaterials/Substrate/Glints2/dict_0002_0036" 9988
"/Engine/EngineMaterials/Substrate/Glints2/dict_0002_0037" 9989
"/Engine/EngineMaterials/Substrate/Glints2/dict_0002_0034" 9990
"../../../Engine/Content/EngineMaterials/Substrate/Glints2/dict_0002_0035.uasset" 9991
"../../../Engine/Content/EngineMaterials/Substrate/Glints2/dict_0002_0032.uasset" 9992
"../../../Engine/Content/EngineMaterials/Substrate/Glints2/dict_0002_0029.uasset" 9993
"../../../Engine/Content/EngineMaterials/Substrate/Glints2/dict_0002_0030.uasset" 9994
"../../../Engine/Content/EngineMaterials/Substrate/Glints2/dict_0002_0031.uasset" 9995
"../../../Engine/Content/EngineMaterials/Substrate/Glints2/dict_0002_0027.uasset" 9996
"../../../Engine/Content/EngineMaterials/Substrate/Glints2/dict_0002_0026.uasset" 9997
"../../../Engine/Content/EngineMaterials/Substrate/Glints2/dict_0002_0033.uasset" 9998
"../../../Engine/Content/EngineMaterials/Substrate/Glints2/dict_0002_0025.uasset" 9999
"../../../Engine/Content/EngineMaterials/Substrate/Glints2/dict_0002_0028.uasset" 10000
"../../../Engine/Content/EngineMaterials/Substrate/Glints2/dict_0002_0023.uasset" 10001
"../../../Engine/Content/EngineMaterials/Substrate/Glints2/dict_0002_0024.uasset" 10002
"/Engine/EngineMaterials/Substrate/Glints2/dict_0002_0028" 10003
"/Engine/EngineMaterials/Substrate/Glints2/dict_0002_0029" 10004
"/Engine/EngineMaterials/Substrate/Glints2/dict_0002_0030" 10005
"../../../Engine/Content/EngineMaterials/Substrate/Glints2/dict_0002_0022.uasset" 10006
"/Engine/EngineMaterials/Substrate/Glints2/dict_0002_0031" 10007
"../../../Engine/Content/EngineMaterials/Substrate/Glints2/dict_0002_0019.uasset" 10008
"/Engine/EngineMaterials/Substrate/Glints2/dict_0002_0032" 10009
"/Engine/EngineMaterials/Substrate/Glints2/dict_0002_0023" 10010
"/Engine/EngineMaterials/Substrate/Glints2/dict_0002_0024" 10011
"../../../Engine/Content/EngineMaterials/Substrate/Glints2/dict_0002_0016.uasset" 10012
"/Engine/EngineMaterials/Substrate/Glints2/dict_0002_0025" 10013
"/Engine/EngineMaterials/Substrate/Glints2/dict_0002_0033" 10014
"/Engine/EngineMaterials/Substrate/Glints2/dict_0002_0026" 10015
"../../../Engine/Content/EngineMaterials/Substrate/Glints2/dict_0002_0020.uasset" 10016
"../../../Engine/Content/EngineMaterials/Substrate/Glints2/dict_0002_0015.uasset" 10017
"/Engine/EngineMaterials/Substrate/Glints2/dict_0002_0035" 10018
"/Engine/EngineMaterials/Substrate/Glints2/dict_0002_0027" 10019
"../../../Engine/Content/EngineMaterials/Substrate/Glints2/dict_0002_0018.uasset" 10020
"/Engine/EngineMaterials/Substrate/Glints2/dict_0002_0019" 10021
"/Engine/EngineMaterials/Substrate/Glints2/dict_0002_0020" 10022
"/Engine/EngineMaterials/Substrate/Glints2/dict_0002_0022" 10023
"../../../Engine/Content/EngineMaterials/Substrate/Glints2/dict_0002_0017.uasset" 10024
"/Engine/EngineMaterials/Substrate/Glints2/dict_0002_0015" 10025
"/Engine/EngineMaterials/Substrate/Glints2/dict_0002_0016" 10026
"../../../Engine/Content/EngineMaterials/Substrate/Glints2/dict_0002_0021.uasset" 10027
"/Engine/EngineMaterials/Substrate/Glints2/dict_0002_0017" 10028
"/Engine/EngineMaterials/Substrate/Glints2/dict_0002_0018" 10029
"/Engine/EngineMaterials/Substrate/Glints2/dict_0002_0021" 10030
"../../../Engine/Content/EngineMaterials/Substrate/Glints2/dict_0002_0014.uasset" 10031
"../../../Engine/Content/EngineMaterials/Substrate/Glints2/dict_0002_0011.uasset" 10032
"../../../Engine/Content/EngineMaterials/Substrate/Glints2/dict_0002_0010.uasset" 10033
"../../../Engine/Content/EngineMaterials/Substrate/Glints2/dict_0002_0012.uasset" 10034
"../../../Engine/Content/EngineMaterials/Substrate/Glints2/dict_0002_0013.uasset" 10035
"../../../Engine/Content/EngineMaterials/Substrate/Glints2/dict_0002_0008.uasset" 10036
"../../../Engine/Content/EngineMaterials/Substrate/Glints2/dict_0002_0007.uasset" 10037
"../../../Engine/Content/EngineMaterials/Substrate/Glints2/dict_0002_0003.uasset" 10038
"../../../Engine/Content/EngineMaterials/Substrate/Glints2/dict_0002_0005.uasset" 10039
"../../../Engine/Content/EngineMaterials/Substrate/Glints2/dict_0002_0002.uasset" 10040
"../../../Engine/Content/EngineMaterials/Substrate/Glints2/dict_0002_0004.uasset" 10041
"../../../Engine/Content/EngineMaterials/Substrate/Glints2/dict_0002_0001.uasset" 10042
"../../../Engine/Content/EngineMaterials/Substrate/Glints2/dict_0002_0000.uasset" 10043
"../../../Engine/Content/EngineMaterials/Substrate/Glints2/dict_0001_0255.uasset" 10044
"../../../Engine/Content/EngineMaterials/Substrate/Glints2/dict_0001_0254.uasset" 10045
"/Engine/EngineMaterials/Substrate/Glints2/dict_0002_0013" 10046
"../../../Engine/Content/EngineMaterials/Substrate/Glints2/dict_0002_0009.uasset" 10047
"/Engine/EngineMaterials/Substrate/Glints2/dict_0001_0255" 10048
"../../../Engine/Content/EngineMaterials/Substrate/Glints2/dict_0001_0253.uasset" 10049
"../../../Engine/Content/EngineMaterials/Substrate/Glints2/dict_0002_0006.uasset" 10050
"/Engine/EngineMaterials/Substrate/Glints2/dict_0002_0003" 10051
"/Engine/EngineMaterials/Substrate/Glints2/dict_0002_0000" 10052
"/Engine/EngineMaterials/Substrate/Glints2/dict_0002_0014" 10053
"/Engine/EngineMaterials/Substrate/Glints2/dict_0002_0001" 10054
"../../../Engine/Content/EngineMaterials/Substrate/Glints2/dict_0001_0251.uasset" 10055
"/Engine/EngineMaterials/Substrate/Glints2/dict_0002_0004" 10056
"../../../Engine/Content/EngineMaterials/Substrate/Glints2/dict_0001_0250.uasset" 10057
"/Engine/EngineMaterials/Substrate/Glints2/dict_0002_0005" 10058
"/Engine/EngineMaterials/Substrate/Glints2/dict_0002_0008" 10059
"../../../Engine/Content/EngineMaterials/Substrate/Glints2/dict_0001_0249.uasset" 10060
"/Engine/EngineMaterials/Substrate/Glints2/dict_0002_0010" 10061
"/Engine/EngineMaterials/Substrate/Glints2/dict_0002_0011" 10062
"../../../Engine/Content/EngineMaterials/Substrate/Glints2/dict_0001_0248.uasset" 10063
"../../../Engine/Content/EngineMaterials/Substrate/Glints2/dict_0001_0247.uasset" 10064
"/Engine/EngineMaterials/Substrate/Glints2/dict_0002_0012" 10065
"/Engine/EngineMaterials/Substrate/Glints2/dict_0002_0007" 10066
"/Engine/EngineMaterials/Substrate/Glints2/dict_0002_0002" 10067
"/Engine/EngineMaterials/Substrate/Glints2/dict_0001_0247" 10068
"../../../Engine/Content/EngineMaterials/Substrate/Glints2/dict_0001_0246.uasset" 10069
"../../../Engine/Content/EngineMaterials/Substrate/Glints2/dict_0001_0245.uasset" 10070
"/Engine/EngineMaterials/Substrate/Glints2/dict_0001_0248" 10071
"../../../Engine/Content/EngineMaterials/Substrate/Glints2/dict_0001_0252.uasset" 10072
"/Engine/EngineMaterials/Substrate/Glints2/dict_0001_0249" 10073
"/Engine/EngineMaterials/Substrate/Glints2/dict_0001_0250" 10074
"/Engine/EngineMaterials/Substrate/Glints2/dict_0001_0251" 10075
"../../../Engine/Content/EngineMaterials/Substrate/Glints2/dict_0001_0244.uasset" 10076
"/Engine/EngineMaterials/Substrate/Glints2/dict_0001_0253" 10077
"../../../Engine/Content/EngineMaterials/Substrate/Glints2/dict_0001_0240.uasset" 10078
"/Engine/EngineMaterials/Substrate/Glints2/dict_0001_0254" 10079
"../../../Engine/Content/EngineMaterials/Substrate/Glints2/dict_0001_0241.uasset" 10080
"../../../Engine/Content/EngineMaterials/Substrate/Glints2/dict_0001_0242.uasset" 10081
"/Engine/EngineMaterials/Substrate/Glints2/dict_0002_0009" 10082
"/Engine/EngineMaterials/Substrate/Glints2/dict_0002_0006" 10083
"/Engine/EngineMaterials/Substrate/Glints2/dict_0001_0240" 10084
"/Engine/EngineMaterials/Substrate/Glints2/dict_0001_0242" 10085
"/Engine/EngineMaterials/Substrate/Glints2/dict_0001_0241" 10086
"/Engine/EngineMaterials/Substrate/Glints2/dict_0001_0244" 10087
"/Engine/EngineMaterials/Substrate/Glints2/dict_0001_0252" 10088
"/Engine/EngineMaterials/Substrate/Glints2/dict_0001_0245" 10089
"/Engine/EngineMaterials/Substrate/Glints2/dict_0001_0246" 10090
"../../../Engine/Content/EngineMaterials/Substrate/Glints2/dict_0001_0236.uasset" 10091
"../../../Engine/Content/EngineMaterials/Substrate/Glints2/dict_0001_0235.uasset" 10092
"../../../Engine/Content/EngineMaterials/Substrate/Glints2/dict_0001_0237.uasset" 10093
"../../../Engine/Content/EngineMaterials/Substrate/Glints2/dict_0001_0233.uasset" 10094
"../../../Engine/Content/EngineMaterials/Substrate/Glints2/dict_0001_0238.uasset" 10095
"../../../Engine/Content/EngineMaterials/Substrate/Glints2/dict_0001_0243.uasset" 10096
"../../../Engine/Content/EngineMaterials/Substrate/Glints2/dict_0001_0229.uasset" 10097
"../../../Engine/Content/EngineMaterials/Substrate/Glints2/dict_0001_0239.uasset" 10098
"../../../Engine/Content/EngineMaterials/Substrate/Glints2/dict_0001_0234.uasset" 10099
"/Engine/EngineMaterials/Substrate/Glints2/dict_0001_0239" 10100
"/Engine/EngineMaterials/Substrate/Glints2/dict_0001_0243" 10101
"../../../Engine/Content/EngineMaterials/Substrate/Glints2/dict_0001_0232.uasset" 10102
"/Engine/EngineMaterials/Substrate/Glints2/dict_0001_0229" 10103
"/Engine/EngineMaterials/Substrate/Glints2/dict_0001_0233" 10104
"../../../Engine/Content/EngineMaterials/Substrate/Glints2/dict_0001_0225.uasset" 10105
"/Engine/EngineMaterials/Substrate/Glints2/dict_0001_0234" 10106
"../../../Engine/Content/EngineMaterials/Substrate/Glints2/dict_0001_0228.uasset" 10107
"/Engine/EngineMaterials/Substrate/Glints2/dict_0001_0235" 10108
"/Engine/EngineMaterials/Substrate/Glints2/dict_0001_0236" 10109
"/Engine/EngineMaterials/Substrate/Glints2/dict_0001_0237" 10110
"/Engine/EngineMaterials/Substrate/Glints2/dict_0001_0238" 10111
"/Engine/EngineMaterials/Substrate/Glints2/dict_0001_0225" 10112
"/Engine/EngineMaterials/Substrate/Glints2/dict_0001_0228" 10113
"/Engine/EngineMaterials/Substrate/Glints2/dict_0001_0232" 10114
"../../../Engine/Content/EngineMaterials/Substrate/Glints2/dict_0001_0222.uasset" 10115
"../../../Engine/Content/EngineMaterials/Substrate/Glints2/dict_0001_0226.uasset" 10116
"../../../Engine/Content/EngineMaterials/Substrate/Glints2/dict_0001_0227.uasset" 10117
"../../../Engine/Content/EngineMaterials/Substrate/Glints2/dict_0001_0224.uasset" 10118
"../../../Engine/Content/EngineMaterials/Substrate/Glints2/dict_0001_0221.uasset" 10119
"../../../Engine/Content/EngineMaterials/Substrate/Glints2/dict_0001_0223.uasset" 10120
"../../../Engine/Content/EngineMaterials/Substrate/Glints2/dict_0001_0220.uasset" 10121
"../../../Engine/Content/EngineMaterials/Substrate/Glints2/dict_0001_0219.uasset" 10122
"../../../Engine/Content/EngineMaterials/Substrate/Glints2/dict_0001_0216.uasset" 10123
"../../../Engine/Content/EngineMaterials/Substrate/Glints2/dict_0001_0218.uasset" 10124
"../../../Engine/Content/EngineMaterials/Substrate/Glints2/dict_0001_0217.uasset" 10125
"../../../Engine/Content/EngineMaterials/Substrate/Glints2/dict_0001_0230.uasset" 10126
"../../../Engine/Content/EngineMaterials/Substrate/Glints2/dict_0001_0231.uasset" 10127
"../../../Engine/Content/EngineMaterials/Substrate/Glints2/dict_0001_0215.uasset" 10128
"../../../Engine/Content/EngineMaterials/Substrate/Glints2/dict_0001_0214.uasset" 10129
"../../../Engine/Content/EngineMaterials/Substrate/Glints2/dict_0001_0213.uasset" 10130
"../../../Engine/Content/EngineMaterials/Substrate/Glints2/dict_0001_0210.uasset" 10131
"/Engine/EngineMaterials/Substrate/Glints2/dict_0001_0216" 10132
"../../../Engine/Content/EngineMaterials/Substrate/Glints2/dict_0001_0211.uasset" 10133
"/Engine/EngineMaterials/Substrate/Glints2/dict_0001_0217" 10134
"../../../Engine/Content/EngineMaterials/Substrate/Glints2/dict_0001_0212.uasset" 10135
"/Engine/EngineMaterials/Substrate/Glints2/dict_0001_0218" 10136
"/Engine/EngineMaterials/Substrate/Glints2/dict_0001_0219" 10137
"../../../Engine/Content/EngineMaterials/Substrate/Glints2/dict_0001_0205.uasset" 10138
"/Engine/EngineMaterials/Substrate/Glints2/dict_0001_0220" 10139
"../../../Engine/Content/EngineMaterials/Substrate/Glints2/dict_0001_0209.uasset" 10140
"../../../Engine/Content/EngineMaterials/Substrate/Glints2/dict_0001_0206.uasset" 10141
"../../../Engine/Content/EngineMaterials/Substrate/Glints2/dict_0001_0207.uasset" 10142
"../../../Engine/Content/EngineMaterials/Substrate/Glints2/dict_0001_0208.uasset" 10143
"/Engine/EngineMaterials/Substrate/Glints2/dict_0001_0213" 10144
"/Engine/EngineMaterials/Substrate/Glints2/dict_0001_0221" 10145
"/Engine/EngineMaterials/Substrate/Glints2/dict_0001_0222" 10146
"/Engine/EngineMaterials/Substrate/Glints2/dict_0001_0226" 10147
"/Engine/EngineMaterials/Substrate/Glints2/dict_0001_0227" 10148
"/Engine/EngineMaterials/Substrate/Glints2/dict_0001_0230" 10149
"/Engine/EngineMaterials/Substrate/Glints2/dict_0001_0231" 10150
"/Engine/EngineMaterials/Substrate/Glints2/dict_0001_0223" 10151
"/Engine/EngineMaterials/Substrate/Glints2/dict_0001_0224" 10152
"/Engine/EngineMaterials/Substrate/Glints2/dict_0001_0214" 10153
"/Engine/EngineMaterials/Substrate/Glints2/dict_0001_0215" 10154
"../../../Engine/Content/EngineMaterials/Substrate/Glints2/dict_0001_0204.uasset" 10155
"/Engine/EngineMaterials/Substrate/Glints2/dict_0001_0209" 10156
"../../../Engine/Content/EngineMaterials/Substrate/Glints2/dict_0001_0199.uasset" 10157
"/Engine/EngineMaterials/Substrate/Glints2/dict_0001_0210" 10158
"../../../Engine/Content/EngineMaterials/Substrate/Glints2/dict_0001_0201.uasset" 10159
"../../../Engine/Content/EngineMaterials/Substrate/Glints2/dict_0001_0202.uasset" 10160
"/Engine/EngineMaterials/Substrate/Glints2/dict_0001_0211" 10161
"../../../Engine/Content/EngineMaterials/Substrate/Glints2/dict_0001_0198.uasset" 10162
"/Engine/EngineMaterials/Substrate/Glints2/dict_0001_0212" 10163
"../../../Engine/Content/EngineMaterials/Substrate/Glints2/dict_0001_0200.uasset" 10164
"/Engine/EngineMaterials/Substrate/Glints2/dict_0001_0205" 10165
"../../../Engine/Content/EngineMaterials/Substrate/Glints2/dict_0001_0203.uasset" 10166
"/Engine/EngineMaterials/Substrate/Glints2/dict_0001_0206" 10167
"/Engine/EngineMaterials/Substrate/Glints2/dict_0001_0207" 10168
"/Engine/EngineMaterials/Substrate/Glints2/dict_0001_0208" 10169
"/Engine/EngineMaterials/Substrate/Glints2/dict_0001_0200" 10170
"../../../Engine/Content/EngineMaterials/Substrate/Glints2/dict_0001_0197.uasset" 10171
"/Engine/EngineMaterials/Substrate/Glints2/dict_0001_0201" 10172
"/Engine/EngineMaterials/Substrate/Glints2/dict_0001_0198" 10173
"/Engine/EngineMaterials/Substrate/Glints2/dict_0001_0202" 10174
"/Engine/EngineMaterials/Substrate/Glints2/dict_0001_0199" 10175
"/Engine/EngineMaterials/Substrate/Glints2/dict_0001_0203" 10176
"/Engine/EngineMaterials/Substrate/Glints2/dict_0001_0204" 10177
"/Engine/EngineMaterials/Substrate/Glints2/dict_0001_0197" 10178
"../../../Engine/Content/EngineMaterials/Substrate/Glints2/dict_0001_0196.uasset" 10179
"../../../Engine/Content/EngineMaterials/Substrate/Glints2/dict_0001_0194.uasset" 10180
"../../../Engine/Content/EngineMaterials/Substrate/Glints2/dict_0001_0190.uasset" 10181
"../../../Engine/Content/EngineMaterials/Substrate/Glints2/dict_0001_0195.uasset" 10182
"../../../Engine/Content/EngineMaterials/Substrate/Glints2/dict_0001_0193.uasset" 10183
"../../../Engine/Content/EngineMaterials/Substrate/Glints2/dict_0001_0188.uasset" 10184
"../../../Engine/Content/EngineMaterials/Substrate/Glints2/dict_0001_0192.uasset" 10185
"../../../Engine/Content/EngineMaterials/Substrate/Glints2/dict_0001_0187.uasset" 10186
"/Engine/EngineMaterials/Substrate/Glints2/dict_0001_0187" 10187
"../../../Engine/Content/EngineMaterials/Substrate/Glints2/dict_0001_0191.uasset" 10188
"../../../Engine/Content/EngineMaterials/Substrate/Glints2/dict_0001_0189.uasset" 10189
"/Engine/EngineMaterials/Substrate/Glints2/dict_0001_0188" 10190
"../../../Engine/Content/EngineMaterials/Substrate/Glints2/dict_0001_0186.uasset" 10191
"../../../Engine/Content/EngineMaterials/Substrate/Glints2/dict_0001_0184.uasset" 10192
"../../../Engine/Content/EngineMaterials/Substrate/Glints2/dict_0001_0185.uasset" 10193
"../../../Engine/Content/EngineMaterials/Substrate/Glints2/dict_0001_0183.uasset" 10194
"/Engine/EngineMaterials/Substrate/Glints2/dict_0001_0190" 10195
"../../../Engine/Content/EngineMaterials/Substrate/Glints2/dict_0001_0180.uasset" 10196
"../../../Engine/Content/EngineMaterials/Substrate/Glints2/dict_0001_0179.uasset" 10197
"/Engine/EngineMaterials/Substrate/Glints2/dict_0001_0192" 10198
"/Engine/EngineMaterials/Substrate/Glints2/dict_0001_0193" 10199
"../../../Engine/Content/EngineMaterials/Substrate/Glints2/dict_0001_0182.uasset" 10200
"/Engine/EngineMaterials/Substrate/Glints2/dict_0001_0194" 10201
"/Engine/EngineMaterials/Substrate/Glints2/dict_0001_0195" 10202
"/Engine/EngineMaterials/Substrate/Glints2/dict_0001_0196" 10203
"/Engine/EngineMaterials/Substrate/Glints2/dict_0001_0182" 10204
"../../../Engine/Content/EngineMaterials/Substrate/Glints2/dict_0001_0181.uasset" 10205
"/Engine/EngineMaterials/Substrate/Glints2/dict_0001_0183" 10206
"/Engine/EngineMaterials/Substrate/Glints2/dict_0001_0184" 10207
"/Engine/EngineMaterials/Substrate/Glints2/dict_0001_0185" 10208
"/Engine/EngineMaterials/Substrate/Glints2/dict_0001_0186" 10209
"/Engine/EngineMaterials/Substrate/Glints2/dict_0001_0189" 10210
"/Engine/EngineMaterials/Substrate/Glints2/dict_0001_0191" 10211
"/Engine/EngineMaterials/Substrate/Glints2/dict_0001_0179" 10212
"/Engine/EngineMaterials/Substrate/Glints2/dict_0001_0180" 10213
"/Engine/EngineMaterials/Substrate/Glints2/dict_0001_0181" 10214
"../../../Engine/Content/EngineMaterials/Substrate/Glints2/dict_0001_0174.uasset" 10215
"../../../Engine/Content/EngineMaterials/Substrate/Glints2/dict_0001_0172.uasset" 10216
"../../../Engine/Content/EngineMaterials/Substrate/Glints2/dict_0001_0170.uasset" 10217
"../../../Engine/Content/EngineMaterials/Substrate/Glints2/dict_0001_0175.uasset" 10218
"../../../Engine/Content/EngineMaterials/Substrate/Glints2/dict_0001_0177.uasset" 10219
"../../../Engine/Content/EngineMaterials/Substrate/Glints2/dict_0001_0176.uasset" 10220
"../../../Engine/Content/EngineMaterials/Substrate/Glints2/dict_0001_0171.uasset" 10221
"../../../Engine/Content/EngineMaterials/Substrate/Glints2/dict_0001_0178.uasset" 10222
"../../../Engine/Content/EngineMaterials/Substrate/Glints2/dict_0001_0173.uasset" 10223
"../../../Engine/Content/EngineMaterials/Substrate/Glints2/dict_0001_0167.uasset" 10224
"../../../Engine/Content/EngineMaterials/Substrate/Glints2/dict_0001_0168.uasset" 10225
"../../../Engine/Content/EngineMaterials/Substrate/Glints2/dict_0001_0169.uasset" 10226
"../../../Engine/Content/EngineMaterials/Substrate/Glints2/dict_0001_0163.uasset" 10227
"../../../Engine/Content/EngineMaterials/Substrate/Glints2/dict_0001_0165.uasset" 10228
"../../../Engine/Content/EngineMaterials/Substrate/Glints2/dict_0001_0162.uasset" 10229
"../../../Engine/Content/EngineMaterials/Substrate/Glints2/dict_0001_0164.uasset" 10230
"/Engine/EngineMaterials/Substrate/Glints2/dict_0001_0165" 10231
"../../../Engine/Content/EngineMaterials/Substrate/Glints2/dict_0001_0166.uasset" 10232
"../../../Engine/Content/EngineMaterials/Substrate/Glints2/dict_0001_0161.uasset" 10233
"../../../Engine/Content/EngineMaterials/Substrate/Glints2/dict_0001_0160.uasset" 10234
"../../../Engine/Content/EngineMaterials/Substrate/Glints2/dict_0001_0159.uasset" 10235
"/Engine/EngineMaterials/Substrate/Glints2/dict_0001_0173" 10236
"/Engine/EngineMaterials/Substrate/Glints2/dict_0001_0174" 10237
"../../../Engine/Content/EngineMaterials/Substrate/Glints2/dict_0001_0157.uasset" 10238
"../../../Engine/Content/EngineMaterials/Substrate/Glints2/dict_0001_0155.uasset" 10239
"../../../Engine/Content/EngineMaterials/Substrate/Glints2/dict_0001_0158.uasset" 10240
"/Engine/EngineMaterials/Substrate/Glints2/dict_0001_0167" 10241
"../../../Engine/Content/EngineMaterials/Substrate/Glints2/dict_0001_0156.uasset" 10242
"/Engine/EngineMaterials/Substrate/Glints2/dict_0001_0175" 10243
"/Engine/EngineMaterials/Substrate/Glints2/dict_0001_0176" 10244
"/Engine/EngineMaterials/Substrate/Glints2/dict_0001_0168" 10245
"/Engine/EngineMaterials/Substrate/Glints2/dict_0001_0169" 10246
"/Engine/EngineMaterials/Substrate/Glints2/dict_0001_0170" 10247
"/Engine/EngineMaterials/Substrate/Glints2/dict_0001_0171" 10248
"/Engine/EngineMaterials/Substrate/Glints2/dict_0001_0172" 10249
"../../../Engine/Content/EngineMaterials/Substrate/Glints2/dict_0001_0154.uasset" 10250
"/Engine/EngineMaterials/Substrate/Glints2/dict_0001_0162" 10251
"/Engine/EngineMaterials/Substrate/Glints2/dict_0001_0177" 10252
"/Engine/EngineMaterials/Substrate/Glints2/dict_0001_0178" 10253
"../../../Engine/Content/EngineMaterials/Substrate/Glints2/dict_0001_0152.uasset" 10254
"../../../Engine/Content/EngineMaterials/Substrate/Glints2/dict_0001_0151.uasset" 10255
"/Engine/EngineMaterials/Substrate/Glints2/dict_0001_0163" 10256
"../../../Engine/Content/EngineMaterials/Substrate/Glints2/dict_0001_0150.uasset" 10257
"/Engine/EngineMaterials/Substrate/Glints2/dict_0001_0164" 10258
"../../../Engine/Content/EngineMaterials/Substrate/Glints2/dict_0001_0148.uasset" 10259
"../../../Engine/Content/EngineMaterials/Substrate/Glints2/dict_0001_0153.uasset" 10260
"/Engine/EngineMaterials/Substrate/Glints2/dict_0001_0148" 10261
"/Engine/EngineMaterials/Substrate/Glints2/dict_0001_0166" 10262
"/Engine/EngineMaterials/Substrate/Glints2/dict_0001_0150" 10263
"/Engine/EngineMaterials/Substrate/Glints2/dict_0001_0151" 10264
"../../../Engine/Content/EngineMaterials/Substrate/Glints2/dict_0001_0147.uasset" 10265
"/Engine/EngineMaterials/Substrate/Glints2/dict_0001_0152" 10266
"../../../Engine/Content/EngineMaterials/Substrate/Glints2/dict_0001_0149.uasset" 10267
"/Engine/EngineMaterials/Substrate/Glints2/dict_0001_0157" 10268
"/Engine/EngineMaterials/Substrate/Glints2/dict_0001_0158" 10269
"/Engine/EngineMaterials/Substrate/Glints2/dict_0001_0153" 10270
"/Engine/EngineMaterials/Substrate/Glints2/dict_0001_0159" 10271
"/Engine/EngineMaterials/Substrate/Glints2/dict_0001_0154" 10272
"/Engine/EngineMaterials/Substrate/Glints2/dict_0001_0160" 10273
"/Engine/EngineMaterials/Substrate/Glints2/dict_0001_0161" 10274
"/Engine/EngineMaterials/Substrate/Glints2/dict_0001_0155" 10275
"/Engine/EngineMaterials/Substrate/Glints2/dict_0001_0156" 10276
"/Engine/EngineMaterials/Substrate/Glints2/dict_0001_0147" 10277
"/Engine/EngineMaterials/Substrate/Glints2/dict_0001_0149" 10278
"../../../Engine/Content/EngineMaterials/Substrate/Glints2/dict_0001_0146.uasset" 10279
"../../../Engine/Content/EngineMaterials/Substrate/Glints2/dict_0001_0144.uasset" 10280
"../../../Engine/Content/EngineMaterials/Substrate/Glints2/dict_0001_0145.uasset" 10281
"../../../Engine/Content/EngineMaterials/Substrate/Glints2/dict_0001_0142.uasset" 10282
"../../../Engine/Content/EngineMaterials/Substrate/Glints2/dict_0001_0143.uasset" 10283
"../../../Engine/Content/EngineMaterials/Substrate/Glints2/dict_0001_0139.uasset" 10284
"/Engine/EngineMaterials/Substrate/Glints2/dict_0001_0139" 10285
"../../../Engine/Content/EngineMaterials/Substrate/Glints2/dict_0001_0137.uasset" 10286
"../../../Engine/Content/EngineMaterials/Substrate/Glints2/dict_0001_0135.uasset" 10287
"../../../Engine/Content/EngineMaterials/Substrate/Glints2/dict_0001_0136.uasset" 10288
"/Engine/EngineMaterials/Substrate/Glints2/dict_0001_0142" 10289
"../../../Engine/Content/EngineMaterials/Substrate/Glints2/dict_0001_0140.uasset" 10290
"/Engine/EngineMaterials/Substrate/Glints2/dict_0001_0143" 10291
"../../../Engine/Content/EngineMaterials/Substrate/Glints2/dict_0001_0138.uasset" 10292
"../../../Engine/Content/EngineMaterials/Substrate/Glints2/dict_0001_0134.uasset" 10293
"../../../Engine/Content/EngineMaterials/Substrate/Glints2/dict_0001_0141.uasset" 10294
"/Engine/EngineMaterials/Substrate/Glints2/dict_0001_0144" 10295
"/Engine/EngineMaterials/Substrate/Glints2/dict_0001_0145" 10296
"/Engine/EngineMaterials/Substrate/Glints2/dict_0001_0146" 10297
"/Engine/EngineMaterials/Substrate/Glints2/dict_0001_0134" 10298
"/Engine/EngineMaterials/Substrate/Glints2/dict_0001_0135" 10299
"/Engine/EngineMaterials/Substrate/Glints2/dict_0001_0136" 10300
"/Engine/EngineMaterials/Substrate/Glints2/dict_0001_0137" 10301
"/Engine/EngineMaterials/Substrate/Glints2/dict_0001_0138" 10302
"/Engine/EngineMaterials/Substrate/Glints2/dict_0001_0140" 10303
"/Engine/EngineMaterials/Substrate/Glints2/dict_0001_0141" 10304
"../../../Engine/Content/EngineMaterials/Substrate/Glints2/dict_0001_0131.uasset" 10305
"../../../Engine/Content/EngineMaterials/Substrate/Glints2/dict_0001_0132.uasset" 10306
"../../../Engine/Content/EngineMaterials/Substrate/Glints2/dict_0001_0129.uasset" 10307
"../../../Engine/Content/EngineMaterials/Substrate/Glints2/dict_0001_0128.uasset" 10308
"../../../Engine/Content/EngineMaterials/Substrate/Glints2/dict_0001_0130.uasset" 10309
"../../../Engine/Content/EngineMaterials/Substrate/Glints2/dict_0001_0126.uasset" 10310
"../../../Engine/Content/EngineMaterials/Substrate/Glints2/dict_0001_0133.uasset" 10311
"../../../Engine/Content/EngineMaterials/Substrate/Glints2/dict_0001_0127.uasset" 10312
"../../../Engine/Content/EngineMaterials/Substrate/Glints2/dict_0001_0124.uasset" 10313
"../../../Engine/Content/EngineMaterials/Substrate/Glints2/dict_0001_0122.uasset" 10314
"../../../Engine/Content/EngineMaterials/Substrate/Glints2/dict_0001_0125.uasset" 10315
"../../../Engine/Content/EngineMaterials/Substrate/Glints2/dict_0001_0116.uasset" 10316
"/Engine/EngineMaterials/Substrate/Glints2/dict_0001_0131" 10317
"../../../Engine/Content/EngineMaterials/Substrate/Glints2/dict_0001_0123.uasset" 10318
"../../../Engine/Content/EngineMaterials/Substrate/Glints2/dict_0001_0119.uasset" 10319
"../../../Engine/Content/EngineMaterials/Substrate/Glints2/dict_0001_0115.uasset" 10320
"../../../Engine/Content/EngineMaterials/Substrate/Glints2/dict_0001_0120.uasset" 10321
"../../../Engine/Content/EngineMaterials/Substrate/Glints2/dict_0001_0121.uasset" 10322
"/Engine/EngineMaterials/Substrate/Glints2/dict_0001_0132" 10323
"../../../Engine/Content/EngineMaterials/Substrate/Glints2/dict_0001_0117.uasset" 10324
"../../../Engine/Content/EngineMaterials/Substrate/Glints2/dict_0001_0114.uasset" 10325
"../../../Engine/Content/EngineMaterials/Substrate/Glints2/dict_0001_0118.uasset" 10326
"/Engine/EngineMaterials/Substrate/Glints2/dict_0001_0133" 10327
"/Engine/EngineMaterials/Substrate/Glints2/dict_0001_0122" 10328
"/Engine/EngineMaterials/Substrate/Glints2/dict_0001_0124" 10329
"../../../Engine/Content/EngineMaterials/Substrate/Glints2/dict_0001_0111.uasset" 10330
"/Engine/EngineMaterials/Substrate/Glints2/dict_0001_0125" 10331
"/Engine/EngineMaterials/Substrate/Glints2/dict_0001_0126" 10332
"../../../Engine/Content/EngineMaterials/Substrate/Glints2/dict_0001_0109.uasset" 10333
"../../../Engine/Content/EngineMaterials/Substrate/Glints2/dict_0001_0110.uasset" 10334
"../../../Engine/Content/EngineMaterials/Substrate/Glints2/dict_0001_0108.uasset" 10335
"../../../Engine/Content/EngineMaterials/Substrate/Glints2/dict_0001_0112.uasset" 10336
"/Engine/EngineMaterials/Substrate/Glints2/dict_0001_0127" 10337
"../../../Engine/Content/EngineMaterials/Substrate/Glints2/dict_0001_0104.uasset" 10338
"/Engine/EngineMaterials/Substrate/Glints2/dict_0001_0128" 10339
"../../../Engine/Content/EngineMaterials/Substrate/Glints2/dict_0001_0106.uasset" 10340
"../../../Engine/Content/EngineMaterials/Substrate/Glints2/dict_0001_0102.uasset" 10341
"../../../Engine/Content/EngineMaterials/Substrate/Glints2/dict_0001_0107.uasset" 10342
"../../../Engine/Content/EngineMaterials/Substrate/Glints2/dict_0001_0113.uasset" 10343
"/Engine/EngineMaterials/Substrate/Glints2/dict_0001_0129" 10344
"../../../Engine/Content/EngineMaterials/Substrate/Glints2/dict_0001_0105.uasset" 10345
"/Engine/EngineMaterials/Substrate/Glints2/dict_0001_0130" 10346
"/Engine/EngineMaterials/Substrate/Glints2/dict_0001_0115" 10347
"/Engine/EngineMaterials/Substrate/Glints2/dict_0001_0117" 10348
"/Engine/EngineMaterials/Substrate/Glints2/dict_0001_0118" 10349
"/Engine/EngineMaterials/Substrate/Glints2/dict_0001_0116" 10350
"/Engine/EngineMaterials/Substrate/Glints2/dict_0001_0119" 10351
"/Engine/EngineMaterials/Substrate/Glints2/dict_0001_0120" 10352
"/Engine/EngineMaterials/Substrate/Glints2/dict_0001_0102" 10353
"/Engine/EngineMaterials/Substrate/Glints2/dict_0001_0104" 10354
"/Engine/EngineMaterials/Substrate/Glints2/dict_0001_0121" 10355
"/Engine/EngineMaterials/Substrate/Glints2/dict_0001_0123" 10356
"/Engine/EngineMaterials/Substrate/Glints2/dict_0001_0105" 10357
"/Engine/EngineMaterials/Substrate/Glints2/dict_0001_0106" 10358
"/Engine/EngineMaterials/Substrate/Glints2/dict_0001_0109" 10359
"/Engine/EngineMaterials/Substrate/Glints2/dict_0001_0107" 10360
"/Engine/EngineMaterials/Substrate/Glints2/dict_0001_0108" 10361
"/Engine/EngineMaterials/Substrate/Glints2/dict_0001_0110" 10362
"/Engine/EngineMaterials/Substrate/Glints2/dict_0001_0111" 10363
"/Engine/EngineMaterials/Substrate/Glints2/dict_0001_0112" 10364
"../../../Engine/Content/EngineMaterials/Substrate/Glints2/dict_0001_0101.uasset" 10365
"/Engine/EngineMaterials/Substrate/Glints2/dict_0001_0113" 10366
"/Engine/EngineMaterials/Substrate/Glints2/dict_0001_0114" 10367
"../../../Engine/Content/EngineMaterials/Substrate/Glints2/dict_0001_0100.uasset" 10368
"/Engine/EngineMaterials/Substrate/Glints2/dict_0001_0101" 10369
"../../../Engine/Content/EngineMaterials/Substrate/Glints2/dict_0001_0099.uasset" 10370
"/Engine/EngineMaterials/Substrate/Glints2/dict_0001_0100" 10371
"/Engine/EngineMaterials/Substrate/Glints2/dict_0001_0099" 10372
"../../../Engine/Content/EngineMaterials/Substrate/Glints2/dict_0001_0098.uasset" 10373
"../../../Engine/Content/EngineMaterials/Substrate/Glints2/dict_0001_0096.uasset" 10374
"../../../Engine/Content/EngineMaterials/Substrate/Glints2/dict_0001_0097.uasset" 10375
"../../../Engine/Content/EngineMaterials/Substrate/Glints2/dict_0001_0094.uasset" 10376
"/Engine/EngineMaterials/Substrate/Glints2/dict_0001_0094" 10377
"../../../Engine/Content/EngineMaterials/Substrate/Glints2/dict_0001_0095.uasset" 10378
"/Engine/EngineMaterials/Substrate/Glints2/dict_0001_0096" 10379
"/Engine/EngineMaterials/Substrate/Glints2/dict_0001_0097" 10380
"/Engine/EngineMaterials/Substrate/Glints2/dict_0001_0098" 10381
"../../../Engine/Content/EngineMaterials/Substrate/Glints2/dict_0001_0093.uasset" 10382
"/Engine/EngineMaterials/Substrate/Glints2/dict_0001_0095" 10383
"../../../Engine/Content/EngineMaterials/Substrate/Glints2/dict_0001_0103.uasset" 10384
"/Engine/EngineMaterials/Substrate/Glints2/dict_0001_0093" 10385
"/Engine/EngineMaterials/Substrate/Glints2/dict_0001_0103" 10386
"../../../Engine/Content/EngineMaterials/Substrate/Glints2/dict_0001_0092.uasset" 10387
"../../../Engine/Content/EngineMaterials/Substrate/Glints2/dict_0001_0091.uasset" 10388
"../../../Engine/Content/EngineMaterials/Substrate/Glints2/dict_0001_0090.uasset" 10389
"../../../Engine/Content/EngineMaterials/Substrate/Glints2/dict_0001_0089.uasset" 10390
"../../../Engine/Content/EngineMaterials/Substrate/Glints2/dict_0001_0088.uasset" 10391
"../../../Engine/Content/EngineMaterials/Substrate/Glints2/dict_0001_0087.uasset" 10392
"../../../Engine/Content/EngineMaterials/Substrate/Glints2/dict_0001_0086.uasset" 10393
"../../../Engine/Content/EngineMaterials/Substrate/Glints2/dict_0001_0084.uasset" 10394
"../../../Engine/Content/EngineMaterials/Substrate/Glints2/dict_0001_0083.uasset" 10395
"../../../Engine/Content/EngineMaterials/Substrate/Glints2/dict_0001_0081.uasset" 10396
"../../../Engine/Content/EngineMaterials/Substrate/Glints2/dict_0001_0082.uasset" 10397
"/Engine/EngineMaterials/Substrate/Glints2/dict_0001_0091" 10398
"/Engine/EngineMaterials/Substrate/Glints2/dict_0001_0092" 10399
"/Engine/EngineMaterials/Substrate/Glints2/dict_0001_0081" 10400
"../../../Engine/Content/EngineMaterials/Substrate/Glints2/dict_0001_0078.uasset" 10401
"/Engine/EngineMaterials/Substrate/Glints2/dict_0001_0083" 10402
"/Engine/EngineMaterials/Substrate/Glints2/dict_0001_0084" 10403
"../../../Engine/Content/EngineMaterials/Substrate/Glints2/dict_0001_0085.uasset" 10404
"/Engine/EngineMaterials/Substrate/Glints2/dict_0001_0086" 10405
"../../../Engine/Content/EngineMaterials/Substrate/Glints2/dict_0001_0077.uasset" 10406
"/Engine/EngineMaterials/Substrate/Glints2/dict_0001_0087" 10407
"../../../Engine/Content/EngineMaterials/Substrate/Glints2/dict_0001_0080.uasset" 10408
"/Engine/EngineMaterials/Substrate/Glints2/dict_0001_0088" 10409
"/Engine/EngineMaterials/Substrate/Glints2/dict_0001_0089" 10410
"../../../Engine/Content/EngineMaterials/Substrate/Glints2/dict_0001_0073.uasset" 10411
"../../../Engine/Content/EngineMaterials/Substrate/Glints2/dict_0001_0079.uasset" 10412
"../../../Engine/Content/EngineMaterials/Substrate/Glints2/dict_0001_0074.uasset" 10413
"../../../Engine/Content/EngineMaterials/Substrate/Glints2/dict_0001_0075.uasset" 10414
"/Engine/EngineMaterials/Substrate/Glints2/dict_0001_0090" 10415
"/Engine/EngineMaterials/Substrate/Glints2/dict_0001_0073" 10416
"../../../Engine/Content/EngineMaterials/Substrate/Glints2/dict_0001_0072.uasset" 10417
"/Engine/EngineMaterials/Substrate/Glints2/dict_0001_0074" 10418
"/Engine/EngineMaterials/Substrate/Glints2/dict_0001_0075" 10419
"/Engine/EngineMaterials/Substrate/Glints2/dict_0001_0077" 10420
"/Engine/EngineMaterials/Substrate/Glints2/dict_0001_0078" 10421
"/Engine/EngineMaterials/Substrate/Glints2/dict_0001_0079" 10422
"../../../Engine/Content/EngineMaterials/Substrate/Glints2/dict_0001_0076.uasset" 10423
"/Engine/EngineMaterials/Substrate/Glints2/dict_0001_0080" 10424
"/Engine/EngineMaterials/Substrate/Glints2/dict_0001_0082" 10425
"../../../Engine/Content/EngineMaterials/Substrate/Glints2/dict_0001_0071.uasset" 10426
"/Engine/EngineMaterials/Substrate/Glints2/dict_0001_0085" 10427
"/Engine/EngineMaterials/Substrate/Glints2/dict_0001_0071" 10428
"/Engine/EngineMaterials/Substrate/Glints2/dict_0001_0072" 10429
"/Engine/EngineMaterials/Substrate/Glints2/dict_0001_0076" 10430
"../../../Engine/Content/EngineMaterials/Substrate/Glints2/dict_0001_0069.uasset" 10431
"../../../Engine/Content/EngineMaterials/Substrate/Glints2/dict_0001_0064.uasset" 10432
"../../../Engine/Content/EngineMaterials/Substrate/Glints2/dict_0001_0065.uasset" 10433
"../../../Engine/Content/EngineMaterials/Substrate/Glints2/dict_0001_0068.uasset" 10434
"../../../Engine/Content/EngineMaterials/Substrate/Glints2/dict_0001_0066.uasset" 10435
"../../../Engine/Content/EngineMaterials/Substrate/Glints2/dict_0001_0067.uasset" 10436
"../../../Engine/Content/EngineMaterials/Substrate/Glints2/dict_0001_0063.uasset" 10437
"../../../Engine/Content/EngineMaterials/Substrate/Glints2/dict_0001_0062.uasset" 10438
"../../../Engine/Content/EngineMaterials/Substrate/Glints2/dict_0001_0060.uasset" 10439
"/Engine/EngineMaterials/Substrate/Glints2/dict_0001_0062" 10440
"/Engine/EngineMaterials/Substrate/Glints2/dict_0001_0064" 10441
"/Engine/EngineMaterials/Substrate/Glints2/dict_0001_0063" 10442
"/Engine/EngineMaterials/Substrate/Glints2/dict_0001_0065" 10443
"/Engine/EngineMaterials/Substrate/Glints2/dict_0001_0066" 10444
"../../../Engine/Content/EngineMaterials/Substrate/Glints2/dict_0001_0057.uasset" 10445
"../../../Engine/Content/EngineMaterials/Substrate/Glints2/dict_0001_0054.uasset" 10446
"../../../Engine/Content/EngineMaterials/Substrate/Glints2/dict_0001_0058.uasset" 10447
"../../../Engine/Content/EngineMaterials/Substrate/Glints2/dict_0001_0055.uasset" 10448
"../../../Engine/Content/EngineMaterials/Substrate/Glints2/dict_0001_0059.uasset" 10449
"../../../Engine/Content/EngineMaterials/Substrate/Glints2/dict_0001_0056.uasset" 10450
"/Engine/EngineMaterials/Substrate/Glints2/dict_0001_0067" 10451
"/Engine/EngineMaterials/Substrate/Glints2/dict_0001_0068" 10452
"../../../Engine/Content/EngineMaterials/Substrate/Glints2/dict_0001_0061.uasset" 10453
"/Engine/EngineMaterials/Substrate/Glints2/dict_0001_0069" 10454
"/Engine/EngineMaterials/Substrate/Glints2/dict_0001_0060" 10455
"../../../Engine/Content/EngineMaterials/Substrate/Glints2/dict_0001_0052.uasset" 10456
"/Engine/EngineMaterials/Substrate/Glints2/dict_0001_0052" 10457
"/Engine/EngineMaterials/Substrate/Glints2/dict_0001_0061" 10458
"../../../Engine/Content/EngineMaterials/Substrate/Glints2/dict_0001_0053.uasset" 10459
"/Engine/EngineMaterials/Substrate/Glints2/dict_0001_0054" 10460
"../../../Engine/Content/EngineMaterials/Substrate/Glints2/dict_0001_0051.uasset" 10461
"../../../Engine/Content/EngineMaterials/Substrate/Glints2/dict_0001_0050.uasset" 10462
"/Engine/EngineMaterials/Substrate/Glints2/dict_0001_0055" 10463
"/Engine/EngineMaterials/Substrate/Glints2/dict_0001_0056" 10464
"/Engine/EngineMaterials/Substrate/Glints2/dict_0001_0057" 10465
"/Engine/EngineMaterials/Substrate/Glints2/dict_0001_0058" 10466
"/Engine/EngineMaterials/Substrate/Glints2/dict_0001_0059" 10467
"/Engine/EngineMaterials/Substrate/Glints2/dict_0001_0051" 10468
"../../../Engine/Content/EngineMaterials/Substrate/Glints2/dict_0001_0070.uasset" 10469
"/Engine/EngineMaterials/Substrate/Glints2/dict_0001_0053" 10470
"/Engine/EngineMaterials/Substrate/Glints2/dict_0001_0050" 10471
"../../../Engine/Content/EngineMaterials/Substrate/Glints2/dict_0001_0049.uasset" 10472
"../../../Engine/Content/EngineMaterials/Substrate/Glints2/dict_0001_0046.uasset" 10473
"../../../Engine/Content/EngineMaterials/Substrate/Glints2/dict_0001_0045.uasset" 10474
"../../../Engine/Content/EngineMaterials/Substrate/Glints2/dict_0001_0044.uasset" 10475
"../../../Engine/Content/EngineMaterials/Substrate/Glints2/dict_0001_0047.uasset" 10476
"../../../Engine/Content/EngineMaterials/Substrate/Glints2/dict_0001_0048.uasset" 10477
"../../../Engine/Content/EngineMaterials/Substrate/Glints2/dict_0001_0042.uasset" 10478
"../../../Engine/Content/EngineMaterials/Substrate/Glints2/dict_0001_0043.uasset" 10479
"../../../Engine/Content/EngineMaterials/Substrate/Glints2/dict_0001_0040.uasset" 10480
"../../../Engine/Content/EngineMaterials/Substrate/Glints2/dict_0001_0041.uasset" 10481
"../../../Engine/Content/EngineMaterials/Substrate/Glints2/dict_0001_0039.uasset" 10482
"../../../Engine/Content/EngineMaterials/Substrate/Glints2/dict_0001_0038.uasset" 10483
"../../../Engine/Content/EngineMaterials/Substrate/Glints2/dict_0001_0036.uasset" 10484
"/Engine/EngineMaterials/Substrate/Glints2/dict_0001_0039" 10485
"/Engine/EngineMaterials/Substrate/Glints2/dict_0001_0040" 10486
"/Engine/EngineMaterials/Substrate/Glints2/dict_0001_0042" 10487
"../../../Engine/Content/EngineMaterials/Substrate/Glints2/dict_0001_0033.uasset" 10488
"../../../Engine/Content/EngineMaterials/Substrate/Glints2/dict_0001_0035.uasset" 10489
"../../../Engine/Content/EngineMaterials/Substrate/Glints2/dict_0001_0031.uasset" 10490
"../../../Engine/Content/EngineMaterials/Substrate/Glints2/dict_0001_0032.uasset" 10491
"../../../Engine/Content/EngineMaterials/Substrate/Glints2/dict_0001_0027.uasset" 10492
"../../../Engine/Content/EngineMaterials/Substrate/Glints2/dict_0001_0030.uasset" 10493
"../../../Engine/Content/EngineMaterials/Substrate/Glints2/dict_0001_0034.uasset" 10494
"/Engine/EngineMaterials/Substrate/Glints2/dict_0001_0043" 10495
"../../../Engine/Content/EngineMaterials/Substrate/Glints2/dict_0001_0029.uasset" 10496
"/Engine/EngineMaterials/Substrate/Glints2/dict_0001_0044" 10497
"../../../Engine/Content/EngineMaterials/Substrate/Glints2/dict_0001_0037.uasset" 10498
"../../../Engine/Content/EngineMaterials/Substrate/Glints2/dict_0001_0028.uasset" 10499
"/Engine/EngineMaterials/Substrate/Glints2/dict_0001_0041" 10500
"../../../Engine/Content/EngineMaterials/Substrate/Glints2/dict_0001_0026.uasset" 10501
"/Engine/EngineMaterials/Substrate/Glints2/dict_0001_0045" 10502
"/Engine/EngineMaterials/Substrate/Glints2/dict_0001_0046" 10503
"/Engine/EngineMaterials/Substrate/Glints2/dict_0001_0047" 10504
"/Engine/EngineMaterials/Substrate/Glints2/dict_0001_0048" 10505
"/Engine/EngineMaterials/Substrate/Glints2/dict_0001_0049" 10506
"/Engine/EngineMaterials/Substrate/Glints2/dict_0001_0036" 10507
"/Engine/EngineMaterials/Substrate/Glints2/dict_0001_0038" 10508
"/Engine/EngineMaterials/Substrate/Glints2/dict_0001_0070" 10509
"/Engine/EngineMaterials/Substrate/Glints2/dict_0001_0030" 10510
"../../../Engine/Content/EngineMaterials/Substrate/Glints2/dict_0001_0025.uasset" 10511
"/Engine/EngineMaterials/Substrate/Glints2/dict_0001_0031" 10512
"/Engine/EngineMaterials/Substrate/Glints2/dict_0001_0032" 10513
"/Engine/EngineMaterials/Substrate/Glints2/dict_0001_0033" 10514
"../../../Engine/Content/EngineMaterials/Substrate/Glints2/dict_0001_0021.uasset" 10515
"../../../Engine/Content/EngineMaterials/Substrate/Glints2/dict_0001_0022.uasset" 10516
"../../../Engine/Content/EngineMaterials/Substrate/Glints2/dict_0001_0024.uasset" 10517
"../../../Engine/Content/EngineMaterials/Substrate/Glints2/dict_0001_0020.uasset" 10518
"../../../Engine/Content/EngineMaterials/Substrate/Glints2/dict_0001_0023.uasset" 10519
"/Engine/EngineMaterials/Substrate/Glints2/dict_0001_0034" 10520
"../../../Engine/Content/EngineMaterials/Substrate/Glints2/dict_0001_0019.uasset" 10521
"/Engine/EngineMaterials/Substrate/Glints2/dict_0001_0035" 10522
"/Engine/EngineMaterials/Substrate/Glints2/dict_0001_0026" 10523
"/Engine/EngineMaterials/Substrate/Glints2/dict_0001_0027" 10524
"/Engine/EngineMaterials/Substrate/Glints2/dict_0001_0028" 10525
"/Engine/EngineMaterials/Substrate/Glints2/dict_0001_0029" 10526
"/Engine/EngineMaterials/Substrate/Glints2/dict_0001_0037" 10527
"/Engine/EngineMaterials/Substrate/Glints2/dict_0001_0019" 10528
"/Engine/EngineMaterials/Substrate/Glints2/dict_0001_0022" 10529
"/Engine/EngineMaterials/Substrate/Glints2/dict_0001_0023" 10530
"/Engine/EngineMaterials/Substrate/Glints2/dict_0001_0020" 10531
"/Engine/EngineMaterials/Substrate/Glints2/dict_0001_0024" 10532
"/Engine/EngineMaterials/Substrate/Glints2/dict_0001_0025" 10533
"/Engine/EngineMaterials/Substrate/Glints2/dict_0001_0021" 10534
"../../../Engine/Content/EngineMaterials/Substrate/Glints2/dict_0001_0016.uasset" 10535
"../../../Engine/Content/EngineMaterials/Substrate/Glints2/dict_0001_0012.uasset" 10536
"../../../Engine/Content/EngineMaterials/Substrate/Glints2/dict_0001_0013.uasset" 10537
"../../../Engine/Content/EngineMaterials/Substrate/Glints2/dict_0001_0018.uasset" 10538
"../../../Engine/Content/EngineMaterials/Substrate/Glints2/dict_0001_0015.uasset" 10539
"../../../Engine/Content/EngineMaterials/Substrate/Glints2/dict_0001_0011.uasset" 10540
"../../../Engine/Content/EngineMaterials/Substrate/Glints2/dict_0001_0009.uasset" 10541
"../../../Engine/Content/EngineMaterials/Substrate/Glints2/dict_0001_0017.uasset" 10542
"../../../Engine/Content/EngineMaterials/Substrate/Glints2/dict_0001_0014.uasset" 10543
"../../../Engine/Content/EngineMaterials/Substrate/Glints2/dict_0001_0010.uasset" 10544
"/Engine/EngineMaterials/Substrate/Glints2/dict_0001_0009" 10545
"../../../Engine/Content/EngineMaterials/Substrate/Glints2/dict_0001_0003.uasset" 10546
"../../../Engine/Content/EngineMaterials/Substrate/Glints2/dict_0001_0002.uasset" 10547
"../../../Engine/Content/EngineMaterials/Substrate/Glints2/dict_0001_0008.uasset" 10548
"../../../Engine/Content/EngineMaterials/Substrate/Glints2/dict_0001_0006.uasset" 10549
"../../../Engine/Content/EngineMaterials/Substrate/Glints2/dict_0001_0000.uasset" 10550
"../../../Engine/Content/EngineMaterials/Substrate/Glints2/dict_0001_0004.uasset" 10551
"/Engine/EngineMaterials/Substrate/Glints2/dict_0001_0010" 10552
"../../../Engine/Content/EngineMaterials/Substrate/Glints2/dict_0001_0001.uasset" 10553
"../../../Engine/Content/EngineMaterials/Substrate/Glints2/dict_0001_0005.uasset" 10554
"../../../Engine/Content/EngineMaterials/Substrate/Glints2/dict_0001_0007.uasset" 10555
"/Engine/EngineMaterials/Substrate/Glints2/dict_0001_0011" 10556
"/Engine/EngineMaterials/Substrate/Glints2/dict_0001_0012" 10557
"/Engine/EngineMaterials/Substrate/Glints2/dict_0001_0013" 10558
"../../../Engine/Content/EngineMaterials/Substrate/Glints2/dict_0000_0255.uasset" 10559
"/Engine/EngineMaterials/Substrate/Glints2/dict_0001_0014" 10560
"/Engine/EngineMaterials/Substrate/Glints2/dict_0001_0015" 10561
"/Engine/EngineMaterials/Substrate/Glints2/dict_0001_0016" 10562
"/Engine/EngineMaterials/Substrate/Glints2/dict_0001_0017" 10563
"/Engine/EngineMaterials/Substrate/Glints2/dict_0001_0018" 10564
"/Engine/EngineMaterials/Substrate/Glints2/dict_0001_0005" 10565
"/Engine/EngineMaterials/Substrate/Glints2/dict_0001_0006" 10566
"/Engine/EngineMaterials/Substrate/Glints2/dict_0001_0007" 10567
"/Engine/EngineMaterials/Substrate/Glints2/dict_0001_0008" 10568
"/Engine/EngineMaterials/Substrate/Glints2/dict_0000_0255" 10569
"/Engine/EngineMaterials/Substrate/Glints2/dict_0001_0000" 10570
"/Engine/EngineMaterials/Substrate/Glints2/dict_0001_0001" 10571
"../../../Engine/Content/EngineMaterials/Substrate/Glints2/dict_0000_0251.uasset" 10572
"/Engine/EngineMaterials/Substrate/Glints2/dict_0001_0002" 10573
"../../../Engine/Content/EngineMaterials/Substrate/Glints2/dict_0000_0249.uasset" 10574
"../../../Engine/Content/EngineMaterials/Substrate/Glints2/dict_0000_0250.uasset" 10575
"../../../Engine/Content/EngineMaterials/Substrate/Glints2/dict_0000_0253.uasset" 10576
"../../../Engine/Content/EngineMaterials/Substrate/Glints2/dict_0000_0246.uasset" 10577
"../../../Engine/Content/EngineMaterials/Substrate/Glints2/dict_0000_0252.uasset" 10578
"../../../Engine/Content/EngineMaterials/Substrate/Glints2/dict_0000_0248.uasset" 10579
"/Engine/EngineMaterials/Substrate/Glints2/dict_0001_0003" 10580
"../../../Engine/Content/EngineMaterials/Substrate/Glints2/dict_0000_0247.uasset" 10581
"/Engine/EngineMaterials/Substrate/Glints2/dict_0001_0004" 10582
"../../../Engine/Content/EngineMaterials/Substrate/Glints2/dict_0000_0245.uasset" 10583
"../../../Engine/Content/EngineMaterials/Substrate/Glints2/dict_0000_0244.uasset" 10584
"../../../Engine/Content/EngineMaterials/Substrate/Glints2/dict_0000_0254.uasset" 10585
"/Engine/EngineMaterials/Substrate/Glints2/dict_0000_0244" 10586
"/Engine/EngineMaterials/Substrate/Glints2/dict_0000_0245" 10587
"/Engine/EngineMaterials/Substrate/Glints2/dict_0000_0250" 10588
"/Engine/EngineMaterials/Substrate/Glints2/dict_0000_0251" 10589
"/Engine/EngineMaterials/Substrate/Glints2/dict_0000_0252" 10590
"/Engine/EngineMaterials/Substrate/Glints2/dict_0000_0253" 10591
"/Engine/EngineMaterials/Substrate/Glints2/dict_0000_0246" 10592
"/Engine/EngineMaterials/Substrate/Glints2/dict_0000_0254" 10593
"/Engine/EngineMaterials/Substrate/Glints2/dict_0000_0247" 10594
"/Engine/EngineMaterials/Substrate/Glints2/dict_0000_0248" 10595
"/Engine/EngineMaterials/Substrate/Glints2/dict_0000_0249" 10596
"../../../Engine/Content/EngineMaterials/Substrate/Glints2/dict_0000_0242.uasset" 10597
"../../../Engine/Content/EngineMaterials/Substrate/Glints2/dict_0000_0233.uasset" 10598
"../../../Engine/Content/EngineMaterials/Substrate/Glints2/dict_0000_0237.uasset" 10599
"../../../Engine/Content/EngineMaterials/Substrate/Glints2/dict_0000_0232.uasset" 10600
"../../../Engine/Content/EngineMaterials/Substrate/Glints2/dict_0000_0239.uasset" 10601
"../../../Engine/Content/EngineMaterials/Substrate/Glints2/dict_0000_0235.uasset" 10602
"../../../Engine/Content/EngineMaterials/Substrate/Glints2/dict_0000_0243.uasset" 10603
"../../../Engine/Content/EngineMaterials/Substrate/Glints2/dict_0000_0236.uasset" 10604
"../../../Engine/Content/EngineMaterials/Substrate/Glints2/dict_0000_0240.uasset" 10605
"../../../Engine/Content/EngineMaterials/Substrate/Glints2/dict_0000_0231.uasset" 10606
"../../../Engine/Content/EngineMaterials/Substrate/Glints2/dict_0000_0241.uasset" 10607
"../../../Engine/Content/EngineMaterials/Substrate/Glints2/dict_0000_0234.uasset" 10608
"../../../Engine/Content/EngineMaterials/Substrate/Glints2/dict_0000_0238.uasset" 10609
"../../../Engine/Content/EngineMaterials/Substrate/Glints2/dict_0000_0226.uasset" 10610
"../../../Engine/Content/EngineMaterials/Substrate/Glints2/dict_0000_0221.uasset" 10611
"../../../Engine/Content/EngineMaterials/Substrate/Glints2/dict_0000_0225.uasset" 10612
"../../../Engine/Content/EngineMaterials/Substrate/Glints2/dict_0000_0228.uasset" 10613
"../../../Engine/Content/EngineMaterials/Substrate/Glints2/dict_0000_0224.uasset" 10614
"../../../Engine/Content/EngineMaterials/Substrate/Glints2/dict_0000_0219.uasset" 10615
"../../../Engine/Content/EngineMaterials/Substrate/Glints2/dict_0000_0229.uasset" 10616
"../../../Engine/Content/EngineMaterials/Substrate/Glints2/dict_0000_0218.uasset" 10617
"../../../Engine/Content/EngineMaterials/Substrate/Glints2/dict_0000_0222.uasset" 10618
"../../../Engine/Content/EngineMaterials/Substrate/Glints2/dict_0000_0230.uasset" 10619
"../../../Engine/Content/EngineMaterials/Substrate/Glints2/dict_0000_0227.uasset" 10620
"../../../Engine/Content/EngineMaterials/Substrate/Glints2/dict_0000_0220.uasset" 10621
"../../../Engine/Content/EngineMaterials/Substrate/Glints2/dict_0000_0214.uasset" 10622
"../../../Engine/Content/EngineMaterials/Substrate/Glints2/dict_0000_0212.uasset" 10623
"../../../Engine/Content/EngineMaterials/Substrate/Glints2/dict_0000_0213.uasset" 10624
"../../../Engine/Content/EngineMaterials/Substrate/Glints2/dict_0000_0216.uasset" 10625
"../../../Engine/Content/EngineMaterials/Substrate/Glints2/dict_0000_0215.uasset" 10626
"../../../Engine/Content/EngineMaterials/Substrate/Glints2/dict_0000_0217.uasset" 10627
"../../../Engine/Content/EngineMaterials/Substrate/Glints2/dict_0000_0223.uasset" 10628
"/Engine/EngineMaterials/Substrate/Glints2/dict_0000_0243" 10629
"/Engine/EngineMaterials/Substrate/Glints2/dict_0000_0224" 10630
"/Engine/EngineMaterials/Substrate/Glints2/dict_0000_0225" 10631
"/Engine/EngineMaterials/Substrate/Glints2/dict_0000_0226" 10632
"/Engine/EngineMaterials/Substrate/Glints2/dict_0000_0212" 10633
"/Engine/EngineMaterials/Substrate/Glints2/dict_0000_0213" 10634
"/Engine/EngineMaterials/Substrate/Glints2/dict_0000_0233" 10635
"/Engine/EngineMaterials/Substrate/Glints2/dict_0000_0234" 10636
"/Engine/EngineMaterials/Substrate/Glints2/dict_0000_0235" 10637
"/Engine/EngineMaterials/Substrate/Glints2/dict_0000_0214" 10638
"/Engine/EngineMaterials/Substrate/Glints2/dict_0000_0236" 10639
"/Engine/EngineMaterials/Substrate/Glints2/dict_0000_0237" 10640
"/Engine/EngineMaterials/Substrate/Glints2/dict_0000_0215" 10641
"/Engine/EngineMaterials/Substrate/Glints2/dict_0000_0238" 10642
"/Engine/EngineMaterials/Substrate/Glints2/dict_0000_0216" 10643
"/Engine/EngineMaterials/Substrate/Glints2/dict_0000_0218" 10644
"/Engine/EngineMaterials/Substrate/Glints2/dict_0000_0239" 10645
"/Engine/EngineMaterials/Substrate/Glints2/dict_0000_0219" 10646
"/Engine/EngineMaterials/Substrate/Glints2/dict_0000_0227" 10647
"/Engine/EngineMaterials/Substrate/Glints2/dict_0000_0220" 10648
"/Engine/EngineMaterials/Substrate/Glints2/dict_0000_0221" 10649
"/Engine/EngineMaterials/Substrate/Glints2/dict_0000_0240" 10650
"/Engine/EngineMaterials/Substrate/Glints2/dict_0000_0222" 10651
"/Engine/EngineMaterials/Substrate/Glints2/dict_0000_0228" 10652
"/Engine/EngineMaterials/Substrate/Glints2/dict_0000_0229" 10653
"/Engine/EngineMaterials/Substrate/Glints2/dict_0000_0230" 10654
"/Engine/EngineMaterials/Substrate/Glints2/dict_0000_0231" 10655
"/Engine/EngineMaterials/Substrate/Glints2/dict_0000_0232" 10656
"/Engine/EngineMaterials/Substrate/Glints2/dict_0000_0241" 10657
"/Engine/EngineMaterials/Substrate/Glints2/dict_0000_0242" 10658
"/Engine/EngineMaterials/Substrate/Glints2/dict_0000_0223" 10659
"/Engine/EngineMaterials/Substrate/Glints2/dict_0000_0217" 10660
"../../../Engine/Content/EngineMaterials/Substrate/Glints2/dict_0000_0210.uasset" 10661
"../../../Engine/Content/EngineMaterials/Substrate/Glints2/dict_0000_0211.uasset" 10662
"../../../Engine/Content/EngineMaterials/Substrate/Glints2/dict_0000_0209.uasset" 10663
"../../../Engine/Content/EngineMaterials/Substrate/Glints2/dict_0000_0208.uasset" 10664
"../../../Engine/Content/EngineMaterials/Substrate/Glints2/dict_0000_0207.uasset" 10665
"/Engine/EngineMaterials/Substrate/Glints2/dict_0000_0207" 10666
"../../../Engine/Content/EngineMaterials/Substrate/Glints2/dict_0000_0206.uasset" 10667
"../../../Engine/Content/EngineMaterials/Substrate/Glints2/dict_0000_0204.uasset" 10668
"../../../Engine/Content/EngineMaterials/Substrate/Glints2/dict_0000_0205.uasset" 10669
"../../../Engine/Content/EngineMaterials/Substrate/Glints2/dict_0000_0203.uasset" 10670
"../../../Engine/Content/EngineMaterials/Substrate/Glints2/dict_0000_0202.uasset" 10671
"/Engine/EngineMaterials/Substrate/Glints2/dict_0000_0208" 10672
"/Engine/EngineMaterials/Substrate/Glints2/dict_0000_0209" 10673
"/Engine/EngineMaterials/Substrate/Glints2/dict_0000_0210" 10674
"/Engine/EngineMaterials/Substrate/Glints2/dict_0000_0211" 10675
"../../../Engine/Content/EngineMaterials/Substrate/Glints2/dict_0000_0201.uasset" 10676
"/Engine/EngineMaterials/Substrate/Glints2/dict_0000_0201" 10677
"/Engine/EngineMaterials/Substrate/Glints2/dict_0000_0202" 10678
"../../../Engine/Content/EngineMaterials/Substrate/Glints2/dict_0000_0200.uasset" 10679
"/Engine/EngineMaterials/Substrate/Glints2/dict_0000_0203" 10680
"/Engine/EngineMaterials/Substrate/Glints2/dict_0000_0204" 10681
"../../../Engine/Content/EngineMaterials/Substrate/Glints2/dict_0000_0198.uasset" 10682
"/Engine/EngineMaterials/Substrate/Glints2/dict_0000_0205" 10683
"../../../Engine/Content/EngineMaterials/Substrate/Glints2/dict_0000_0199.uasset" 10684
"/Engine/EngineMaterials/Substrate/Glints2/dict_0000_0206" 10685
"/Engine/EngineMaterials/Substrate/Glints2/dict_0000_0198" 10686
"../../../Engine/Content/EngineMaterials/Substrate/Glints2/dict_0000_0197.uasset" 10687
"/Engine/EngineMaterials/Substrate/Glints2/dict_0000_0199" 10688
"/Engine/EngineMaterials/Substrate/Glints2/dict_0000_0200" 10689
"../../../Engine/Content/EngineMaterials/Substrate/Glints2/dict_0000_0195.uasset" 10690
"../../../Engine/Content/EngineMaterials/Substrate/Glints2/dict_0000_0196.uasset" 10691
"/Engine/EngineMaterials/Substrate/Glints2/dict_0000_0197" 10692
"/Engine/EngineMaterials/Substrate/Glints2/dict_0000_0195" 10693
"/Engine/EngineMaterials/Substrate/Glints2/dict_0000_0196" 10694
"../../../Engine/Content/EngineMaterials/Substrate/Glints2/dict_0000_0194.uasset" 10695
"../../../Engine/Content/EngineMaterials/Substrate/Glints2/dict_0000_0193.uasset" 10696
"../../../Engine/Content/EngineMaterials/Substrate/Glints2/dict_0000_0191.uasset" 10697
"../../../Engine/Content/EngineMaterials/Substrate/Glints2/dict_0000_0192.uasset" 10698
"../../../Engine/Content/EngineMaterials/Substrate/Glints2/dict_0000_0190.uasset" 10699
"../../../Engine/Content/EngineMaterials/Substrate/Glints2/dict_0000_0188.uasset" 10700
"../../../Engine/Content/EngineMaterials/Substrate/Glints2/dict_0000_0189.uasset" 10701
"../../../Engine/Content/EngineMaterials/Substrate/Glints2/dict_0000_0186.uasset" 10702
"../../../Engine/Content/EngineMaterials/Substrate/Glints2/dict_0000_0187.uasset" 10703
"../../../Engine/Content/EngineMaterials/Substrate/Glints2/dict_0000_0184.uasset" 10704
"/Engine/EngineMaterials/Substrate/Glints2/dict_0000_0184" 10705
"../../../Engine/Content/EngineMaterials/Substrate/Glints2/dict_0000_0185.uasset" 10706
"/Engine/EngineMaterials/Substrate/Glints2/dict_0000_0186" 10707
"../../../Engine/Content/EngineMaterials/Substrate/Glints2/dict_0000_0183.uasset" 10708
"/Engine/EngineMaterials/Substrate/Glints2/dict_0000_0187" 10709
"../../../Engine/Content/EngineMaterials/Substrate/Glints2/dict_0000_0182.uasset" 10710
"/Engine/EngineMaterials/Substrate/Glints2/dict_0000_0188" 10711
"/Engine/EngineMaterials/Substrate/Glints2/dict_0000_0189" 10712
"/Engine/EngineMaterials/Substrate/Glints2/dict_0000_0190" 10713
"/Engine/EngineMaterials/Substrate/Glints2/dict_0000_0191" 10714
"/Engine/EngineMaterials/Substrate/Glints2/dict_0000_0192" 10715
"/Engine/EngineMaterials/Substrate/Glints2/dict_0000_0193" 10716
"../../../Engine/Content/EngineMaterials/Substrate/Glints2/dict_0000_0181.uasset" 10717
"/Engine/EngineMaterials/Substrate/Glints2/dict_0000_0194" 10718
"/Engine/EngineMaterials/Substrate/Glints2/dict_0000_0182" 10719
"/Engine/EngineMaterials/Substrate/Glints2/dict_0000_0183" 10720
"/Engine/EngineMaterials/Substrate/Glints2/dict_0000_0185" 10721
"../../../Engine/Content/EngineMaterials/Substrate/Glints2/dict_0000_0179.uasset" 10722
"../../../Engine/Content/EngineMaterials/Substrate/Glints2/dict_0000_0180.uasset" 10723
"../../../Engine/Content/EngineMaterials/Substrate/Glints2/dict_0000_0178.uasset" 10724
"/Engine/EngineMaterials/Substrate/Glints2/dict_0000_0181" 10725
"/Engine/EngineMaterials/Substrate/Glints2/dict_0000_0180" 10726
"/Engine/EngineMaterials/Substrate/Glints2/dict_0000_0178" 10727
"../../../Engine/Content/EngineMaterials/Substrate/Glints2/dict_0000_0177.uasset" 10728
"../../../Engine/Content/EngineMaterials/Substrate/Glints2/dict_0000_0175.uasset" 10729
"/Engine/EngineMaterials/Substrate/Glints2/dict_0000_0179" 10730
"../../../Engine/Content/EngineMaterials/Substrate/Glints2/dict_0000_0176.uasset" 10731
"/Engine/EngineMaterials/Substrate/Glints2/dict_0000_0175" 10732
"/Engine/EngineMaterials/Substrate/Glints2/dict_0000_0177" 10733
"/Engine/EngineMaterials/Substrate/Glints2/dict_0000_0176" 10734
"../../../Engine/Content/EngineMaterials/Substrate/Glints2/dict_0000_0174.uasset" 10735
"../../../Engine/Content/EngineMaterials/Substrate/Glints2/dict_0000_0170.uasset" 10736
"../../../Engine/Content/EngineMaterials/Substrate/Glints2/dict_0000_0171.uasset" 10737
"../../../Engine/Content/EngineMaterials/Substrate/Glints2/dict_0000_0172.uasset" 10738
"../../../Engine/Content/EngineMaterials/Substrate/Glints2/dict_0000_0173.uasset" 10739
"../../../Engine/Content/EngineMaterials/Substrate/Glints2/dict_0000_0169.uasset" 10740
"../../../Engine/Content/EngineMaterials/Substrate/Glints2/dict_0000_0168.uasset" 10741
"../../../Engine/Content/EngineMaterials/Substrate/Glints2/dict_0000_0167.uasset" 10742
"/Engine/EngineMaterials/Substrate/Glints2/dict_0000_0167" 10743
"/Engine/EngineMaterials/Substrate/Glints2/dict_0000_0168" 10744
"/Engine/EngineMaterials/Substrate/Glints2/dict_0000_0169" 10745
"/Engine/EngineMaterials/Substrate/Glints2/dict_0000_0170" 10746
"/Engine/EngineMaterials/Substrate/Glints2/dict_0000_0171" 10747
"/Engine/EngineMaterials/Substrate/Glints2/dict_0000_0172" 10748
"/Engine/EngineMaterials/Substrate/Glints2/dict_0000_0173" 10749
"/Engine/EngineMaterials/Substrate/Glints2/dict_0000_0174" 10750
"../../../Engine/Content/EngineMaterials/Substrate/Glints2/dict_0000_0166.uasset" 10751
"/Engine/EngineMaterials/Substrate/Glints2/dict_0000_0166" 10752
"../../../Engine/Content/EngineMaterials/Substrate/Glints2/dict_0000_0164.uasset" 10753
"../../../Engine/Content/EngineMaterials/Substrate/Glints2/dict_0000_0161.uasset" 10754
"../../../Engine/Content/EngineMaterials/Substrate/Glints2/dict_0000_0160.uasset" 10755
"../../../Engine/Content/EngineMaterials/Substrate/Glints2/dict_0000_0162.uasset" 10756
"../../../Engine/Content/EngineMaterials/Substrate/Glints2/dict_0000_0163.uasset" 10757
"../../../Engine/Content/EngineMaterials/Substrate/Glints2/dict_0000_0165.uasset" 10758
"../../../Engine/Content/EngineMaterials/Substrate/Glints2/dict_0000_0159.uasset" 10759
"../../../Engine/Content/EngineMaterials/Substrate/Glints2/dict_0000_0156.uasset" 10760
"../../../Engine/Content/EngineMaterials/Substrate/Glints2/dict_0000_0153.uasset" 10761
"/Engine/EngineMaterials/Substrate/Glints2/dict_0000_0156" 10762
"../../../Engine/Content/EngineMaterials/Substrate/Glints2/dict_0000_0155.uasset" 10763
"../../../Engine/Content/EngineMaterials/Substrate/Glints2/dict_0000_0158.uasset" 10764
"../../../Engine/Content/EngineMaterials/Substrate/Glints2/dict_0000_0154.uasset" 10765
"../../../Engine/Content/EngineMaterials/Substrate/Glints2/dict_0000_0157.uasset" 10766
"../../../Engine/Content/EngineMaterials/Substrate/Glints2/dict_0000_0152.uasset" 10767
"/Engine/EngineMaterials/Substrate/Glints2/dict_0000_0159" 10768
"/Engine/EngineMaterials/Substrate/Glints2/dict_0000_0160" 10769
"/Engine/EngineMaterials/Substrate/Glints2/dict_0000_0161" 10770
"/Engine/EngineMaterials/Substrate/Glints2/dict_0000_0162" 10771
"/Engine/EngineMaterials/Substrate/Glints2/dict_0000_0163" 10772
"/Engine/EngineMaterials/Substrate/Glints2/dict_0000_0164" 10773
"/Engine/EngineMaterials/Substrate/Glints2/dict_0000_0165" 10774
"/Engine/EngineMaterials/Substrate/Glints2/dict_0000_0153" 10775
"/Engine/EngineMaterials/Substrate/Glints2/dict_0000_0154" 10776
"/Engine/EngineMaterials/Substrate/Glints2/dict_0000_0155" 10777
"/Engine/EngineMaterials/Substrate/Glints2/dict_0000_0157" 10778
"/Engine/EngineMaterials/Substrate/Glints2/dict_0000_0158" 10779
"/Engine/EngineMaterials/Substrate/Glints2/dict_0000_0152" 10780
"../../../Engine/Content/EngineMaterials/Substrate/Glints2/dict_0000_0145.uasset" 10781
"../../../Engine/Content/EngineMaterials/Substrate/Glints2/dict_0000_0146.uasset" 10782
"../../../Engine/Content/EngineMaterials/Substrate/Glints2/dict_0000_0149.uasset" 10783
"../../../Engine/Content/EngineMaterials/Substrate/Glints2/dict_0000_0151.uasset" 10784
"../../../Engine/Content/EngineMaterials/Substrate/Glints2/dict_0000_0148.uasset" 10785
"../../../Engine/Content/EngineMaterials/Substrate/Glints2/dict_0000_0147.uasset" 10786
"../../../Engine/Content/EngineMaterials/Substrate/Glints2/dict_0000_0150.uasset" 10787
"../../../Engine/Content/EngineMaterials/Substrate/Glints2/dict_0000_0139.uasset" 10788
"../../../Engine/Content/EngineMaterials/Substrate/Glints2/dict_0000_0144.uasset" 10789
"../../../Engine/Content/EngineMaterials/Substrate/Glints2/dict_0000_0141.uasset" 10790
"../../../Engine/Content/EngineMaterials/Substrate/Glints2/dict_0000_0140.uasset" 10791
"../../../Engine/Content/EngineMaterials/Substrate/Glints2/dict_0000_0143.uasset" 10792
"../../../Engine/Content/EngineMaterials/Substrate/Glints2/dict_0000_0138.uasset" 10793
"../../../Engine/Content/EngineMaterials/Substrate/Glints2/dict_0000_0142.uasset" 10794
"/Engine/EngineMaterials/Substrate/Glints2/dict_0000_0146" 10795
"/Engine/EngineMaterials/Substrate/Glints2/dict_0000_0149" 10796
"/Engine/EngineMaterials/Substrate/Glints2/dict_0000_0150" 10797
"/Engine/EngineMaterials/Substrate/Glints2/dict_0000_0151" 10798
"/Engine/EngineMaterials/Substrate/Glints2/dict_0000_0138" 10799
"/Engine/EngineMaterials/Substrate/Glints2/dict_0000_0139" 10800
"/Engine/EngineMaterials/Substrate/Glints2/dict_0000_0140" 10801
"/Engine/EngineMaterials/Substrate/Glints2/dict_0000_0141" 10802
"/Engine/EngineMaterials/Substrate/Glints2/dict_0000_0142" 10803
"/Engine/EngineMaterials/Substrate/Glints2/dict_0000_0144" 10804
"/Engine/EngineMaterials/Substrate/Glints2/dict_0000_0143" 10805
"/Engine/EngineMaterials/Substrate/Glints2/dict_0000_0145" 10806
"/Engine/EngineMaterials/Substrate/Glints2/dict_0000_0147" 10807
"../../../Engine/Content/EngineMaterials/Substrate/Glints2/dict_0000_0137.uasset" 10808
"../../../Engine/Content/EngineMaterials/Substrate/Glints2/dict_0000_0132.uasset" 10809
"/Engine/EngineMaterials/Substrate/Glints2/dict_0000_0148" 10810
"../../../Engine/Content/EngineMaterials/Substrate/Glints2/dict_0000_0133.uasset" 10811
"../../../Engine/Content/EngineMaterials/Substrate/Glints2/dict_0000_0136.uasset" 10812
"../../../Engine/Content/EngineMaterials/Substrate/Glints2/dict_0000_0134.uasset" 10813
"../../../Engine/Content/EngineMaterials/Substrate/Glints2/dict_0000_0131.uasset" 10814
"../../../Engine/Content/EngineMaterials/Substrate/Glints2/dict_0000_0135.uasset" 10815
"/Engine/EngineMaterials/Substrate/Glints2/dict_0000_0131" 10816
"/Engine/EngineMaterials/Substrate/Glints2/dict_0000_0132" 10817
"/Engine/EngineMaterials/Substrate/Glints2/dict_0000_0133" 10818
"/Engine/EngineMaterials/Substrate/Glints2/dict_0000_0134" 10819
"/Engine/EngineMaterials/Substrate/Glints2/dict_0000_0135" 10820
"/Engine/EngineMaterials/Substrate/Glints2/dict_0000_0136" 10821
"/Engine/EngineMaterials/Substrate/Glints2/dict_0000_0137" 10822
"../../../Engine/Content/EngineMaterials/Substrate/Glints2/dict_0000_0130.uasset" 10823
"../../../Engine/Content/EngineMaterials/Substrate/Glints2/dict_0000_0128.uasset" 10824
"../../../Engine/Content/EngineMaterials/Substrate/Glints2/dict_0000_0125.uasset" 10825
"../../../Engine/Content/EngineMaterials/Substrate/Glints2/dict_0000_0129.uasset" 10826
"../../../Engine/Content/EngineMaterials/Substrate/Glints2/dict_0000_0127.uasset" 10827
"../../../Engine/Content/EngineMaterials/Substrate/Glints2/dict_0000_0126.uasset" 10828
"../../../Engine/Content/EngineMaterials/Substrate/Glints2/dict_0000_0124.uasset" 10829
"/Engine/EngineMaterials/Substrate/Glints2/dict_0000_0126" 10830
"/Engine/EngineMaterials/Substrate/Glints2/dict_0000_0124" 10831
"/Engine/EngineMaterials/Substrate/Glints2/dict_0000_0127" 10832
"/Engine/EngineMaterials/Substrate/Glints2/dict_0000_0128" 10833
"/Engine/EngineMaterials/Substrate/Glints2/dict_0000_0129" 10834
"/Engine/EngineMaterials/Substrate/Glints2/dict_0000_0130" 10835
"/Engine/EngineMaterials/Substrate/Glints2/dict_0000_0125" 10836
"../../../Engine/Content/EngineMaterials/Substrate/Glints2/dict_0000_0120.uasset" 10837
"../../../Engine/Content/EngineMaterials/Substrate/Glints2/dict_0000_0123.uasset" 10838
"../../../Engine/Content/EngineMaterials/Substrate/Glints2/dict_0000_0119.uasset" 10839
"../../../Engine/Content/EngineMaterials/Substrate/Glints2/dict_0000_0118.uasset" 10840
"../../../Engine/Content/EngineMaterials/Substrate/Glints2/dict_0000_0121.uasset" 10841
"../../../Engine/Content/EngineMaterials/Substrate/Glints2/dict_0000_0117.uasset" 10842
"../../../Engine/Content/EngineMaterials/Substrate/Glints2/dict_0000_0122.uasset" 10843
"../../../Engine/Content/EngineMaterials/Substrate/Glints2/dict_0000_0116.uasset" 10844
"/Engine/EngineMaterials/Substrate/Glints2/dict_0000_0120" 10845
"../../../Engine/Content/EngineMaterials/Substrate/Glints2/dict_0000_0109.uasset" 10846
"../../../Engine/Content/EngineMaterials/Substrate/Glints2/dict_0000_0113.uasset" 10847
"../../../Engine/Content/EngineMaterials/Substrate/Glints2/dict_0000_0107.uasset" 10848
"../../../Engine/Content/EngineMaterials/Substrate/Glints2/dict_0000_0111.uasset" 10849
"../../../Engine/Content/EngineMaterials/Substrate/Glints2/dict_0000_0112.uasset" 10850
"/Engine/EngineMaterials/Substrate/Glints2/dict_0000_0121" 10851
"../../../Engine/Content/EngineMaterials/Substrate/Glints2/dict_0000_0114.uasset" 10852
"../../../Engine/Content/EngineMaterials/Substrate/Glints2/dict_0000_0115.uasset" 10853
"/Engine/EngineMaterials/Substrate/Glints2/dict_0000_0122" 10854
"../../../Engine/Content/EngineMaterials/Substrate/Glints2/dict_0000_0108.uasset" 10855
"../../../Engine/Content/EngineMaterials/Substrate/Glints2/dict_0000_0110.uasset" 10856
"/Engine/EngineMaterials/Substrate/Glints2/dict_0000_0123" 10857
"/Engine/EngineMaterials/Substrate/Glints2/dict_0000_0116" 10858
"/Engine/EngineMaterials/Substrate/Glints2/dict_0000_0117" 10859
"/Engine/EngineMaterials/Substrate/Glints2/dict_0000_0118" 10860
"/Engine/EngineMaterials/Substrate/Glints2/dict_0000_0119" 10861
"/Engine/EngineMaterials/Substrate/Glints2/dict_0000_0107" 10862
"/Engine/EngineMaterials/Substrate/Glints2/dict_0000_0108" 10863
"/Engine/EngineMaterials/Substrate/Glints2/dict_0000_0109" 10864
"/Engine/EngineMaterials/Substrate/Glints2/dict_0000_0110" 10865
"/Engine/EngineMaterials/Substrate/Glints2/dict_0000_0111" 10866
"/Engine/EngineMaterials/Substrate/Glints2/dict_0000_0112" 10867
"/Engine/EngineMaterials/Substrate/Glints2/dict_0000_0113" 10868
"../../../Engine/Content/EngineMaterials/Substrate/Glints2/dict_0000_0106.uasset" 10869
"../../../Engine/Content/EngineMaterials/Substrate/Glints2/dict_0000_0100.uasset" 10870
"/Engine/EngineMaterials/Substrate/Glints2/dict_0000_0114" 10871
"../../../Engine/Content/EngineMaterials/Substrate/Glints2/dict_0000_0099.uasset" 10872
"../../../Engine/Content/EngineMaterials/Substrate/Glints2/dict_0000_0105.uasset" 10873
"../../../Engine/Content/EngineMaterials/Substrate/Glints2/dict_0000_0104.uasset" 10874
"../../../Engine/Content/EngineMaterials/Substrate/Glints2/dict_0000_0103.uasset" 10875
"../../../Engine/Content/EngineMaterials/Substrate/Glints2/dict_0000_0101.uasset" 10876
"../../../Engine/Content/EngineMaterials/Substrate/Glints2/dict_0000_0102.uasset" 10877
"/Engine/EngineMaterials/Substrate/Glints2/dict_0000_0115" 10878
"/Engine/EngineMaterials/Substrate/Glints2/dict_0000_0106" 10879
"../../../Engine/Content/EngineMaterials/Substrate/Glints2/dict_0000_0098.uasset" 10880
"/Engine/EngineMaterials/Substrate/Glints2/dict_0000_0099" 10881
"/Engine/EngineMaterials/Substrate/Glints2/dict_0000_0100" 10882
"/Engine/EngineMaterials/Substrate/Glints2/dict_0000_0101" 10883
"/Engine/EngineMaterials/Substrate/Glints2/dict_0000_0102" 10884
"/Engine/EngineMaterials/Substrate/Glints2/dict_0000_0103" 10885
"../../../Engine/Content/EngineMaterials/Substrate/Glints2/dict_0000_0097.uasset" 10886
"/Engine/EngineMaterials/Substrate/Glints2/dict_0000_0104" 10887
"/Engine/EngineMaterials/Substrate/Glints2/dict_0000_0105" 10888
"/Engine/EngineMaterials/Substrate/Glints2/dict_0000_0097" 10889
"/Engine/EngineMaterials/Substrate/Glints2/dict_0000_0098" 10890
"../../../Engine/Content/EngineMaterials/Substrate/Glints2/dict_0000_0090.uasset" 10891
"../../../Engine/Content/EngineMaterials/Substrate/Glints2/dict_0000_0092.uasset" 10892
"../../../Engine/Content/EngineMaterials/Substrate/Glints2/dict_0000_0093.uasset" 10893
"../../../Engine/Content/EngineMaterials/Substrate/Glints2/dict_0000_0091.uasset" 10894
"../../../Engine/Content/EngineMaterials/Substrate/Glints2/dict_0000_0094.uasset" 10895
"../../../Engine/Content/EngineMaterials/Substrate/Glints2/dict_0000_0089.uasset" 10896
"../../../Engine/Content/EngineMaterials/Substrate/Glints2/dict_0000_0096.uasset" 10897
"../../../Engine/Content/EngineMaterials/Substrate/Glints2/dict_0000_0088.uasset" 10898
"../../../Engine/Content/EngineMaterials/Substrate/Glints2/dict_0000_0095.uasset" 10899
"../../../Engine/Content/EngineMaterials/Substrate/Glints2/dict_0000_0087.uasset" 10900
"../../../Engine/Content/EngineMaterials/Substrate/Glints2/dict_0000_0082.uasset" 10901
"../../../Engine/Content/EngineMaterials/Substrate/Glints2/dict_0000_0081.uasset" 10902
"../../../Engine/Content/EngineMaterials/Substrate/Glints2/dict_0000_0078.uasset" 10903
"../../../Engine/Content/EngineMaterials/Substrate/Glints2/dict_0000_0084.uasset" 10904
"/Engine/EngineMaterials/Substrate/Glints2/dict_0000_0092" 10905
"../../../Engine/Content/EngineMaterials/Substrate/Glints2/dict_0000_0080.uasset" 10906
"../../../Engine/Content/EngineMaterials/Substrate/Glints2/dict_0000_0083.uasset" 10907
"../../../Engine/Content/EngineMaterials/Substrate/Glints2/dict_0000_0086.uasset" 10908
"../../../Engine/Content/EngineMaterials/Substrate/Glints2/dict_0000_0079.uasset" 10909
"../../../Engine/Content/EngineMaterials/Substrate/Glints2/dict_0000_0085.uasset" 10910
"/Engine/EngineMaterials/Substrate/Glints2/dict_0000_0087" 10911
"/Engine/EngineMaterials/Substrate/Glints2/dict_0000_0093" 10912
"/Engine/EngineMaterials/Substrate/Glints2/dict_0000_0094" 10913
"/Engine/EngineMaterials/Substrate/Glints2/dict_0000_0095" 10914
"/Engine/EngineMaterials/Substrate/Glints2/dict_0000_0096" 10915
"/Engine/EngineMaterials/Substrate/Glints2/dict_0000_0078" 10916
"/Engine/EngineMaterials/Substrate/Glints2/dict_0000_0081" 10917
"/Engine/EngineMaterials/Substrate/Glints2/dict_0000_0082" 10918
"/Engine/EngineMaterials/Substrate/Glints2/dict_0000_0088" 10919
"/Engine/EngineMaterials/Substrate/Glints2/dict_0000_0089" 10920
"/Engine/EngineMaterials/Substrate/Glints2/dict_0000_0090" 10921
"/Engine/EngineMaterials/Substrate/Glints2/dict_0000_0091" 10922
"../../../Engine/Content/EngineMaterials/Substrate/Glints2/dict_0000_0077.uasset" 10923
"/Engine/EngineMaterials/Substrate/Glints2/dict_0000_0084" 10924
"/Engine/EngineMaterials/Substrate/Glints2/dict_0000_0077" 10925
"/Engine/EngineMaterials/Substrate/Glints2/dict_0000_0085" 10926
"../../../Engine/Content/EngineMaterials/Substrate/Glints2/dict_0000_0073.uasset" 10927
"../../../Engine/Content/EngineMaterials/Substrate/Glints2/dict_0000_0070.uasset" 10928
"../../../Engine/Content/EngineMaterials/Substrate/Glints2/dict_0000_0068.uasset" 10929
"../../../Engine/Content/EngineMaterials/Substrate/Glints2/dict_0000_0075.uasset" 10930
"../../../Engine/Content/EngineMaterials/Substrate/Glints2/dict_0000_0067.uasset" 10931
"/Engine/EngineMaterials/Substrate/Glints2/dict_0000_0086" 10932
"../../../Engine/Content/EngineMaterials/Substrate/Glints2/dict_0000_0074.uasset" 10933
"../../../Engine/Content/EngineMaterials/Substrate/Glints2/dict_0000_0069.uasset" 10934
"../../../Engine/Content/EngineMaterials/Substrate/Glints2/dict_0000_0076.uasset" 10935
"/Engine/EngineMaterials/Substrate/Glints2/dict_0000_0079" 10936
"/Engine/EngineMaterials/Substrate/Glints2/dict_0000_0080" 10937
"../../../Engine/Content/EngineMaterials/Substrate/Glints2/dict_0000_0071.uasset" 10938
"../../../Engine/Content/EngineMaterials/Substrate/Glints2/dict_0000_0072.uasset" 10939
"/Engine/EngineMaterials/Substrate/Glints2/dict_0000_0083" 10940
"/Engine/EngineMaterials/Substrate/Glints2/dict_0000_0067" 10941
"/Engine/EngineMaterials/Substrate/Glints2/dict_0000_0075" 10942
"/Engine/EngineMaterials/Substrate/Glints2/dict_0000_0076" 10943
"/Engine/EngineMaterials/Substrate/Glints2/dict_0000_0068" 10944
"/Engine/EngineMaterials/Substrate/Glints2/dict_0000_0069" 10945
"/Engine/EngineMaterials/Substrate/Glints2/dict_0000_0070" 10946
"/Engine/EngineMaterials/Substrate/Glints2/dict_0000_0071" 10947
"/Engine/EngineMaterials/Substrate/Glints2/dict_0000_0072" 10948
"/Engine/EngineMaterials/Substrate/Glints2/dict_0000_0073" 10949
"/Engine/EngineMaterials/Substrate/Glints2/dict_0000_0074" 10950
"../../../Engine/Content/EngineMaterials/Substrate/Glints2/dict_0000_0066.uasset" 10951
"../../../Engine/Content/EngineMaterials/Substrate/Glints2/dict_0000_0065.uasset" 10952
"../../../Engine/Content/EngineMaterials/Substrate/Glints2/dict_0000_0059.uasset" 10953
"../../../Engine/Content/EngineMaterials/Substrate/Glints2/dict_0000_0062.uasset" 10954
"../../../Engine/Content/EngineMaterials/Substrate/Glints2/dict_0000_0058.uasset" 10955
"../../../Engine/Content/EngineMaterials/Substrate/Glints2/dict_0000_0064.uasset" 10956
"../../../Engine/Content/EngineMaterials/Substrate/Glints2/dict_0000_0063.uasset" 10957
"../../../Engine/Content/EngineMaterials/Substrate/Glints2/dict_0000_0057.uasset" 10958
"../../../Engine/Content/EngineMaterials/Substrate/Glints2/dict_0000_0061.uasset" 10959
"../../../Engine/Content/EngineMaterials/Substrate/Glints2/dict_0000_0056.uasset" 10960
"../../../Engine/Content/EngineMaterials/Substrate/Glints2/dict_0000_0060.uasset" 10961
"../../../Engine/Content/EngineMaterials/Substrate/Glints2/dict_0000_0055.uasset" 10962
"../../../Engine/Content/EngineMaterials/Substrate/Glints2/dict_0000_0051.uasset" 10963
"../../../Engine/Content/EngineMaterials/Substrate/Glints2/dict_0000_0049.uasset" 10964
"/Engine/EngineMaterials/Substrate/Glints2/dict_0000_0055" 10965
"../../../Engine/Content/EngineMaterials/Substrate/Glints2/dict_0000_0048.uasset" 10966
"../../../Engine/Content/EngineMaterials/Substrate/Glints2/dict_0000_0054.uasset" 10967
"../../../Engine/Content/EngineMaterials/Substrate/Glints2/dict_0000_0053.uasset" 10968
"../../../Engine/Content/EngineMaterials/Substrate/Glints2/dict_0000_0047.uasset" 10969
"../../../Engine/Content/EngineMaterials/Substrate/Glints2/dict_0000_0050.uasset" 10970
"../../../Engine/Content/EngineMaterials/Substrate/Glints2/dict_0000_0052.uasset" 10971
"../../../Engine/Content/EngineMaterials/Substrate/Glints2/dict_0000_0044.uasset" 10972
"../../../Engine/Content/EngineMaterials/Substrate/Glints2/dict_0000_0046.uasset" 10973
"../../../Engine/Content/EngineMaterials/Substrate/Glints2/dict_0000_0045.uasset" 10974
"/Engine/EngineMaterials/Substrate/Glints2/dict_0000_0056" 10975
"/Engine/EngineMaterials/Substrate/Glints2/dict_0000_0057" 10976
"/Engine/EngineMaterials/Substrate/Glints2/dict_0000_0065" 10977
"/Engine/EngineMaterials/Substrate/Glints2/dict_0000_0066" 10978
"../../../Engine/Content/EngineMaterials/Substrate/Glints2/dict_0000_0043.uasset" 10979
"/Engine/EngineMaterials/Substrate/Glints2/dict_0000_0058" 10980
"/Engine/EngineMaterials/Substrate/Glints2/dict_0000_0059" 10981
"/Engine/EngineMaterials/Substrate/Glints2/dict_0000_0060" 10982
"/Engine/EngineMaterials/Substrate/Glints2/dict_0000_0051" 10983
"/Engine/EngineMaterials/Substrate/Glints2/dict_0000_0061" 10984
"/Engine/EngineMaterials/Substrate/Glints2/dict_0000_0062" 10985
"/Engine/EngineMaterials/Substrate/Glints2/dict_0000_0063" 10986
"/Engine/EngineMaterials/Substrate/Glints2/dict_0000_0064" 10987
"/Engine/EngineMaterials/Substrate/Glints2/dict_0000_0045" 10988
"/Engine/EngineMaterials/Substrate/Glints2/dict_0000_0046" 10989
"/Engine/EngineMaterials/Substrate/Glints2/dict_0000_0047" 10990
"/Engine/EngineMaterials/Substrate/Glints2/dict_0000_0048" 10991
"/Engine/EngineMaterials/Substrate/Glints2/dict_0000_0052" 10992
"../../../Engine/Content/EngineMaterials/Substrate/Glints2/dict_0000_0042.uasset" 10993
"../../../Engine/Content/EngineMaterials/Substrate/Glints2/dict_0000_0037.uasset" 10994
"../../../Engine/Content/EngineMaterials/Substrate/Glints2/dict_0000_0036.uasset" 10995
"../../../Engine/Content/EngineMaterials/Substrate/Glints2/dict_0000_0038.uasset" 10996
"../../../Engine/Content/EngineMaterials/Substrate/Glints2/dict_0000_0041.uasset" 10997
"../../../Engine/Content/EngineMaterials/Substrate/Glints2/dict_0000_0039.uasset" 10998
"../../../Engine/Content/EngineMaterials/Substrate/Glints2/dict_0000_0040.uasset" 10999
"../../../Engine/Content/EngineMaterials/Substrate/Glints2/dict_0000_0035.uasset" 11000
"/Engine/EngineMaterials/Substrate/Glints2/dict_0000_0053" 11001
"/Engine/EngineMaterials/Substrate/Glints2/dict_0000_0054" 11002
"/Engine/EngineMaterials/Substrate/Glints2/dict_0000_0043" 11003
"/Engine/EngineMaterials/Substrate/Glints2/dict_0000_0044" 11004
"/Engine/EngineMaterials/Substrate/Glints2/dict_0000_0049" 11005
"/Engine/EngineMaterials/Substrate/Glints2/dict_0000_0050" 11006
"/Engine/EngineMaterials/Substrate/Glints2/dict_0000_0035" 11007
"/Engine/EngineMaterials/Substrate/Glints2/dict_0000_0036" 11008
"/Engine/EngineMaterials/Substrate/Glints2/dict_0000_0037" 11009
"/Engine/EngineMaterials/Substrate/Glints2/dict_0000_0038" 11010
"/Engine/EngineMaterials/Substrate/Glints2/dict_0000_0039" 11011
"../../../Engine/Content/EngineMaterials/Substrate/Glints2/dict_0000_0030.uasset" 11012
"../../../Engine/Content/EngineMaterials/Substrate/Glints2/dict_0000_0032.uasset" 11013
"../../../Engine/Content/EngineMaterials/Substrate/Glints2/dict_0000_0034.uasset" 11014
"../../../Engine/Content/EngineMaterials/Substrate/Glints2/dict_0000_0033.uasset" 11015
"/Engine/EngineMaterials/Substrate/Glints2/dict_0000_0040" 11016
"../../../Engine/Content/EngineMaterials/Substrate/Glints2/dict_0000_0031.uasset" 11017
"../../../Engine/Content/EngineMaterials/Substrate/Glints2/dict_0000_0028.uasset" 11018
"../../../Engine/Content/EngineMaterials/Substrate/Glints2/dict_0000_0029.uasset" 11019
"/Engine/EngineMaterials/Substrate/Glints2/dict_0000_0041" 11020
"../../../Engine/Content/EngineMaterials/Substrate/Glints2/dict_0000_0026.uasset" 11021
"../../../Engine/Content/EngineMaterials/Substrate/Glints2/dict_0000_0024.uasset" 11022
"/Engine/EngineMaterials/Substrate/Glints2/dict_0000_0042" 11023
"../../../Engine/Content/EngineMaterials/Substrate/Glints2/dict_0000_0025.uasset" 11024
"../../../Engine/Content/EngineMaterials/Substrate/Glints2/dict_0000_0027.uasset" 11025
"/Engine/EngineMaterials/Substrate/Glints2/dict_0000_0024" 11026
"/Engine/EngineMaterials/Substrate/Glints2/dict_0000_0025" 11027
"/Engine/EngineMaterials/Substrate/Glints2/dict_0000_0026" 11028
"/Engine/EngineMaterials/Substrate/Glints2/dict_0000_0028" 11029
"/Engine/EngineMaterials/Substrate/Glints2/dict_0000_0029" 11030
"/Engine/EngineMaterials/Substrate/Glints2/dict_0000_0030" 11031
"../../../Engine/Content/EngineMaterials/Substrate/Glints2/dict_0000_0023.uasset" 11032
"/Engine/EngineMaterials/Substrate/Glints2/dict_0000_0031" 11033
"../../../Engine/Content/EngineMaterials/Substrate/Glints2/dict_0000_0022.uasset" 11034
"/Engine/EngineMaterials/Substrate/Glints2/dict_0000_0032" 11035
"/Engine/EngineMaterials/Substrate/Glints2/dict_0000_0033" 11036
"/Engine/EngineMaterials/Substrate/Glints2/dict_0000_0034" 11037
"/Engine/EngineMaterials/Substrate/Glints2/dict_0000_0022" 11038
"/Engine/EngineMaterials/Substrate/Glints2/dict_0000_0023" 11039
"/Engine/EngineMaterials/Substrate/Glints2/dict_0000_0027" 11040
"../../../Engine/Content/EngineMaterials/Substrate/Glints2/dict_0000_0021.uasset" 11041
"../../../Engine/Content/EngineMaterials/Substrate/Glints2/dict_0000_0015.uasset" 11042
"../../../Engine/Content/EngineMaterials/Substrate/Glints2/dict_0000_0020.uasset" 11043
"../../../Engine/Content/EngineMaterials/Substrate/Glints2/dict_0000_0016.uasset" 11044
"../../../Engine/Content/EngineMaterials/Substrate/Glints2/dict_0000_0019.uasset" 11045
"../../../Engine/Content/EngineMaterials/Substrate/Glints2/dict_0000_0017.uasset" 11046
"../../../Engine/Content/EngineMaterials/Substrate/Glints2/dict_0000_0018.uasset" 11047
"../../../Engine/Content/EngineMaterials/Substrate/Glints2/dict_0000_0013.uasset" 11048
"../../../Engine/Content/EngineMaterials/Substrate/Glints2/dict_0000_0014.uasset" 11049
"../../../Engine/Content/EngineMaterials/Substrate/Glints2/dict_0000_0009.uasset" 11050
"../../../Engine/Content/EngineMaterials/Substrate/Glints2/dict_0000_0011.uasset" 11051
"../../../Engine/Content/EngineMaterials/Substrate/Volume/SubstrateSimpleVolumeLUT2D.uasset" 11052
"../../../Engine/Content/EngineMaterials/Substrate/Volume/SubstrateSimpleVolumeEnvLUT2D.uasset" 11053
"../../../Engine/Content/EngineMaterials/Substrate/Volume/SubstrateSimpleVolumeLUT3D.uasset" 11054
"../../../Engine/Content/EngineMaterials/Substrate/Volume/SubstrateSimpleVolumeEnvLUT3D.uasset" 11055
"../../../Engine/Content/EngineMaterials/Substrate/Glints2/dict_0000_0010.uasset" 11056
"../../../Engine/Content/MobileResources/HUD/DefaultVirtualJoysticks.uasset" 11057
"../../../Engine/Content/EngineMaterials/PPM_DefaultCalibrationColor.uasset" 11058
"../../../Engine/Content/EngineMaterials/Substrate/Glints2/dict_0000_0008.uasset" 11059
"../../../Engine/Content/EngineMaterials/Substrate/Glints2/dict_0000_0012.uasset" 11060
"../../../Engine/Content/EngineMaterials/PPM_DefaultCalibrationGrayscale.uasset" 11061
"/Engine/EngineMaterials/Substrate/Glints2/dict_0000_0011" 11062
"/Engine/EngineMaterials/Substrate/Glints2/dict_0000_0012" 11063
"/Engine/EngineMaterials/Substrate/Glints2/dict_0000_0013" 11064
"/Engine/EngineMaterials/Substrate/Glints2/dict_0000_0014" 11065
"/Engine/EngineMaterials/Substrate/Glints2/dict_0000_0015" 11066
"/Engine/EngineMaterials/Substrate/Glints2/dict_0000_0016" 11067
"../../../Engine/Content/EngineMaterials/Substrate/Glints2/dict_0000_0005.uasset" 11068
"../../../Engine/Content/EngineMaterials/Substrate/Glints2/dict_0000_0002.uasset" 11069
"../../../Engine/Content/EngineMaterials/Substrate/Glints2/dict_0000_0003.uasset" 11070
"../../../Engine/Content/EngineMaterials/Substrate/Glints2/dict_0000_0000.uasset" 11071
"../../../Engine/Content/EngineMaterials/Substrate/Glints2/dict_0000_0001.uasset" 11072
"../../../Engine/Content/EngineMaterials/Substrate/Glints2/dict_0000_0007.uasset" 11073
"/Engine/EngineMaterials/Substrate/Glints2/dict_0000_0017" 11074
"../../../Engine/Content/EngineMaterials/Substrate/Glints2/dict_0000_0006.uasset" 11075
"/Engine/MobileResources/HUD/DefaultVirtualJoysticks" 11076
"/Engine/EngineMaterials/Substrate/Volume/SubstrateSimpleVolumeEnvLUT3D" 11077
"../../../Engine/Content/EngineMaterials/Substrate/Glints2/dict_0000_0004.uasset" 11078
"/Engine/EngineMaterials/Substrate/Glints2/dict_0000_0008" 11079
"/Engine/EngineMaterials/Substrate/Glints2/dict_0000_0009" 11080
"/Engine/EngineMaterials/Substrate/Glints2/dict_0000_0010" 11081
"/Engine/EngineMaterials/Substrate/Glints2/dict_0000_0018" 11082
"/Engine/EngineMaterials/Substrate/Glints2/dict_0000_0019" 11083
"/Engine/EngineMaterials/Substrate/Glints2/dict_0000_0020" 11084
"/Engine/EngineMaterials/Substrate/Glints2/dict_0000_0021" 11085
"/Engine/EngineMaterials/Substrate/Volume/SubstrateSimpleVolumeLUT3D" 11086
"../../../Engine/Content/EngineMaterials/DefaultCalibrationColor.uasset" 11087
"/Engine/EngineMaterials/Substrate/Glints2/dict_0000_0003" 11088
"/Engine/EngineMaterials/Substrate/Glints2/dict_0000_0004" 11089
"../../../Engine/Content/EngineMaterials/Substrate/Glints2/AGlintTex2dArray2.uasset" 11090
"../../../Engine/Content/EngineMaterials/DefaultCalibrationGrayscale.uasset" 11091
"/Engine/EngineMaterials/Substrate/Glints2/dict_0000_0005" 11092
"/Engine/EngineMaterials/Substrate/Glints2/dict_0000_0006" 11093
"/Engine/EngineMaterials/Substrate/Glints2/dict_0000_0007" 11094
"/Engine/EngineMaterials/Substrate/Glints2/dict_0000_0000" 11095
"/Engine/EngineMaterials/Substrate/Glints2/dict_0000_0001" 11096
"/Engine/EngineMaterials/Substrate/Glints2/dict_0000_0002" 11097
"/Engine/EngineMaterials/PPM_DefaultCalibrationGrayscale" 11098
"/Engine/EngineMaterials/DefaultCalibrationColor" 11099
"/Engine/EngineMaterials/PPM_DefaultCalibrationColor" 11100
"/Engine/EngineMaterials/Substrate/Glints2/AGlintTex2dArray2" 11101
"../../../Engine/Plugins/NNE/NNEDenoiser/Content/NNEDOM_Output_Alpha.uasset" 11102
"../../../Engine/Plugins/NNE/NNEDenoiser/Content/NNEDIM_ColorAlbedoNormal_Alpha.uasset" 11103
"../../../Engine/Plugins/NNE/NNEDenoiser/Content/NNEDIM_HighQuality_Default.uasset" 11104
"../../../Engine/Plugins/Interchange/Assets/Content/Functions/MX_Displacement.uasset" 11105
"../../../Engine/Content/Functions/Engine_MaterialFunctions03/Procedurals/HeightToNormalSmooth.uasset" 11106
"../../../Engine/Content/Functions/MaterialLayerFunctions/MatLayerBlend_OverrideOpacity.uasset" 11107
"../../../Engine/Plugins/NNE/NNEDenoiser/Content/NNEDIM_ColorAlbedoNormal_Default.uasset" 11108
"../../../Engine/Plugins/NNE/NNEDenoiser/Content/NNEDOM_Output_Default.uasset" 11109
"../../../Engine/Plugins/NNE/NNEDenoiser/Content/NNEDIM_HighQuality_Alpha.uasset" 11110
"../../../Engine/Plugins/NNE/NNEDenoiser/Content/NNEDTIM_ColorAlbedoNormal_Alpha.uasset" 11111
"../../../Engine/Plugins/Interchange/Assets/Content/Functions/MX_Surface.uasset" 11112
"../../../Engine/Plugins/NNE/NNEDenoiser/Content/NNEDTIM_ColorAlbedoNormal_Default.uasset" 11113
"../../../Engine/Plugins/NNE/NNEDenoiser/Content/NNEDTOM_Output_Default.uasset" 11114
"../../../Engine/Plugins/NNE/NNEDenoiser/Content/NNEDTOM_Output_Alpha.uasset" 11115
"../../../Engine/Plugins/NNE/NNEDenoiser/Content/NNED_Oidn2-3_HighQuality.uasset" 11116
"../../../Engine/Plugins/NNE/NNEDenoiser/Content/NNED_Oidn2-3_Balanced.uasset" 11117
"../../../Engine/Plugins/NNE/NNEDenoiser/Content/NNEDT_Oidn2-3_Balanced_Alpha.uasset" 11118
"../../../Engine/Plugins/NNE/NNEDenoiser/Content/NNED_Oidn2-3_Fast.uasset" 11119
"../../../Engine/Plugins/NNE/NNEDenoiser/Content/NNE_oidn2-3-0_rt_hdr_alb_nrm_small__dyn__fp16_opset11_ForwardAlpha.uasset" 11120
"../../../Engine/Plugins/NNE/NNEDenoiser/Content/NNEDT_Oidn2-3_Balanced.uasset" 11121
"../../../Engine/Plugins/NNE/NNEDenoiser/Content/NNE_oidn2-3-0_rt_hdr_alb_nrm__dyn__fp16_opset11_DenoiseAlpha.uasset" 11122
"../../../Engine/Plugins/NNE/NNEDenoiser/Content/NNED_Oidn2-3_HighQuality_Alpha.uasset" 11123
"../../../Engine/Plugins/NNE/NNEDenoiser/Content/NNED_Oidn2-3_Balanced_Alpha.uasset" 11124
"../../../Engine/Plugins/NNE/NNEDenoiser/Content/NNE_oidn2-3-0_rt_hdr_alb_nrm__dyn__fp16_opset11_ForwardAlpha.uasset" 11125
"../../../Engine/Plugins/NNE/NNEDenoiser/Content/NNE_oidn2-3-0_rt_hdr_alb_nrm_small__dyn__fp16_opset11_DenoiseAlpha.uasset" 11126
"../../../Engine/Plugins/NNE/NNEDenoiser/Content/NNED_Oidn2-3_Fast_Alpha.uasset" 11127
"../../../Engine/Plugins/NNE/NNEDenoiser/Content/NNE_oidn2-3-0_rt_hdr_calb_cnrm_large__dyn__fp16_opset11_DenoiseAlpha.uasset" 11128
"../../../Engine/Content/EditorResources/BSPVertex.uasset" 11129
"../../../Engine/Content/EngineMaterials/DefaultBloomKernel.uasset" 11130
"../../../Engine/Plugins/FX/Niagara/Content/ParameterDefinitions/LightRenderer.uasset" 11131
"../../../Engine/Plugins/FX/Niagara/Content/ParameterDefinitions/DecalRenderer.uasset" 11132
"/NNEDenoiser/NNE_oidn2-3-0_rt_hdr_calb_cnrm_large__dyn__fp16_opset11_DenoiseAlpha" 11133
"../../../Engine/Plugins/NNE/NNEDenoiser/Content/NNE_oidn2-3-0_rt_hdr_calb_cnrm_large__dyn__fp16_opset11_ForwardAlpha.uasset" 11134
"/NNEDenoiser/NNE_oidn2-3-0_rt_hdr_alb_nrm__dyn__fp16_opset11_ForwardAlpha" 11135
"/NNEDenoiser/NNE_oidn2-3-0_rt_hdr_alb_nrm__dyn__fp16_opset11_DenoiseAlpha" 11136
"/NNEDenoiser/NNED_Oidn2-3_Fast" 11137
"/NNEDenoiser/NNED_Oidn2-3_Balanced_Alpha" 11138
"/NNEDenoiser/NNED_Oidn2-3_Balanced" 11139
"/NNEDenoiser/NNEDT_Oidn2-3_Balanced_Alpha" 11140
"/NNEDenoiser/NNEDT_Oidn2-3_Balanced" 11141
"C:/Users/alsha/OneDrive/Documents/GitHub/Verdant_Ash/Intermediate/ORTOptimizerPass_Optimized9C9AFD444B2DA5F1648C4E92373CC463.onnx" 11142
"C:/Users/alsha/OneDrive/Documents/GitHub/Verdant_Ash/Intermediate/ORTOptimizerPass_Optimized261802624594F0C1178290B9AAF13688.onnx" 11143
"C:/Users/alsha/OneDrive/Documents/GitHub/Verdant_Ash/Intermediate/ORTOptimizerPass_OptimizedD9EB0ABF4B0A97CC0E55DD9587558656.onnx" 11144
"C:/Users/alsha/OneDrive/Documents/GitHub/Verdant_Ash/Intermediate/ORTOptimizerPass_Optimized43EB8C3B4A108C91748ECB9725ECC7DC.onnx" 11145
"C:/Users/alsha/OneDrive/Documents/GitHub/Verdant_Ash/Intermediate/ORTOptimizerPass_Optimized646E39D64806ABBC4D18E0A832D5E03C.onnx" 11146
"C:/Users/alsha/OneDrive/Documents/GitHub/Verdant_Ash/Intermediate/ORTOptimizerPass_Optimized6747888F426C6FB69101B6AAB251734E.onnx" 11147
"/NNEDenoiser/NNEDTOM_Output_Default" 11148
"/NNEDenoiser/NNEDTOM_Output_Alpha" 11149
"/NNEDenoiser/NNEDTIM_ColorAlbedoNormal_Default" 11150
"/NNEDenoiser/NNE_oidn2-3-0_rt_hdr_alb_nrm_small__dyn__fp16_opset11_ForwardAlpha" 11151
"/NNEDenoiser/NNE_oidn2-3-0_rt_hdr_alb_nrm_small__dyn__fp16_opset11_DenoiseAlpha" 11152
"/NNEDenoiser/NNEDTIM_ColorAlbedoNormal_Alpha" 11153
"/NNEDenoiser/NNEDOM_Output_Default" 11154
"/NNEDenoiser/NNEDOM_Output_Alpha" 11155
"/NNEDenoiser/NNEDIM_HighQuality_Default" 11156
"/NNEDenoiser/NNEDIM_HighQuality_Alpha" 11157
"/NNEDenoiser/NNEDIM_ColorAlbedoNormal_Default" 11158
"/NNEDenoiser/NNEDIM_ColorAlbedoNormal_Alpha" 11159
"/InterchangeAssets/Functions/MX_Displacement" 11160
"/InterchangeAssets/Functions/MX_Surface" 11161
"/NNEDenoiser/NNED_Oidn2-3_HighQuality_Alpha" 11162
"/NNEDenoiser/NNED_Oidn2-3_HighQuality" 11163
"C:/Users/alsha/OneDrive/Documents/GitHub/Verdant_Ash/Intermediate/ORTOptimizerPass_Optimized2E75C2664C680A1CF24C04AE29E730E0.onnx" 11164
"C:/Users/alsha/OneDrive/Documents/GitHub/Verdant_Ash/Intermediate/ORTOptimizerPass_Optimized68EDB2314A1CA8470B2FC2877946ADE7.onnx" 11165
"C:/Users/alsha/OneDrive/Documents/GitHub/Verdant_Ash/Intermediate/ORTOptimizerPass_Optimized7AE4F4F54C5FFDC03FC5B19924765A4E.onnx" 11166
"C:/Users/alsha/OneDrive/Documents/GitHub/Verdant_Ash/Intermediate/ORTOptimizerPass_Optimized6D2CC87F4A0600F37EB0D683F3712908.onnx" 11167
"/NNEDenoiser/NNED_Oidn2-3_Fast_Alpha" 11168
"../../../Engine/Content/EngineDebugMaterials/DebugEditorMaterial.uasset" 11169
"../../../Engine/Content/EngineMaterials/FastBlueNoise_scalar_128x128x64.uasset" 11170
"../../../Engine/Content/EngineMaterials/FastBlueNoise_vec2_128x128x64.uasset" 11171
"/Engine/EngineMaterials/DefaultBloomKernel" 11172
"/Engine/EditorResources/BSPVertex" 11173
"../../../Engine/Content/EngineSounds/Master.uasset" 11174
"../../../Engine/Plugins/Interchange/Runtime/Content/Pipelines/DefaultAssetsPipeline.uasset" 11175
"/NNEDenoiser/NNE_oidn2-3-0_rt_hdr_calb_cnrm_large__dyn__fp16_opset11_ForwardAlpha" 11176
"../../../Engine/Plugins/Interchange/Runtime/Content/Pipelines/DefaultMaterialXPipeline.uasset" 11177
"../../../Engine/Plugins/Interchange/Runtime/Content/Pipelines/DefaultGLTFAssetsPipeline.uasset" 11178
"../../../Engine/Plugins/Interchange/Runtime/Content/Pipelines/DefaultGLTFPipeline.uasset" 11179
"../../../Engine/Plugins/Interchange/Runtime/Content/Pipelines/DefaultMaterialPipeline.uasset" 11180
"../../../Engine/Plugins/Interchange/Runtime/Content/Pipelines/DefaultTexturePipeline.uasset" 11181
"../../../Engine/Plugins/Interchange/Runtime/Content/Pipelines/DefaultAudioPipeline.uasset" 11182
"../../../Engine/Content/EngineMaterials/FastBlueNoise_scalar_128x128x8.uasset" 11183
"../../../Engine/Content/EngineResources/Development/ZenLogo_64.uasset" 11184
"../../../Engine/Plugins/Interchange/Runtime/Content/Pipelines/DefaultSceneAssetsPipeline.uasset" 11185
"../../../Engine/Content/EngineResources/FilmGrains/Marcie_Grain_v3_128_M2_000.uasset" 11186
"../../../Engine/Plugins/Interchange/Runtime/Content/Pipelines/DefaultSceneLevelPipeline.uasset" 11187
"../../../Engine/Content/EngineMaterials/EnergyConservation/SheenLegacy_Energy.uasset" 11188
"../../../Engine/Plugins/Interchange/Runtime/Content/Pipelines/DefaultGLTFSceneAssetsPipeline.uasset" 11189
"../../../Engine/Content/EngineMaterials/SMAAAreaTex.uasset" 11190
"../../../Engine/Content/EngineMaterials/SMAASearchTex.uasset" 11191
"../../../Engine/Plugins/Interchange/Assets/Content/Functions/MX_TranslucentBSDF.uasset" 11192
"../../../Engine/Plugins/Interchange/Assets/Content/Functions/MX_SurfaceUnlit.uasset" 11193
"../../../Engine/Plugins/Interchange/Assets/Content/Substrate/MX_SimpleVolume.uasset" 11194
"../../../Engine/Plugins/Interchange/Assets/Content/Functions/MX_DielectricBSDF.uasset" 11195
"../../../Engine/Plugins/Interchange/Assets/Content/Functions/MX_UsdPreviewSurface.uasset" 11196
"../../../Engine/Plugins/Interchange/Assets/Content/Functions/MX_OrenNayarBSDF.uasset" 11197
"../../../Engine/Plugins/Interchange/Assets/Content/Functions/MX_BurleyDiffuseBSDF.uasset" 11198
"/Engine/EngineDebugMaterials/DebugEditorMaterial" 11199
"/InterchangeAssets/Functions/MX_DielectricBSDF" 11200
"/InterchangeAssets/Functions/MX_TranslucentBSDF" 11201
"/InterchangeAssets/Functions/MX_BurleyDiffuseBSDF" 11202
"/InterchangeAssets/Functions/MX_OrenNayarBSDF" 11203
"/InterchangeAssets/Substrate/MX_SimpleVolume" 11204
"/InterchangeAssets/Functions/MX_UsdPreviewSurface" 11205
"/InterchangeAssets/Functions/MX_SurfaceUnlit" 11206
"/Interchange/Pipelines/DefaultGLTFSceneAssetsPipeline" 11207
"../../../Engine/Plugins/Interchange/Assets/Content/Functions/MX_SheenBSDF.uasset" 11208
"../../../Engine/Plugins/Interchange/Assets/Content/Functions/MX_UniformEDF.uasset" 11209
"../../../Engine/Plugins/Interchange/Assets/Content/Functions/MX_ChiangHairBSDF.uasset" 11210
"../../../Engine/Plugins/Interchange/Assets/Content/Functions/MX_GeneralizedSchlickBSDF.uasset" 11211
"../../../Engine/Plugins/Interchange/Assets/Content/Functions/MX_ConductorBSDF.uasset" 11212
"../../../Engine/Plugins/Interchange/Assets/Content/Functions/MX_SubsurfaceBSDF.uasset" 11213
"/Interchange/Pipelines/DefaultSceneLevelPipeline" 11214
"C:/Users/alsha/OneDrive/Documents/GitHub/Verdant_Ash/Intermediate/ORTOptimizerPass_Optimized908A3EB54B2B472FBEB36D87E21F9426.onnx" 11215
"C:/Users/alsha/OneDrive/Documents/GitHub/Verdant_Ash/Intermediate/ORTOptimizerPass_Optimized8585E8CA4465E77EC787C298A4D190D6.onnx" 11216
"/Interchange/Pipelines/DefaultSceneAssetsPipeline" 11217
"/Interchange/Pipelines/DefaultAudioPipeline" 11218
"/Interchange/Pipelines/DefaultTexturePipeline" 11219
"/Interchange/Pipelines/DefaultMaterialPipeline" 11220
"/Interchange/Pipelines/DefaultGLTFPipeline" 11221
"/Interchange/Pipelines/DefaultGLTFAssetsPipeline" 11222
"/Interchange/Pipelines/DefaultMaterialXPipeline" 11223
"/Interchange/Pipelines/DefaultAssetsPipeline" 11224
"/Engine/EngineSounds/Master" 11225
"/Engine/EngineMaterials/SMAASearchTex" 11226
"/Engine/EngineMaterials/SMAAAreaTex" 11227
"/Engine/EngineMaterials/EnergyConservation/SheenLegacy_Energy" 11228
"/Engine/EngineMaterials/FastBlueNoise_vec2_128x128x64" 11229
"/Engine/EngineMaterials/FastBlueNoise_scalar_128x128x8" 11230
"/Engine/EngineMaterials/FastBlueNoise_scalar_128x128x64" 11231
"/Engine/EngineResources/Development/ZenLogo_64" 11232
"/Engine/EngineResources/FilmGrains/Marcie_Grain_v3_128_M2_000" 11233
"/InterchangeAssets/Functions/MX_UniformEDF" 11234
"/InterchangeAssets/Functions/MX_ChiangHairBSDF" 11235
"/InterchangeAssets/Functions/MX_SheenBSDF" 11236
"/InterchangeAssets/Functions/MX_SubsurfaceBSDF" 11237
"../../../Engine/Plugins/Interchange/Assets/Content/Functions/MX_MeasuredEDF.uasset" 11238
"/InterchangeAssets/Functions/MX_GeneralizedSchlickBSDF" 11239
"../../../Engine/Plugins/Interchange/Assets/Content/Functions/MX_AbsorptionVDF.uasset" 11240
"/InterchangeAssets/Functions/MX_ConductorBSDF" 11241
"../../../Engine/Plugins/Interchange/Assets/Content/Functions/MX_ConicalEDF.uasset" 11242
"/InterchangeAssets/Functions/MX_AbsorptionVDF" 11243
"/InterchangeAssets/Functions/MX_MeasuredEDF" 11244
"/InterchangeAssets/Functions/MX_ConicalEDF" 11245
"../../../Engine/Plugins/Interchange/Assets/Content/Functions/MX_AnisotropicVDF.uasset" 11246
"../../../Engine/Plugins/Animation/ControlRig/Content/Controls/ControlRigGizmoMaterial.uasset" 11247
"/ControlRig/Controls/ControlRigGizmoMaterial" 11248
"/InterchangeAssets/Functions/MX_AnisotropicVDF" 11249
"C:/Users/alsha/OneDrive/Documents/GitHub/Verdant_Ash/Saved/Cooked/Windows/Verdant_Ash/Metadata/CookedSettings.txt" 11250
